step,timestamp,u0,u1,u2,u3,u0_rate,u1_rate,u2_rate,u3_rate,orb_pose_x,orb_pose_y,orb_pose_z,orb_pose_qw,orb_pose_qx,orb_pose_qy,orb_pose_qz,orb_pose_vx,orb_pose_vy,orb_pose_vz,orb_pose_avx,orb_pose_avy,orb_pose_avz,mot_pose_x,mot_pose_y,mot_pose_z,mot_pose_qw,mot_pose_qx,mot_pose_qy,mot_pose_qz,mot_pose_vx,mot_pose_vy,mot_pose_vz,mot_pose_avx,mot_pose_avy,mot_pose_avz,est_pose_x,est_pose_y,est_pose_z,est_pose_qw,est_pose_qx,est_pose_qy,est_pose_qz,est_pose_vx,est_pose_vy,est_pose_vz,est_pose_avx,est_pose_avy,est_pose_avz,traj_x_ref,traj_y_ref,traj_z_ref,traj_qw_ref,traj_qx_ref,traj_qy_ref,traj_qz_ref,est_param_thrust_ratio,est_param_drag_coeff_z,est_param_tau_rate,est_param_centre_rate_deg,est_param_max_rate_deg,est_param_rate_expo,est_param_angle_max_deg,est_param_tau_angle,MPC_setup_time,MPC_solve_time,Visualisation_time,UKF_update_time
0,1762408737.5840304,0.007289200597245824,0.004751504288189028,0.09999997336979594,-0.007293143762300292,0.03644600298622912,0.023757521440945138,0.49999986684897957,-0.03646571881150146,-0.004,-0.002,0.022,1.0,-0.031,0.004,0.005,-0.011,-0.021,-0.008,0.009,-0.002,0.016,-0.178,-0.1,-0.003,0.97,0.002,0.009,0.241,-0.0,0.0,0.0,0.0,-0.0,0.0,-0.17800009572402492,-0.09999999469880641,-0.008442352957489421,0.9708697149529134,-2.667565393335374e-05,0.006861760681234904,0.23755420796233606,1.1423844462549735e-05,2.7149721194192394e-06,-0.32506438732598436,-0.2802623772095611,-0.18240726074669164,-0.40936879119205544,0.0,0.0,0.0,1.0,0.0,0.0,0.0,25.0,0.2,0.12,100.0,100.0,0.5,55.0,0.15,0.0016,0.0009,0.0016,0.0002
0,1762408737.6510525,-0.007127280891528733,0.10350862326962035,0.1949999602635043,0.09306751326808826,-0.07026010729456134,0.4949734709792038,0.4999999278109908,0.4999799992113677,-0.004,-0.002,0.022,0.999,-0.031,0.004,0.005,0.007,0.013,-0.013,0.037,-0.004,-0.005,-0.178,-0.1,-0.003,0.97,0.002,0.009,0.241,-0.0,-0.0,-0.001,0.0,0.0,-0.0,-0.178,-0.1,-0.003,0.97,0.002,0.009,0.241,-0.0,-0.0,-0.001,0.0,0.0,-0.0,0.0,0.0,0.0,1.0,0.0,0.0,0.0,25.0,0.2,0.12,100.0,100.0,0.5,55.0,0.15,0.0008,0.0012,0.0024,0.0004
0,1762408737.7174962,-0.02255635099114688,0.04938044801501755,0.28524953160977706,0.1880624139271347,-0.07892717072097291,-0.2447637204556088,0.49999784679724,0.4982413816122542,-0.004,-0.002,0.022,0.999,-0.031,0.003,0.004,0.002,0.011,-0.004,-0.001,-0.013,-0.015,-0.178,-0.1,-0.003,0.97,0.001,0.008,0.241,-0.002,-0.001,-0.0,0.1,0.0,-0.0,-0.17804254690793056,-0.10003194377985285,-0.006975269190766152,0.969991562729575,0.0024532194393317485,0.008213581472976381,0.24101636723428985,-0.0004973674374473241,-0.000956158587193458,-0.2359397541864959,0.07604405553429573,-0.016103326493189202,0.0034746892632140864,0.0,0.0,0.0,1.0,0.0,0.0,0.0,25.0,0.2,0.12,100.0,100.0,0.5,55.0,0.15,0.0011,0.0011,0.0017,0.0002
0,1762408737.7841907,-0.008250234356843137,0.0808314849574335,0.37098604233002735,0.27837907424413244,0.06589149542373197,0.16960029671583415,0.49999493650369603,0.49859890506677257,-0.004,-0.001,0.022,0.999,-0.031,0.003,0.004,-0.002,-0.003,-0.0,0.001,0.003,0.003,-0.178,-0.1,-0.003,0.97,0.002,0.009,0.241,-0.0,-0.0,0.0,0.0,0.0,-0.0,-0.1779477194652895,-0.09999797493426833,-0.0056590442384017526,0.9700787539583104,0.0014897322378259186,0.010146520229487622,0.24064094836184366,0.00323701947339967,0.0001670774260863595,-0.15705488923085636,-0.025244530963418468,0.14559220558268382,-0.04425312204676727,0.0,0.0,0.0,1.0,0.0,0.0,0.0,25.0,0.2,0.12,100.0,100.0,0.5,55.0,0.15,0.0013,0.0011,0.002,0.0003
0,1762408737.8537958,-0.013394408100938976,0.0801471603928508,0.41449988396125526,0.3643584596428986,-0.027783427309689974,0.016786248416444827,0.3103157187386463,0.49949169555486383,-0.004,-0.002,0.022,1.0,-0.031,0.004,0.005,-0.001,-0.001,0.001,-0.005,0.003,0.001,-0.178,-0.1,-0.003,0.97,0.0,0.008,0.241,-0.001,0.0,0.001,0.0,0.0,0.0,-0.17797030427117966,-0.09998365688286236,-0.004375169744344175,0.9701690647641413,-0.0004516287773517391,0.0083082976708853,0.24030770486027211,0.0028307525995646407,0.0010293964420746602,-0.08110481710021256,-0.041631839198343956,0.044135116428531,-0.08343168563971315,0.0,0.0,0.0,1.0,0.0,0.0,0.0,25.0,0.2,0.12,100.0,100.0,0.5,55.0,0.15,0.0015,0.0015,0.0039,0.0006
0,1762408737.9197178,-0.02514989464050041,0.07471801738267746,0.4096130545848322,0.4363588339212655,-0.0621260347230419,-0.007108924952653972,0.07919082410819854,0.4510914863025589,-0.004,-0.001,0.022,0.999,-0.031,0.004,0.004,0.004,0.015,0.005,-0.01,0.005,-0.022,-0.178,-0.1,-0.003,0.97,0.001,0.008,0.241,-0.001,-0.001,-0.0,0.1,0.0,-0.0,-0.17794577307083143,-0.10002703379901819,-0.0032204629579239952,0.9702439120694093,0.0020115194452070607,0.009177854196767938,0.2399678087030805,0.004437801199582193,-0.0006968851482894214,-0.010903626756813308,0.05492201274986343,0.1037941115759528,-0.12225558190820252,0.0,0.0,0.0,1.0,0.0,0.0,0.0,25.0,0.2,0.12,100.0,100.0,0.5,55.0,0.15,0.001,0.0011,0.0037,0.001
0,1762408737.9839857,-0.023849769117864322,0.07570403248958504,0.40605368827300903,0.4345465046538377,0.0002131539530553228,0.023609579880207288,0.08460643208709229,0.10002806214317722,-0.004,-0.002,0.022,0.999,-0.031,0.004,0.004,-0.006,-0.006,-0.0,-0.003,-0.0,0.001,-0.178,-0.1,-0.003,0.97,0.002,0.009,0.241,-0.001,-0.001,0.001,0.1,0.0,-0.0,-0.17792226091156269,-0.10003464384595961,-0.0026137707995635084,0.9703192057878067,0.002914255532867151,0.010096301862248748,0.23965878121873155,0.005838302657260127,-0.0011569021149043762,0.02358214845588638,0.04141574468394097,0.0956604632369886,-0.15881477776847677,0.0,0.0,0.0,1.0,0.0,0.0,0.0,25.0,0.2,0.12,100.0,100.0,0.5,55.0,0.15,0.0011,0.0009,0.002,0.0003
0,1762408738.051337,-0.011381335315447466,0.07695001572332463,0.40667998188633026,0.4307173517248161,0.05637972673261819,0.0251559242910942,0.10464489013485831,0.08949086151835117,-0.004,-0.001,0.022,1.0,-0.031,0.004,0.004,0.006,0.004,0.004,0.006,0.007,0.001,-0.178,-0.1,-0.003,0.97,0.0,0.008,0.241,-0.0,0.0,-0.0,0.0,0.0,-0.0,-0.17791042946709062,-0.09997657156374598,-0.002750011203101856,0.9703856212437201,-0.0005663342802725366,0.008666886309040538,0.23941901528088808,0.005435302270144797,0.0014833474921944778,0.015347622893865992,-0.04345502298027514,0.08908787575515047,-0.18832793131607062,0.0,0.0,0.0,1.0,0.0,0.0,0.0,25.0,0.2,0.12,100.0,100.0,0.5,55.0,0.15,0.0013,0.0008,0.0024,0.0003
0,1762408738.116045,-0.01603106211553596,0.07634908656563813,0.4069022944785104,0.4337940416906919,-0.026093967829304343,0.016232858142398665,0.10278155843248347,0.12306278776058277,-0.004,-0.002,0.022,1.0,-0.031,0.004,0.005,-0.004,0.001,-0.012,0.03,0.01,-0.002,-0.178,-0.1,-0.003,0.97,0.0,0.008,0.241,0.0,-0.0,0.001,0.0,0.0,-0.0,-0.1779111516754263,-0.09997679016986048,-0.002765274527824746,0.9703803829596273,-0.000544592094639793,0.008690827879616132,0.23943945125240282,0.005395605877580309,0.0014676138755303596,0.013460060679240502,-0.03983169386754102,0.09143785776491632,-0.1849789057037055,0.0,0.0,0.0,1.0,0.0,0.0,0.0,25.0,0.2,0.12,100.0,100.0,0.5,55.0,0.15,0.0006,0.0007,0.0016,0.0002
0,1762408738.1837542,-0.025127054970810393,0.07587061910757789,0.40703613919640774,0.4327614032978644,-0.04948772980525615,0.016694934351108415,0.10239479720911437,0.10328531845853528,-0.004,-0.002,0.022,1.0,-0.031,0.004,0.004,-0.002,-0.002,0.004,-0.015,-0.003,0.0,-0.178,-0.1,-0.003,0.97,0.001,0.008,0.241,-0.001,0.001,-0.001,0.1,-0.0,0.0,-0.17793865339389034,-0.09995981191901801,-0.0028200038397829343,0.9703753125456314,0.0019917036878258033,0.00909448945472087,0.23943943452924504,0.004833378821557696,0.0013269991444947397,0.012267030910255215,0.050809920326710736,0.09350418402076155,-0.1836317235966224,0.0,0.0,0.0,1.0,0.0,0.0,0.0,25.0,0.2,0.12,100.0,100.0,0.5,55.0,0.15,0.0011,0.0009,0.0019,0.0003
0,1762408738.2494018,-0.012489783789112065,0.07833968190172068,0.407311953700532,0.43140306564374375,0.05690459216578903,0.031312968747608416,0.10313810731972364,0.10139866255386304,-0.004,-0.002,0.022,0.999,-0.031,0.004,0.004,-0.009,-0.006,0.006,-0.019,0.006,-0.005,-0.178,-0.1,-0.003,0.97,0.001,0.007,0.241,-0.001,0.002,-0.004,-0.0,-0.0,0.0,-0.17795236548804214,-0.09992389896735362,-0.002916667230198615,0.9703810881449916,0.0005221650375119133,0.007748920992618467,0.23943974300516177,0.003930992766098784,0.002635386786486251,0.009459696387183407,-0.03130516999612763,0.09582674437783902,-0.18499937650532736,0.0,0.0,0.0,1.0,0.0,0.0,0.0,25.0,0.2,0.12,100.0,100.0,0.5,55.0,0.15,0.0008,0.0006,0.0014,0.0002
0,1762408738.3189044,-0.01558125925585333,0.07561392101136274,0.40651778194596594,0.43435109261145777,-0.018579823280984356,0.005956116023640434,0.09785712965230293,0.12259090124950572,-0.004,-0.001,0.022,1.0,-0.031,0.004,0.004,-0.001,0.003,-0.008,0.031,0.012,0.001,-0.178,-0.1,-0.003,0.97,0.0,0.008,0.241,0.001,0.0,0.004,-0.0,-0.0,0.0,-0.17787757310067276,-0.09997668851174979,-0.0026492538201489885,0.9703788169919195,-0.0005689949729393208,0.008686009411538244,0.2394459129014953,0.006410346069687518,0.0014772256556382373,0.01750249268175924,-0.04314364980188686,0.09151343454608551,-0.18424617635729928,0.0,0.0,0.0,1.0,0.0,0.0,0.0,25.0,0.2,0.12,100.0,100.0,0.5,55.0,0.15,0.0012,0.0011,0.0034,0.0003
0,1762408738.3844378,-0.01609590187921372,0.07659071219444732,0.40716927896923105,0.43203785064711614,-0.006468527930765272,0.02378743616826362,0.104886930602817,0.09702156333115597,-0.004,-0.001,0.022,1.0,-0.031,0.004,0.004,0.001,0.007,0.01,-0.009,0.006,-0.007,-0.178,-0.1,-0.003,0.97,0.0,0.008,0.241,-0.001,0.0,-0.003,0.0,0.0,-0.0,-0.1779439511537577,-0.09997695291091584,-0.0028778772355093673,0.9703773819845999,-0.0003967228385403194,0.008765238749527058,0.23944918517865976,0.004441264598160684,0.001444405851965059,0.010788071563864455,-0.020869491829237877,0.09567755156256025,-0.18368482370234301,0.0,0.0,0.0,1.0,0.0,0.0,0.0,25.0,0.2,0.12,100.0,100.0,0.5,55.0,0.15,0.0012,0.0012,0.0021,0.0002
0,1762408738.45083,-0.017549908735008668,0.07681984337860621,0.4067740823242653,0.4327166123088139,-0.011294009748778186,0.020293333969406246,0.09981633651747905,0.11140327097026798,-0.004,-0.001,0.022,0.999,-0.031,0.004,0.004,-0.001,-0.002,-0.001,0.0,-0.0,0.001,-0.178,-0.1,-0.003,0.97,0.001,0.008,0.241,-0.0,-0.001,0.002,0.0,0.0,0.0,-0.17790820395501622,-0.10002122171267464,-0.0027235903987890085,0.9703811145018123,0.0005335086412736359,0.008711500180739329,0.23943784356098913,0.005577507762288724,-0.00020634165281502783,0.015021893292607228,-0.030827152039200924,0.09122503958200605,-0.1852475101269897,0.0,0.0,0.0,1.0,0.0,0.0,0.0,25.0,0.2,0.12,100.0,100.0,0.5,55.0,0.15,0.0008,0.0008,0.0027,0.0003
0,1762408738.5156648,-0.016441118075930933,0.07636703490006688,0.40688755412666344,0.43276215102645293,0.001156476111636523,0.01694091845195489,0.10226087959305712,0.10840684666539852,-0.004,-0.002,0.022,1.0,-0.031,0.004,0.005,0.012,0.022,0.007,-0.007,0.002,-0.021,-0.178,-0.1,-0.003,0.97,0.001,0.008,0.241,-0.0,0.0,-0.0,0.0,-0.0,0.0,-0.17790802211309428,-0.09998784075826211,-0.00277992551732677,0.9703786990465582,0.0005246891235390174,0.008725694792728536,0.2394471349885028,0.005590580659948334,0.000797995783396042,0.013673571026805218,-0.0313079523933376,0.09321293385559348,-0.18409034377291403,0.0,0.0,0.0,1.0,0.0,0.0,0.0,25.0,0.2,0.12,100.0,100.0,0.5,55.0,0.15,0.0008,0.0006,0.0012,0.0001
0,1762408738.582805,-0.006728129136741916,0.07633690423983282,0.4075169848562158,0.43252184767561047,0.044454665176962366,0.018941105423846416,0.10486904217942804,0.10698902100240093,-0.004,-0.002,0.022,1.0,-0.031,0.004,0.004,-0.003,-0.007,0.01,-0.017,0.003,0.006,-0.178,-0.1,-0.003,0.97,-0.0,0.008,0.241,0.001,0.001,-0.006,-0.1,-0.0,-0.0,-0.17788025674285818,-0.09993836868347163,-0.002985490771293744,0.9703773072554778,-0.0018649340536043505,0.008378530290999218,0.23945639160958926,0.00617977957115519,0.0029115874745068693,0.007316786481741524,-0.10366401245733682,0.0933464845928183,-0.1841526806323629,0.0,0.0,0.0,1.0,0.0,0.0,0.0,25.0,0.2,0.12,100.0,100.0,0.5,55.0,0.15,0.0007,0.0007,0.0015,0.0002
0,1762408738.6512427,-0.02005254424901133,0.07647730659820064,0.4065486145785406,0.4327087749795868,-0.06830410784553255,0.019786237851797284,0.09703739482567826,0.10906509843878459,-0.004,-0.002,0.022,1.0,-0.031,0.004,0.005,-0.017,-0.028,0.001,-0.012,-0.003,0.026,-0.178,-0.1,-0.003,0.971,0.0,0.007,0.241,0.003,-0.002,0.004,-0.0,-0.0,-0.0,-0.17782167012714828,-0.10004628173515177,-0.0026511626172628327,0.9713793927250292,-0.0004513973656214749,0.007751167537423671,0.2394430115231562,0.007773776758197644,-0.0007095638854058921,0.017387537927645243,-0.0280127670349856,0.09543474070426206,-0.18426622193882872,0.0,0.0,0.0,1.0,0.0,0.0,0.0,25.0,0.2,0.12,100.0,100.0,0.5,55.0,0.15,0.0011,0.001,0.0022,0.0004
0,1762408738.7156692,-0.015230339816355382,0.07661283191315119,0.40673685273064203,0.43260672301227815,0.019097886101026904,0.01979695322430297,0.10257834440514213,0.10766693390835336,-0.004,-0.002,0.022,1.0,-0.031,0.004,0.005,-0.006,-0.007,0.001,-0.001,0.007,0.001,-0.178,-0.1,-0.003,0.97,0.0,0.007,0.241,0.002,0.001,0.001,-0.0,-0.0,0.0,-0.1778548327667151,-0.09994649157420284,-0.0027417072623361557,0.9703792009199502,-0.00031792963484680376,0.007783454685171387,0.23944453486506698,0.006791322063376032,0.0022643476781349058,0.014966242350852983,-0.011929986606326083,0.09544851667429616,-0.18416354846686328,0.0,0.0,0.0,1.0,0.0,0.0,0.0,25.0,0.2,0.12,100.0,100.0,0.5,55.0,0.15,0.0007,0.0007,0.0012,0.0002
0,1762408738.7845452,-0.015634536980574668,0.07656348044481771,0.40654418764798106,0.43270788406178773,-0.005828570775185268,0.018906450636620498,0.1007208877693556,0.10865748600061731,-0.004,-0.002,0.022,0.999,-0.031,0.004,0.005,-0.003,-0.0,0.0,-0.003,-0.0,-0.001,-0.178,-0.1,-0.003,0.97,0.0,0.008,0.241,-0.0,-0.001,0.004,-0.0,0.0,-0.0,-0.1779109446179351,-0.1000101707296295,-0.0026568351235323547,0.9703787861444073,-0.0005075975644396766,0.008710118261551613,0.2394452954430582,0.005411621211783164,0.0004624801166924591,0.017023311106396436,-0.035852789631798075,0.0925197569808188,-0.18427453954078335,0.0,0.0,0.0,1.0,0.0,0.0,0.0,25.0,0.2,0.12,100.0,100.0,0.5,55.0,0.15,0.0011,0.001,0.0025,0.0003
0,1762408738.851761,-0.019091302457844718,0.07473007034465003,0.40681276236068165,0.4333936002604263,-0.021192461631493922,0.00997381961036603,0.10297892047549809,0.11160555200863997,-0.004,-0.001,0.022,1.0,-0.031,0.004,0.004,-0.003,-0.005,-0.003,0.008,0.003,-0.003,-0.178,-0.1,-0.003,0.97,0.002,0.009,0.241,0.001,0.0,0.001,0.0,0.0,0.0,-0.17786113503607834,-0.09999610052383294,-0.002753276444272745,0.970379457377361,0.0015134259794730093,0.009699523304468584,0.23944414855846735,0.007401642215207504,0.000301620141732573,0.014262271297960514,-0.032896562567501994,0.09035964740784128,-0.18461013505392768,0.0,0.0,0.0,1.0,0.0,0.0,0.0,25.0,0.2,0.12,100.0,100.0,0.5,55.0,0.15,0.0013,0.001,0.0024,0.0003
0,1762408738.9168756,-0.01619017543337091,0.07660198501032425,0.40654542912654335,0.43183979350238905,0.009732809507907864,0.02804209091453358,0.10036652441947869,0.10057936627492026,-0.004,-0.002,0.022,0.999,-0.031,0.004,0.005,-0.004,-0.001,0.0,-0.007,-0.002,-0.002,-0.178,-0.1,-0.003,0.97,0.001,0.008,0.241,0.001,-0.0,0.004,0.0,0.0,-0.0,-0.17787483470841722,-0.09998787266911142,-0.002656338852001541,0.9703794119895872,0.0005311019376168554,0.008726128000546795,0.23944421605671815,0.006581562400378606,0.0007952224396849681,0.017070158225523786,-0.03057626347005065,0.09303679024852708,-0.18445929184265863,0.0,0.0,0.0,1.0,0.0,0.0,0.0,25.0,0.2,0.12,100.0,100.0,0.5,55.0,0.15,0.0011,0.0006,0.0019,0.0003
0,1762408738.98487,-0.007456015854303524,0.07831576069530526,0.40730357330799105,0.43219941395545786,0.0396232540369942,0.027719374677486086,0.1054270781888745,0.10975805064094135,-0.005,-0.002,0.022,0.999,-0.031,0.004,0.005,-0.009,-0.01,0.001,-0.024,-0.002,-0.002,-0.178,-0.1,-0.003,0.97,0.0,0.007,0.241,0.001,-0.001,-0.004,-0.1,-0.0,-0.0,-0.1778912501615105,-0.10000772993453115,-0.002917852844519538,0.9703786194957225,-0.0018809493712625075,0.00737237978780277,0.23945272121693614,0.005518215455514521,0.0007515410100186641,0.009389718061167982,-0.10588008058729564,0.09305368786802667,-0.18439960859454868,0.0,0.0,0.0,1.0,0.0,0.0,0.0,25.0,0.2,0.12,100.0,100.0,0.5,55.0,0.15,0.0011,0.001,0.0029,0.0003
0,1762408739.051352,-0.017531175978798406,0.07617019993880066,0.4079591002157001,0.43367855534254673,-0.05223980458605029,0.008851136391303305,0.10510352786554268,0.11544556042430909,-0.005,-0.002,0.022,0.999,-0.031,0.004,0.005,-0.011,-0.0,0.016,-0.005,0.019,-0.01,-0.178,-0.1,-0.003,0.971,0.0,0.008,0.241,-0.002,0.001,-0.01,-0.0,0.0,-0.0,-0.17797745710164498,-0.0999435943195997,-0.0031214814560139555,0.9713779318460234,-0.0004464602796705914,0.00872893981144122,0.23944661561740185,0.0034252725294330903,0.002450525542853409,0.003159756028788262,-0.027821007972761654,0.09289936972055961,-0.18384954586619906,0.0,0.0,0.0,1.0,0.0,0.0,0.0,25.0,0.2,0.12,100.0,100.0,0.5,55.0,0.15,0.0011,0.0008,0.0029,0.0003
0,1762408739.1182415,-0.02715910305831701,0.07531188310878982,0.40693625838473707,0.43280211478794667,-0.05252242939229261,0.014750965834645913,0.09687556589910994,0.10403743606263627,-0.004,-0.001,0.022,1.0,-0.031,0.004,0.004,0.006,0.009,0.002,0.016,0.014,0.0,-0.178,-0.1,-0.003,0.97,0.002,0.009,0.241,-0.002,0.0,0.0,0.1,-0.0,0.0,-0.17795808967139212,-0.10000145125407697,-0.0027782625730632805,0.9703752242431966,0.0030095494363113254,0.010095172074997091,0.23943082395302095,0.004669010888816314,-0.00017408786314699048,0.013774055563516753,0.052792010824232176,0.09288277414237589,-0.18462970472112128,0.0,0.0,0.0,1.0,0.0,0.0,0.0,25.0,0.2,0.12,100.0,100.0,0.5,55.0,0.15,0.0015,0.001,0.0025,0.0002
0,1762408739.191206,-0.014734455312391594,0.07639536092698886,0.40641756683264246,0.43166705969516206,0.055333462965047826,0.024245359868192595,0.09914060683571145,0.10252525323306366,-0.005,-0.002,0.022,0.999,-0.031,0.004,0.005,0.004,0.005,0.007,-0.012,0.006,0.002,-0.178,-0.1,-0.003,0.97,0.002,0.008,0.241,0.002,0.0,0.004,-0.0,-0.0,0.0,-0.17783848784002038,-0.09999875579405723,-0.0026360896422121085,0.9703811137033961,0.001473079819697459,0.008710059297395264,0.23944023011707605,0.007759460020582963,0.00014764136032751192,0.018304176389952433,-0.03792636957007413,0.09257978927247693,-0.1850970957415945,0.0,0.0,0.0,1.0,0.0,0.0,0.0,25.00079066281967,0.19999986560912186,0.12116837665602295,99.99999889903468,100.0,0.4999999999999746,54.999999676427656,0.15011851873174448,0.0011,0.0009,0.0025,0.0071
1,1762408739.2669394,-0.015211728009666458,0.07637447295830371,0.40809730194953125,0.4329102759773026,-0.00606997731447223,0.01899440038832151,0.1100030672926046,0.11413284633449322,-0.005,-0.002,0.022,0.999,-0.031,0.004,0.004,-0.013,0.014,0.007,-0.02,0.013,-0.018,-0.178,-0.1,-0.003,0.971,0.001,0.008,0.241,0.0,0.001,-0.0,0.0,-0.0,-0.0,-0.17790818612416975,-0.09995428502674548,-0.002784207141977589,0.9713763478083514,0.000383431974892442,0.008664324700464054,0.2394575851145047,0.005569753457924778,0.0018249398048378225,0.013380063355015638,-0.04908982966460601,0.09017079180255706,-0.18289819723595394,0.0,0.0,0.008403361344537815,1.0,0.0,0.0,0.0,25.001615153179863,0.20000658270295774,0.12485188279681932,99.99999230013502,100.0,0.5000000000017402,54.99999931620289,0.1501547836726563,0.0013,0.0013,0.0047,0.0124
2,1762408739.3397024,-0.012385825080855858,0.022257313332688614,0.3891594455702785,0.31293293688938606,0.010326582641636398,-0.2514921798884995,0.007335043591118771,-0.4916591264452567,-0.004,-0.002,0.022,0.999,-0.031,0.004,0.004,0.002,0.005,-0.0,0.005,-0.002,-0.017,-0.178,-0.1,0.004,0.978,-0.004,0.016,0.208,0.017,0.004,0.193,-0.1,0.4,-1.2,-0.1772454547869818,-0.09976927454571217,0.010617853829867472,0.9816637783248453,-0.007142465301602427,0.0218044914001655,0.18928764031871087,0.02888103818403221,0.010291052966591045,0.20448838185511056,-0.08457103936726261,0.3601046392503778,-1.0957650757174784,0.0,0.0,0.01680672268907563,1.0,0.0,0.0,0.0,25.005276512737648,0.2000573723892609,0.10881175502170859,100.00003845766295,110.00003845766295,0.49999999994621297,55.00000060192743,0.1507606593375044,0.0016,0.002,0.0042,0.0185
3,1762408739.4360268,-0.05635492280768273,0.06645701598009665,0.3507502032790353,0.2457957939916528,-0.2229419449043483,0.22656284157021228,-0.09475635006364627,-0.25745248026631956,-0.015,0.005,0.009,1.0,-0.005,0.009,-0.008,-0.218,0.145,-0.276,1.094,0.215,-0.487,-0.176,-0.1,0.035,0.984,0.0,0.02,0.176,0.023,0.002,0.54,0.2,-0.0,-0.9,-0.1750047328832009,-0.09990341675463561,0.053171121738790024,0.9864693692853819,0.0021622064587749875,0.020952099332277017,0.16145140822877638,0.036886115029234105,0.003535270575876692,0.5507594626407454,0.113227657803943,0.057162416164157834,-0.8677085391218894,0.0,0.0,0.025210084033613446,1.0,0.0,0.0,0.0,25.017422030097485,0.19997350238609518,0.10142088239493413,100.00007117934916,110.00004795804615,0.4999637270057208,54.99999815004909,0.15163192534793074,0.0009,0.0011,0.0202,0.0341
4,1762408739.4654267,-0.023630390333014215,0.0809870088778116,0.3324993359913919,0.23691712077698657,0.14953393167142184,0.08926421848359894,-0.0035667856184581175,0.017055582424581994,-0.005,0.024,-0.015,1.0,0.01,0.003,-0.018,0.274,0.547,-0.667,0.851,-0.319,-0.561,-0.174,-0.1,0.078,0.988,0.0,0.013,0.157,0.031,-0.003,0.673,-0.1,-0.2,-0.6,-0.1728401799210548,-0.10007565000339995,0.10031717638409565,0.9895329837156721,-0.0012736375726957645,0.009853968751770414,0.14726765370169492,0.038232088800923054,-0.0014682236993599435,0.66607991499533,-0.09411572494242042,-0.15423918244738985,-0.5829203881824784,0.0,0.0,0.03361344537815126,1.0,0.0,0.0,0.0,25.033485663163763,0.19899928719860974,0.09948031475620403,100.00007401843519,110.0000485857487,0.49996010258906004,54.99999953919806,0.15080832721407897,0.001,0.0009,0.0059,0.0114
5,1762408739.5391052,-0.006517159333961596,0.03822423232975769,0.33627357370537264,0.2266283719895259,0.07965855741200957,-0.19356713052081664,0.10199602256775134,0.007785536256943393,-0.036,0.064,-0.028,0.998,0.033,0.005,-0.055,-0.624,0.813,-0.28,0.954,0.059,-1.488,-0.173,-0.1,0.117,0.99,-0.007,0.016,0.143,0.02,-0.003,0.615,-0.3,0.3,-0.4,-0.1721783853774514,-0.09999045608634545,0.13684313996415132,0.9908065094804556,-0.012672021431364032,0.01994775894107626,0.13637437485175344,0.029594115944509537,0.004149342621161157,0.5751688983394783,-0.2912082590844566,0.27097706983685954,-0.4065437877331559,0.0,0.0,0.04201680672268907,1.0,0.0,0.0,0.0,25.047948846956583,0.19704595980477121,0.10016335924472898,100.00005604067914,110.00004506038401,0.49997603858907336,55.00000366975009,0.15139393971483203,0.0014,0.0035,0.0044,0.0158
6,1762408739.6115692,-0.04443732165023216,0.05306577064167225,0.3490006846685207,0.21220741520580064,-0.19123010141484323,0.08376374964201214,0.14770394824208327,-0.015447690921244817,0.0,0.0,0.0,1.0,-0.0,-0.0,-0.0,0.761,-1.355,0.598,-1.399,-0.193,2.295,-0.172,-0.1,0.149,0.991,-0.005,0.021,0.129,0.017,0.008,0.47,0.2,0.1,-0.4,-0.17123895913593865,-0.09966967147351398,0.16378895643013291,0.9918091467357258,-0.0028403321039955944,0.023271092044816682,0.12228264508040827,0.02889788690355897,0.011629755958361349,0.41737085130531115,0.11447259356519138,0.13613339739767613,-0.4051247273886585,0.0,0.0,0.05042016806722689,1.0,0.0,0.0,0.0,25.057673089798897,0.19496728378628045,0.10013803689604865,100.00004305047555,110.00004276583152,0.49998596658387945,54.99999880843799,0.15251516009131308,0.0067,0.0009,0.007,0.017
7,1762408739.6821914,-0.045550661027269464,0.06718988088436574,0.36443939455322694,0.1646173116205365,-0.01667602729774459,0.08388699387388554,0.16444372059066137,-0.18489866412487066,0.0,0.0,0.0,1.0,-0.0,-0.0,-0.0,0.0,0.0,0.0,0.0,0.0,0.0,-0.17,-0.099,0.172,0.993,0.002,0.016,0.114,0.032,0.009,0.293,0.2,-0.3,-0.5,-0.16879374382249251,-0.09871369881325266,0.18098154590292978,0.9939385764409099,0.004948876522691926,0.012185751637077786,0.10591592131388028,0.040057972094855274,0.007846632307956207,0.2464245457092117,0.1180314826332285,-0.20384644645471894,-0.4718519751367133,0.0,0.0,0.058823529411764705,1.0,0.0,0.0,0.0,25.06104532704022,0.1939967947229411,0.09672601669575197,100.00005094005634,110.00004379344315,0.4999805375135207,54.999995855092706,0.15039027456832427,0.0021,0.0014,0.0082,0.0209
8,1762408739.7399373,-0.012513291073174233,0.041946018592817075,0.3745365110260456,0.16598029592257396,0.15379918451365876,-0.10942184123665197,0.1415954310024008,0.04796924941532138,0.0,0.0,0.0,1.0,-0.0,-0.0,-0.0,0.0,0.0,0.0,0.0,0.0,0.0,-0.168,-0.099,0.185,0.994,-0.005,0.018,0.104,0.024,0.001,0.178,-0.2,0.1,-0.3,-0.16702733759673563,-0.09888799021370766,0.19034365098255407,0.994472200827846,-0.008645117781440125,0.019265825699740155,0.09889456345423674,0.034475631891257255,0.0060898423250550435,0.14333189161136903,-0.20711125668964478,0.09871877171230399,-0.3211643315875395,0.0,0.0,0.06722689075630252,1.0,0.0,0.0,0.0,25.060438764006943,0.19418145398306863,0.09636551671752432,100.00002069986003,110.00003953822399,0.49999891148062287,54.99999832197956,0.1510984017057465,0.0013,0.0012,0.004,0.0197
9,1762408739.8046932,-0.03325220115350295,0.05545644761736889,0.38193857793549285,0.14773002003765953,-0.1068228731699371,0.07803864977096336,0.1306444623037477,-0.049756305443928533,0.0,0.0,0.0,1.0,-0.0,-0.0,-0.0,0.0,0.0,0.0,0.0,0.0,0.0,-0.167,-0.099,0.193,0.995,-0.005,0.017,0.093,0.02,0.012,0.099,0.1,-0.1,-0.3,-0.1661689578370542,-0.09853787446012573,0.19593641801090425,0.9954670629794848,-0.00421738253653918,0.01618717644668668,0.08805440578743887,0.029812267209896912,0.01563650054171791,0.07797410096432453,-0.00028943687870275174,-0.007655232610500589,-0.2948772216094051,0.0,0.0,0.07563025210084033,1.0,0.0,0.0,0.0,25.05668152455647,0.19541542465285583,0.09620806691876319,100.00000276541158,110.00003728243709,0.5000082123502758,54.99999003620815,0.15147274378493092,0.001,0.0012,0.0072,0.015
10,1762408739.8937666,-0.048030376995883625,0.056792360677505156,0.38170571470762577,0.13257801027182997,-0.08220392950027913,0.020543677205023536,0.09432032834453799,-0.03882754381973305,0.0,0.0,0.0,1.0,-0.0,-0.0,-0.0,0.0,0.0,0.0,0.0,0.0,0.0,-0.166,-0.098,0.198,0.996,-0.0,0.013,0.085,0.025,0.016,0.102,0.3,-0.1,-0.3,-0.16503326538006768,-0.0974712173113,0.20117330549519877,0.9964178455734948,0.004000228703229646,0.012172303138691835,0.0799836047820145,0.03296514246067387,0.015287915460769776,0.08906972384763145,0.18328934295132715,-0.04445166630272739,-0.2982742231852655,0.0,0.0,0.08403361344537814,1.0,0.0,0.0,0.0,25.053998329687083,0.19629940592528985,0.09351235027328968,99.9999920628874,110.00003592815544,0.5000132122692925,54.99998479213822,0.15013484674161706,0.0016,0.0012,0.0166,0.0281
11,1762408739.9346282,-0.022794984704513396,0.047300795137796954,0.38546128323001644,0.11587156254067218,0.11416936720788023,-0.033259737529164696,0.11420427128886002,-0.05038773608783151,0.0,0.0,0.0,1.0,-0.0,-0.0,-0.0,0.0,0.0,0.0,0.0,0.0,0.0,-0.165,-0.097,0.202,0.997,-0.001,0.015,0.075,0.014,0.003,0.064,-0.1,0.1,-0.3,-0.16436932250056704,-0.09687000457201592,0.20401038840585842,0.9973222811149562,-0.003147304086648585,0.016649402320592633,0.07015103200848803,0.024019304108801733,0.005034800804474477,0.057230044278815596,-0.1311562298567717,0.11535461861518072,-0.2873401851004299,0.0,0.0,0.09243697478991596,1.0,0.0,0.0,0.0,25.049385705055982,0.1978858421425413,0.09344876451228164,99.99998640472474,110.00003540017637,0.5000153250367755,54.99998547174203,0.15136003324447064,0.001,0.001,0.0054,0.0143
12,1762408740.00199,-0.03195231483310923,0.05033372692776778,0.38883046309567104,0.11061767226481817,-0.051485396819107535,0.026989857734303346,0.113211220135777,0.002698439255898133,0.0,0.0,0.0,1.0,-0.0,-0.0,-0.0,0.0,0.0,0.0,0.0,0.0,0.0,-0.164,-0.097,0.206,0.998,-0.003,0.016,0.068,0.007,0.004,0.042,0.0,0.1,-0.2,-0.1635927991727075,-0.09682092836059268,0.20726916922006852,0.9981940477311972,-0.003902936458777121,0.017712902126003252,0.06459640368400929,0.017622608826453477,0.006845718158967988,0.034588851342989904,-0.08290293035384412,0.11129823704496185,-0.20928941895921951,0.0,0.0,0.10084033613445378,1.0,0.0,0.0,0.0,25.04398870011957,0.19975140976666286,0.09216047062168034,99.99996433792421,110.0000333573764,0.5000228635532785,54.999983291274134,0.15197547277707493,0.001,0.0009,0.0065,0.014
13,1762408740.074051,-0.05323336765174129,0.058663976815577834,0.38978349073866536,0.10107800365290631,-0.11439334280143759,0.05423468117099223,0.10197275398888972,-0.020043924993354723,0.0,0.0,0.0,1.0,-0.0,-0.0,-0.0,0.0,0.0,0.0,0.0,0.0,0.0,-0.164,-0.096,0.208,0.998,0.004,0.013,0.062,0.006,0.012,0.041,0.3,-0.0,-0.2,-0.1636551540330049,-0.0956493336275311,0.20929081093038582,0.9981762454690366,0.007554476893187834,0.013574909817209163,0.05861690636535239,0.014785684881732996,0.008642822135096612,0.036976435002867125,0.1431545007431899,0.03727667816337863,-0.20105429012248285,0.0,0.0,0.1092436974789916,1.0,0.0,0.0,0.0,25.039048962049783,0.20141377120501014,0.09030256748853335,99.99995269890061,110.00003234961349,0.500026277846096,54.99997551541121,0.1511827535786462,0.0039,0.0019,0.0074,0.0115
14,1762408740.1404462,-0.021245441743200172,0.0629997482960824,0.3889361802629336,0.08511066386299858,0.14663128762977026,0.03634485160641732,0.09320932030600752,-0.054567198036312076,0.0,0.0,0.0,1.0,-0.0,-0.0,-0.0,0.0,0.0,0.0,0.0,0.0,0.0,-0.164,-0.096,0.212,0.998,0.0,0.011,0.054,-0.001,-0.001,0.053,-0.2,-0.0,-0.2,-0.16391451440533533,-0.09601475146547972,0.21373583035985202,0.9981627725344229,-0.003374218233182063,0.011298440158356059,0.050725273112745106,0.006151556920706201,0.00047846615880943103,0.05167424603557002,-0.1963981605589276,0.054177570083689494,-0.19806929680589502,0.0,0.0,0.11764705882352941,1.0,0.0,0.0,0.0,25.035246409824396,0.20261216574450086,0.09003403026072028,99.99994058783889,110.00003148134385,0.5000293432709612,54.99997376690283,0.15224793709646897,0.0024,0.0028,0.0064,0.0152
15,1762408740.21004,-0.030918078669471983,0.06051239249773477,0.387983931562997,0.07486551708013105,-0.05367454506715903,0.0033131580822824136,0.09247280156605062,-0.029948067948588064,0.0,0.0,0.0,1.0,-0.0,-0.0,-0.0,0.0,0.0,0.0,0.0,0.0,0.0,-0.164,-0.097,0.216,0.999,-0.005,0.013,0.048,-0.007,-0.005,0.071,-0.1,0.0,-0.2,-0.16409428024326897,-0.09709846924096763,0.21834357843900573,0.9991311210014685,-0.007205329220299579,0.01342996031817319,0.044763326158915547,0.001390058921409408,-0.0006683299114068359,0.07008428318174209,-0.1531163679063226,0.06238739666936173,-0.19208497990942838,0.0,0.0,0.12605042016806722,1.0,0.0,0.0,0.0,25.03303987651863,0.20318134082674716,0.08942728513775587,99.99993594017229,110.0000311888776,0.500030267533321,54.999969079018,0.15226740723058008,0.001,0.0009,0.0123,0.0112
16,1762408740.3053663,-0.05947817699271599,0.07039519982168266,0.38974622259975383,0.0743345723838458,-0.15053001128358806,0.06454213474417309,0.10580743807453347,0.016061655788606605,0.0,0.0,0.0,1.0,-0.0,-0.0,-0.0,0.0,0.0,0.0,0.0,0.0,0.0,-0.164,-0.097,0.22,0.999,0.001,0.013,0.044,-0.01,0.006,0.061,0.4,-0.2,-0.1,-0.16419978507002617,-0.09682643747005595,0.22199823326399712,0.9990849602337297,0.006172264918392022,0.011109783052413775,0.04212965895717568,-0.002163876874864375,0.003829502352688356,0.05932878377189592,0.2215875794550753,-0.06087852705246702,-0.11546445245809159,0.0,0.0,0.13445378151260504,1.0,0.0,0.0,0.0,25.030283995866196,0.20391669665335171,0.08767837716995588,99.99991655392607,110.00002999868035,0.5000340646518847,54.999948950042615,0.15203605986118368,0.001,0.0045,0.0194,0.0333
17,1762408740.349511,-0.03303970255492063,0.05252035669280467,0.3862384299549285,0.05379010294817585,0.11732282794079779,-0.07177541568896922,0.07989759242581158,-0.08413870408238829,0.0,0.0,0.0,1.0,-0.0,-0.0,-0.0,0.0,0.0,0.0,0.0,0.0,0.0,-0.165,-0.097,0.224,0.999,0.001,0.017,0.04,-0.021,-0.02,0.103,-0.2,0.2,-0.3,-0.16550501020804154,-0.09765713044970045,0.22737774233377575,0.9991094700264233,-0.002535662746433957,0.02004601316729396,0.03553882742132558,-0.0089707560588153,-0.019043250803839826,0.10008345491466601,-0.19807865272184697,0.18005624947508714,-0.2462784638205599,0.0,0.0,0.14285714285714285,1.0,0.0,0.0,0.0,25.03115944819912,0.2032717572527148,0.08941366052925633,99.99994472452786,110.00003159185997,0.5000289432766518,54.999949594464745,0.15238978679947887,0.0013,0.0027,0.0053,0.0252
18,1762408740.4160478,-0.024952479202927643,0.06539693605709368,0.3893520729375151,0.05021261916202055,0.03217619112123482,0.07751298599464626,0.11212782240166516,-0.004439893193732544,0.0,0.0,0.0,1.0,-0.0,-0.0,-0.0,0.0,0.0,0.0,0.0,0.0,0.0,-0.166,-0.097,0.229,0.999,-0.005,0.016,0.036,-0.02,-0.01,0.077,-0.2,-0.0,-0.2,-0.16649442859465094,-0.09725997810974912,0.2315410419538708,0.9990726442127372,-0.008697277157754379,0.016503152777795647,0.03292249053162125,-0.009610846291858061,-0.005196385483868089,0.07594676853904613,-0.2322802004572995,0.07380678215474307,-0.17748643851568294,0.0,0.0,0.15126050420168066,1.0,0.0,0.0,0.0,25.02982803014712,0.2034347150379416,0.08893225066235316,99.99995325674381,110.00003204618938,0.5000274279903081,54.999942478772745,0.15239761474175975,0.0011,0.001,0.0159,0.0175
19,1762408740.473959,-0.045325373310524913,0.06230644317199107,0.3904216610667715,0.05412244288667749,-0.10810259033871827,0.0008967695887603933,0.10268595888066068,0.03210227341378981,0.0,0.0,0.0,1.0,-0.0,-0.0,-0.0,0.0,0.0,0.0,0.0,0.0,0.0,-0.167,-0.098,0.234,0.999,-0.0,0.017,0.033,-0.019,-0.004,0.076,0.0,0.0,-0.1,-0.16744996237882917,-0.09812606660072092,0.23645496439509933,0.9990479832071545,-0.000596228257776013,0.01726361481051035,0.0313652423352576,-0.007961697954866606,-0.003507964435769689,0.07167198763734854,-0.0612982367403777,0.030765624433461307,-0.09735280326642266,0.0,0.0,0.15966386554621848,1.0,0.0,0.0,0.0,25.028829653790513,0.2034613634714377,0.08839170725824352,99.99994655893875,110.00003179507144,0.5000281243823519,54.999931658113,0.15269865290756932,0.0009,0.0049,0.0108,0.01
20,1762408740.5401947,-0.04841620962185308,0.06385741159544037,0.388984864428433,0.04755708253268895,-0.026785524884272077,0.0233314529102443,0.09042143207500047,-0.01929619104827327,0.0,0.0,0.0,1.0,-0.0,-0.0,-0.0,0.0,0.0,0.0,0.0,0.0,0.0,-0.168,-0.098,0.24,1.0,0.001,0.012,0.029,-0.01,-0.007,0.092,0.1,0.0,-0.1,-0.16820096448856145,-0.09824482299617945,0.2430359485635217,1.0000359276796347,0.001860088493525202,0.01274530077050115,0.02735519215396996,-0.001966050603347167,-0.00778958526632845,0.09067578840955184,0.013173428704679864,0.0813832387059884,-0.09644968392636287,0.0,0.0,0.1680672268907563,1.0,0.0,0.0,0.0,25.029383642121804,0.20288122548291596,0.08749179675758467,99.99994479508491,110.00003178028012,0.5000280398812955,54.99991917601996,0.15270997772739084,0.0009,0.0008,0.0044,0.0176
21,1762408740.6006892,-0.03974228213680218,0.07234403134523995,0.38893744713438555,0.03179937883911965,0.03126558501979124,0.058397451647858034,0.09700912963687075,-0.06689924783467426,0.0,0.0,0.0,1.0,-0.0,-0.0,-0.0,0.0,0.0,0.0,0.0,0.0,0.0,-0.17,-0.099,0.246,1.0,0.0,0.015,0.025,-0.023,-0.017,0.095,-0.1,-0.1,-0.2,-0.1706080196292849,-0.09955566081056316,0.24914844596184238,1.0000809976908849,-0.0022120815422986204,0.014123509067567187,0.02199313609718592,-0.013573500200834483,-0.016108668472164377,0.09438563288465189,-0.1583876414140588,-0.00402959748275197,-0.16685746149966665,0.0,0.0,0.1764705882352941,1.0,0.0,0.0,0.0,25.030009400713546,0.20220097910077023,0.08807384968308013,99.9999601915362,110.00003235780459,0.5000263009764222,54.99990312049687,0.15334651499727145,0.0009,0.0009,0.0047,0.0146
22,1762408740.6648831,-0.049640965474534386,0.06627484189397725,0.38272364421197724,0.03392931502600033,-0.05942898722286158,-0.012259939420003474,0.06616534717155437,0.018599525644183296,0.0,0.0,0.0,1.0,-0.0,-0.0,-0.0,0.0,0.0,0.0,0.0,0.0,0.0,-0.171,-0.1,0.252,1.0,-0.001,0.014,0.023,-0.03,-0.021,0.164,-0.0,0.1,-0.1,-0.17184178265633315,-0.10068369370601858,0.25741904799544385,1.0000051648452013,-0.0018815079403259804,0.015954904633284778,0.02139221628528387,-0.020287660088869914,-0.01992896826375673,0.16155806601160075,-0.09150758420072588,0.1335600267193864,-0.094377108905021,0.0,0.0,0.18487394957983191,1.0,0.0,0.0,0.0,25.036857381301658,0.19900085821573396,0.08856602084874336,99.9999602794225,110.00003239806819,0.5000261656504907,54.99989087201012,0.15369960505837874,0.001,0.001,0.0062,0.0094
23,1762408740.7473924,-0.038093711782058254,0.06651032585808682,0.3881310619829608,0.03887144094794687,0.04532602709374703,0.01774613029404215,0.12271799990791177,0.033192958366232796,0.0,0.0,0.0,1.0,-0.0,-0.0,-0.0,0.0,0.0,0.0,0.0,0.0,0.0,-0.172,-0.101,0.259,1.0,-0.002,0.013,0.021,-0.018,-0.016,0.108,-0.1,-0.0,-0.0,-0.1724580905599437,-0.1015018648867983,0.2625610706530363,0.9999865945163272,-0.004001309468464715,0.013748367995886442,0.020876692002586815,-0.009402181658013858,-0.0138949999301219,0.10611265214304384,-0.13378816327414156,0.08939196826466833,-0.016286296845952942,0.0,0.0,0.19327731092436973,1.0,0.0,0.0,0.0,25.038114646132406,0.1980034953529006,0.08782546909964388,99.99994677592959,110.00003208100706,0.5000269735341909,54.99987632395855,0.15417158796078986,0.0033,0.0016,0.0073,0.0191
24,1762408740.8131588,-0.04701420277891668,0.0691716120906172,0.39054490646483336,0.027846990363411442,-0.05412588292980669,0.0299340126271736,0.10910198790510352,-0.04540439268569038,0.0,0.0,0.0,1.0,-0.0,-0.0,-0.0,0.0,0.0,0.0,0.0,0.0,0.0,-0.174,-0.102,0.266,1.0,-0.003,0.014,0.018,-0.023,-0.019,0.094,-0.0,0.0,-0.1,-0.17461664766124213,-0.10259706733294423,0.2690049847102988,1.000014989695604,-0.0037992120532014183,0.014620622013121911,0.016458811770171253,-0.01393010773273931,-0.01674332207968124,0.08661159456357478,-0.08661116609227197,0.07146307222480196,-0.08689323211945114,0.0,0.0,0.20168067226890757,1.0,0.0,0.0,0.0,25.038506986785272,0.19729791545963954,0.08826921631218336,99.99995076746269,110.00003222025708,0.5000265500217325,54.99985714085421,0.15490154882119672,0.0029,0.0013,0.0084,0.0178
25,1762408740.8689203,-0.05284263664958765,0.07308588247070927,0.3861342865940236,0.021852364687117872,-0.040895720048084006,0.036864254923114625,0.07558312726215963,-0.023011380790614995,0.0,0.0,0.0,1.0,-0.0,-0.0,-0.0,0.0,0.0,0.0,0.0,0.0,0.0,-0.175,-0.103,0.273,1.0,-0.001,0.013,0.016,-0.018,-0.014,0.137,0.1,-0.1,-0.1,-0.17546324324782683,-0.10345789033420662,0.2775180114984317,1.0000332681030097,-0.0002501561126340156,0.012320485474975313,0.014412263442146394,-0.009858775232415943,-0.013564078999851629,0.13465422517158174,-0.002507763930661582,0.01097054275499838,-0.09020645221991405,0.0,0.0,0.21008403361344538,1.0,0.0,0.0,0.0,25.04298245423473,0.1947584037849867,0.08762553587405797,99.9999565853761,110.00003242452016,0.5000258521607008,54.99983146722731,0.1554874582920663,0.0012,0.0011,0.0054,0.0144
26,1762408740.9517066,-0.0411306975870058,0.06577013419703001,0.3888887933712926,0.026956146438677622,0.04534903615051236,-0.018307270750718974,0.11030610553485146,0.03098199992957823,0.0,0.0,0.0,1.0,-0.0,-0.0,-0.0,0.0,0.0,0.0,0.0,0.0,0.0,-0.177,-0.104,0.279,1.0,-0.002,0.014,0.015,-0.027,-0.02,0.108,-0.1,0.1,-0.0,-0.1777410175668853,-0.10463534709966046,0.28258636646507923,0.9999645131660904,-0.004151325480340648,0.016028645868098688,0.01489481769947612,-0.01723236399021021,-0.017884302325791447,0.10768015481247294,-0.15002607795005063,0.1432786964490577,-0.014520090210859503,0.0,0.0,0.2184873949579832,1.0,0.0,0.0,0.0,25.044162893626893,0.19359503344989887,0.08745690861916534,99.99994758013092,110.00003228327549,0.5000261859867958,54.999818425147076,0.15593110290472698,0.0058,0.0031,0.0053,0.0209
27,1762408741.0012686,-0.0490630291759642,0.07764150007053834,0.38837549189083004,0.019686161439127298,-0.049944332341543496,0.07579936291679912,0.09465569094051027,-0.029610888388082204,0.0,0.0,0.0,1.0,-0.0,-0.0,-0.0,0.0,0.0,0.0,0.0,0.0,0.0,-0.178,-0.105,0.287,1.0,-0.003,0.014,0.014,-0.027,-0.02,0.121,-0.0,-0.1,-0.1,-0.1787536161803954,-0.10563071288151424,0.29095252284353074,1.0000253119004254,-0.0038235835446685856,0.013377923032108226,0.012525822312635517,-0.01828172649835353,-0.017760913259047665,0.11650806632601618,-0.09145874894137511,0.020558191826606193,-0.07962589337310758,0.0,0.0,0.226890756302521,1.0,0.0,0.0,0.0,25.04673653284477,0.19167438443443777,0.08812667383026249,99.99995308274121,110.00003241116738,0.5000258278095056,54.99978892766866,0.15693314108753995,0.001,0.0016,0.0049,0.0122
28,1762408741.0807986,-0.046861492881174055,0.06390346582724518,0.38860491844507933,0.02327104521991257,-0.0012580758200403108,-0.04927979619883127,0.09824100574395368,0.022845959263708172,0.0,0.0,0.0,1.0,-0.0,-0.0,-0.0,0.0,0.0,0.0,0.0,0.0,0.0,-0.18,-0.106,0.294,1.0,-0.003,0.015,0.013,-0.024,-0.016,0.117,-0.0,0.1,-0.0,-0.18063093212286405,-0.1064972482618232,0.29786325861945323,0.999968614861269,-0.0036124468812094666,0.016942160302761664,0.01287330602419859,-0.013633481630058534,-0.013768005033542186,0.11530168583909033,-0.06504737800742033,0.13031158163599504,-0.014756410045170028,0.0,0.0,0.23529411764705882,1.0,0.0,0.0,0.0,25.04874397103589,0.18997298768114848,0.08821954300924627,99.99994699946402,110.00003234501675,0.5000259715191038,54.999770894483994,0.15770925030115449,0.001,0.0011,0.0102,0.0219
29,1762408741.1390457,-0.048763531706683585,0.07099277613251219,0.3881264276697708,0.012182266314823366,-0.021225567347841146,0.05142241798314634,0.09475877573472745,-0.04962613322046788,0.0,0.0,0.0,1.0,-0.0,-0.0,-0.0,0.0,0.0,0.0,0.0,0.0,0.0,-0.181,-0.107,0.302,1.0,-0.003,0.015,0.01,-0.023,-0.018,0.124,-0.0,0.0,-0.1,-0.18160283523967702,-0.1075643399397223,0.3060870144012785,0.9999989913227744,-0.0037626097305380472,0.015784486427248157,0.008531425532138023,-0.013077216627503776,-0.015781716987226756,0.12165923222575306,-0.08277010917488395,0.09018866568440177,-0.07849859269334744,0.0,0.0,0.24369747899159663,1.0,0.0,0.0,0.0,25.05128685583293,0.1878818353999331,0.0887859209598729,99.9999535807072,110.00003247071186,0.5000256247672515,54.999744499340075,0.1584753954152194,0.0014,0.0013,0.0076,0.0158
30,1762408741.200742,-0.04706239108382544,0.08403547692039359,0.38826121113805684,0.015470466506050808,-0.0036851798123802015,0.082961697972535,0.0977055242588732,0.019486567534843048,0.0,0.0,0.0,1.0,-0.0,-0.0,-0.0,0.0,0.0,0.0,0.0,0.0,0.0,-0.183,-0.108,0.31,1.0,-0.003,0.013,0.009,-0.022,-0.014,0.123,-0.0,-0.2,-0.0,-0.18360231090993642,-0.10843163413203734,0.3140591083738603,1.0000242967413258,-0.0036608542561993476,0.010854915124893028,0.008904359971973145,-0.014368901088397341,-0.01183110625320986,0.12100948290457639,-0.07618821685448111,-0.06403864389154493,-0.012483644615768215,0.0,0.0,0.25210084033613445,1.0,0.0,0.0,0.0,25.053576105246854,0.18580324230748332,0.08722171427136578,99.99994998121934,110.00003251700943,0.5000253189092018,54.9997112244533,0.15848574038806357,0.0009,0.0008,0.0039,0.0144
31,1762408741.2889879,-0.05313525168192396,0.0751863460104274,0.3884254838349284,0.016670968888558273,-0.042129900761448985,-0.023236785319732556,0.09788666626887207,0.009870128539050047,0.0,0.0,0.0,1.0,-0.0,-0.0,-0.0,0.0,0.0,0.0,0.0,0.0,0.0,-0.184,-0.109,0.318,1.0,-0.001,0.012,0.009,-0.02,-0.009,0.122,0.1,-0.1,-0.0,-0.18454053763716124,-0.10929188385921842,0.3220195529143153,1.0000077512435726,-0.0004258570913615113,0.011426928730047296,0.00893746157539488,-0.012490353854230404,-0.008582801134199597,0.11961686437814542,-0.024484525789442303,0.023882533954190766,-0.006191268631110089,0.0,0.0,0.26050420168067223,1.0,0.0,0.0,0.0,25.055658508628127,0.1837355378630094,0.08669443856135517,99.99994808941537,110.00003255310605,0.5000251326350952,54.99967724441825,0.15875833806719208,0.0012,0.0125,0.0069,0.0213
32,1762408741.3354673,-0.03763586878895579,0.06474924936973467,0.3873871867931245,0.015232785105368886,0.06421310154435986,-0.033388896700856846,0.09191488574971278,-0.003023176693807368,0.0,0.0,0.0,1.0,-0.0,-0.0,-0.0,0.0,0.0,0.0,0.0,0.0,0.0,-0.185,-0.109,0.327,1.0,-0.003,0.015,0.008,-0.023,-0.007,0.131,-0.1,0.1,0.0,-0.18559715154726306,-0.10919251288482455,0.3313202215005445,0.9999555140280504,-0.005080797785128471,0.017261424553347015,0.007952648716939039,-0.012576431872936713,-0.004324377289736195,0.12865927749490758,-0.14299349201584263,0.168262931389866,-0.008028967552919448,0.0,0.0,0.2689075630252101,1.0,0.0,0.0,0.0,25.058436650904465,0.18116585475658062,0.08622480114318715,99.99994610646827,110.00003258036563,0.5000249869027023,54.99965519752433,0.15956240989379647,0.002,0.001,0.0051,0.0111
33,1762408741.395487,-0.0402086568401439,0.07574182973672311,0.38459613612291255,0.011807085962364221,-0.022272907453179475,0.07115021417737594,0.08289154334722165,-0.013320299438681085,0.0,0.0,0.0,1.0,-0.0,-0.0,-0.0,0.0,0.0,0.0,0.0,0.0,0.0,-0.187,-0.11,0.336,1.0,-0.005,0.016,0.006,-0.017,-0.007,0.159,-0.1,-0.1,-0.0,-0.18739753715307764,-0.11017116241356527,0.3412536501782317,0.9999981034227836,-0.007095978906791062,0.01532946099219455,0.005960756606681425,-0.006919656627016379,-0.0030418578107232076,0.15667516300335935,-0.14763418414685883,0.01401555317821291,-0.008452746514413646,0.0,0.0,0.2773109243697479,1.0,0.0,0.0,0.0,25.063572999128088,0.17696008722594433,0.08614384390029754,99.99994299921443,110.00003258798601,0.5000249181388918,54.99962085141867,0.1606123163237616,0.001,0.0026,0.0036,0.0085
34,1762408741.4850035,-0.04683470302209675,0.07456861922855543,0.3826193084923285,0.018516738347090347,-0.04318239511980021,0.013069404893342407,0.086264895877808,0.03650003341422167,0.0,0.0,0.0,1.0,-0.0,-0.0,-0.0,0.0,0.0,0.0,0.0,0.0,0.0,-0.187,-0.11,0.345,1.0,-0.003,0.015,0.006,-0.015,-0.002,0.177,0.0,-0.1,0.1,-0.18734223038896103,-0.11003220301579542,0.350838594188975,1.0000013820112021,-0.0034951551696649524,0.014195934926201078,0.0073195833518374664,-0.005615599849651794,0.00012022241179652479,0.17374768948961328,-0.05741797814702212,-0.0026025390732606415,0.05981969772499954,0.0,0.0,0.2857142857142857,1.0,0.0,0.0,0.0,25.06997035607323,0.17168022128886223,0.0850058241312429,99.99993243251983,110.00003256438166,0.5000248503426286,54.99958692350097,0.16109858530825555,0.0014,0.0011,0.0189,0.0148
35,1762408741.5474515,-0.04849764347443915,0.06629728855112141,0.3870858323740394,0.009142159324149482,-0.020023378017236165,-0.022714498580031217,0.11798744653163609,-0.042243710527931744,0.0,0.0,0.0,1.0,-0.0,-0.0,-0.0,0.0,0.0,0.0,0.0,0.0,0.0,-0.188,-0.11,0.354,1.0,-0.001,0.015,0.004,-0.011,-0.005,0.132,-0.0,0.0,-0.0,-0.18820408687098628,-0.11015394002218601,0.3583045120304541,0.9999875129592519,-0.0016584286220812504,0.015769380506405178,0.003952064320465232,-0.0011565881297915458,-0.0041697444302703545,0.1266579313686664,-0.0735016211064757,0.08725861177252504,-0.006343479038244677,0.0,0.0,0.29411764705882354,1.0,0.0,0.0,0.0,25.07198230063842,0.16917381394876316,0.08499305676724973,99.99993101580027,110.00003259163431,0.5000247336363253,54.99955468279182,0.16202490479889212,0.0013,0.0111,0.0131,0.0088
36,1762408741.598066,-0.04025258730166019,0.06254292857095187,0.38647044184992807,0.005359992024559295,0.029100869995284995,-0.0021974777630673348,0.0936945054729533,-0.01662529666691355,0.0,0.0,0.0,1.0,-0.0,-0.0,-0.0,0.0,0.0,0.0,0.0,0.0,0.0,-0.189,-0.11,0.363,1.0,-0.002,0.017,0.003,-0.012,-0.003,0.141,-0.1,0.1,-0.0,-0.18921173958421722,-0.11007121073381344,0.367576396576041,0.9999574164258881,-0.00409799965417618,0.019020034874910944,0.0029395933923412007,-0.00047909441411298935,-0.0010498925018195494,0.1339817065137348,-0.14664438814613615,0.13917352940646707,-0.01042632459310676,0.0,0.0,0.3025210084033613,1.0,0.0,0.0,0.0,25.075072912825984,0.16575533199668852,0.08468935173732614,99.99992919996834,110.00003262054322,0.5000245932708316,54.99952638585258,0.16344518769281213,0.0012,0.001,0.0061,0.0095
37,1762408741.6780019,-0.056664498115040984,0.07558925115418746,0.3855506870661253,-0.003031245084485358,-0.092122700892319,0.08086734505891602,0.09201883654346847,-0.040616187539083436,0.0,0.0,0.0,1.0,-0.0,-0.0,-0.0,0.0,0.0,0.0,0.0,0.0,0.0,-0.189,-0.111,0.371,1.0,-0.001,0.013,0.002,-0.004,-0.005,0.147,0.1,-0.1,-0.1,-0.1889967299494264,-0.11115939360562442,0.3758454392538274,1.0000111974996102,-0.0004426857687424231,0.012297121225985534,0.0005728401494394174,0.0041266919652045275,-0.004633094225962969,0.14427877033328773,-0.02371958453370966,0.008788766001581653,-0.0721576628031751,0.0,0.0,0.31092436974789917,1.0,0.0,0.0,0.0,25.078484893197064,0.161863677249263,0.08477455256600909,99.99993665552579,110.00003271826753,0.5000243059977026,54.9994863303661,0.16345561234653025,0.0013,0.001,0.0059,0.0233
38,1762408741.7658179,-0.05424493018885984,0.07350774831852362,0.3867537117766398,0.0015303110652167941,-0.0020682848978545443,0.008489798610227695,0.1024027953191045,0.02204996947738942,0.0,0.0,0.0,1.0,-0.0,-0.0,-0.0,0.0,0.0,0.0,0.0,0.0,0.0,-0.189,-0.111,0.38,1.0,0.003,0.012,0.002,-0.004,0.002,0.134,0.1,-0.1,0.0,-0.18900779174609003,-0.11096928884272093,0.384402158062635,1.0000066833858645,0.0035831649116147384,0.01127318570262066,0.0019602996273503205,0.003457427043078818,-0.0002319386644763781,0.1305690810892019,-0.02225396873870177,0.006240790677472395,-0.003391835994285548,0.0,0.0,0.31932773109243695,1.0,0.0,0.0,0.0,25.080596972584356,0.15885976983013841,0.08373367980415797,99.99993766581706,110.00003279797556,0.5000239892275076,54.999448232379805,0.16310687808658972,0.0013,0.004,0.0255,0.0214
39,1762408741.8190145,-0.031163123895935514,0.06982035178121776,0.3796621421447439,-0.0033137728769642794,0.10184779891740667,-6.004560689848448e-05,0.061230579784680515,-0.023837841944601167,0.0,0.0,0.0,1.0,-0.0,-0.0,-0.0,0.0,0.0,0.0,0.0,0.0,0.0,-0.19,-0.111,0.389,1.0,-0.003,0.014,0.002,-0.01,-0.01,0.204,-0.3,-0.0,-0.1,-0.19018101071606697,-0.11128274495857053,0.39571612366070485,0.9999630930749384,-0.007968347152739252,0.014793645537215253,0.0007163713643305108,-0.0007688023556591986,-0.006429001098924884,0.1993905521540214,-0.29148828196584126,0.09123865107016049,-0.06398513278692272,0.0,0.0,0.3277310924369748,1.0,0.0,0.0,0.0,25.08870194061307,0.15050819583113925,0.08084653356583597,99.99994490760467,110.0000329912017,0.5000232502307439,54.99941731060235,0.16252561818390282,0.0013,0.0019,0.0111,0.0191
40,1762408741.8646772,-0.044151601012811126,0.06555454500734467,0.3854428948708603,0.0028964130611632737,-0.07273316655836193,-0.003873945924060984,0.12381929916676837,0.030222486471396692,0.0,0.0,0.0,1.0,-0.0,-0.0,-0.0,0.0,0.0,0.0,0.0,0.0,0.0,-0.19,-0.111,0.397,1.0,-0.005,0.015,0.002,-0.004,-0.008,0.144,-0.1,0.0,-0.0,-0.18996972938045195,-0.1112052673275812,0.4017417335071079,0.9999756933675726,-0.007122925916920985,0.015742782421645188,0.0020267580703407337,0.005903849147948137,-0.004086216254733486,0.1409770942520556,-0.14939995554459146,0.08340658309978394,-0.00012812952580410408,0.0,0.0,0.3361344537815126,1.0,0.0,0.0,0.0,25.09089864596116,0.14708033187317085,0.0802134734991056,99.99994638138857,110.00003305964904,0.5000229889072202,54.99937937987705,0.16267753891824485,0.0008,0.0009,0.0061,0.0106
41,1762408741.9339762,-0.046770079260199236,0.0616480320648031,0.3883886692905897,0.005349434490433961,-0.024130291490143313,-0.003143928460871692,0.11108959581636205,0.012989210411644254,0.0,0.0,0.0,1.0,-0.0,-0.0,-0.0,0.0,0.0,0.0,0.0,0.0,0.0,-0.19,-0.111,0.406,1.0,0.0,0.015,0.003,-0.002,0.006,0.122,0.0,0.1,0.0,-0.18990094557910245,-0.11079835169584248,0.4099061128502388,0.9999673250517616,-0.0005405546154997553,0.017027556790705424,0.00302735902935822,0.008162250592653448,0.006150420077966339,0.11265202776438724,-0.05828997913136989,0.13906006312824432,0.002239440000288523,0.0,0.0,0.3445378151260504,1.0,0.0,0.0,0.0,25.09172160808152,0.14490622566953204,0.08046182524786699,99.9999469701203,110.00003308236735,0.5000229131899044,54.999343746089075,0.1634167896419886,0.0009,0.0009,0.0061,0.0132
42,1762408741.996785,-0.05125478271880321,0.06994622741883555,0.389700745281293,0.0038095362062522085,-0.03411603710806965,0.056902984786362965,0.10365754727616434,-0.006362132798300274,0.0,0.0,0.0,1.0,-0.0,-0.0,-0.0,0.0,0.0,0.0,0.0,0.0,0.0,-0.19,-0.11,0.413,1.0,0.001,0.013,0.002,-0.002,0.004,0.107,0.1,-0.0,0.0,-0.18992502906924688,-0.10988085655318061,0.41649848200594025,0.9999904135391481,0.0015138226119344388,0.013678289341579258,0.001975400697286538,0.006580486108491485,0.0030837381757671005,0.10348494509412265,-0.030571677800062147,0.07543646005746894,-0.002258125974976685,0.0,0.0,0.3529411764705882,1.0,0.0,0.0,0.0,25.091349482737456,0.14377994979113928,0.07977421018179294,99.99994851028315,110.00003314336308,0.5000226796290306,54.99930215296705,0.16354475535547533,0.001,0.001,0.0049,0.01
43,1762408742.0624208,-0.051643786719935816,0.06864417643444691,0.3885066476917421,0.0015527159162640608,-0.014758715685363827,0.010976301932765664,0.09145469837256859,-0.010331717398377686,0.0,0.0,0.0,1.0,-0.0,-0.0,-0.0,0.0,0.0,0.0,0.0,0.0,0.0,-0.19,-0.11,0.421,1.0,0.001,0.012,0.001,-0.0,0.001,0.118,0.1,0.0,-0.0,-0.18986827539878176,-0.10998099934231409,0.42490354789669643,0.9999915069662638,0.0014706783112554567,0.012650014175654124,0.0009643684959795366,0.007980608246961642,7.815705298667647e-05,0.11672817870113777,-0.03475681982051528,0.07230871620642583,-0.0035374811028184034,0.0,0.0,0.36134453781512604,1.0,0.0,0.0,0.0,25.091906672610175,0.1416298056190068,0.07988520313689372,99.9999492372993,110.0000331766017,0.50002256427824,54.99925806856815,0.163964554641855,0.0015,0.0008,0.0035,0.0103
44,1762408742.128268,-0.026743343301177766,0.06864910214356436,0.38734379366771376,0.0014223455896285211,0.11159127041380629,0.017185672654198958,0.09131239180279399,-0.00026367265411168274,0.0,0.0,0.0,1.0,-0.0,-0.0,-0.0,0.0,0.0,0.0,0.0,0.0,0.0,-0.19,-0.11,0.429,1.0,-0.005,0.012,0.001,-0.001,0.004,0.128,-0.2,0.0,-0.0,-0.18990098766966126,-0.10979967444118238,0.43325305956453075,0.9999671251785957,-0.008416821236853052,0.012802409527269704,0.0010261735263795955,0.00703294714078955,0.008395210584627086,0.12765837515136932,-0.2069730877524143,0.09051839035511026,-0.0009673805435116922,0.0,0.0,0.36974789915966383,1.0,0.0,0.0,0.0,25.093133179762503,0.13872787496913208,0.07801961400973041,99.99995158546487,110.00003328202291,0.5000221422401958,54.999219845793334,0.1637116054641859,0.0007,0.0007,0.0028,0.0084
45,1762408742.2282708,-0.027009095736273404,0.08087572442695395,0.34760308437650095,0.01337518018256481,-0.008014598000772644,0.07829538695283905,-0.10186759803913609,0.060119759362088576,0.0,0.0,0.0,1.0,-0.0,-0.0,-0.0,0.0,0.0,0.0,0.0,0.0,0.0,-0.19,-0.109,0.438,1.0,-0.003,0.012,0.001,-0.003,0.056,0.523,0.1,-0.1,0.2,-0.18997344198757765,-0.10710431097992777,0.4553717636292049,1.000001551034503,-0.002455272859694608,0.01146132230638749,0.0037038075960089717,0.00453518398898639,0.05767823654830353,0.5197351437521947,-0.02996748120066049,0.02608235704434978,0.13010673481613347,0.0,0.0,0.37815126050420167,1.0,0.0,0.0,0.0,25.126430121863404,0.09962692461087504,0.078576656207995,99.99994713242334,110.00003326233734,0.5000222261969542,54.99916643208757,0.16481582946673942,0.0015,0.0044,0.0262,0.0112
46,1762408742.272817,-0.05864036821097322,0.0624165850963575,0.3842661249737673,0.003482405861265102,-0.16490863630756744,-0.07207676554624379,0.27021597408045656,-0.04612007656085733,0.0,0.0,0.0,1.0,-0.0,-0.0,-0.0,0.0,0.0,0.0,0.0,0.0,0.0,-0.19,-0.108,0.447,1.0,0.003,0.012,0.001,-0.001,0.017,0.14,0.2,-0.0,0.0,-0.1899015493913219,-0.10747528157833297,0.4516283387801493,0.9999818324684133,0.005111117604688791,0.012784264550728416,0.0009640883954210995,0.006995479054774892,0.014240097901657065,0.13812221474836517,0.0628539067349318,0.08725133724230791,-0.0016132113683114853,0.0,0.0,0.38655462184873945,1.0,0.0,0.0,0.0,25.125108496418225,0.09943767172461684,0.07519766723610467,99.99995121222776,110.00003341471269,0.5000216082116679,54.999121474250046,0.16365708680334973,0.0014,0.0012,0.0058,0.0178
47,1762408742.3671114,-0.0425056532851074,0.061914415286647734,0.395697113811122,0.0010578151511964249,0.0660134825765858,0.01309329722554059,0.15322147543021558,-0.011252352085027114,0.0,0.0,0.0,1.0,-0.0,-0.0,-0.0,0.0,0.0,0.0,0.0,0.0,0.0,-0.19,-0.108,0.453,1.0,0.002,0.014,0.001,-0.001,0.011,0.079,0.0,0.1,-0.0,-0.18989133169572162,-0.10765144462804417,0.45501370975684763,0.9999661404224426,0.0014148716470603802,0.016306966818909398,0.0009306759637803064,0.0077220621660801705,0.009966279555595975,0.041363262583134754,-0.06459222625289468,0.1707071084014134,-0.009414904748266966,0.0,0.0,0.3949579831932773,1.0,0.0,0.0,0.0,25.121974762632497,0.10176648693232508,0.07548183290965468,99.99995083388234,110.00003342905401,0.5000215531428451,54.99907571566614,0.1648375629321362,0.0015,0.0012,0.0213,0.0271
48,1762408742.398159,-0.040078938060301474,0.07298940380588179,0.39863937005087857,-0.001628550099943811,0.0015071628027527872,0.07085354641783215,0.11363555965156355,-0.013167372467902068,0.0,0.0,0.0,1.0,-0.0,-0.0,-0.0,0.0,0.0,0.0,0.0,0.0,0.0,-0.19,-0.107,0.455,1.0,-0.0,0.011,-0.001,0.003,0.009,0.029,0.0,-0.1,-0.0,-0.1897849179785812,-0.1066978398730624,0.4559188374060021,1.000006006129529,-0.0011177172038914459,0.010387608884001864,-0.0010044399365177151,0.009854990600296987,0.009243640813030073,0.027389493544669165,-0.1261244678049993,0.017263533639781406,-0.0015853851870914774,0.0,0.0,0.40336134453781514,1.0,0.0,0.0,0.0,25.11529760938762,0.10891879837364855,0.075647550365536,99.99995112046427,110.0000334518504,0.5000214712093759,54.99902534923777,0.1652281723507981,0.001,0.001,0.0048,0.0096
49,1762408742.4708974,-0.049612640588083734,0.07195785168267235,0.39518126772146256,-0.002024478113239486,-0.057688247153986655,0.013089590335423229,0.0823693308656397,-0.0023867775914643294,0.0,0.0,0.0,1.0,-0.0,-0.0,-0.0,0.0,0.0,0.0,0.0,0.0,0.0,-0.19,-0.107,0.459,1.0,-0.001,0.01,-0.001,-0.005,0.012,0.064,0.2,0.0,0.0,-0.19005415344197044,-0.1065984172614886,0.4612231054254077,0.9999922925495823,0.0009283178089268328,0.010756139086392787,-0.0010241496250688541,0.001841519694011998,0.011868226204034485,0.0700935308603514,0.04212339591352224,0.08428773474653849,-0.0005756591434968652,0.0,0.0,0.4117647058823529,1.0,0.0,0.0,0.0,25.111390758854846,0.11218570433171983,0.07694503181365812,99.99995081153352,110.00003343347947,0.5000215657854562,54.99897286153981,0.16579800914122003,0.0009,0.0009,0.007,0.0148
50,1762408742.5592914,-0.03851599131301467,0.06665457039869227,0.39243860766588745,-0.0022906827222988193,0.04308008622832443,-0.008526943499232276,0.08508201665249016,-0.0018371425736065387,0.0,0.0,0.0,1.0,-0.0,-0.0,-0.0,0.0,0.0,0.0,0.0,0.0,0.0,-0.19,-0.106,0.465,1.0,-0.0,0.012,-0.001,-0.001,0.013,0.092,0.0,0.0,0.0,-0.18989756786194945,-0.10556524430370769,0.46818807527305073,0.9999888367416966,-0.0007222208644245994,0.012881897617232727,-0.0009812610511587875,0.007249732530870302,0.013158764381532755,0.09980562905605467,-0.08033352824593869,0.09882947353175445,0.0011987261816515965,0.0,0.0,0.42016806722689076,1.0,0.0,0.0,0.0,25.109344080707356,0.11293178955347835,0.07664170425868877,99.99995187592428,110.00003347320178,0.5000214165392799,54.99892212365622,0.16585941185588596,0.0009,0.0009,0.0093,0.0319
51,1762408742.6010687,-0.03314077814104115,0.06850895616935174,0.3890747127445342,-0.0018738387309040947,0.01724706803161391,0.02593557145297032,0.08129017730970595,0.001511549276398916,0.0,0.0,0.0,1.0,-0.0,-0.0,-0.0,0.0,0.0,0.0,0.0,0.0,0.0,-0.191,-0.105,0.473,1.0,-0.002,0.013,-0.001,-0.002,0.012,0.129,-0.1,0.0,0.0,-0.1909212350112881,-0.10457080905740673,0.47736523607448655,0.9999824398993898,-0.004165951473023895,0.013817599604913786,-0.0009581938408484601,0.006818556171642896,0.013987379418899173,0.13329071080023536,-0.15495737525928094,0.0907391299461517,0.0018324780535519487,0.0,0.0,0.42857142857142855,1.0,0.0,0.0,0.0,25.109859565424916,0.10996460721656397,0.07537048565726023,99.99995382272643,110.00003354575354,0.5000211313442502,54.998871397383056,0.16547979693431594,0.0009,0.0009,0.0097,0.0094
52,1762408742.680202,-0.04972632124015112,0.07315903835376944,0.38776785668154934,-0.0018438870475400632,-0.09121291003081017,0.0403776499644265,0.09073439787120957,-0.0003187012659058644,0.0,0.0,0.0,1.0,-0.0,-0.0,-0.0,0.0,0.0,0.0,0.0,0.0,0.0,-0.191,-0.104,0.483,1.0,0.002,0.01,-0.001,-0.003,0.013,0.142,0.1,-0.0,0.0,-0.19098848247676037,-0.10359248979938669,0.48776110813819656,0.9999900633971497,0.002551221274951446,0.010841414973025014,-0.0009943577120300913,0.003782607090485117,0.011377476397049526,0.14405870874209525,-0.02465269273436747,0.09328326242267108,0.0009878000173719368,0.0,0.0,0.4369747899159664,1.0,0.0,0.0,0.0,25.11102577907094,0.10589352865532692,0.07474235502616783,99.99995504399989,110.00003359475383,0.5000209453391536,54.99881574749768,0.16559231647399036,0.0009,0.0009,0.0083,0.0235
53,1762408742.7613423,-0.03777194711029016,0.06774728342025638,0.3823668703775289,-0.0019933132771819515,0.04734029033926698,-0.008769015079122977,0.06993703265028536,-0.0012081029100944572,0.0,0.0,0.0,1.0,-0.0,-0.0,-0.0,0.0,0.0,0.0,0.0,0.0,0.0,-0.191,-0.104,0.493,1.0,0.001,0.012,-0.001,-0.007,0.009,0.195,-0.1,0.1,-0.0,-0.19109568319664652,-0.10370426990283586,0.4994772254180126,0.9999721322346189,-0.0009715668081503688,0.014138565373923651,-0.0009643714758337221,0.0014955992390488593,0.008952916146494464,0.19400610333611926,-0.13241088907537574,0.15104125960513032,0.0011606997714531451,0.0,0.0,0.4453781512605042,1.0,0.0,0.0,0.0,25.115857762092155,0.09591261241938966,0.07614428937897197,99.99995464086277,110.00003357907427,0.5000210292248436,54.99876225742558,0.16639167304968275,0.0014,0.0029,0.0115,0.0312
54,1762408742.8159997,-0.041702126669963265,0.07216868367607628,0.3854304437788487,-0.001817661353469693,-0.02909388457593806,0.039043822134163575,0.11090958460098145,0.00037993129926580617,0.0,0.0,0.0,1.0,-0.0,-0.0,-0.0,0.0,0.0,0.0,0.0,0.0,0.0,-0.191,-0.103,0.504,1.0,-0.0,0.012,-0.001,-0.007,0.008,0.161,-0.0,0.0,-0.0,-0.19110130237950076,-0.10273157256429384,0.5093312116170798,0.9999886648252586,-0.0009206483336460013,0.012883642015143582,-0.0009783332187731722,0.0010200275540355888,0.008198090913243129,0.15929323978245588,-0.1035222016344171,0.09852880372023679,0.0012132353796985033,0.0,0.0,0.453781512605042,1.0,0.0,0.0,0.0,25.117689098121364,0.09039771638306097,0.07645309132842609,99.9999550321576,110.00003359668646,0.5000209729321622,54.99870297682665,0.16665127078438755,0.0009,0.005,0.0101,0.0178
55,1762408742.88067,-0.040178012299940086,0.07351797894516121,0.3847480885570832,-0.0019485384627977089,-0.0028049598173749413,0.02478864726444374,0.09294583483588484,-0.0011088008850075046,0.0,0.0,0.0,1.0,-0.0,-0.0,-0.0,0.0,0.0,0.0,0.0,0.0,0.0,-0.192,-0.103,0.515,1.0,-0.002,0.012,-0.001,-0.009,0.007,0.17,0.0,0.0,0.0,-0.1921700647136998,-0.10274415789902361,0.520553113568676,0.9999891434350038,-0.0025961401593409235,0.01277099859620909,-0.0009799940341916884,-0.0011212005177473957,0.008408927803883796,0.16351317695706136,-0.06568598734512925,0.08543563729135113,0.001623458256375815,0.0,0.0,0.4621848739495798,1.0,0.0,0.0,0.0,25.120293431929696,0.08332401432204241,0.0762194947393936,99.99995586028518,110.00003363043986,0.5000208491131349,54.998644309156994,0.16666761461941507,0.0013,0.0011,0.0113,0.0185
56,1762408742.9532275,-0.03961344664607764,0.0721705719279164,0.38591608799732696,-0.0019444908376972585,-0.0072216748056728175,0.011642459650066217,0.10202701934048991,-0.00046689649019717567,0.0,0.0,0.0,1.0,-0.0,-0.0,-0.0,0.0,0.0,0.0,0.0,0.0,0.0,-0.192,-0.102,0.525,1.0,-0.001,0.011,-0.001,-0.006,0.009,0.153,0.0,-0.0,-0.0,-0.19207940870209597,-0.1016878322277382,0.5300377736048792,0.9999887741614024,-0.0017223628287116413,0.011900806983958994,-0.000980802666854814,0.0013361636906736416,0.009802570667593479,0.14978149533455323,-0.08069833044590122,0.10044447312061734,0.001375859581940188,0.0,0.0,0.47058823529411764,1.0,0.0,0.0,0.0,25.121535796677378,0.078517253076119,0.07603454629857717,99.99995659538723,110.00003366093684,0.5000207372735509,54.998584849793716,0.1667753545925223,0.0014,0.0014,0.0114,0.025
57,1762408743.0150576,-0.05212049813694467,0.0749819361249722,0.38578983794897137,-0.0020705208032006784,-0.07243861911585456,0.032099463967258046,0.09584777175755395,-0.0011162725369414156,0.0,0.0,0.0,1.0,-0.0,-0.0,-0.0,0.0,0.0,0.0,0.0,0.0,0.0,-0.193,-0.102,0.535,1.0,0.004,0.011,-0.001,-0.01,0.008,0.154,0.1,-0.0,0.0,-0.19321302166004406,-0.10178002962013212,0.5400592494859864,0.999987617304892,0.004450472048166456,0.011922314634842614,-0.000997820919454371,-0.0026810622957156595,0.005135296732389018,0.14998641766296184,-0.036520495528781075,0.10276004631992239,0.00030736183171669706,0.0,0.0,0.4789915966386554,1.0,0.0,0.0,0.0,25.122837308181275,0.07334626035088836,0.07572557210683907,99.9999573308673,110.00003369561476,0.5000206080311114,54.998521170606054,0.16710151837026366,0.0042,0.0011,0.0068,0.0222
58,1762408743.0758548,-0.0375458800594593,0.08103835355643524,0.38566987463032076,-0.002096506245160359,0.05984296585319067,0.04902757118855833,0.09584764289399023,-0.0006475574105985748,0.0,0.0,0.0,1.0,-0.0,-0.0,-0.0,0.0,0.0,0.0,0.0,0.0,0.0,-0.194,-0.101,0.545,1.0,-0.001,0.01,-0.001,-0.011,0.006,0.152,-0.0,-0.1,0.0,-0.19426200959317316,-0.10078787104676046,0.5500115958169416,1.0000030354593334,-0.0016833736015801424,0.009606941686100582,-0.0009800661061230768,-0.004764876204598728,0.006796075766621955,0.14917234952886227,-0.07589945078070938,0.04278595093176403,0.001484125442391706,0.0,0.0,0.48739495798319327,1.0,0.0,0.0,0.0,25.123911281346576,0.0684122839233665,0.07536143995297356,99.99995819905973,110.00003372891564,0.5000204829102709,54.99845303666382,0.16763347600308673,0.0009,0.0009,0.0128,0.0145
59,1762408743.1361058,-0.03939154183849237,0.0768417474360199,0.38692311517542033,-0.0032587584535177508,-0.018614778910030105,-0.0007234422129678841,0.10268367138307774,-0.00633538760307705,0.0,0.0,0.0,1.0,-0.0,-0.0,-0.0,0.0,0.0,0.0,0.0,0.0,0.0,-0.195,-0.101,0.555,1.0,-0.002,0.011,-0.002,-0.017,0.005,0.138,-0.0,0.0,-0.0,-0.19544584434622117,-0.10081015729791018,0.5595430127669866,0.999986989793836,-0.002884417742148355,0.011955259727391641,-0.00197628648380386,-0.009646347968306579,0.006480262195844859,0.13502514444031946,-0.0992996431672229,0.10619296084370375,0.0018025756435147157,0.0,0.0,0.49579831932773105,1.0,0.0,0.0,0.0,25.123967814338705,0.06536785875827184,0.07604994293005804,99.99995811540539,110.00003373113097,0.5000204863372103,54.99838487984603,0.16839209872225497,0.0014,0.0012,0.0056,0.015
60,1762408743.212089,-0.04628517411349969,0.07681741750343922,0.38680915708575403,-0.003784597687706832,-0.0443160468346597,0.01908878719610152,0.09616098834552367,-0.003443885784324843,0.0,0.0,0.0,1.0,-0.0,-0.0,-0.0,0.0,0.0,0.0,0.0,0.0,0.0,-0.196,-0.101,0.564,1.0,-0.0,0.011,-0.002,-0.015,0.009,0.14,0.1,0.0,0.0,-0.19637908086207329,-0.10070418718215872,0.5686082216117548,0.999987733658533,0.0006708346292920542,0.012052655409028687,-0.001995832053094861,-0.007630965989033553,0.008666239623328964,0.13693778557765465,-0.011377322958975469,0.11764817989185249,0.0011865006430625442,0.0,0.0,0.5042016806722689,1.0,0.0,0.0,0.0,25.124239844995113,0.06180672935658505,0.07546583015664698,99.99995892941456,110.00003376976817,0.5000203377065675,54.99831401670926,0.16921302372695665,0.0037,0.0017,0.0125,0.0128
61,1762408743.2768204,-0.038893574951070785,0.07520258122067769,0.3841630633660241,-0.002315401649694083,0.025386702283769574,0.011130172962052154,0.08347182067278903,0.0063998307681370345,0.0,0.0,0.0,1.0,-0.0,-0.0,-0.0,0.0,0.0,0.0,0.0,0.0,0.0,-0.196,-0.1,0.572,1.0,0.001,0.012,-0.001,-0.012,0.003,0.165,-0.1,-0.0,0.0,-0.19626804263413183,-0.09990403838771099,0.5774593165401679,0.9999883575482336,-0.001076983703598142,0.012934625749932213,-0.0009566331982195777,-0.003978811842621271,0.0029772269592367195,0.16303498673988936,-0.14453239548288024,0.10345858551844558,0.002111822316658569,0.0,0.0,0.5126050420168067,1.0,0.0,0.0,0.0,25.12607022050655,0.05465452081595934,0.07595413273931399,99.99995908433057,110.00003377619927,0.5000203238652369,54.998247165649126,0.16987381790417255,0.0015,0.0012,0.007,0.0207
62,1762408743.3443778,-0.04211059577293943,0.07356085299564927,0.3854359717792585,-0.0018257518828258084,-0.025808497847110867,0.01059200418002737,0.10240530790767786,0.0018693984219178505,0.0,0.0,0.0,1.0,-0.0,-0.0,-0.0,0.0,0.0,0.0,0.0,0.0,0.0,-0.197,-0.1,0.583,1.0,-0.0,0.013,-0.001,-0.01,0.005,0.149,0.0,0.0,-0.0,-0.1971906997330037,-0.09983174871899424,0.5879246457000145,0.999987762845817,-0.0008330334890746308,0.013891162102354682,-0.0009675828622339598,-0.0013421475207049274,0.00517786813795681,0.14692423101126723,-0.0931783061930717,0.09908038836401352,0.0024468899669199493,0.0,0.0,0.5210084033613445,1.0,0.0,0.0,0.0,25.126686703534656,0.05009965574631482,0.07593500818299793,99.99995937686322,110.00003379780574,0.5000202459561827,54.99817738956015,0.17044610442418087,0.0013,0.0026,0.009,0.0173
63,1762408743.4079459,-0.041656291432389914,0.07627952342760373,0.38677119963509926,-0.0019187471647279632,-0.008256127240487326,0.03198356540868463,0.1030351322240188,-0.0009214143802172253,0.0,0.0,0.0,1.0,-0.0,-0.0,-0.0,0.0,0.0,0.0,0.0,0.0,0.0,-0.198,-0.1,0.593,1.0,-0.0,0.011,-0.001,-0.008,0.006,0.137,0.0,-0.0,-0.0,-0.19814646895377636,-0.0997986847340324,0.5974871373350774,0.9999891571499726,-0.0006847740489244078,0.011932000082648164,-0.0009797020526847785,-0.0006882443729739937,0.006145339119086383,0.13261564270451237,-0.07580575820741499,0.10352673525166599,0.0014186256403689573,0.0,0.0,0.5294117647058824,1.0,0.0,0.0,0.0,25.12663505049323,0.04706468012627188,0.07580718350462712,99.9999598178947,110.00003382096749,0.500020160794769,54.998108400931734,0.17095158075126496,0.0016,0.0026,0.0091,0.0143
64,1762408743.4850578,-0.034560515979672454,0.0770857987808761,0.3851724840866392,-0.0034445392267471652,0.025064804405489804,0.023101257623262816,0.08869922216647452,-0.008108647101278,0.0,0.0,0.0,1.0,-0.0,-0.0,-0.0,0.0,0.0,0.0,0.0,0.0,0.0,-0.198,-0.099,0.602,1.0,-0.002,0.011,-0.002,-0.01,0.004,0.151,-0.1,-0.0,-0.0,-0.19821266862581774,-0.09883857617602675,0.6069742702685722,0.9999837258470281,-0.0040053992744310445,0.01190480370764701,-0.0019653475459367217,-0.0026601691521568292,0.005900019796295172,0.14793009943522137,-0.13680467265575194,0.10011688828893806,0.001721135253375054,0.0,0.0,0.5378151260504201,1.0,0.0,0.0,0.0,25.12748895863189,0.04164475120136006,0.07574375696230912,99.99996033337575,110.00003384170142,0.5000200863041709,54.998039555230335,0.17153568349088294,0.001,0.0018,0.0098,0.0232
65,1762408743.5420272,-0.04332902290995419,0.07947942707050318,0.38058097369857974,-0.0036272472198024615,-0.05248266364632681,0.03123959114335445,0.07333556908136286,-0.001774674771963273,0.0,0.0,0.0,1.0,-0.0,-0.0,-0.0,0.0,0.0,0.0,0.0,0.0,0.0,-0.199,-0.099,0.611,1.0,-0.001,0.012,-0.002,-0.016,0.004,0.194,0.0,0.0,-0.0,-0.19940143910471134,-0.0988546369028553,0.6174257760864706,0.9999877485303001,-0.0016993584887063694,0.012915324685059045,-0.0019796092398585074,-0.007983971358830865,0.004791618504291454,0.19202389590928332,-0.07794841074987946,0.10184635199186931,0.0014632200785256095,0.0,0.0,0.5462184873949579,1.0,0.0,0.0,0.0,25.13079520249582,0.02953789978299432,0.07552405090112554,99.99996079782873,110.00003386733265,0.5000199923308712,54.99796421798961,0.17212965299338,0.0008,0.0026,0.0051,0.0202
66,1762408743.621312,-0.03115908230444231,0.08141120165828064,0.38418358394260327,-0.003650105610582621,0.050017447300070836,0.029528729706513157,0.11315829464476286,-0.001021103758851415,0.0,0.0,0.0,1.0,-0.0,-0.0,-0.0,0.0,0.0,0.0,0.0,0.0,0.0,-0.2,-0.098,0.621,1.0,-0.002,0.011,-0.002,-0.01,0.01,0.157,-0.1,-0.1,-0.0,-0.2002179913922618,-0.0976388670878751,0.6261708354574202,0.9999986224412936,-0.003860846084015488,0.010637608618421161,-0.0019546663697563877,-0.0031206407462805617,0.011867218958975015,0.1536633058171879,-0.11983287116448622,0.04594825142442327,0.0028955210689907513,0.0,0.0,0.5546218487394958,1.0,0.0,0.0,0.0,25.13158278630722,0.023882714982746217,0.07685872829678579,99.9999603443545,110.00003384640281,0.5000200879954705,54.99788554311935,0.1731754810721407,0.0015,0.001,0.0174,0.0213
67,1762408743.6810975,-0.024545412765970293,0.06745548890013003,0.3863299993264759,-0.0018705757126114657,0.02527857711624952,-0.04942576337618282,0.10677797290501387,0.007985123087210121,0.0,0.0,0.0,1.0,-0.0,-0.0,-0.0,0.0,0.0,0.0,0.0,0.0,0.0,-0.2,-0.098,0.629,1.0,-0.002,0.014,-0.001,-0.009,0.008,0.141,-0.3,0.1,0.0,-0.20014377517213006,-0.09769495716394276,0.6335707624385545,0.9999462720998898,-0.0066868015634106315,0.01621521744435156,-0.0009134735028323576,0.0006136552682407732,0.010803924772011133,0.13357661638035634,-0.2622216984763712,0.15952250949153893,0.0031093948444410532,0.0,0.0,0.5630252100840336,1.0,0.0,0.0,0.0,25.13162600010849,0.020327801581790452,0.07505677203894717,99.99996206396565,110.00003390493161,0.5000198515711265,54.99782153654054,0.1738596637958834,0.0014,0.0028,0.0136,0.015
68,1762408743.7446406,-0.04633461854348711,0.06942109337661911,0.3887987711776861,-0.0016132122541782656,-0.11508238207907664,0.026691894607477895,0.10892635908766984,0.000819173364013134,0.0,0.0,0.0,1.0,-0.0,-0.0,-0.0,0.0,0.0,0.0,0.0,0.0,0.0,-0.201,-0.097,0.637,1.0,-0.001,0.014,-0.001,-0.007,0.011,0.116,0.1,0.1,0.0,-0.201075407742439,-0.09662699318527111,0.6407945803914963,0.9999664861687138,-0.00017222391334394035,0.016251317000297125,-0.0009913742736670883,0.0027265964591773645,0.01128366483776407,0.11219465527681796,0.005968202580881883,0.16398822067038785,0.0023813682961774715,0.0,0.0,0.5714285714285714,1.0,0.0,0.0,0.0,25.130283431084113,0.020560521715790897,0.073067051510419,99.99996315779123,110.00003396996063,0.5000195869546361,54.997753131419046,0.17388492187316407,0.0009,0.0008,0.0146,0.0146
69,1762408743.8093076,-0.038077088010409335,0.07648263455871561,0.38809404307316236,-0.005362799586469633,0.029703998029517148,0.05266297925463731,0.09367605227180328,-0.019151239725001403,0.0,0.0,0.0,1.0,-0.0,-0.0,-0.0,0.0,0.0,0.0,0.0,0.0,0.0,-0.201,-0.096,0.645,1.0,-0.001,0.012,-0.002,-0.004,0.008,0.123,-0.0,0.0,-0.1,-0.20100185284248148,-0.09572193127987864,0.6490572163140829,0.9999866961125262,-0.0014121211420181688,0.012753898831699396,-0.00332178224143028,0.003973935227184101,0.008723213359307582,0.12092809661733134,-0.04370311057496121,0.08283486292387172,-0.0620834676205502,0.0,0.0,0.5798319327731092,1.0,0.0,0.0,0.0,25.129465705895292,0.019239094429177348,0.07427061714827109,99.99995952484558,110.00003395051101,0.5000196660555891,54.99767705469498,0.17549762416504763,0.0009,0.0047,0.0129,0.0102
70,1762408743.8785396,-0.03419098688111012,0.07583239886267311,0.38704258665581975,-0.002001836296757425,0.009911233643893735,0.01586948015946643,0.09176622868157763,0.015464116551943624,0.0,0.0,0.0,1.0,-0.0,-0.0,-0.0,0.0,0.0,0.0,0.0,0.0,0.0,-0.201,-0.096,0.652,1.0,-0.003,0.012,-0.001,-0.006,0.009,0.133,-0.0,0.0,0.0,-0.20106763675955916,-0.09566597484166726,0.6564250424637803,0.9999878555462485,-0.0037272565725473294,0.012787646500839219,-0.0009795542127468044,0.0020323083309486817,0.011118345521493583,0.13300686461797315,-0.08218658339969082,0.08755488634075546,0.0015829255281874267,0.0,0.0,0.5882352941176471,1.0,0.0,0.0,0.0,25.129134985732467,0.01630504357076359,0.07497646851237909,99.99995918739616,110.00003394770765,0.5000196849848152,54.99760006620792,0.17638820177164502,0.0014,0.0021,0.0068,0.0208
71,1762408743.9373858,-0.03281834661460837,0.0707167989148135,0.3874062818356461,-0.0016649162378509197,-0.0016845453877687988,-0.006619900023629721,0.09857912256308685,0.0011841412203431644,0.0,0.0,0.0,1.0,-0.0,-0.0,-0.0,0.0,0.0,0.0,0.0,0.0,0.0,-0.201,-0.095,0.66,1.0,-0.002,0.012,-0.001,-0.006,0.017,0.131,0.0,0.1,0.0,-0.20106234115389074,-0.09441050788436074,0.6643462577849663,0.999969467551625,-0.0025805772163014044,0.014231751163594028,-0.0009620306812771068,0.0025069073482093295,0.01842781507491268,0.13020487973867736,-0.0643242601936796,0.16195709188144924,0.004008652091833787,0.0,0.0,0.5966386554621849,1.0,0.0,0.0,0.0,25.12865308925159,0.01393144147661004,0.07387409091683689,99.99995961165814,110.00003398612243,0.5000195284184769,54.99752626027539,0.17740581872773706,0.005,0.0011,0.0054,0.0099
72,1762408744.01475,-0.03708589402233209,0.07751810456552069,0.3886085028431189,-0.001765797459484351,-0.029542323692270722,0.05168572798223936,0.10286267549627523,-0.0009206351676298843,-0.012,0.017,0.095,1.0,0.004,0.006,-0.002,-0.258,0.388,2.127,0.174,0.283,-0.108,-0.202,-0.094,0.668,1.0,0.0,0.012,-0.001,-0.007,0.015,0.122,0.0,0.0,0.0,-0.20210144155121845,-0.09349887610251557,0.6720316111188607,0.9999887822324064,-0.0005946863857588133,0.012892552832570885,-0.0009822125236352691,0.0010116624796198145,0.015125542787873392,0.12032149357868872,-0.06587274795958796,0.09902585004149494,0.001138092144135317,0.0,0.0,0.6050420168067226,1.0,0.0,0.0,0.0,25.127656912145326,0.012996969473964717,0.0733098789485346,99.99996007222661,110.00003401227352,0.5000194251471202,54.99744779360801,0.17788780058444797,0.0024,0.0027,0.0173,0.0128
73,1762408744.067679,-0.039564722195015424,0.0806707800775423,0.38775847520759155,-0.0033371603583859065,-0.02166561436899969,0.03514290370148826,0.09290198753314328,-0.008298263859378865,0.0,0.0,0.0,1.0,-0.0,-0.0,-0.0,0.117,-0.175,-0.96,-0.078,-0.128,0.049,-0.202,-0.093,0.677,1.0,-0.0,0.011,-0.002,-0.003,0.017,0.13,0.1,-0.1,0.0,-0.20198428062818452,-0.09243769316554967,0.6813045687317059,1.0000050201232757,0.0007436616289286397,0.010515820344473221,-0.0019991973721515273,0.0038890287454655054,0.01664919699527374,0.12873411823952402,-0.0034618059332395482,0.03235008048616321,0.0009447416428738526,0.0,0.0,0.6134453781512604,1.0,0.0,0.0,0.0,25.127163986857582,0.010416350559711643,0.07168619872634803,99.99996114205616,110.00003406385966,0.5000192180369729,54.99736751820516,0.1778109679600864,0.0024,0.0009,0.0061,0.0106
74,1762408744.168982,-0.0315506680392241,0.07284395392864722,0.3874937511631194,-0.003004461114886566,0.030179090230202765,-0.018966435725089825,0.09561599857953718,0.000829206127900225,0.0,0.0,0.0,1.0,-0.0,-0.0,-0.0,0.0,0.0,0.0,0.0,0.0,0.0,-0.202,-0.092,0.686,1.0,-0.001,0.012,-0.002,-0.002,0.017,0.13,-0.0,-0.0,-0.0,-0.20193406677958362,-0.09142139240491369,0.6903217016699135,0.9999873884041468,-0.0016299316142999482,0.012951953802136814,-0.001980786556143709,0.006061968475838528,0.017779590510963044,0.1297781060571116,-0.07023882107611705,0.1057528190857163,0.0014222794313535811,0.0,0.0,0.6218487394957983,1.0,0.0,0.0,0.0,25.126603260137585,0.01,0.07119070535843544,99.99996157734427,110.00003408973964,0.5000191172907206,54.997287339187665,0.17824151947851016,0.0019,0.0011,0.0217,0.0313
75,1762408744.2030907,-0.031145308127172616,0.06695632391755119,0.38586797738161094,-0.0015991792325143947,-0.005860867449548612,-0.011227161573318323,0.08874456888323748,0.006275294133139213,0.0,0.0,0.0,1.0,-0.0,-0.0,-0.0,0.0,0.0,0.0,0.0,0.0,0.0,-0.202,-0.091,0.696,1.0,-0.002,0.014,-0.001,-0.001,0.017,0.145,-0.0,0.1,0.0,-0.2018740569913251,-0.09041044381896744,0.7008073593074466,0.999964642277399,-0.002637771326759552,0.01624456512151121,-0.0009711003638250345,0.00880579688241995,0.018437611902855314,0.1438662871281007,-0.07102756253456319,0.1628567363095848,0.00272450430530035,0.0,0.0,0.6302521008403361,1.0,0.0,0.0,0.0,25.126831903169744,0.01,0.06985431542760513,99.99996230063076,110.0000341356785,0.5000189329012895,54.99721085867848,0.17828261178838647,0.0011,0.0009,0.0053,0.0161
76,1762408744.275036,-0.029806606485651317,0.07338722708959323,0.3858714972516124,-0.0013344433035486652,-0.0010928188241866588,0.04889359683959804,0.09648459369540979,0.0009238848367000514,0.0,0.0,0.0,1.0,-0.0,-0.0,-0.0,0.0,0.0,0.0,0.0,0.0,0.0,-0.202,-0.089,0.705,1.0,-0.002,0.013,-0.001,0.002,0.019,0.145,0.0,-0.0,0.0,-0.20179051259394956,-0.08834405385835306,0.7098045948386471,0.9999878094585065,-0.002492305170932667,0.01383162924610464,-0.0009738437411872723,0.010661505482628834,0.020405889230581446,0.14371815303881585,-0.05401586855387622,0.09140849523892913,0.0023799424169375126,0.0,0.0,0.6386554621848739,1.0,0.0,0.0,0.0,25.126966964028647,0.01,0.06934768422398724,99.999962699817,110.00003416153413,0.5000188318752931,54.997131225149964,0.17867215765998232,0.001,0.0009,0.0115,0.014
77,1762408744.3523743,-0.03007560101722598,0.0802932186858187,0.385045868059958,-0.0010169351654383215,-0.008796624279286153,0.05287676475352565,0.0923397283546316,0.0012539298646645517,0.0,0.0,0.0,1.0,-0.0,-0.0,-0.0,0.0,0.0,0.0,0.0,0.0,0.0,-0.202,-0.088,0.714,1.0,-0.001,0.01,-0.001,0.004,0.021,0.154,0.0,-0.1,0.0,-0.2017621453045847,-0.08728817353711263,0.7190817179918905,1.0000039121469302,-0.0015339308586555442,0.00953966842184911,-0.0009833595025674055,0.01021721883203731,0.02176231419633256,0.1513171697303294,-0.058891276944593327,0.03415970272749561,0.0012212986434378488,0.0,0.0,0.6470588235294117,1.0,0.0,0.0,0.0,25.127548888260492,0.01,0.06744152169595889,99.99996404829322,110.00003421802124,0.5000186042960523,54.99704930995136,0.17861129239872012,0.001,0.0021,0.0158,0.018
78,1762408744.3996851,-0.027217964060841142,0.07415787345941341,0.38300428259129893,-0.000964688181546502,0.006769284527617686,-0.01060342146057186,0.08605353967169449,7.001128099517941e-06,0.0,0.0,0.0,1.0,-0.0,-0.0,-0.0,0.0,0.0,0.0,0.0,0.0,0.0,-0.202,-0.087,0.724,1.0,-0.002,0.011,-0.001,0.001,0.023,0.171,-0.0,0.0,-0.0,-0.2018457931723715,-0.08621082691906307,0.7296492907629174,0.9999879933562986,-0.0024800913149833504,0.011958246846997818,-0.0009844183950064552,0.008355687693149629,0.02439841888636424,0.168404105409464,-0.052926800892017276,0.10599078345084252,0.001360608451240211,0.0,0.0,0.6554621848739496,1.0,0.0,0.0,0.0,25.128898210319825,0.01,0.06667848540500312,99.99996462443448,110.00003424791251,0.5000184863090179,54.996966319081885,0.17897369316697392,0.0014,0.0013,0.0068,0.0099
79,1762408744.4706385,-0.02405848062019209,0.06717198810727337,0.3832506058578139,-0.002862092132200448,0.008992926188035003,-0.016389958395846893,0.09698268698039943,-0.009728191798656357,0.0,0.0,0.0,1.0,-0.0,-0.0,-0.0,0.0,0.0,0.0,0.0,0.0,0.0,-0.202,-0.085,0.734,1.0,-0.002,0.013,-0.002,0.002,0.028,0.167,-0.0,0.1,0.0,-0.20178576805193696,-0.0840443782148948,0.7395034330025997,0.9999662682984825,-0.002486228100112747,0.015310152770612718,-0.0019874798872911567,0.01110653518152359,0.029385354261021394,0.16362869999782667,-0.05406032458223444,0.1698656032363644,0.0011642345143263657,0.0,0.0,0.6638655462184874,1.0,0.0,0.0,0.0,25.12993580954132,0.01,0.0647446197660579,99.99996582209891,110.00003430354997,0.500018260984768,54.99688793588173,0.1790033031509682,0.0014,0.0011,0.0062,0.0145
80,1762408744.5407596,-0.020629113064644423,0.07231846679942577,0.38566410751224883,0.0003380447783220132,0.011132217622690316,0.042525390487580306,0.10788015973662837,0.015285161519562196,0.0,0.0,0.0,1.0,-0.0,-0.0,-0.0,0.0,0.0,0.0,0.0,0.0,0.0,-0.202,-0.084,0.742,1.0,-0.002,0.012,-0.001,0.005,0.028,0.147,-0.1,0.0,0.0,-0.20170262511303705,-0.08303921266873819,0.7468080280894137,0.9999832579402148,-0.0037258365775953073,0.012952098430908847,-0.0009705914758081873,0.012942477608663683,0.029831729555275424,0.14187903484429176,-0.10500792030152045,0.10397108974595679,0.0012874223671878143,0.0,0.0,0.6722689075630252,1.0,0.0,0.0,0.0,25.129977660951035,0.01,0.06424892187312935,99.99996635361185,110.00003432651854,0.5000181697246716,54.99680454628909,0.1800002992471974,0.001,0.0063,0.0103,0.0101
81,1762408744.6189141,-0.028471648914097845,0.07808650543812068,0.38611689435039365,-0.004590502952090365,-0.04436995751342822,0.046919809893331,0.09867996106878629,-0.02455822745748138,0.0,0.0,0.0,1.0,-0.0,-0.0,-0.0,0.0,0.0,0.0,0.0,0.0,0.0,-0.201,-0.082,0.751,1.0,-0.001,0.011,-0.002,0.004,0.02,0.143,-0.0,-0.1,-0.0,-0.2007519655438182,-0.08132191809585643,0.7556802863125534,1.0000041916655893,-0.001424466308348836,0.010576119654233915,-0.0019741187357641,0.01083204023228737,0.02072611150608933,0.13826985216231832,-0.046276310824248656,0.037239075648248895,0.0023736176657486153,0.0,0.0,0.680672268907563,1.0,0.0,0.0,0.0,25.129880186794693,0.01,0.062271705122795305,99.99996763245417,110.00003438325572,0.5000179410383794,54.99671901565115,0.18001128482910497,0.0017,0.0039,0.0108,0.0227
82,1762408744.679614,-0.0313630557202591,0.07177682233557439,0.3836328835101246,-0.018314701772300476,-0.021574946259330777,-0.012026789153201212,0.0841091693862534,-0.06976861983907315,0.0,0.0,0.0,1.0,-0.0,-0.0,-0.0,0.0,0.0,0.0,0.0,0.0,0.0,-0.201,-0.081,0.76,1.0,-0.001,0.01,-0.002,0.004,0.028,0.164,-0.0,-0.0,0.0,-0.20075641381970655,-0.08005529599334968,0.7654156318313132,0.999988741993695,-0.0013637869304519066,0.011035705905041321,-0.0019984569137464973,0.010724650944653524,0.028717373383775453,0.1614378328802914,-0.03977200791967992,0.11361840496971108,-0.00018263329672286462,0.0,0.0,0.6890756302521008,1.0,0.0,0.0,0.0,25.130781015536506,0.01,0.061655680036648786,99.99996815357765,110.00003440852008,0.5000178415851908,54.996633534196384,0.18045877121113166,0.005,0.001,0.0125,0.0145
83,1762408744.733239,-0.05929464461581696,0.05751488825755901,0.38589461128503,-0.09275656561143818,-0.14749870840785403,-0.05336546480618329,0.1072168597520586,-0.3767879946387636,0.0,0.0,0.0,1.0,-0.0,-0.0,-0.0,0.0,0.0,0.0,0.0,0.0,0.0,-0.201,-0.079,0.767,1.0,-0.0,0.011,-0.001,0.005,0.027,0.144,0.1,0.0,0.0,-0.20071202193402293,-0.07810409469388922,0.7717539369783691,0.9999870064375165,0.0006868147996929775,0.012115051435374355,-0.0009753803978165699,0.01239553528123489,0.026669222486841334,0.14169295545542426,-0.009253545310862907,0.12239446576646965,0.0035387319438017397,0.0,0.0,0.6974789915966386,1.0,0.0,0.0,0.0,25.130584897219595,0.01,0.06370385426784682,99.99996652507451,110.00003437355774,0.5000179887058112,54.99654957820829,0.18056151966104428,0.001,0.0009,0.007,0.0103
84,1762408744.8064396,-0.021531290455570666,0.06156600872881066,0.388019091019593,-0.0028932179575901495,0.17399310964727724,0.03463432442064798,0.10709605149407253,0.42612759686638063,0.0,0.0,0.0,1.0,-0.0,-0.0,-0.0,0.0,0.0,0.0,0.0,0.0,0.0,-0.201,-0.078,0.776,1.0,-0.005,0.011,0.001,0.005,0.023,0.126,-0.2,-0.0,0.2,-0.20071328252719273,-0.0771682538965876,0.7801166798948742,0.9999634916515246,-0.007942567879675724,0.011957083270308047,0.003755293866664516,0.01229949377115689,0.02723065689786029,0.12138617235740247,-0.1576948563859813,0.10334919904968087,0.1338729729674683,0.0,0.0,0.7058823529411764,1.0,0.0,0.0,0.0,25.129682635762446,0.01,0.057643888990446375,99.99999498381023,110.00003473030301,0.5000169351918388,54.99646916188665,0.17938738706119914,0.0009,0.0011,0.0111,0.0138
85,1762408744.870204,0.07954522602388164,0.15848767108228234,0.3887072916374122,0.09725143375247494,0.4999997597833689,0.4999998139495611,0.10044577584399458,0.4999999540609279,0.0,0.0,0.0,1.0,-0.0,-0.0,-0.0,0.0,0.0,0.0,0.0,0.0,0.0,-0.2,-0.077,0.783,1.0,-0.009,0.008,0.006,0.001,0.022,0.121,-0.2,-0.0,0.1,-0.1998790747105615,-0.07615664797657046,0.7869849108288381,0.9999428703438333,-0.012389224794770396,0.008837665861395467,0.007984879331131421,0.006335337629513116,0.02897841992273127,0.11858448542201909,-0.2062812788257084,0.08996637420552465,0.1347667950482496,0.0,0.0,0.7142857142857143,1.0,0.0,0.0,0.0,25.128573925335264,0.01,0.06139866540262203,99.99995977220664,110.00003305769127,0.500020766778625,54.99638376834479,0.1795955146847823,0.001,0.001,0.0069,0.0142
86,1762408744.9514635,0.10545381135676156,0.051689503217759766,0.3896418107498717,0.19235113406303006,0.14942923317037,-0.4943689215520423,0.10184941847165054,0.4998113599908943,0.0,0.0,0.0,1.0,-0.0,-0.0,-0.0,0.0,0.0,0.0,0.0,0.0,0.0,-0.201,-0.074,0.792,1.0,-0.003,0.008,0.004,-0.004,0.035,0.126,0.2,0.1,-0.1,-0.2010392633086727,-0.0728101125070248,0.7961819132617193,0.9999888473372387,-0.0007582924840403027,0.010184231248068124,0.0026821399259557557,0.0018834542419165776,0.036136349066438304,0.12540989442237152,0.08256716602555977,0.15480871298579638,-0.061401616261217755,0.0,0.0,0.7226890756302521,1.0,0.0,0.0,0.0,25.127758070360482,0.01,0.054914022273859914,99.99994069382119,110.00003204487095,0.5000227328412449,54.996297297906985,0.1816350932867957,0.0014,0.0014,0.0123,0.0225
87,1762408745.003668,0.0007842685085613366,0.031738072508025225,0.38345891380211866,0.12177248567100785,-0.4969842614018107,-0.08683477774423282,0.06649596794870274,-0.30480545844435336,0.0,0.0,0.0,1.0,-0.0,-0.0,-0.0,0.0,0.0,0.0,0.0,0.0,0.0,-0.201,-0.072,0.8,1.0,0.019,0.023,-0.004,-0.002,0.039,0.142,0.6,0.3,-0.4,-0.200796866435144,-0.0709408495037323,0.8047123366900908,0.9996034347998798,0.027294943658971307,0.029258490263982636,-0.009923134779211345,0.014855386125376633,0.0235794809899684,0.14112865602768981,0.42642804432396886,0.42973513025117627,-0.31573978476866166,0.0,0.0,0.7310924369747899,1.0,0.0,0.0,0.0,25.1275821501035,0.01,0.05700332298325783,100.00007324775703,110.00003971416596,0.500005893478893,54.99618557336904,0.18869010343357184,0.0014,0.0012,0.007,0.0144
88,1762408745.0690784,0.0747300679925904,0.1301510583437362,0.3786418251481153,0.015683965068120295,0.3699250645472856,0.49999944730556123,0.0717792851805128,-0.4999994815966857,0.0,0.0,0.0,1.0,-0.0,-0.0,-0.0,0.0,0.0,0.0,0.0,0.0,0.0,-0.2,-0.071,0.809,0.999,0.034,0.014,-0.016,0.016,0.006,0.123,0.5,-0.3,-0.3,-0.19933575127193598,-0.07120001699859634,0.8130881099317577,0.9986837465473594,0.040857406638953195,0.010563926693619581,-0.0214317058216923,0.023424238985002253,-0.01879448492262567,0.12271190487747079,0.34910819595285997,-0.14229417192492877,-0.32672421342416236,0.0,0.0,0.7394957983193277,1.0,0.0,0.0,0.0,25.12650647202191,0.010201713068704519,0.04906100754503199,100.00001118400054,110.00003339461213,0.5000194061098633,54.996061263062344,0.198218158891834,0.0025,0.0039,0.0059,0.0102
89,1762408745.1334689,-0.029006435364322097,0.023643505436959672,0.3856137347291787,-0.08510023317869038,-0.4999999997864148,-0.4999999999479485,0.12952000419234588,-0.49999999996702327,0.0,0.0,0.0,1.0,-0.0,-0.0,-0.0,0.0,0.0,0.0,0.0,0.0,0.0,-0.199,-0.074,0.818,0.999,0.025,0.007,-0.022,0.018,-0.053,0.14,-0.3,-0.1,-0.1,-0.19833437653099328,-0.0760187456914184,0.8225726160997314,0.9990639864265014,0.020179219019798866,0.006258627632504919,-0.024164593393692403,0.02185523862600909,-0.06761178125616664,0.13469131752442798,-0.28094309699049574,-0.018033738227222748,-0.15259345382492406,0.0,0.0,0.7478991596638656,1.0,0.0,0.0,0.0,25.126360316296317,0.01,0.04,99.99991171809931,110.00002486695125,0.5000374974128573,54.99594088206632,0.20492760277880986,0.0014,0.002,0.0075,0.0095
