px,py,pz,rw,rx,ry,rz,vx,vy,vz,wx,wy,wz
0.03,-0.004,0.038,1.0,0.005,0.023,0.011,-0.0,0.0,-0.0,0.003,-0.004,-0.001
0.03,-0.004,0.038,1.0,0.005,0.023,0.011,-0.001,-0.0,0.0,-0.002,0.003,-0.001
0.03,-0.004,0.038,1.0,0.005,0.023,0.011,-0.0,0.0,0.001,-0.001,0.001,-0.002
0.03,-0.004,0.038,1.0,0.005,0.023,0.011,0.0,0.0,0.0,-0.002,0.001,-0.002
0.03,-0.004,0.038,1.0,0.005,0.023,0.011,0.0,0.0,-0.001,-0.0,-0.006,-0.0
0.03,-0.004,0.038,1.0,0.005,0.023,0.011,-0.0,-0.0,-0.001,0.001,-0.004,0.003
0.03,-0.004,0.038,1.0,0.005,0.023,0.011,-0.001,-0.0,0.001,-0.003,0.01,0.002
0.03,-0.004,0.038,1.0,0.005,0.023,0.011,0.0,0.0,0.001,-0.002,0.006,0.001
0.03,-0.004,0.038,1.0,0.005,0.023,0.011,0.0,0.001,-0.001,-0.003,-0.0,-0.005
0.03,-0.004,0.038,1.0,0.005,0.023,0.011,0.0,-0.0,-0.001,0.002,-0.006,0.003
0.03,-0.004,0.038,1.0,0.005,0.023,0.011,-0.0,-0.0,0.0,0.003,-0.003,0.004
0.03,-0.004,0.038,1.0,0.005,0.023,0.011,-0.0,0.0,0.0,0.001,0.003,-0.0
0.03,-0.004,0.038,1.0,0.005,0.023,0.011,0.0,0.0,0.0,0.001,0.0,-0.003
0.03,-0.004,0.038,1.0,0.005,0.023,0.011,0.0,-0.0,0.0,0.0,-0.003,0.0
0.03,-0.004,0.038,1.0,0.005,0.023,0.011,0.0,-0.0,-0.001,-0.0,-0.006,0.002
0.03,-0.004,0.038,1.0,0.005,0.023,0.011,0.0,-0.0,0.0,0.0,-0.006,-0.001
0.03,-0.004,0.038,1.0,0.005,0.023,0.011,0.0,0.0,0.0,-0.0,0.007,-0.0
0.03,-0.004,0.038,1.0,0.005,0.023,0.011,-0.0,0.0,0.0,0.002,0.0,-0.002
0.03,-0.004,0.038,1.0,0.005,0.023,0.011,-0.0,-0.0,-0.0,-0.0,0.003,0.001
0.03,-0.004,0.038,1.0,0.005,0.023,0.011,0.0,-0.001,-0.001,-0.003,-0.003,0.002
0.03,-0.004,0.038,1.0,0.005,0.023,0.011,-0.0,-0.0,-0.001,-0.015,-0.0,0.008
0.03,-0.004,0.038,1.0,0.005,0.023,0.011,-0.0,0.0,0.001,-0.011,0.005,-0.009
0.03,-0.004,0.038,1.0,0.005,0.023,0.011,0.0,-0.0,0.0,-0.008,0.005,-0.003
0.03,-0.004,0.038,1.0,0.005,0.023,0.011,0.001,-0.0,0.0,-0.016,-0.002,0.008
0.03,-0.004,0.038,1.0,0.005,0.023,0.011,-0.0,-0.0,-0.0,0.009,-0.0,0.002
0.03,-0.004,0.038,1.0,0.006,0.023,0.01,0.001,0.001,0.0,0.058,-0.016,-0.025
0.03,-0.004,0.038,1.0,0.005,0.023,0.011,0.001,-0.001,0.001,-0.025,0.0,0.002
0.03,-0.004,0.038,1.0,0.005,0.023,0.011,-0.001,-0.001,0.0,-0.004,0.011,0.002
0.03,-0.004,0.038,1.0,0.005,0.023,0.011,-0.0,-0.0,-0.0,-0.002,0.009,0.0
0.03,-0.004,0.038,1.0,0.005,0.023,0.011,0.0,-0.001,-0.0,-0.008,-0.005,0.01
0.03,-0.004,0.038,1.0,0.005,0.023,0.011,0.0,-0.001,-0.0,0.004,0.009,0.002
0.03,-0.004,0.038,1.0,0.005,0.023,0.011,-0.0,-0.001,0.0,0.003,-0.002,0.008
0.03,-0.004,0.038,1.0,0.006,0.023,0.011,-0.001,-0.001,0.001,0.018,0.006,-0.001
0.03,-0.004,0.038,1.0,0.005,0.023,0.011,0.0,-0.001,0.0,0.004,-0.006,0.008
0.03,-0.004,0.038,1.0,0.006,0.023,0.011,0.0,-0.001,-0.0,0.012,0.004,0.004
0.03,-0.004,0.038,1.0,0.006,0.023,0.011,-0.0,-0.001,-0.001,0.006,0.003,-0.004
0.03,-0.004,0.038,1.0,0.006,0.023,0.011,-0.0,-0.001,-0.0,0.015,-0.006,0.005
0.03,-0.004,0.038,1.0,0.006,0.023,0.011,-0.0,-0.0,0.001,0.024,-0.004,-0.005
0.03,-0.004,0.038,1.0,0.006,0.023,0.011,-0.0,-0.001,0.0,0.004,0.005,0.004
0.03,-0.004,0.038,1.0,0.005,0.023,0.011,0.001,-0.001,-0.001,-0.016,-0.004,-0.005
0.03,-0.004,0.038,1.0,0.006,0.023,0.011,0.0,-0.001,-0.0,0.019,-0.004,0.007
0.03,-0.004,0.038,1.0,0.006,0.023,0.011,-0.0,-0.001,0.001,0.012,-0.003,-0.006
0.03,-0.004,0.038,1.0,0.006,0.023,0.011,-0.0,-0.0,0.001,-0.001,-0.001,0.011
0.03,-0.004,0.038,1.0,0.006,0.023,0.011,-0.0,-0.0,0.001,0.024,0.003,0.005
0.03,-0.004,0.038,1.0,0.006,0.023,0.011,0.0,-0.0,-0.001,0.008,0.005,-0.007
0.03,-0.004,0.038,1.0,0.006,0.023,0.011,-0.0,-0.001,-0.001,0.007,-0.006,-0.002
0.03,-0.004,0.038,1.0,0.005,0.023,0.011,-0.0,-0.001,-0.001,-0.022,-0.009,0.002
0.03,-0.004,0.038,1.0,0.006,0.023,0.011,-0.0,-0.001,0.002,0.029,-0.003,-0.001
0.03,-0.004,0.038,1.0,0.006,0.023,0.011,-0.0,-0.001,0.0,0.014,0.007,0.001
0.03,-0.004,0.038,1.0,0.006,0.023,0.011,-0.0,-0.0,-0.0,0.004,0.008,-0.003
0.03,-0.004,0.038,1.0,0.006,0.023,0.011,0.0,-0.001,0.0,0.006,-0.006,0.014
0.03,-0.004,0.038,1.0,0.006,0.023,0.011,-0.0,-0.001,-0.001,0.007,0.011,0.002
0.03,-0.004,0.038,1.0,0.006,0.023,0.011,-0.0,-0.0,0.0,0.008,-0.001,-0.0
0.03,-0.004,0.038,1.0,0.006,0.023,0.011,0.0,-0.0,-0.0,-0.017,-0.004,-0.015
0.03,-0.004,0.038,1.0,0.007,0.023,0.011,0.001,0.0,-0.0,0.026,-0.009,0.004
0.03,-0.004,0.038,1.0,0.006,0.023,0.011,-0.0,-0.001,-0.001,0.008,-0.003,0.009
0.03,-0.004,0.038,1.0,0.006,0.024,0.011,-0.001,-0.001,0.0,0.006,0.014,-0.004
0.03,-0.004,0.038,1.0,0.006,0.023,0.011,0.0,0.001,0.002,0.013,0.008,0.012
0.03,-0.004,0.038,1.0,0.006,0.023,0.011,0.001,-0.0,0.0,0.01,0.007,-0.008
0.03,-0.004,0.038,1.0,0.006,0.023,0.011,0.0,-0.001,-0.0,0.005,-0.002,-0.002
0.03,-0.004,0.038,1.0,0.007,0.023,0.011,-0.0,-0.0,-0.0,0.008,-0.005,0.01
0.03,-0.004,0.038,1.0,0.007,0.023,0.011,0.0,0.0,-0.0,0.007,0.007,0.002
0.03,-0.004,0.038,1.0,0.006,0.023,0.011,0.0,-0.0,0.0,-0.001,0.007,-0.001
0.03,-0.004,0.038,1.0,0.006,0.023,0.011,0.0,-0.001,-0.0,-0.029,0.004,-0.017
0.03,-0.004,0.038,1.0,0.007,0.023,0.011,-0.0,0.0,0.0,0.012,-0.009,0.016
0.03,-0.004,0.038,1.0,0.006,0.023,0.011,0.0,0.0,-0.001,0.008,-0.004,-0.001
0.03,-0.004,0.038,1.0,0.006,0.024,0.011,-0.001,-0.0,0.0,0.001,0.008,0.001
0.03,-0.004,0.038,1.0,0.006,0.023,0.011,0.0,0.0,0.0,-0.017,-0.004,-0.006
0.03,-0.004,0.038,1.0,0.007,0.023,0.011,0.0,-0.0,0.001,0.012,-0.007,0.008
0.03,-0.004,0.038,1.0,0.006,0.023,0.011,-0.0,-0.0,-0.001,0.007,-0.003,0.004
0.03,-0.004,0.038,1.0,0.007,0.023,0.011,-0.0,-0.0,-0.0,0.009,-0.005,-0.0
0.03,-0.004,0.038,1.0,0.006,0.023,0.011,0.0,-0.001,-0.0,-0.007,-0.01,-0.012
0.03,-0.004,0.038,1.0,0.006,0.023,0.011,-0.0,-0.0,0.001,0.006,0.005,-0.001
0.03,-0.004,0.038,1.0,0.007,0.023,0.011,-0.001,-0.001,0.0,0.009,0.004,0.005
0.03,-0.004,0.038,1.0,0.007,0.023,0.011,-0.0,-0.001,0.001,0.015,-0.0,0.003
0.03,-0.004,0.038,1.0,0.006,0.023,0.011,0.001,-0.001,-0.001,-0.01,-0.013,-0.004
0.03,-0.004,0.038,1.0,0.007,0.023,0.011,0.0,-0.0,0.0,0.025,0.001,0.007
0.03,-0.004,0.038,1.0,0.006,0.023,0.011,-0.0,-0.0,0.001,-0.004,0.002,0.007
0.03,-0.004,0.038,1.0,0.007,0.023,0.011,-0.001,-0.0,0.001,0.012,-0.001,-0.001
0.03,-0.004,0.038,1.0,0.006,0.023,0.011,0.0,-0.001,-0.001,-0.007,-0.004,-0.002
0.03,-0.004,0.038,1.0,0.007,0.023,0.011,-0.0,-0.001,-0.0,0.028,-0.002,0.008
0.03,-0.004,0.038,1.0,0.007,0.023,0.011,0.0,-0.001,0.0,-0.0,-0.013,0.009
0.03,-0.004,0.038,1.0,0.007,0.023,0.011,-0.0,-0.001,0.0,0.009,0.009,-0.001
0.03,-0.004,0.038,1.0,0.007,0.023,0.011,-0.0,0.0,0.001,0.028,0.005,0.005
0.03,-0.004,0.038,1.0,0.007,0.023,0.011,0.0,-0.0,-0.0,0.009,-0.004,0.001
0.03,-0.004,0.038,1.0,0.007,0.023,0.011,-0.0,0.0,-0.0,-0.002,0.007,-0.005
0.03,-0.004,0.038,1.0,0.006,0.023,0.011,0.001,0.0,-0.002,-0.014,-0.015,-0.008
0.03,-0.004,0.038,1.0,0.007,0.023,0.011,-0.0,-0.0,0.001,0.01,0.008,0.004
0.03,-0.004,0.038,1.0,0.007,0.023,0.011,-0.0,0.0,0.001,-0.011,0.008,0.004
0.03,-0.004,0.038,1.0,0.007,0.024,0.011,0.001,0.0,-0.0,-0.003,0.014,-0.003
0.03,-0.004,0.038,1.0,0.006,0.023,0.011,0.0,0.0,-0.001,-0.019,-0.007,-0.004
0.03,-0.004,0.038,1.0,0.007,0.024,0.011,-0.0,0.0,0.0,0.006,0.012,0.001
0.03,-0.004,0.038,1.0,0.007,0.023,0.011,-0.001,-0.001,0.001,-0.002,0.0,-0.005
0.03,-0.004,0.038,1.0,0.007,0.023,0.011,0.0,0.0,0.0,-0.002,0.002,-0.001
0.03,-0.004,0.038,1.0,0.006,0.023,0.011,0.0,0.0,-0.0,-0.014,-0.002,-0.004
0.03,-0.004,0.038,1.0,0.007,0.023,0.011,-0.0,-0.0,-0.0,0.015,-0.006,0.002
0.03,-0.004,0.038,1.0,0.007,0.023,0.011,-0.0,0.0,-0.0,0.008,-0.012,0.007
0.03,-0.004,0.038,1.0,0.007,0.023,0.011,-0.001,-0.001,0.001,0.008,0.008,-0.001
0.03,-0.004,0.038,1.0,0.006,0.023,0.011,0.0,-0.0,-0.0,-0.019,0.002,-0.01
0.03,-0.004,0.038,1.0,0.007,0.023,0.011,0.001,0.001,-0.002,0.025,-0.014,0.006
0.03,-0.004,0.038,1.0,0.007,0.023,0.011,-0.0,-0.001,0.0,0.012,0.001,0.007
0.03,-0.004,0.038,1.0,0.007,0.023,0.011,-0.0,-0.0,0.001,0.014,-0.002,0.004
0.03,-0.004,0.038,1.0,0.007,0.024,0.011,-0.001,-0.0,0.001,0.01,0.013,0.003
0.03,-0.004,0.038,1.0,0.007,0.023,0.011,0.0,0.0,-0.001,-0.012,0.007,-0.003
0.03,-0.004,0.038,1.0,0.007,0.023,0.011,0.0,-0.001,0.001,0.022,-0.014,-0.003
0.03,-0.004,0.038,1.0,0.007,0.023,0.012,-0.0,-0.0,-0.0,0.001,-0.01,0.011
0.03,-0.004,0.038,1.0,0.007,0.023,0.011,-0.0,-0.0,-0.0,0.009,-0.005,0.005
0.03,-0.004,0.038,1.0,0.007,0.024,0.011,-0.001,0.0,0.002,0.006,0.014,-0.002
0.03,-0.004,0.038,1.0,0.007,0.023,0.011,0.001,0.0,0.0,-0.0,0.005,0.001
0.03,-0.004,0.038,1.0,0.007,0.023,0.011,0.0,-0.0,0.0,0.006,-0.008,-0.003
0.03,-0.004,0.038,1.0,0.007,0.024,0.011,-0.0,0.0,-0.0,-0.006,0.01,0.001
0.03,-0.004,0.038,1.0,0.007,0.023,0.011,0.0,0.0,-0.001,-0.009,-0.002,-0.002
0.03,-0.004,0.038,1.0,0.007,0.023,0.011,0.0,0.001,0.0,-0.012,-0.002,0.004
0.03,-0.004,0.038,1.0,0.006,0.023,0.011,0.0,0.0,-0.0,-0.03,-0.003,-0.014
0.03,-0.004,0.038,1.0,0.007,0.023,0.011,0.0,0.0,0.0,0.015,0.002,-0.004
0.03,-0.004,0.038,1.0,0.007,0.023,0.011,0.001,0.0,-0.001,0.001,-0.006,0.001
0.03,-0.004,0.038,1.0,0.007,0.023,0.011,-0.001,0.0,-0.0,-0.008,0.01,-0.005
0.03,-0.004,0.038,1.0,0.006,0.023,0.011,0.0,0.001,-0.001,-0.015,-0.003,-0.002
0.03,-0.004,0.038,1.0,0.007,0.023,0.011,0.0,0.0,0.0,0.003,0.001,-0.001
0.03,-0.004,0.038,1.0,0.006,0.023,0.011,0.0,0.0,-0.0,-0.011,-0.004,0.006
0.03,-0.004,0.038,1.0,0.007,0.023,0.011,-0.001,-0.0,0.0,-0.0,-0.005,-0.006
0.03,-0.004,0.038,1.0,0.007,0.023,0.011,-0.0,-0.0,0.0,0.009,0.007,0.002
0.03,-0.004,0.038,1.0,0.007,0.023,0.011,0.0,-0.0,0.0,0.003,0.001,0.001
0.03,-0.004,0.038,1.0,0.007,0.023,0.011,-0.0,-0.0,-0.0,0.006,0.002,0.001
0.03,-0.004,0.038,1.0,0.007,0.023,0.011,-0.0,-0.001,0.0,0.004,0.003,0.004
0.03,-0.004,0.038,1.0,0.007,0.023,0.011,0.0,-0.0,-0.0,-0.01,-0.006,-0.015
0.03,-0.004,0.038,1.0,0.007,0.024,0.011,-0.0,-0.001,0.001,0.02,0.013,0.001
0.03,-0.004,0.038,1.0,0.007,0.023,0.011,0.0,-0.001,0.0,0.017,-0.016,0.006
0.03,-0.004,0.038,1.0,0.007,0.023,0.011,-0.0,-0.001,0.001,0.01,-0.004,0.007
0.03,-0.004,0.038,1.0,0.007,0.023,0.011,0.0,-0.001,-0.0,-0.001,-0.004,0.005
0.03,-0.005,0.038,1.0,0.008,0.023,0.011,0.0,-0.001,0.001,0.027,-0.0,-0.002
0.03,-0.005,0.038,1.0,0.007,0.023,0.011,-0.0,-0.001,-0.001,0.001,-0.002,0.008
0.03,-0.005,0.038,1.0,0.007,0.023,0.012,-0.0,-0.001,-0.0,0.006,-0.009,0.013
0.03,-0.004,0.038,1.0,0.008,0.023,0.011,-0.001,0.0,0.0,0.024,0.005,0.004
0.03,-0.005,0.038,1.0,0.007,0.023,0.011,0.0,-0.001,0.001,0.002,0.003,-0.001
0.03,-0.005,0.038,1.0,0.008,0.023,0.011,0.0,-0.001,-0.0,0.016,-0.004,-0.006
0.03,-0.004,0.038,1.0,0.007,0.023,0.012,0.0,0.0,-0.001,0.005,0.004,0.01
0.03,-0.005,0.038,1.0,0.007,0.023,0.011,-0.001,-0.0,0.0,-0.008,0.009,-0.006
0.03,-0.004,0.038,1.0,0.007,0.024,0.011,-0.0,0.0,0.001,-0.004,0.015,-0.001
0.03,-0.004,0.038,1.0,0.007,0.023,0.011,0.001,0.0,-0.001,-0.03,-0.013,-0.008
0.03,-0.004,0.038,1.0,0.007,0.023,0.011,0.0,0.0,-0.0,0.013,-0.004,-0.013
0.03,-0.004,0.038,1.0,0.007,0.023,0.011,0.0,0.0,-0.0,-0.002,-0.005,0.002
0.03,-0.004,0.038,1.0,0.007,0.023,0.011,-0.001,0.0,0.001,-0.015,0.007,0.006
0.03,-0.004,0.038,1.0,0.007,0.023,0.011,0.0,0.001,-0.0,-0.019,0.009,-0.008
0.03,-0.004,0.038,1.0,0.007,0.023,0.011,0.0,0.001,-0.0,-0.005,0.002,-0.003
0.03,-0.004,0.038,1.0,0.007,0.024,0.011,-0.0,0.001,-0.0,-0.004,0.008,0.001
0.03,-0.004,0.038,1.0,0.007,0.023,0.011,0.001,-0.0,-0.0,-0.01,-0.017,-0.002
0.03,-0.004,0.038,1.0,0.007,0.024,0.011,-0.001,0.0,0.0,-0.015,0.021,0.002
0.03,-0.004,0.038,1.0,0.007,0.023,0.011,0.0,0.001,-0.0,0.005,-0.01,-0.002
0.03,-0.004,0.038,1.0,0.007,0.023,0.011,0.0,0.001,-0.0,-0.003,0.006,-0.002
0.03,-0.004,0.038,1.0,0.007,0.023,0.011,0.0,0.0,-0.0,-0.008,-0.01,0.007
0.03,-0.004,0.038,1.0,0.007,0.023,0.011,-0.0,-0.0,-0.001,-0.01,-0.005,-0.009
0.03,-0.004,0.038,1.0,0.007,0.023,0.011,-0.0,-0.0,0.0,0.006,0.006,-0.0
0.03,-0.004,0.038,1.0,0.007,0.023,0.011,0.0,-0.0,0.001,0.008,0.007,0.004
0.03,-0.004,0.038,1.0,0.007,0.024,0.011,0.0,0.0,0.001,0.008,0.009,0.002
0.03,-0.004,0.038,1.0,0.007,0.023,0.011,0.0,-0.001,-0.001,-0.006,-0.018,0.003
0.03,-0.004,0.038,1.0,0.008,0.023,0.011,0.0,-0.001,0.001,0.03,-0.012,-0.006
0.03,-0.004,0.038,1.0,0.007,0.024,0.011,-0.0,-0.0,0.001,-0.001,0.017,0.007
0.03,-0.004,0.038,1.0,0.007,0.023,0.011,-0.0,0.0,0.0,0.008,0.001,0.004
0.03,-0.004,0.038,1.0,0.008,0.024,0.011,-0.0,-0.001,0.0,0.018,0.01,0.009
0.03,-0.005,0.038,1.0,0.007,0.023,0.011,-0.0,-0.001,-0.001,0.003,-0.0,-0.001
0.03,-0.005,0.038,1.0,0.007,0.023,0.011,-0.0,-0.001,-0.0,0.002,0.004,-0.0
0.03,-0.004,0.038,1.0,0.007,0.023,0.011,0.0,0.0,-0.001,-0.019,-0.016,0.005
0.03,-0.005,0.038,1.0,0.007,0.023,0.011,-0.001,-0.001,0.001,0.005,0.006,0.002
0.03,-0.005,0.038,1.0,0.007,0.023,0.011,0.0,-0.001,-0.001,0.01,-0.006,0.0
0.03,-0.004,0.038,1.0,0.007,0.023,0.011,0.001,0.0,-0.001,-0.01,-0.014,-0.008
0.03,-0.005,0.038,1.0,0.008,0.023,0.011,0.0,-0.0,0.001,0.032,0.005,-0.006
0.03,-0.005,0.038,1.0,0.007,0.023,0.011,0.0,-0.001,0.0,-0.007,0.009,-0.001
0.03,-0.005,0.038,1.0,0.007,0.023,0.011,0.0,-0.0,-0.0,0.005,0.007,0.002
0.03,-0.004,0.038,1.0,0.007,0.023,0.011,0.0,0.001,-0.0,-0.013,-0.007,0.002
0.03,-0.005,0.038,1.0,0.007,0.023,0.011,-0.0,-0.0,0.001,-0.001,0.01,-0.003
0.03,-0.005,0.038,1.0,0.007,0.023,0.011,-0.0,-0.001,-0.0,-0.002,0.001,0.0
0.03,-0.005,0.038,1.0,0.008,0.023,0.011,0.0,0.0,-0.0,0.017,-0.019,-0.002
0.03,-0.004,0.038,1.0,0.007,0.023,0.011,-0.001,0.001,0.001,0.0,0.001,0.01
0.03,-0.004,0.038,1.0,0.007,0.023,0.011,-0.001,0.001,0.001,-0.008,0.007,-0.005
0.03,-0.005,0.038,1.0,0.007,0.023,0.011,0.0,-0.0,-0.0,-0.006,0.001,-0.003
0.03,-0.004,0.038,1.0,0.007,0.023,0.011,0.0,0.0,-0.001,-0.001,-0.012,0.002
0.03,-0.004,0.038,1.0,0.006,0.023,0.011,0.0,0.001,-0.001,-0.032,-0.012,0.004
0.03,-0.004,0.038,1.0,0.007,0.024,0.011,-0.0,0.0,0.001,0.003,0.016,-0.004
0.03,-0.004,0.038,1.0,0.007,0.023,0.011,-0.0,0.0,0.001,0.002,0.007,-0.003
0.03,-0.004,0.038,1.0,0.007,0.023,0.011,0.0,0.0,-0.001,-0.001,0.01,-0.001
0.03,-0.004,0.038,1.0,0.006,0.023,0.011,0.001,0.0,-0.001,-0.025,-0.01,0.007
0.03,-0.004,0.038,1.0,0.007,0.023,0.011,0.0,-0.0,0.0,0.02,-0.005,-0.007
0.03,-0.005,0.038,1.0,0.007,0.023,0.011,-0.001,-0.001,0.001,-0.006,0.007,-0.004
0.03,-0.004,0.038,1.0,0.007,0.023,0.011,-0.0,0.0,0.0,0.007,-0.003,0.004
0.03,-0.004,0.038,1.0,0.007,0.023,0.011,0.0,0.0,0.0,0.017,0.005,0.006
0.03,-0.004,0.038,1.0,0.007,0.023,0.011,0.0,-0.0,-0.0,0.002,-0.003,-0.002
0.03,-0.004,0.038,1.0,0.007,0.023,0.011,-0.001,-0.0,-0.0,0.005,-0.0,0.001
0.03,-0.004,0.038,1.0,0.007,0.023,0.011,-0.0,0.001,-0.0,-0.009,-0.002,-0.006
0.03,-0.004,0.038,1.0,0.007,0.024,0.011,0.0,0.0,0.001,0.01,0.014,0.002
0.03,-0.004,0.038,1.0,0.007,0.024,0.011,0.0,0.0,0.0,-0.001,0.01,-0.002
0.03,-0.004,0.038,1.0,0.007,0.023,0.011,0.0,-0.0,-0.001,-0.001,-0.008,0.005
0.03,-0.004,0.038,1.0,0.007,0.023,0.012,-0.0,0.0,0.0,0.005,0.002,0.011
0.03,-0.004,0.038,1.0,0.007,0.023,0.011,0.0,0.0,0.001,0.002,0.006,-0.002
0.03,-0.004,0.038,1.0,0.007,0.024,0.011,-0.0,0.0,0.001,-0.007,0.017,-0.005
0.03,-0.004,0.038,1.0,0.007,0.023,0.011,0.001,-0.0,-0.0,0.006,-0.017,-0.006
0.03,-0.004,0.038,1.0,0.007,0.023,0.012,0.0,0.0,-0.001,-0.004,-0.004,0.013
0.03,-0.004,0.038,1.0,0.007,0.023,0.011,-0.0,-0.0,-0.0,0.003,0.004,0.0
0.03,-0.004,0.038,1.0,0.007,0.023,0.011,-0.0,0.0,0.0,-0.001,0.004,-0.006
0.03,-0.004,0.038,1.0,0.007,0.024,0.011,0.0,0.0,-0.0,-0.002,0.011,-0.008
0.03,-0.004,0.038,1.0,0.007,0.023,0.011,-0.0,-0.0,-0.0,0.014,-0.005,0.007
0.03,-0.004,0.038,1.0,0.007,0.023,0.011,0.0,-0.0,0.0,0.008,-0.006,0.002
0.03,-0.004,0.038,1.0,0.007,0.023,0.011,-0.0,-0.0,-0.0,0.004,-0.001,-0.0
0.03,-0.004,0.038,1.0,0.007,0.023,0.011,0.0,-0.0,0.0,0.003,0.003,0.003
0.03,-0.005,0.038,1.0,0.007,0.023,0.011,0.001,-0.001,-0.0,-0.012,-0.011,-0.016
0.03,-0.005,0.038,1.0,0.007,0.023,0.011,-0.0,-0.001,0.001,0.009,-0.007,0.005
0.03,-0.005,0.038,1.0,0.008,0.023,0.01,-0.0,-0.0,0.004,0.03,0.001,-0.032
0.03,-0.005,0.038,1.0,0.006,0.023,0.009,-0.001,-0.0,0.01,-0.033,-0.01,-0.07
0.03,-0.004,0.04,1.0,0.006,0.017,0.008,-0.004,0.004,0.03,-0.053,-0.24,-0.097
0.03,-0.004,0.042,1.0,-0.0,0.004,0.008,-0.008,0.009,0.071,-0.296,-0.716,-0.08
0.03,-0.004,0.045,1.0,-0.007,-0.004,0.01,-0.011,0.01,0.124,-0.514,-0.888,0.005
0.03,-0.003,0.051,1.0,-0.011,-0.012,0.009,-0.006,0.017,0.209,-0.57,-1.058,-0.018
0.03,-0.003,0.057,1.0,-0.014,-0.019,0.009,-0.005,0.022,0.3,-0.556,-1.098,-0.024
0.03,-0.002,0.066,0.999,-0.017,-0.026,0.009,-0.005,0.029,0.421,-0.606,-1.193,-0.024
0.03,-0.002,0.077,0.999,-0.023,-0.033,0.009,-0.005,0.036,0.545,-0.711,-1.212,-0.006
0.029,-0.001,0.089,0.999,-0.027,-0.04,0.01,-0.005,0.046,0.669,-0.718,-1.217,0.03
0.03,-0.0,0.103,0.999,-0.025,-0.039,0.011,-0.003,0.055,0.815,-0.509,-0.945,0.031
0.03,0.001,0.118,0.999,-0.02,-0.031,0.011,-0.002,0.061,0.974,-0.178,-0.439,0.019
0.03,0.002,0.136,1.0,-0.012,-0.026,0.01,-0.001,0.064,1.135,0.184,-0.153,-0.002
0.03,0.003,0.155,1.0,-0.003,-0.02,0.009,0.0,0.07,1.266,0.501,0.126,-0.04
0.03,0.004,0.175,1.0,0.004,-0.009,0.008,-0.002,0.076,1.437,0.698,0.53,-0.08
0.03,0.005,0.197,1.0,0.013,-0.002,0.007,-0.001,0.083,1.574,0.889,0.724,-0.106
0.03,0.006,0.22,1.0,0.018,0.003,0.007,0.002,0.085,1.713,0.915,0.76,-0.121
0.03,0.007,0.244,1.0,0.025,0.014,0.007,0.002,0.091,1.845,1.017,1.043,-0.077
0.03,0.008,0.27,0.999,0.032,0.017,0.006,0.009,0.091,2.022,1.115,0.934,-0.109
0.03,0.008,0.297,0.999,0.038,0.025,0.006,0.016,0.087,2.17,1.115,1.099,-0.114
0.031,0.009,0.326,0.999,0.039,0.027,0.005,0.026,0.084,2.307,0.961,0.932,-0.11
0.032,0.01,0.355,0.999,0.041,0.029,0.006,0.032,0.086,2.432,0.818,0.85,-0.068
0.032,0.011,0.386,0.999,0.038,0.03,0.006,0.038,0.08,2.554,0.549,0.726,-0.044
0.033,0.011,0.417,0.999,0.038,0.031,0.006,0.05,0.073,2.671,0.423,0.607,-0.052
0.034,0.012,0.449,0.999,0.035,0.028,0.005,0.059,0.07,2.759,0.232,0.354,-0.059
0.035,0.012,0.482,0.999,0.026,0.018,0.005,0.066,0.07,2.886,-0.203,-0.126,-0.055
0.036,0.013,0.515,1.0,0.017,0.011,0.006,0.073,0.064,2.97,-0.528,-0.383,-0.008
0.037,0.013,0.548,1.0,0.009,0.006,0.007,0.08,0.061,3.033,-0.722,-0.507,0.053
0.038,0.014,0.581,1.0,0.004,0.001,0.009,0.087,0.058,3.11,-0.794,-0.606,0.122
0.04,0.014,0.614,1.0,-0.002,-0.006,0.01,0.093,0.055,3.106,-0.854,-0.728,0.14
0.041,0.014,0.645,1.0,-0.007,-0.013,0.011,0.097,0.051,3.113,-0.885,-0.882,0.143
0.042,0.015,0.677,1.0,-0.009,-0.019,0.012,0.1,0.046,3.121,-0.784,-0.918,0.154
0.043,0.015,0.708,1.0,-0.006,-0.025,0.013,0.106,0.036,3.135,-0.504,-0.983,0.139
0.044,0.014,0.738,1.0,0.004,-0.026,0.012,0.11,0.025,3.122,-0.022,-0.853,0.09
0.046,0.014,0.768,0.999,0.016,-0.026,0.011,0.114,0.017,3.075,0.45,-0.682,0.008
0.047,0.014,0.798,0.999,0.025,-0.03,0.01,0.116,0.008,3.014,0.682,-0.701,-0.032
0.048,0.014,0.827,0.999,0.033,-0.032,0.008,0.116,0.004,2.959,0.84,-0.63,-0.099
0.05,0.014,0.856,0.999,0.041,-0.03,0.006,0.121,0.001,3.022,1.072,-0.439,-0.18
0.051,0.014,0.883,0.998,0.049,-0.032,0.004,0.126,-0.001,2.981,1.181,-0.418,-0.246
0.052,0.014,0.911,0.998,0.056,-0.031,0.003,0.128,-0.005,2.949,1.204,-0.323,-0.261
0.053,0.013,0.937,0.998,0.059,-0.03,0.001,0.125,-0.006,2.867,1.098,-0.224,-0.279
0.055,0.013,0.963,0.998,0.059,-0.034,-0.0,0.123,-0.005,2.812,0.881,-0.319,-0.262
0.056,0.014,0.988,0.998,0.057,-0.037,-0.0,0.123,0.001,2.775,0.594,-0.407,-0.205
0.057,0.014,1.013,0.998,0.046,-0.043,0.001,0.115,0.003,2.695,0.084,-0.535,-0.103
0.058,0.014,1.037,0.998,0.037,-0.051,0.001,0.11,0.006,2.638,-0.301,-0.765,-0.04
0.058,0.014,1.061,0.998,0.028,-0.058,0.002,0.104,0.012,2.614,-0.611,-0.901,0.025
0.059,0.014,1.084,0.998,0.018,-0.065,0.003,0.1,0.012,2.533,-0.867,-0.966,0.122
0.06,0.015,1.106,0.997,0.012,-0.072,0.005,0.096,0.013,2.485,-0.958,-1.088,0.178
0.061,0.015,1.128,0.997,0.002,-0.082,0.007,0.094,0.013,2.423,-1.163,-1.243,0.259
0.061,0.015,1.148,0.996,-0.005,-0.086,0.009,0.088,0.013,2.347,-1.192,-1.163,0.31
0.062,0.015,1.168,0.996,-0.01,-0.092,0.009,0.084,0.009,2.274,-1.18,-1.178,0.27
0.063,0.015,1.188,0.995,-0.011,-0.099,0.01,0.082,0.005,2.202,-0.972,-1.229,0.249
0.064,0.014,1.207,0.995,-0.007,-0.101,0.009,0.079,-0.002,2.161,-0.611,-1.061,0.159
0.064,0.014,1.225,0.995,0.0,-0.099,0.008,0.078,-0.012,2.097,-0.202,-0.777,0.04
0.065,0.013,1.243,0.996,0.011,-0.093,0.006,0.081,-0.019,2.039,0.28,-0.356,-0.093
0.066,0.013,1.261,0.996,0.022,-0.088,0.005,0.079,-0.026,1.975,0.637,-0.112,-0.164
0.067,0.012,1.278,0.996,0.031,-0.084,0.002,0.078,-0.031,1.928,0.867,0.096,-0.279
0.067,0.012,1.295,0.996,0.039,-0.076,0.0,0.075,-0.034,1.861,0.996,0.353,-0.318
0.068,0.011,1.31,0.996,0.046,-0.071,-0.002,0.074,-0.036,1.803,1.065,0.511,-0.361
0.069,0.011,1.325,0.997,0.053,-0.061,-0.003,0.071,-0.041,1.749,1.14,0.776,-0.389
0.069,0.01,1.34,0.997,0.058,-0.055,-0.003,0.068,-0.041,1.693,1.105,0.88,-0.34
0.07,0.01,1.354,0.997,0.059,-0.05,-0.003,0.064,-0.042,1.631,0.91,0.913,-0.292
0.07,0.01,1.367,0.997,0.054,-0.047,-0.002,0.055,-0.035,1.57,0.557,0.86,-0.162
0.07,0.01,1.381,0.998,0.045,-0.052,0.001,0.045,-0.03,1.53,0.078,0.467,0.003
0.07,0.01,1.395,0.998,0.036,-0.058,0.004,0.032,-0.025,1.5,-0.324,0.135,0.161
0.069,0.009,1.408,0.998,0.025,-0.064,0.007,0.02,-0.025,1.46,-0.668,-0.132,0.271
0.069,0.009,1.42,0.997,0.015,-0.07,0.01,0.01,-0.025,1.425,-0.919,-0.337,0.361
0.069,0.009,1.432,0.997,0.007,-0.079,0.012,0.002,-0.027,1.374,-1.045,-0.615,0.409
0.068,0.008,1.444,0.996,0.0,-0.083,0.015,-0.008,-0.028,1.333,-1.124,-0.661,0.472
0.068,0.008,1.454,0.996,-0.005,-0.09,0.017,-0.016,-0.03,1.275,-1.112,-0.801,0.458
0.067,0.008,1.464,0.995,-0.012,-0.097,0.018,-0.022,-0.032,1.221,-1.175,-0.921,0.432
0.067,0.007,1.473,0.994,-0.017,-0.103,0.017,-0.027,-0.034,1.151,-1.14,-0.944,0.34
0.066,0.007,1.482,0.994,-0.019,-0.105,0.016,-0.031,-0.037,1.096,-0.965,-0.837,0.239
0.066,0.006,1.491,0.995,-0.013,-0.103,0.013,-0.031,-0.043,1.061,-0.549,-0.584,0.043
0.066,0.005,1.499,0.996,-0.004,-0.093,0.011,-0.03,-0.053,1.007,-0.109,-0.072,-0.088
0.066,0.004,1.507,0.996,0.006,-0.083,0.008,-0.031,-0.06,0.972,0.316,0.325,-0.219
0.065,0.003,1.515,0.997,0.015,-0.078,0.004,-0.033,-0.067,0.925,0.607,0.469,-0.36
0.064,0.003,1.522,0.997,0.023,-0.069,0.0,-0.039,-0.069,0.876,0.787,0.726,-0.469
0.064,0.002,1.528,0.998,0.031,-0.062,-0.004,-0.043,-0.071,0.826,0.924,0.847,-0.562
0.063,0.001,1.533,0.998,0.039,-0.053,-0.007,-0.049,-0.075,0.78,1.064,1.054,-0.632
0.063,-0.0,1.538,0.998,0.043,-0.048,-0.009,-0.052,-0.078,0.724,1.019,1.048,-0.596
0.062,-0.001,1.543,0.998,0.049,-0.041,-0.01,-0.056,-0.077,0.665,1.03,1.108,-0.509
0.061,-0.001,1.547,0.998,0.047,-0.037,-0.006,-0.062,-0.074,0.616,0.768,1.047,-0.279
0.06,-0.002,1.551,0.998,0.041,-0.037,-0.003,-0.07,-0.067,0.569,0.379,0.874,-0.071
0.059,-0.002,1.555,0.999,0.031,-0.04,0.001,-0.08,-0.062,0.539,-0.107,0.568,0.107
0.058,-0.003,1.559,0.999,0.021,-0.043,0.004,-0.087,-0.059,0.503,-0.475,0.343,0.229
0.056,-0.003,1.562,0.999,0.012,-0.045,0.009,-0.095,-0.055,0.469,-0.733,0.177,0.386
0.055,-0.004,1.565,0.999,0.005,-0.048,0.013,-0.105,-0.056,0.431,-0.877,0.028,0.498
0.054,-0.004,1.567,0.998,-0.002,-0.055,0.017,-0.11,-0.057,0.392,-0.947,-0.236,0.59
0.052,-0.005,1.568,0.998,-0.008,-0.06,0.021,-0.118,-0.055,0.341,-1.028,-0.401,0.638
0.051,-0.005,1.569,0.998,-0.016,-0.063,0.022,-0.122,-0.056,0.289,-1.116,-0.417,0.576
0.049,-0.006,1.569,0.997,-0.023,-0.066,0.022,-0.128,-0.054,0.235,-1.157,-0.466,0.469
0.048,-0.006,1.569,0.997,-0.025,-0.067,0.02,-0.13,-0.056,0.184,-1.042,-0.402,0.301
0.047,-0.007,1.569,0.998,-0.023,-0.064,0.016,-0.127,-0.062,0.139,-0.735,-0.211,0.059
0.046,-0.008,1.568,0.998,-0.018,-0.055,0.012,-0.123,-0.067,0.091,-0.412,0.191,-0.108
0.044,-0.009,1.566,0.999,-0.013,-0.05,0.007,-0.123,-0.074,0.042,-0.127,0.374,-0.287
0.043,-0.01,1.564,0.999,-0.007,-0.041,0.003,-0.126,-0.078,-0.009,0.144,0.652,-0.415
0.042,-0.011,1.562,0.999,-0.0,-0.035,-0.002,-0.122,-0.08,-0.052,0.34,0.765,-0.516
0.041,-0.012,1.559,1.0,0.007,-0.027,-0.007,-0.123,-0.085,-0.109,0.555,0.935,-0.631
0.039,-0.013,1.555,1.0,0.015,-0.021,-0.012,-0.126,-0.093,-0.168,0.804,1.01,-0.721
0.038,-0.014,1.55,1.0,0.023,-0.012,-0.014,-0.125,-0.09,-0.224,0.925,1.147,-0.687
0.037,-0.015,1.545,0.999,0.029,-0.007,-0.015,-0.126,-0.093,-0.288,1.005,1.145,-0.585
0.035,-0.016,1.539,0.999,0.032,-0.002,-0.013,-0.128,-0.09,-0.338,0.918,1.112,-0.401
0.034,-0.017,1.534,1.0,0.029,-0.001,-0.01,-0.132,-0.085,-0.377,0.605,0.921,-0.209
0.032,-0.017,1.528,1.0,0.022,-0.001,-0.006,-0.136,-0.077,-0.413,0.215,0.731,0.002
0.031,-0.018,1.522,1.0,0.015,-0.004,-0.002,-0.138,-0.073,-0.455,-0.098,0.463,0.159
0.029,-0.018,1.516,1.0,0.006,-0.005,0.002,-0.142,-0.071,-0.497,-0.46,0.326,0.318
0.028,-0.019,1.509,1.0,0.001,-0.011,0.007,-0.147,-0.067,-0.535,-0.578,0.039,0.446
0.026,-0.019,1.501,1.0,-0.007,-0.014,0.012,-0.151,-0.065,-0.579,-0.746,-0.085,0.571
0.024,-0.02,1.493,1.0,-0.014,-0.022,0.017,-0.154,-0.062,-0.617,-0.886,-0.403,0.626
0.023,-0.02,1.485,0.999,-0.021,-0.028,0.02,-0.157,-0.06,-0.676,-1.02,-0.555,0.632
0.021,-0.021,1.475,0.999,-0.027,-0.032,0.021,-0.156,-0.056,-0.715,-1.03,-0.571,0.546
0.02,-0.021,1.465,0.999,-0.033,-0.035,0.019,-0.158,-0.058,-0.782,-1.065,-0.588,0.36
0.018,-0.022,1.455,0.999,-0.034,-0.033,0.015,-0.154,-0.062,-0.839,-0.905,-0.4,0.128
0.017,-0.023,1.444,0.999,-0.03,-0.03,0.012,-0.148,-0.062,-0.874,-0.584,-0.181,-0.01
0.016,-0.024,1.433,0.999,-0.028,-0.025,0.009,-0.147,-0.069,-0.942,-0.397,0.057,-0.142
0.014,-0.025,1.421,1.0,-0.023,-0.02,0.005,-0.143,-0.074,-0.991,-0.109,0.257,-0.279
0.013,-0.025,1.408,1.0,-0.016,-0.012,-0.002,-0.136,-0.076,-1.04,0.177,0.507,-0.455
0.012,-0.026,1.395,1.0,-0.009,-0.003,-0.006,-0.134,-0.08,-1.089,0.425,0.767,-0.546
0.011,-0.027,1.381,1.0,0.0,0.004,-0.012,-0.13,-0.084,-1.157,0.721,0.895,-0.667
0.01,-0.028,1.366,1.0,0.009,0.011,-0.015,-0.128,-0.087,-1.222,0.919,1.007,-0.67
0.008,-0.029,1.351,1.0,0.017,0.019,-0.016,-0.126,-0.088,-1.283,1.056,1.135,-0.554
0.007,-0.03,1.335,0.999,0.023,0.024,-0.015,-0.126,-0.09,-1.349,1.082,1.108,-0.409
0.006,-0.031,1.32,0.999,0.023,0.025,-0.011,-0.126,-0.086,-1.385,0.855,0.948,-0.19
0.005,-0.031,1.303,0.999,0.022,0.027,-0.009,-0.126,-0.077,-1.44,0.65,0.815,-0.081
0.003,-0.032,1.286,0.999,0.019,0.025,-0.007,-0.126,-0.072,-1.47,0.411,0.578,0.045
0.002,-0.032,1.269,1.0,0.014,0.024,-0.002,-0.128,-0.069,-1.531,0.096,0.444,0.226
0.0,-0.033,1.252,1.0,0.007,0.019,0.004,-0.132,-0.064,-1.585,-0.218,0.145,0.398
-0.001,-0.033,1.234,1.0,-0.001,0.011,0.009,-0.133,-0.061,-1.62,-0.488,-0.192,0.525
-0.002,-0.034,1.216,1.0,-0.009,0.005,0.013,-0.133,-0.055,-1.658,-0.707,-0.409,0.596
-0.004,-0.034,1.197,1.0,-0.017,-0.003,0.016,-0.134,-0.05,-1.7,-0.875,-0.635,0.569
-0.005,-0.034,1.178,1.0,-0.024,-0.01,0.017,-0.134,-0.048,-1.731,-0.995,-0.761,0.506
-0.006,-0.035,1.158,0.999,-0.031,-0.017,0.016,-0.134,-0.047,-1.806,-1.108,-0.89,0.371
-0.007,-0.035,1.137,0.999,-0.035,-0.019,0.013,-0.131,-0.045,-1.84,-1.032,-0.815,0.17
-0.009,-0.036,1.117,0.999,-0.038,-0.02,0.011,-0.126,-0.046,-1.897,-0.941,-0.687,0.035
-0.01,-0.036,1.095,0.999,-0.041,-0.02,0.008,-0.122,-0.047,-1.946,-0.87,-0.539,-0.066
-0.011,-0.037,1.073,0.999,-0.041,-0.015,0.005,-0.119,-0.049,-1.999,-0.689,-0.215,-0.164
-0.011,-0.038,1.052,0.999,-0.033,-0.008,0.001,-0.108,-0.054,-2.019,-0.271,0.111,-0.294
-0.012,-0.038,1.03,1.0,-0.025,-0.0,-0.004,-0.099,-0.06,-2.057,0.139,0.4,-0.428
-0.013,-0.039,1.008,1.0,-0.015,0.008,-0.009,-0.093,-0.061,-2.078,0.495,0.645,-0.542
-0.013,-0.04,0.986,1.0,-0.008,0.016,-0.012,-0.09,-0.06,-2.118,0.657,0.841,-0.52
-0.014,-0.04,0.964,1.0,-0.002,0.021,-0.014,-0.084,-0.059,-2.133,0.802,0.913,-0.504
-0.014,-0.041,0.943,0.999,0.004,0.03,-0.013,-0.076,-0.056,-2.109,0.861,1.064,-0.375
-0.015,-0.041,0.923,0.999,0.012,0.032,-0.013,-0.069,-0.055,-2.096,1.004,0.958,-0.285
-0.015,-0.042,0.904,0.999,0.019,0.039,-0.013,-0.061,-0.054,-2.056,1.083,1.053,-0.228
-0.015,-0.042,0.887,0.999,0.025,0.046,-0.013,-0.047,-0.055,-1.989,1.085,1.113,-0.164
-0.015,-0.042,0.871,0.999,0.025,0.044,-0.011,-0.034,-0.049,-1.917,0.875,0.817,-0.037
-0.015,-0.043,0.856,0.999,0.014,0.034,-0.006,-0.025,-0.041,-1.827,0.234,0.25,0.13
-0.015,-0.043,0.843,1.0,0.004,0.025,-0.003,-0.015,-0.035,-1.727,-0.213,-0.202,0.225
-0.014,-0.043,0.831,1.0,-0.003,0.018,0.001,-0.002,-0.031,-1.611,-0.458,-0.402,0.326
-0.013,-0.043,0.821,1.0,-0.008,0.01,0.004,0.013,-0.03,-1.491,-0.567,-0.672,0.374
-0.012,-0.043,0.813,1.0,-0.014,0.005,0.006,0.026,-0.025,-1.361,-0.657,-0.708,0.376
-0.012,-0.043,0.805,1.0,-0.021,-0.001,0.007,0.039,-0.019,-1.237,-0.824,-0.827,0.371
-0.011,-0.043,0.8,1.0,-0.028,-0.01,0.007,0.053,-0.01,-1.109,-0.938,-1.045,0.286
-0.01,-0.042,0.795,0.999,-0.033,-0.018,0.008,0.062,-0.003,-0.97,-0.98,-1.152,0.24
-0.009,-0.042,0.792,0.999,-0.04,-0.022,0.008,0.069,0.008,-0.84,-1.06,-1.062,0.216
-0.007,-0.041,0.791,0.999,-0.04,-0.025,0.007,0.078,0.017,-0.7,-0.848,-0.956,0.118
-0.006,-0.041,0.791,0.999,-0.035,-0.021,0.005,0.09,0.024,-0.565,-0.471,-0.63,0.014
-0.005,-0.04,0.792,0.999,-0.029,-0.017,0.002,0.098,0.033,-0.427,-0.145,-0.324,-0.108
-0.004,-0.039,0.794,1.0,-0.027,-0.015,-0.0,0.102,0.045,-0.292,-0.013,-0.159,-0.189
-0.002,-0.038,0.798,1.0,-0.022,-0.007,-0.003,0.108,0.059,-0.149,0.193,0.187,-0.234
-0.001,-0.037,0.804,1.0,-0.012,-0.001,-0.006,0.118,0.064,-0.009,0.525,0.413,-0.309
0.001,-0.036,0.811,1.0,-0.004,0.008,-0.007,0.124,0.075,0.127,0.767,0.657,-0.29
0.002,-0.035,0.819,1.0,0.003,0.012,-0.009,0.129,0.084,0.253,0.86,0.705,-0.322
0.004,-0.034,0.828,1.0,0.01,0.02,-0.01,0.142,0.095,0.409,0.998,0.907,-0.267
0.006,-0.032,0.839,0.999,0.017,0.024,-0.011,0.149,0.098,0.533,1.062,0.889,-0.274
0.008,-0.031,0.851,0.999,0.022,0.024,-0.012,0.155,0.105,0.666,1.062,0.714,-0.245
0.009,-0.03,0.864,0.999,0.026,0.019,-0.01,0.157,0.112,0.797,0.997,0.362,-0.12
0.011,-0.029,0.878,0.999,0.028,0.014,-0.01,0.161,0.113,0.911,0.878,0.109,-0.072
0.013,-0.027,0.893,0.999,0.031,0.01,-0.009,0.171,0.115,1.038,0.839,-0.089,-0.012
0.015,-0.026,0.908,1.0,0.026,0.005,-0.007,0.176,0.114,1.121,0.482,-0.253,0.054
0.017,-0.025,0.925,1.0,0.018,-0.004,-0.005,0.184,0.122,1.227,0.051,-0.574,0.152
0.019,-0.023,0.941,1.0,0.009,-0.009,-0.004,0.187,0.128,1.316,-0.32,-0.68,0.176
0.021,-0.022,0.957,1.0,0.001,-0.017,-0.001,0.191,0.129,1.381,-0.567,-0.872,0.238
0.024,-0.021,0.972,1.0,-0.004,-0.022,-0.0,0.197,0.129,1.426,-0.676,-0.881,0.249
0.026,-0.019,0.988,0.999,-0.01,-0.03,0.001,0.2,0.131,1.428,-0.757,-1.027,0.245
0.028,-0.018,1.002,0.999,-0.014,-0.035,0.001,0.199,0.127,1.428,-0.778,-1.031,0.218
0.03,-0.017,1.016,0.999,-0.018,-0.042,0.002,0.202,0.127,1.421,-0.774,-1.11,0.215
0.032,-0.016,1.029,0.999,-0.02,-0.045,0.003,0.204,0.125,1.408,-0.714,-0.977,0.182
0.034,-0.014,1.041,0.998,-0.022,-0.05,0.003,0.204,0.124,1.367,-0.656,-0.993,0.169
0.036,-0.013,1.053,0.998,-0.024,-0.052,0.004,0.204,0.118,1.328,-0.591,-0.889,0.164
0.038,-0.013,1.065,0.998,-0.015,-0.053,0.002,0.206,0.114,1.3,-0.085,-0.734,0.047
0.04,-0.012,1.076,0.999,-0.006,-0.053,0.001,0.21,0.107,1.256,0.258,-0.574,-0.039
0.043,-0.011,1.086,0.999,0.004,-0.048,-0.001,0.212,0.099,1.214,0.615,-0.267,-0.106
0.045,-0.01,1.096,0.999,0.015,-0.044,-0.002,0.216,0.1,1.178,0.946,-0.067,-0.181
0.047,-0.009,1.106,0.999,0.024,-0.04,-0.005,0.218,0.094,1.131,1.085,0.122,-0.258
0.049,-0.009,1.114,0.999,0.03,-0.035,-0.006,0.215,0.091,1.076,1.133,0.295,-0.274
0.051,-0.008,1.122,0.999,0.038,-0.032,-0.008,0.215,0.091,1.02,1.199,0.334,-0.325
0.053,-0.007,1.13,0.999,0.044,-0.031,-0.01,0.214,0.09,0.962,1.202,0.331,-0.336
0.055,-0.006,1.136,0.998,0.05,-0.029,-0.011,0.21,0.089,0.896,1.203,0.334,-0.311
0.057,-0.005,1.142,0.998,0.056,-0.029,-0.011,0.208,0.088,0.837,1.226,0.278,-0.249
0.059,-0.004,1.147,0.998,0.056,-0.031,-0.01,0.205,0.088,0.783,0.976,0.143,-0.154
0.061,-0.003,1.153,0.998,0.051,-0.036,-0.008,0.199,0.094,0.729,0.576,-0.105,-0.031
0.063,-0.002,1.157,0.998,0.044,-0.044,-0.006,0.187,0.098,0.675,0.177,-0.364,0.071
0.064,-0.001,1.161,0.998,0.034,-0.052,-0.003,0.185,0.105,0.622,-0.24,-0.619,0.197
0.066,0.0,1.165,0.998,0.025,-0.059,-0.002,0.174,0.103,0.566,-0.545,-0.768,0.234
0.067,0.002,1.168,0.998,0.016,-0.068,0.0,0.169,0.106,0.504,-0.756,-0.955,0.306
0.069,0.003,1.17,0.997,0.009,-0.075,0.002,0.165,0.106,0.447,-0.899,-1.064,0.323
0.07,0.004,1.171,0.997,0.001,-0.082,0.004,0.159,0.108,0.382,-1.043,-1.134,0.376
0.071,0.005,1.171,0.996,-0.006,-0.089,0.005,0.156,0.108,0.314,-1.118,-1.187,0.387
0.073,0.006,1.171,0.995,-0.011,-0.096,0.006,0.154,0.107,0.249,-1.104,-1.238,0.344
0.074,0.007,1.17,0.995,-0.016,-0.096,0.006,0.154,0.108,0.181,-1.088,-0.989,0.32
0.076,0.008,1.169,0.995,-0.015,-0.098,0.004,0.152,0.099,0.128,-0.806,-0.87,0.164
0.077,0.008,1.168,0.996,-0.007,-0.09,0.002,0.154,0.088,0.077,-0.339,-0.356,0.031
0.079,0.009,1.166,0.997,0.004,-0.081,0.002,0.156,0.08,0.029,0.163,0.045,-0.041
0.081,0.009,1.164,0.997,0.016,-0.073,-0.0,0.157,0.072,-0.022,0.618,0.374,-0.153
0.082,0.009,1.161,0.998,0.026,-0.065,-0.003,0.154,0.066,-0.073,0.847,0.612,-0.273
0.083,0.01,1.158,0.998,0.034,-0.057,-0.006,0.153,0.063,-0.122,0.994,0.817,-0.357
0.085,0.01,1.154,0.998,0.04,-0.051,-0.009,0.146,0.06,-0.173,1.042,0.863,-0.412
0.086,0.011,1.15,0.998,0.048,-0.044,-0.012,0.147,0.059,-0.238,1.153,1.013,-0.508
0.087,0.011,1.144,0.998,0.055,-0.039,-0.013,0.14,0.056,-0.29,1.171,0.991,-0.444
0.089,0.012,1.138,0.998,0.061,-0.03,-0.012,0.137,0.054,-0.358,1.17,1.149,-0.364
0.09,0.012,1.132,0.998,0.064,-0.029,-0.01,0.134,0.056,-0.414,1.055,0.988,-0.206
0.091,0.013,1.126,0.998,0.056,-0.03,-0.007,0.122,0.057,-0.453,0.565,0.739,-0.042
0.091,0.014,1.119,0.998,0.047,-0.036,-0.005,0.111,0.062,-0.494,0.073,0.341,0.084
0.092,0.015,1.113,0.998,0.038,-0.045,-0.002,0.101,0.066,-0.521,-0.271,-0.065,0.196
0.092,0.015,1.106,0.998,0.027,-0.054,0.0,0.093,0.065,-0.559,-0.664,-0.41,0.292
0.093,0.016,1.098,0.998,0.021,-0.059,0.004,0.083,0.064,-0.602,-0.787,-0.546,0.415
0.093,0.017,1.09,0.997,0.013,-0.069,0.007,0.077,0.064,-0.639,-0.907,-0.815,0.487
0.094,0.017,1.082,0.997,0.006,-0.072,0.01,0.069,0.064,-0.685,-0.996,-0.754,0.521
0.094,0.018,1.072,0.997,-0.0,-0.082,0.011,0.064,0.06,-0.728,-1.062,-1.004,0.473
0.095,0.018,1.062,0.996,-0.006,-0.089,0.011,0.06,0.06,-0.786,-1.074,-1.064,0.41
0.095,0.019,1.052,0.996,-0.011,-0.093,0.011,0.056,0.055,-0.84,-1.056,-1.04,0.341
0.096,0.019,1.041,0.996,-0.009,-0.088,0.009,0.055,0.048,-0.886,-0.766,-0.628,0.178
0.096,0.019,1.031,0.997,-0.003,-0.081,0.007,0.057,0.039,-0.925,-0.384,-0.216,0.028
0.097,0.019,1.019,0.997,0.005,-0.075,0.003,0.058,0.034,-0.954,-0.034,0.048,-0.133
0.097,0.019,1.008,0.998,0.012,-0.067,0.0,0.057,0.03,-0.999,0.287,0.403,-0.268
0.098,0.019,0.997,0.998,0.02,-0.061,-0.005,0.052,0.022,-1.022,0.525,0.558,-0.443
0.098,0.019,0.985,0.998,0.029,-0.053,-0.009,0.046,0.017,-1.052,0.744,0.765,-0.549
0.098,0.019,0.973,0.998,0.036,-0.047,-0.013,0.042,0.013,-1.065,0.878,0.839,-0.606
0.098,0.019,0.962,0.998,0.044,-0.042,-0.015,0.034,0.006,-1.092,1.006,0.857,-0.571
0.098,0.018,0.951,0.998,0.051,-0.035,-0.015,0.028,-0.0,-1.102,1.087,0.975,-0.48
0.098,0.018,0.94,0.998,0.051,-0.029,-0.012,0.023,0.001,-1.1,0.875,1.033,-0.276
0.098,0.019,0.929,0.999,0.044,-0.025,-0.008,0.016,0.005,-1.087,0.423,0.974,-0.077
0.098,0.019,0.92,0.999,0.034,-0.024,-0.004,0.009,0.006,-1.058,-0.068,0.834,0.127
0.098,0.019,0.911,0.999,0.028,-0.02,0.0,0.0,0.002,-1.024,-0.296,0.823,0.26
0.097,0.019,0.903,0.999,0.023,-0.023,0.005,-0.006,-0.0,-0.975,-0.419,0.575,0.381
0.097,0.018,0.896,0.999,0.016,-0.029,0.011,-0.019,-0.007,-0.919,-0.611,0.229,0.567
0.096,0.018,0.891,0.999,0.008,-0.034,0.017,-0.03,-0.014,-0.849,-0.799,-0.012,0.724
0.095,0.018,0.886,0.999,0.001,-0.038,0.022,-0.035,-0.017,-0.771,-0.932,-0.194,0.77
0.094,0.017,0.882,0.999,-0.006,-0.044,0.025,-0.047,-0.018,-0.686,-1.002,-0.39,0.749
0.093,0.017,0.88,0.998,-0.011,-0.051,0.025,-0.059,-0.018,-0.594,-1.007,-0.581,0.608
0.092,0.017,0.879,0.998,-0.012,-0.054,0.022,-0.066,-0.022,-0.492,-0.866,-0.576,0.384
0.091,0.016,0.88,0.998,-0.008,-0.053,0.018,-0.075,-0.027,-0.383,-0.555,-0.413,0.138
0.09,0.016,0.882,0.999,-0.006,-0.052,0.015,-0.085,-0.027,-0.272,-0.341,-0.285,-0.017
0.089,0.016,0.885,0.999,-0.003,-0.052,0.01,-0.097,-0.028,-0.152,-0.186,-0.259,-0.224
0.087,0.015,0.889,0.999,0.001,-0.051,0.004,-0.104,-0.029,-0.037,0.013,-0.158,-0.414
0.086,0.015,0.895,0.999,0.009,-0.042,-0.001,-0.113,-0.033,0.084,0.293,0.213,-0.549
0.084,0.014,0.902,0.999,0.018,-0.032,-0.007,-0.121,-0.034,0.207,0.6,0.575,-0.708
0.083,0.014,0.91,0.999,0.024,-0.028,-0.013,-0.129,-0.036,0.335,0.715,0.624,-0.798
0.081,0.014,0.92,0.999,0.032,-0.02,-0.016,-0.137,-0.039,0.457,0.873,0.825,-0.775
0.079,0.013,0.93,0.999,0.038,-0.015,-0.017,-0.146,-0.043,0.566,0.927,0.856,-0.673
0.077,0.013,0.941,0.999,0.036,-0.008,-0.014,-0.15,-0.042,0.674,0.655,0.991,-0.455
0.076,0.012,0.952,1.0,0.028,-0.001,-0.01,-0.156,-0.036,0.762,0.223,1.044,-0.197
0.074,0.012,0.964,1.0,0.02,0.002,-0.007,-0.161,-0.035,0.846,-0.119,0.977,-0.045
0.072,0.012,0.976,1.0,0.014,0.004,-0.002,-0.163,-0.034,0.919,-0.339,0.872,0.154
0.07,0.011,0.988,1.0,0.012,0.003,0.003,-0.167,-0.038,0.979,-0.385,0.66,0.311
0.068,0.011,1.001,1.0,0.008,-0.003,0.008,-0.174,-0.038,1.042,-0.469,0.252,0.471
0.066,0.011,1.013,1.0,-0.001,-0.008,0.015,-0.179,-0.036,1.085,-0.705,0.014,0.661
0.064,0.01,1.026,1.0,-0.009,-0.012,0.02,-0.183,-0.036,1.122,-0.917,-0.125,0.751
0.062,0.01,1.038,0.999,-0.016,-0.017,0.023,-0.182,-0.036,1.132,-1.008,-0.303,0.703
0.061,0.01,1.05,0.999,-0.022,-0.024,0.024,-0.186,-0.036,1.148,-1.05,-0.546,0.614
0.059,0.009,1.061,0.999,-0.022,-0.028,0.023,-0.185,-0.04,1.147,-0.859,-0.574,0.429
0.057,0.008,1.073,0.999,-0.015,-0.026,0.019,-0.183,-0.043,1.149,-0.392,-0.386,0.195
0.055,0.008,1.084,1.0,-0.009,-0.023,0.015,-0.176,-0.05,1.141,-0.077,-0.201,0.002
0.054,0.007,1.095,1.0,-0.005,-0.019,0.012,-0.173,-0.052,1.13,0.102,0.003,-0.12
0.052,0.006,1.106,1.0,-0.001,-0.015,0.008,-0.174,-0.053,1.126,0.23,0.167,-0.285
0.051,0.006,1.116,1.0,0.005,-0.01,0.002,-0.165,-0.053,1.096,0.389,0.331,-0.463
0.049,0.005,1.126,1.0,0.012,-0.002,-0.005,-0.164,-0.06,1.084,0.643,0.57,-0.641
0.048,0.004,1.135,1.0,0.021,0.005,-0.01,-0.159,-0.062,1.052,0.85,0.762,-0.709
0.046,0.004,1.144,0.999,0.026,0.014,-0.013,-0.157,-0.065,1.01,0.891,0.948,-0.704
0.045,0.003,1.152,0.999,0.032,0.02,-0.015,-0.15,-0.066,0.98,0.957,0.998,-0.639
0.044,0.003,1.16,0.999,0.031,0.025,-0.013,-0.151,-0.061,0.937,0.706,0.993,-0.448
0.042,0.002,1.167,0.999,0.028,0.028,-0.01,-0.149,-0.057,0.901,0.442,0.956,-0.248
0.041,0.002,1.174,0.999,0.02,0.031,-0.007,-0.147,-0.049,0.85,0.056,0.866,-0.104
0.039,0.002,1.181,0.999,0.013,0.03,-0.005,-0.148,-0.045,0.818,-0.247,0.647,0.017
0.038,0.001,1.187,1.0,0.008,0.027,0.001,-0.147,-0.044,0.775,-0.407,0.414,0.212
0.036,0.001,1.192,1.0,0.001,0.023,0.005,-0.15,-0.041,0.734,-0.618,0.162,0.352
0.035,0.001,1.198,1.0,-0.006,0.016,0.012,-0.153,-0.036,0.692,-0.799,-0.156,0.528
0.033,0.001,1.202,1.0,-0.014,0.01,0.016,-0.153,-0.033,0.648,-0.941,-0.375,0.574
0.031,0.0,1.206,1.0,-0.022,0.003,0.02,-0.155,-0.029,0.595,-1.089,-0.576,0.628
0.03,0.0,1.209,0.999,-0.029,-0.004,0.021,-0.153,-0.029,0.538,-1.143,-0.721,0.518
0.028,-0.0,1.212,0.999,-0.034,-0.009,0.021,-0.155,-0.03,0.486,-1.118,-0.762,0.415
0.027,-0.001,1.214,0.999,-0.036,-0.013,0.02,-0.151,-0.034,0.434,-0.97,-0.762,0.282
0.026,-0.001,1.216,0.999,-0.032,-0.016,0.016,-0.147,-0.038,0.383,-0.618,-0.73,0.088
0.024,-0.002,1.217,0.999,-0.027,-0.016,0.014,-0.143,-0.042,0.328,-0.321,-0.607,-0.035
0.023,-0.002,1.218,1.0,-0.024,-0.014,0.009,-0.134,-0.044,0.27,-0.124,-0.39,-0.185
0.022,-0.003,1.218,1.0,-0.015,-0.008,0.005,-0.128,-0.052,0.22,0.276,-0.071,-0.346
0.021,-0.004,1.217,1.0,-0.006,-0.0,-0.001,-0.121,-0.052,0.165,0.558,0.225,-0.472
0.02,-0.004,1.216,1.0,0.003,0.006,-0.006,-0.115,-0.056,0.113,0.805,0.477,-0.608
0.019,-0.005,1.214,1.0,0.011,0.016,-0.01,-0.113,-0.059,0.048,0.992,0.774,-0.655
0.019,-0.006,1.212,1.0,0.018,0.022,-0.013,-0.108,-0.062,-0.008,1.065,0.891,-0.628
0.018,-0.006,1.209,0.999,0.022,0.029,-0.013,-0.106,-0.06,-0.075,1.047,1.007,-0.496
0.017,-0.007,1.206,0.999,0.023,0.034,-0.011,-0.102,-0.057,-0.121,0.855,0.995,-0.342
0.016,-0.007,1.202,0.999,0.022,0.036,-0.009,-0.1,-0.05,-0.173,0.629,0.871,-0.201
0.015,-0.007,1.197,0.999,0.02,0.041,-0.007,-0.097,-0.044,-0.233,0.427,0.9,-0.078
0.014,-0.008,1.193,0.999,0.015,0.042,-0.003,-0.095,-0.042,-0.277,0.135,0.766,0.071
0.013,-0.008,1.188,0.999,0.009,0.039,0.001,-0.097,-0.039,-0.325,-0.133,0.481,0.247
0.012,-0.008,1.182,0.999,0.001,0.033,0.007,-0.098,-0.033,-0.369,-0.435,0.163,0.407
0.011,-0.008,1.176,1.0,-0.007,0.025,0.011,-0.099,-0.029,-0.413,-0.701,-0.22,0.481
0.01,-0.008,1.17,1.0,-0.015,0.018,0.015,-0.096,-0.022,-0.457,-0.849,-0.43,0.52
0.009,-0.008,1.163,0.999,-0.024,0.013,0.018,-0.099,-0.022,-0.508,-1.052,-0.535,0.534
0.008,-0.008,1.155,0.999,-0.028,0.004,0.018,-0.099,-0.02,-0.559,-1.03,-0.804,0.431
0.007,-0.009,1.147,0.999,-0.034,-0.003,0.017,-0.098,-0.021,-0.618,-1.046,-0.919,0.294
0.006,-0.009,1.138,0.999,-0.034,-0.01,0.017,-0.097,-0.024,-0.669,-0.859,-0.983,0.202
0.005,-0.009,1.128,0.999,-0.036,-0.019,0.016,-0.095,-0.024,-0.727,-0.788,-1.15,0.109
0.005,-0.01,1.118,0.999,-0.035,-0.023,0.014,-0.092,-0.028,-0.789,-0.567,-1.1,0.014
0.004,-0.01,1.107,0.999,-0.029,-0.022,0.01,-0.086,-0.032,-0.834,-0.221,-0.82,-0.148
0.003,-0.011,1.096,1.0,-0.018,-0.021,0.006,-0.079,-0.038,-0.888,0.268,-0.644,-0.303
0.003,-0.011,1.085,1.0,-0.009,-0.016,0.002,-0.077,-0.042,-0.947,0.553,-0.301,-0.409
0.002,-0.012,1.073,1.0,-0.001,-0.009,-0.002,-0.071,-0.046,-0.994,0.783,0.034,-0.485
0.002,-0.012,1.06,1.0,0.007,-0.005,-0.004,-0.063,-0.047,-1.053,0.939,0.191,-0.475
0.002,-0.013,1.047,1.0,0.015,0.002,-0.005,-0.057,-0.049,-1.097,1.036,0.447,-0.392
0.001,-0.013,1.033,1.0,0.022,0.013,-0.004,-0.054,-0.047,-1.161,1.143,0.783,-0.303
0.001,-0.014,1.019,0.999,0.027,0.019,-0.005,-0.048,-0.047,-1.197,1.093,0.849,-0.265
0.001,-0.014,1.005,0.999,0.032,0.028,-0.003,-0.045,-0.048,-1.258,1.083,1.071,-0.149
0.0,-0.015,0.99,0.999,0.033,0.033,-0.002,-0.04,-0.046,-1.301,0.903,1.053,-0.084
0.0,-0.015,0.976,0.999,0.026,0.037,0.002,-0.034,-0.038,-1.336,0.43,1.038,0.077
0.0,-0.015,0.961,0.999,0.016,0.042,0.007,-0.032,-0.031,-1.356,-0.045,1.006,0.228
0.0,-0.015,0.947,0.999,0.008,0.044,0.01,-0.026,-0.023,-1.366,-0.35,0.881,0.3
-0.0,-0.015,0.932,0.999,0.001,0.042,0.013,-0.025,-0.024,-1.39,-0.597,0.632,0.367
-0.0,-0.015,0.918,0.999,-0.003,0.032,0.017,-0.024,-0.021,-1.39,-0.625,0.139,0.42
-0.001,-0.015,0.905,0.999,-0.01,0.024,0.02,-0.023,-0.018,-1.377,-0.8,-0.217,0.441
-0.001,-0.015,0.892,0.999,-0.018,0.017,0.022,-0.02,-0.017,-1.368,-0.961,-0.476,0.458
-0.0,-0.015,0.88,0.999,-0.025,0.008,0.024,-0.013,-0.014,-1.314,-1.052,-0.702,0.399
-0.0,-0.015,0.87,0.999,-0.03,0.001,0.025,-0.003,-0.007,-1.276,-1.072,-0.855,0.385
0.0,-0.015,0.861,0.999,-0.028,-0.005,0.024,0.004,-0.001,-1.203,-0.793,-0.923,0.261
0.001,-0.015,0.853,0.999,-0.023,-0.013,0.023,0.012,-0.001,-1.125,-0.412,-1.068,0.146
0.001,-0.015,0.846,0.999,-0.02,-0.019,0.022,0.016,0.004,-1.019,-0.228,-1.066,0.079
0.001,-0.014,0.841,0.999,-0.016,-0.026,0.021,0.021,0.011,-0.927,-0.046,-1.179,-0.004
0.002,-0.014,0.837,0.999,-0.011,-0.03,0.017,0.027,0.019,-0.818,0.162,-1.106,-0.15
0.002,-0.013,0.835,0.999,-0.002,-0.029,0.014,0.03,0.02,-0.699,0.502,-0.826,-0.254
0.003,-0.013,0.834,1.0,0.006,-0.025,0.012,0.037,0.026,-0.578,0.709,-0.532,-0.312
0.004,-0.012,0.835,1.0,0.014,-0.015,0.01,0.044,0.031,-0.452,0.883,-0.006,-0.315
0.004,-0.012,0.836,1.0,0.02,-0.006,0.008,0.048,0.036,-0.326,0.945,0.365,-0.334
0.005,-0.012,0.84,1.0,0.027,0.0,0.006,0.053,0.036,-0.199,1.033,0.508,-0.357
0.006,-0.011,0.844,0.999,0.03,0.008,0.007,0.057,0.04,-0.063,0.959,0.738,-0.252
0.007,-0.011,0.85,0.999,0.029,0.016,0.007,0.063,0.041,0.068,0.707,0.892,-0.204
0.008,-0.01,0.858,0.999,0.03,0.022,0.008,0.07,0.04,0.202,0.617,0.951,-0.137
0.009,-0.01,0.866,0.999,0.032,0.029,0.009,0.081,0.039,0.338,0.557,1.068,-0.106
0.01,-0.01,0.876,0.999,0.027,0.033,0.01,0.09,0.038,0.467,0.27,0.999,-0.042
0.011,-0.009,0.888,0.999,0.018,0.032,0.012,0.098,0.04,0.61,-0.168,0.775,0.049
0.013,-0.009,0.9,0.999,0.01,0.027,0.014,0.105,0.039,0.721,-0.421,0.441,0.099
0.014,-0.008,0.913,1.0,0.004,0.02,0.017,0.109,0.039,0.833,-0.606,0.056,0.18
0.015,-0.008,0.926,1.0,-0.003,0.01,0.019,0.116,0.039,0.943,-0.757,-0.338,0.235
0.017,-0.008,0.94,1.0,-0.01,0.005,0.021,0.123,0.038,1.029,-0.897,-0.472,0.262
0.019,-0.007,0.953,1.0,-0.016,-0.001,0.022,0.13,0.038,1.093,-0.994,-0.605,0.25
0.02,-0.007,0.967,1.0,-0.02,-0.007,0.023,0.136,0.037,1.148,-0.953,-0.746,0.246
0.022,-0.007,0.98,0.999,-0.024,-0.014,0.024,0.141,0.037,1.183,-0.922,-0.867,0.219
0.023,-0.006,0.993,0.999,-0.029,-0.018,0.025,0.141,0.037,1.188,-0.916,-0.863,0.209
0.025,-0.006,1.005,0.999,-0.028,-0.026,0.024,0.144,0.036,1.2,-0.725,-1.004,0.112
0.026,-0.006,1.017,0.999,-0.022,-0.034,0.021,0.148,0.029,1.201,-0.338,-1.126,-0.015
0.028,-0.006,1.029,0.999,-0.01,-0.036,0.018,0.152,0.02,1.204,0.176,-0.988,-0.145
0.03,-0.006,1.041,0.999,0.002,-0.034,0.015,0.156,0.017,1.199,0.626,-0.695,-0.271
0.032,-0.006,1.053,0.999,0.009,-0.032,0.012,0.162,0.015,1.198,0.795,-0.51,-0.342
0.033,-0.006,1.064,0.999,0.016,-0.032,0.009,0.163,0.013,1.188,0.91,-0.411,-0.39
0.035,-0.006,1.075,0.999,0.021,-0.031,0.007,0.165,0.014,1.159,0.917,-0.266,-0.413
0.037,-0.006,1.085,0.999,0.025,-0.028,0.005,0.168,0.011,1.134,0.911,-0.11,-0.417
0.039,-0.005,1.094,0.999,0.031,-0.023,0.002,0.172,0.014,1.095,0.983,0.098,-0.453
0.04,-0.005,1.103,0.999,0.037,-0.019,0.001,0.17,0.018,1.048,0.992,0.242,-0.438
0.042,-0.005,1.111,0.999,0.039,-0.016,0.0,0.173,0.015,1.013,0.901,0.309,-0.368
0.044,-0.005,1.119,0.999,0.036,-0.014,0.001,0.17,0.019,0.963,0.59,0.321,-0.268
0.045,-0.004,1.127,0.999,0.029,-0.015,0.004,0.169,0.026,0.926,0.208,0.253,-0.098
0.047,-0.003,1.134,1.0,0.019,-0.019,0.007,0.161,0.032,0.875,-0.213,0.043,0.039
0.048,-0.003,1.141,1.0,0.009,-0.024,0.009,0.159,0.036,0.841,-0.597,-0.17,0.139
0.05,-0.002,1.147,0.999,0.001,-0.03,0.011,0.155,0.041,0.798,-0.826,-0.393,0.196
0.051,-0.002,1.152,0.999,-0.008,-0.036,0.013,0.149,0.042,0.743,-0.986,-0.548,0.242
0.052,-0.001,1.157,0.999,-0.017,-0.043,0.016,0.143,0.043,0.691,-1.186,-0.698,0.328
0.053,-0.001,1.161,0.998,-0.023,-0.051,0.019,0.142,0.047,0.632,-1.197,-0.911,0.39
0.054,-0.0,1.164,0.998,-0.032,-0.057,0.021,0.136,0.045,0.569,-1.285,-0.954,0.416
0.056,0.0,1.167,0.997,-0.037,-0.063,0.022,0.132,0.045,0.503,-1.222,-0.977,0.386
0.057,0.0,1.169,0.996,-0.037,-0.072,0.022,0.129,0.043,0.442,-0.996,-1.175,0.265
0.058,0.0,1.17,0.996,-0.034,-0.075,0.02,0.128,0.036,0.385,-0.692,-1.042,0.152
0.059,0.0,1.171,0.997,-0.025,-0.075,0.017,0.127,0.029,0.334,-0.211,-0.816,-0.033
0.061,0.0,1.172,0.997,-0.016,-0.073,0.014,0.129,0.023,0.284,0.207,-0.59,-0.175
0.062,0.0,1.172,0.998,-0.006,-0.069,0.012,0.127,0.017,0.232,0.54,-0.33,-0.245
0.063,0.0,1.172,0.998,0.003,-0.064,0.009,0.131,0.014,0.184,0.779,-0.061,-0.36
0.065,0.001,1.172,0.998,0.011,-0.058,0.004,0.131,0.014,0.135,0.92,0.176,-0.484
0.066,0.0,1.171,0.999,0.018,-0.05,0.0,0.13,0.01,0.086,1.027,0.459,-0.567
0.067,0.001,1.169,0.999,0.025,-0.043,-0.003,0.132,0.009,0.031,1.089,0.688,-0.624
0.069,0.001,1.166,0.999,0.032,-0.034,-0.005,0.13,0.012,-0.021,1.156,0.865,-0.566
0.07,0.001,1.163,0.999,0.037,-0.028,-0.005,0.128,0.011,-0.081,1.137,0.971,-0.475
0.071,0.001,1.16,0.999,0.038,-0.022,-0.003,0.125,0.014,-0.132,0.923,1.018,-0.331
0.072,0.002,1.157,0.999,0.033,-0.022,-0.001,0.119,0.023,-0.175,0.535,0.796,-0.151
0.073,0.002,1.153,0.999,0.023,-0.021,0.003,0.112,0.028,-0.211,0.063,0.676,0.044
0.073,0.003,1.149,1.0,0.013,-0.024,0.007,0.105,0.035,-0.245,-0.361,0.444,0.2
0.074,0.003,1.145,1.0,0.004,-0.028,0.01,0.096,0.036,-0.277,-0.628,0.198,0.293
0.075,0.004,1.141,0.999,-0.004,-0.036,0.015,0.089,0.037,-0.31,-0.81,-0.136,0.417
0.075,0.004,1.135,0.999,-0.011,-0.043,0.018,0.082,0.039,-0.359,-0.95,-0.39,0.486
0.076,0.004,1.129,0.998,-0.018,-0.048,0.022,0.074,0.04,-0.403,-1.062,-0.531,0.54
0.076,0.005,1.123,0.998,-0.024,-0.059,0.024,0.07,0.041,-0.446,-1.062,-0.839,0.508
0.077,0.005,1.116,0.997,-0.032,-0.064,0.025,0.064,0.043,-0.503,-1.176,-0.869,0.471
0.077,0.006,1.108,0.997,-0.034,-0.072,0.024,0.062,0.041,-0.555,-1.024,-1.009,0.327
0.078,0.006,1.1,0.997,-0.031,-0.075,0.021,0.061,0.034,-0.608,-0.733,-0.923,0.138
0.078,0.006,1.092,0.997,-0.023,-0.071,0.018,0.06,0.026,-0.649,-0.269,-0.61,-0.036
0.079,0.006,1.083,0.997,-0.014,-0.071,0.014,0.06,0.021,-0.695,0.148,-0.487,-0.21
0.079,0.006,1.074,0.998,-0.005,-0.068,0.011,0.058,0.017,-0.725,0.437,-0.261,-0.31
0.08,0.006,1.065,0.998,0.005,-0.06,0.006,0.059,0.014,-0.778,0.758,0.1,-0.482
0.081,0.006,1.055,0.999,0.012,-0.053,0.001,0.063,0.012,-0.828,0.889,0.375,-0.614
0.081,0.006,1.045,0.999,0.02,-0.047,-0.004,0.06,0.01,-0.858,1.01,0.553,-0.682
0.082,0.006,1.034,0.999,0.026,-0.037,-0.006,0.058,0.009,-0.893,1.046,0.803,-0.644
0.082,0.006,1.022,0.999,0.032,-0.03,-0.007,0.058,0.01,-0.955,1.083,0.925,-0.572
0.083,0.006,1.011,0.999,0.035,-0.022,-0.005,0.055,0.01,-0.995,0.975,1.092,-0.395
0.083,0.007,0.999,0.999,0.03,-0.017,-0.002,0.053,0.017,-1.017,0.584,1.058,-0.198
0.083,0.007,0.988,1.0,0.022,-0.012,0.002,0.049,0.023,-1.053,0.144,1.052,-0.007
0.084,0.007,0.976,1.0,0.016,-0.008,0.005,0.046,0.025,-1.076,-0.143,1.002,0.1
0.084,0.008,0.965,1.0,0.01,-0.008,0.008,0.042,0.027,-1.094,-0.343,0.817,0.239
0.084,0.008,0.953,1.0,0.005,-0.013,0.014,0.032,0.029,-1.11,-0.488,0.443,0.409
0.084,0.009,0.942,1.0,-0.002,-0.019,0.02,0.023,0.031,-1.101,-0.647,0.128,0.56
0.084,0.009,0.931,0.999,-0.01,-0.026,0.024,0.016,0.035,-1.092,-0.832,-0.178,0.611
0.084,0.01,0.921,0.999,-0.016,-0.033,0.026,0.012,0.037,-1.076,-0.913,-0.408,0.579
0.083,0.01,0.911,0.999,-0.024,-0.039,0.028,0.005,0.04,-1.055,-1.074,-0.573,0.553
0.083,0.01,0.903,0.998,-0.024,-0.049,0.027,-0.003,0.04,-1.029,-0.852,-0.834,0.384
0.083,0.011,0.895,0.998,-0.019,-0.054,0.024,-0.01,0.034,-0.982,-0.515,-0.897,0.192
0.082,0.011,0.888,0.998,-0.013,-0.063,0.02,-0.018,0.035,-0.921,-0.166,-1.074,-0.014
0.081,0.011,0.882,0.998,-0.008,-0.067,0.018,-0.033,0.038,-0.854,0.043,-1.027,-0.119
0.081,0.012,0.877,0.998,-0.003,-0.068,0.015,-0.038,0.041,-0.776,0.258,-0.86,-0.243
0.08,0.012,0.874,0.998,0.007,-0.056,0.01,-0.04,0.042,-0.688,0.541,-0.249,-0.393
0.079,0.013,0.872,0.999,0.014,-0.052,0.005,-0.049,0.039,-0.588,0.724,-0.038,-0.54
0.078,0.013,0.871,0.999,0.021,-0.046,0.001,-0.062,0.041,-0.487,0.852,0.227,-0.61
0.077,0.014,0.872,0.999,0.028,-0.038,-0.002,-0.074,0.04,-0.381,0.975,0.471,-0.648
0.076,0.014,0.873,0.999,0.034,-0.034,-0.003,-0.085,0.038,-0.267,1.02,0.573,-0.545
0.075,0.014,0.876,0.999,0.034,-0.026,-0.001,-0.093,0.041,-0.155,0.801,0.78,-0.38
0.073,0.015,0.881,0.999,0.027,-0.017,0.002,-0.103,0.046,-0.039,0.381,0.968,-0.188
0.072,0.015,0.886,1.0,0.023,-0.01,0.005,-0.11,0.045,0.077,0.119,1.066,-0.052
0.07,0.016,0.893,1.0,0.019,-0.005,0.006,-0.115,0.04,0.198,-0.051,1.052,0.024
0.069,0.016,0.901,1.0,0.014,-0.0,0.011,-0.12,0.038,0.31,-0.237,1.031,0.207
0.068,0.016,0.909,1.0,0.006,0.004,0.016,-0.125,0.041,0.423,-0.508,1.003,0.382
0.066,0.017,0.919,1.0,-0.001,0.005,0.021,-0.125,0.043,0.528,-0.694,0.838,0.466
0.065,0.017,0.929,1.0,-0.008,0.008,0.026,-0.129,0.043,0.629,-0.809,0.788,0.582
0.063,0.018,0.94,0.999,-0.014,0.004,0.029,-0.132,0.042,0.728,-0.919,0.497,0.582
0.062,0.018,0.952,0.999,-0.018,-0.002,0.029,-0.133,0.041,0.799,-0.878,0.157,0.456
0.06,0.018,0.963,0.999,-0.017,-0.011,0.028,-0.14,0.039,0.88,-0.695,-0.236,0.319
0.059,0.018,0.975,0.999,-0.01,-0.019,0.024,-0.141,0.029,0.944,-0.263,-0.521,0.09
0.057,0.018,0.987,0.999,0.001,-0.025,0.021,-0.14,0.022,0.986,0.178,-0.64,-0.029
0.056,0.018,0.999,0.999,0.009,-0.031,0.017,-0.142,0.02,1.036,0.467,-0.795,-0.211
0.055,0.019,1.011,0.999,0.016,-0.037,0.012,-0.141,0.02,1.058,0.637,-0.843,-0.361
0.053,0.019,1.022,0.999,0.021,-0.039,0.007,-0.14,0.017,1.072,0.725,-0.771,-0.498
0.052,0.019,1.033,0.999,0.028,-0.038,0.002,-0.14,0.017,1.079,0.838,-0.598,-0.632
0.051,0.019,1.043,0.999,0.035,-0.041,-0.003,-0.137,0.015,1.069,0.958,-0.599,-0.69
0.049,0.019,1.053,0.998,0.041,-0.04,-0.006,-0.137,0.011,1.05,0.998,-0.437,-0.682
0.048,0.019,1.063,0.998,0.047,-0.031,-0.006,-0.133,0.008,1.037,1.018,0.017,-0.59
0.047,0.019,1.072,0.999,0.047,-0.021,-0.005,-0.125,0.009,1.019,0.848,0.395,-0.432
0.046,0.019,1.082,0.999,0.041,-0.012,-0.001,-0.121,0.017,1.006,0.42,0.718,-0.221
0.045,0.02,1.091,0.999,0.032,-0.004,0.002,-0.118,0.024,0.993,-0.005,0.881,-0.057
0.044,0.02,1.101,1.0,0.024,0.002,0.006,-0.118,0.025,0.985,-0.367,0.972,0.097
0.043,0.02,1.109,1.0,0.016,0.009,0.009,-0.116,0.021,0.959,-0.57,1.052,0.225
0.042,0.021,1.118,1.0,0.011,0.015,0.014,-0.114,0.023,0.935,-0.673,1.078,0.374
0.041,0.021,1.125,1.0,0.004,0.022,0.019,-0.113,0.022,0.895,-0.827,1.151,0.454
0.04,0.021,1.132,0.999,-0.004,0.028,0.023,-0.111,0.023,0.853,-0.966,1.153,0.531
0.039,0.021,1.138,0.999,-0.009,0.032,0.026,-0.11,0.022,0.804,-0.972,1.088,0.53
0.037,0.021,1.144,0.999,-0.015,0.032,0.027,-0.114,0.022,0.76,-1.038,0.875,0.461
0.036,0.021,1.149,0.999,-0.017,0.027,0.026,-0.118,0.019,0.721,-0.881,0.497,0.324
0.035,0.021,1.155,0.999,-0.012,0.018,0.023,-0.123,0.01,0.698,-0.535,0.04,0.124
0.033,0.021,1.161,1.0,-0.005,0.009,0.019,-0.125,0.003,0.664,-0.141,-0.333,-0.036
0.032,0.021,1.166,1.0,0.004,0.001,0.016,-0.127,-0.001,0.633,0.216,-0.59,-0.145
0.031,0.021,1.17,1.0,0.011,-0.007,0.012,-0.126,-0.006,0.604,0.459,-0.801,-0.299
0.029,0.02,1.175,1.0,0.018,-0.012,0.007,-0.123,-0.011,0.559,0.657,-0.853,-0.417
0.028,0.02,1.178,0.999,0.027,-0.019,0.001,-0.124,-0.013,0.525,0.881,-0.985,-0.57
0.027,0.02,1.181,0.999,0.034,-0.024,-0.003,-0.124,-0.018,0.481,0.992,-0.999,-0.642
0.026,0.019,1.183,0.999,0.041,-0.031,-0.006,-0.121,-0.019,0.427,1.072,-1.064,-0.632
0.025,0.019,1.185,0.998,0.048,-0.032,-0.008,-0.117,-0.021,0.383,1.118,-0.89,-0.563
0.024,0.019,1.187,0.998,0.049,-0.028,-0.007,-0.11,-0.02,0.333,0.961,-0.571,-0.432
0.023,0.019,1.188,0.999,0.045,-0.02,-0.005,-0.102,-0.016,0.294,0.588,-0.137,-0.263
0.023,0.019,1.189,0.999,0.036,-0.01,-0.003,-0.093,-0.009,0.253,0.147,0.283,-0.169
0.022,0.019,1.19,1.0,0.028,0.0,-0.001,-0.09,-0.005,0.218,-0.256,0.664,-0.036
0.021,0.019,1.19,1.0,0.02,0.007,0.003,-0.084,-0.003,0.178,-0.504,0.814,0.115
0.021,0.019,1.19,1.0,0.012,0.017,0.009,-0.082,-0.004,0.132,-0.724,1.026,0.295
0.02,0.019,1.188,1.0,0.006,0.022,0.013,-0.078,-0.002,0.085,-0.831,1.044,0.405
0.019,0.019,1.187,0.999,-0.001,0.028,0.017,-0.076,-0.001,0.038,-0.916,1.091,0.476
0.019,0.019,1.185,0.999,-0.008,0.036,0.02,-0.075,-0.004,-0.019,-1.042,1.177,0.491
0.018,0.019,1.181,0.999,-0.015,0.039,0.022,-0.07,-0.003,-0.074,-1.088,1.063,0.46
0.017,0.019,1.178,0.999,-0.019,0.041,0.021,-0.074,-0.004,-0.132,-1.058,0.952,0.308
0.016,0.019,1.175,0.999,-0.018,0.035,0.019,-0.077,-0.009,-0.175,-0.769,0.506,0.18
0.016,0.018,1.171,1.0,-0.012,0.024,0.016,-0.079,-0.016,-0.204,-0.388,-0.017,0.044
0.015,0.018,1.168,1.0,-0.003,0.016,0.014,-0.082,-0.023,-0.235,0.047,-0.331,-0.061
0.014,0.017,1.164,1.0,0.004,0.008,0.01,-0.083,-0.029,-0.263,0.319,-0.593,-0.201
0.013,0.017,1.16,1.0,0.014,0.002,0.006,-0.08,-0.03,-0.296,0.621,-0.734,-0.328
0.012,0.017,1.155,1.0,0.022,-0.005,0.002,-0.079,-0.034,-0.339,0.819,-0.872,-0.393
0.012,0.016,1.149,0.999,0.029,-0.012,-0.001,-0.079,-0.038,-0.377,0.965,-0.97,-0.446
0.011,0.016,1.143,0.999,0.037,-0.019,-0.004,-0.078,-0.04,-0.424,1.091,-1.051,-0.487
0.01,0.015,1.136,0.999,0.044,-0.026,-0.007,-0.075,-0.04,-0.478,1.122,-1.145,-0.502
0.01,0.015,1.129,0.998,0.048,-0.029,-0.01,-0.072,-0.043,-0.523,1.089,-1.023,-0.499
0.009,0.014,1.122,0.998,0.047,-0.029,-0.01,-0.064,-0.039,-0.558,0.828,-0.837,-0.392
0.009,0.014,1.114,0.999,0.041,-0.021,-0.008,-0.058,-0.034,-0.603,0.382,-0.345,-0.24
0.009,0.014,1.106,0.999,0.033,-0.015,-0.006,-0.051,-0.029,-0.643,0.015,-0.028,-0.128
0.008,0.014,1.098,1.0,0.025,-0.006,-0.003,-0.046,-0.028,-0.678,-0.32,0.349,0.002
0.008,0.014,1.089,1.0,0.017,0.001,0.001,-0.043,-0.025,-0.722,-0.573,0.566,0.151
0.008,0.014,1.079,1.0,0.009,0.009,0.005,-0.035,-0.023,-0.779,-0.807,0.777,0.276
0.008,0.013,1.069,1.0,0.001,0.017,0.008,-0.031,-0.022,-0.82,-0.921,0.913,0.329
0.008,0.013,1.058,1.0,-0.006,0.025,0.011,-0.029,-0.019,-0.876,-1.014,1.078,0.397
0.007,0.013,1.046,0.999,-0.012,0.033,0.015,-0.029,-0.019,-0.941,-1.091,1.199,0.458
0.007,0.013,1.034,0.999,-0.017,0.035,0.014,-0.027,-0.02,-0.996,-1.041,1.038,0.357
0.007,0.013,1.022,0.999,-0.016,0.034,0.014,-0.029,-0.023,-1.048,-0.801,0.781,0.28
0.007,0.012,1.01,0.999,-0.016,0.03,0.013,-0.03,-0.03,-1.085,-0.655,0.463,0.156
0.006,0.011,0.997,1.0,-0.012,0.024,0.012,-0.032,-0.036,-1.117,-0.356,0.145,0.088
0.006,0.011,0.984,1.0,-0.009,0.02,0.01,-0.033,-0.036,-1.151,-0.168,-0.068,-0.007
0.005,0.01,0.971,1.0,-0.0,0.013,0.006,-0.033,-0.044,-1.185,0.217,-0.335,-0.135
0.005,0.01,0.957,1.0,0.009,0.006,0.003,-0.033,-0.046,-1.22,0.56,-0.526,-0.229
0.005,0.009,0.944,1.0,0.018,-0.003,0.0,-0.034,-0.053,-1.251,0.791,-0.803,-0.309
0.004,0.008,0.929,1.0,0.026,-0.01,-0.002,-0.032,-0.054,-1.283,0.966,-0.931,-0.333
0.004,0.008,0.916,0.999,0.031,-0.017,-0.005,-0.033,-0.058,-1.296,0.964,-1.012,-0.37
0.004,0.007,0.901,0.999,0.036,-0.022,-0.006,-0.028,-0.057,-1.319,0.949,-0.994,-0.337
0.004,0.007,0.887,0.999,0.033,-0.022,-0.006,-0.024,-0.054,-1.337,0.65,-0.823,-0.269
0.004,0.006,0.873,0.999,0.027,-0.021,-0.006,-0.018,-0.049,-1.36,0.27,-0.6,-0.193
0.004,0.006,0.859,1.0,0.024,-0.019,-0.004,-0.015,-0.047,-1.366,0.088,-0.413,-0.09
0.004,0.006,0.846,1.0,0.019,-0.018,-0.004,-0.01,-0.045,-1.364,-0.11,-0.264,-0.048
0.004,0.005,0.832,1.0,0.013,-0.009,-0.002,-0.005,-0.045,-1.359,-0.349,0.155,0.039
0.005,0.005,0.82,1.0,0.004,-0.001,-0.0,0.002,-0.043,-1.338,-0.603,0.425,0.089
0.005,0.005,0.807,1.0,-0.004,0.006,0.002,0.008,-0.038,-1.302,-0.804,0.619,0.145
0.005,0.004,0.796,1.0,-0.01,0.015,0.004,0.014,-0.034,-1.287,-0.915,0.834,0.221
0.005,0.004,0.785,1.0,-0.015,0.022,0.006,0.016,-0.034,-1.25,-0.917,0.955,0.243
0.006,0.004,0.775,0.999,-0.021,0.024,0.007,0.023,-0.033,-1.204,-0.97,0.849,0.216
0.006,0.003,0.766,0.999,-0.023,0.026,0.007,0.027,-0.032,-1.141,-0.88,0.771,0.172
0.007,0.003,0.758,0.999,-0.025,0.025,0.007,0.034,-0.027,-1.07,-0.775,0.584,0.152
0.008,0.003,0.751,0.999,-0.027,0.026,0.007,0.044,-0.024,-0.998,-0.704,0.498,0.116
0.009,0.003,0.745,0.999,-0.025,0.023,0.007,0.05,-0.02,-0.906,-0.478,0.289,0.077
0.009,0.003,0.741,1.0,-0.015,0.014,0.005,0.056,-0.02,-0.817,0.042,-0.157,-0.012
0.01,0.003,0.738,1.0,-0.004,0.002,0.003,0.062,-0.02,-0.714,0.46,-0.577,-0.074
0.011,0.003,0.736,1.0,0.006,-0.005,0.002,0.065,-0.016,-0.608,0.771,-0.747,-0.122
0.012,0.003,0.735,1.0,0.014,-0.011,-0.001,0.074,-0.01,-0.502,0.945,-0.854,-0.191
0.013,0.003,0.735,1.0,0.02,-0.018,-0.003,0.081,-0.006,-0.397,0.995,-0.963,-0.228
0.014,0.003,0.736,0.999,0.023,-0.021,-0.003,0.089,-0.0,-0.296,0.933,-0.907,-0.216
0.016,0.003,0.738,0.999,0.023,-0.028,-0.003,0.094,0.003,-0.199,0.749,-0.973,-0.165
0.017,0.004,0.741,0.999,0.026,-0.031,-0.004,0.096,0.008,-0.106,0.72,-0.895,-0.174
0.018,0.004,0.744,0.999,0.027,-0.033,-0.004,0.097,0.008,-0.017,0.59,-0.824,-0.128
0.019,0.004,0.748,0.999,0.024,-0.033,-0.004,0.103,0.01,0.067,0.351,-0.631,-0.107
0.02,0.004,0.753,1.0,0.013,-0.023,-0.004,0.11,0.013,0.148,-0.165,-0.141,-0.063
0.022,0.005,0.758,1.0,0.004,-0.014,-0.001,0.115,0.02,0.223,-0.482,0.242,0.055
0.023,0.005,0.764,1.0,-0.007,-0.006,-0.001,0.118,0.022,0.29,-0.797,0.528,0.073
0.024,0.005,0.77,1.0,-0.013,-0.001,0.0,0.119,0.023,0.344,-0.88,0.623,0.096
0.026,0.006,0.776,1.0,-0.018,0.006,0.002,0.123,0.026,0.4,-0.893,0.787,0.143
0.027,0.006,0.782,1.0,-0.02,0.008,0.002,0.126,0.026,0.444,-0.798,0.691,0.13
0.028,0.006,0.788,1.0,-0.017,0.003,0.003,0.118,0.022,0.472,-0.526,0.374,0.121
0.029,0.006,0.794,1.0,-0.012,-0.001,0.002,0.116,0.019,0.51,-0.209,0.132,0.087
0.03,0.006,0.801,1.0,-0.011,-0.003,0.003,0.114,0.02,0.532,-0.134,0.038,0.076
0.031,0.006,0.807,1.0,-0.007,-0.005,0.002,0.114,0.019,0.553,0.048,-0.06,0.026
0.032,0.007,0.814,1.0,0.0,-0.01,0.001,0.112,0.017,0.574,0.313,-0.242,0.009
0.033,0.007,0.82,1.0,0.008,-0.019,0.0,0.109,0.015,0.577,0.553,-0.558,-0.031
0.034,0.007,0.826,1.0,0.016,-0.026,0.0,0.106,0.012,0.595,0.769,-0.733,-0.032
0.035,0.007,0.832,0.999,0.024,-0.033,-0.001,0.106,0.009,0.594,0.948,-0.889,-0.096
0.036,0.007,0.837,0.999,0.03,-0.036,-0.002,0.104,0.009,0.577,1.001,-0.837,-0.102
0.037,0.007,0.842,0.998,0.033,-0.043,-0.004,0.102,0.009,0.555,0.934,-0.931,-0.162
0.038,0.007,0.846,0.998,0.032,-0.049,-0.004,0.103,0.014,0.526,0.676,-0.958,-0.113
0.039,0.007,0.85,0.998,0.029,-0.05,-0.004,0.102,0.018,0.502,0.447,-0.81,-0.078
0.04,0.008,0.853,0.998,0.025,-0.052,-0.004,0.102,0.02,0.465,0.198,-0.738,-0.065
0.041,0.008,0.856,0.998,0.021,-0.052,-0.003,0.105,0.022,0.428,-0.04,-0.587,-0.019
0.042,0.008,0.859,0.999,0.014,-0.047,-0.004,0.107,0.026,0.395,-0.3,-0.299,-0.023
0.044,0.009,0.86,0.999,0.006,-0.041,-0.003,0.111,0.03,0.35,-0.57,0.007,0.045
0.045,0.009,0.861,0.999,-0.004,-0.033,-0.001,0.111,0.035,0.304,-0.85,0.321,0.107
0.046,0.01,0.862,1.0,-0.014,-0.028,-0.001,0.113,0.036,0.253,-1.032,0.467,0.095
0.047,0.01,0.862,1.0,-0.021,-0.019,-0.0,0.116,0.04,0.197,-1.124,0.727,0.137
0.048,0.011,0.861,1.0,-0.026,-0.016,-0.0,0.117,0.039,0.146,-1.116,0.691,0.115
0.049,0.011,0.86,1.0,-0.027,-0.014,-0.0,0.115,0.035,0.1,-0.908,0.653,0.087
0.05,0.011,0.859,1.0,-0.024,-0.011,-0.0,0.111,0.03,0.048,-0.627,0.624,0.08
0.051,0.011,0.856,1.0,-0.022,-0.006,0.001,0.107,0.027,-0.008,-0.392,0.71,0.107
0.052,0.011,0.854,1.0,-0.018,-0.01,0.0,0.103,0.023,-0.048,-0.166,0.399,0.045
0.053,0.011,0.851,1.0,-0.011,-0.016,-0.001,0.097,0.019,-0.097,0.127,0.107,-0.003
0.053,0.011,0.848,1.0,-0.003,-0.021,-0.001,0.089,0.016,-0.145,0.431,-0.119,-0.029
0.054,0.011,0.844,1.0,0.004,-0.031,-0.003,0.085,0.012,-0.193,0.625,-0.503,-0.087
0.055,0.011,0.84,0.999,0.013,-0.038,-0.003,0.081,0.011,-0.243,0.883,-0.69,-0.092
0.055,0.011,0.835,0.999,0.021,-0.046,-0.004,0.076,0.009,-0.291,1.022,-0.877,-0.107
0.056,0.011,0.829,0.998,0.028,-0.051,-0.004,0.071,0.007,-0.343,1.06,-0.88,-0.122
0.057,0.012,0.823,0.998,0.03,-0.055,-0.004,0.072,0.008,-0.395,0.963,-0.857,-0.097
0.057,0.012,0.816,0.998,0.031,-0.059,-0.005,0.069,0.011,-0.454,0.781,-0.85,-0.087
0.058,0.012,0.809,0.998,0.03,-0.059,-0.004,0.068,0.013,-0.515,0.6,-0.705,-0.051
0.059,0.012,0.801,0.997,0.028,-0.065,-0.006,0.071,0.017,-0.562,0.404,-0.795,-0.089
0.059,0.013,0.793,0.998,0.023,-0.06,-0.005,0.07,0.02,-0.61,0.117,-0.444,-0.022
0.06,0.013,0.785,0.998,0.016,-0.054,-0.004,0.073,0.027,-0.661,-0.202,-0.091,0.034
0.061,0.014,0.776,0.999,0.006,-0.046,-0.002,0.073,0.028,-0.709,-0.552,0.245,0.098
0.062,0.014,0.766,0.999,-0.003,-0.038,-0.002,0.075,0.033,-0.754,-0.759,0.501,0.088
0.063,0.015,0.756,0.999,-0.01,-0.035,-0.001,0.079,0.036,-0.81,-0.905,0.534,0.145
0.063,0.015,0.745,1.0,-0.017,-0.024,-0.001,0.078,0.036,-0.876,-1.019,0.852,0.145
0.064,0.015,0.733,1.0,-0.023,-0.017,-0.0,0.077,0.035,-0.935,-1.038,0.985,0.141
0.065,0.015,0.721,1.0,-0.025,-0.01,0.0,0.078,0.033,-0.994,-0.932,1.077,0.138
0.066,0.016,0.708,1.0,-0.026,-0.003,0.0,0.078,0.033,-1.048,-0.772,1.119,0.115
0.067,0.016,0.695,1.0,-0.024,0.001,-0.0,0.076,0.03,-1.097,-0.546,1.043,0.075
0.067,0.016,0.681,1.0,-0.019,-0.0,-0.002,0.069,0.025,-1.143,-0.255,0.804,-0.001
0.067,0.016,0.667,1.0,-0.012,-0.002,-0.003,0.065,0.017,-1.216,0.117,0.566,-0.06
0.068,0.016,0.653,1.0,-0.002,-0.004,-0.003,0.059,0.012,-1.256,0.483,0.38,-0.06
0.068,0.016,0.638,1.0,0.006,-0.009,-0.005,0.056,0.009,-1.303,0.717,0.095,-0.103
0.069,0.016,0.622,1.0,0.014,-0.016,-0.006,0.051,0.009,-1.349,0.86,-0.202,-0.145
0.069,0.016,0.606,0.999,0.022,-0.024,-0.007,0.044,0.006,-1.402,1.011,-0.456,-0.137
0.069,0.016,0.589,0.999,0.028,-0.035,-0.008,0.041,0.002,-1.462,1.076,-0.835,-0.154
0.069,0.016,0.572,0.998,0.036,-0.041,-0.007,0.036,0.003,-1.518,1.179,-0.902,-0.085
0.069,0.016,0.554,0.998,0.043,-0.047,-0.007,0.034,-0.0,-1.579,1.236,-0.976,-0.084
0.069,0.016,0.536,0.997,0.045,-0.056,-0.008,0.029,0.001,-1.631,1.059,-1.109,-0.08
0.07,0.016,0.517,0.997,0.041,-0.061,-0.009,0.027,0.006,-1.673,0.716,-1.114,-0.078
0.07,0.016,0.499,0.997,0.033,-0.067,-0.008,0.026,0.013,-1.704,0.245,-1.133,-0.018
0.07,0.017,0.479,0.997,0.025,-0.07,-0.008,0.022,0.015,-1.726,-0.12,-1.01,0.032
0.07,0.017,0.46,0.997,0.017,-0.07,-0.007,0.019,0.018,-1.787,-0.423,-0.801,0.088
0.07,0.017,0.441,0.998,0.011,-0.064,-0.006,0.023,0.021,-1.822,-0.581,-0.424,0.124
0.071,0.017,0.422,0.999,0.005,-0.053,-0.006,0.026,0.021,-1.835,-0.692,0.111,0.098
0.071,0.018,0.403,0.999,-0.002,-0.044,-0.006,0.027,0.023,-1.838,-0.823,0.456,0.084
0.071,0.018,0.385,0.999,-0.008,-0.037,-0.007,0.021,0.023,-1.839,-0.928,0.613,0.05
0.071,0.018,0.367,0.999,-0.013,-0.033,-0.008,0.017,0.028,-1.836,-0.934,0.681,-0.006
0.071,0.019,0.35,0.999,-0.017,-0.026,-0.012,0.013,0.025,-1.792,-0.893,0.803,-0.127
0.071,0.019,0.334,1.0,-0.014,-0.019,-0.016,0.006,0.021,-1.759,-0.617,0.933,-0.278
0.071,0.019,0.32,1.0,-0.012,-0.015,-0.021,0.006,0.023,-1.703,-0.432,0.925,-0.428
0.071,0.019,0.306,1.0,-0.012,-0.006,-0.025,0.0,0.025,-1.635,-0.341,1.079,-0.472
0.07,0.019,0.294,1.0,-0.008,-0.001,-0.026,-0.003,0.025,-1.551,-0.124,1.087,-0.43
0.07,0.02,0.283,1.0,0.001,0.0,-0.027,-0.005,0.024,-1.463,0.259,0.93,-0.386
0.07,0.02,0.273,1.0,0.009,-0.002,-0.027,-0.012,0.025,-1.358,0.548,0.681,-0.326
0.07,0.02,0.265,0.999,0.016,-0.013,-0.026,-0.018,0.026,-1.248,0.707,0.124,-0.195
0.069,0.021,0.258,0.999,0.023,-0.022,-0.026,-0.026,0.026,-1.139,0.858,-0.281,-0.16
0.069,0.021,0.252,0.999,0.029,-0.029,-0.025,-0.029,0.024,-1.023,0.95,-0.508,-0.091
0.068,0.021,0.248,0.998,0.037,-0.035,-0.023,-0.036,0.022,-0.907,1.064,-0.641,0.01
0.067,0.021,0.245,0.998,0.042,-0.042,-0.019,-0.041,0.016,-0.783,1.076,-0.774,0.15
0.067,0.021,0.244,0.997,0.049,-0.05,-0.017,-0.048,0.011,-0.655,1.144,-0.934,0.226
0.066,0.02,0.243,0.997,0.054,-0.057,-0.015,-0.056,0.001,-0.531,1.145,-1.0,0.262
0.065,0.02,0.244,0.997,0.05,-0.059,-0.012,-0.065,-0.006,-0.405,0.77,-0.909,0.339
0.064,0.02,0.247,0.997,0.043,-0.06,-0.012,-0.072,-0.007,-0.277,0.313,-0.745,0.311
0.063,0.02,0.25,0.998,0.032,-0.056,-0.011,-0.079,-0.012,-0.151,-0.174,-0.449,0.307
0.062,0.019,0.255,0.999,0.025,-0.045,-0.011,-0.083,-0.019,-0.035,-0.426,0.082,0.227
0.06,0.019,0.26,0.999,0.018,-0.036,-0.012,-0.092,-0.026,0.085,-0.61,0.414,0.158
0.059,0.018,0.266,0.999,0.013,-0.029,-0.012,-0.098,-0.032,0.183,-0.691,0.609,0.104
0.058,0.017,0.273,1.0,0.006,-0.023,-0.013,-0.106,-0.039,0.279,-0.847,0.73,0.061
0.056,0.017,0.28,1.0,-0.001,-0.018,-0.014,-0.111,-0.045,0.363,-0.951,0.774,0.011
0.055,0.016,0.287,1.0,-0.006,-0.01,-0.015,-0.113,-0.046,0.427,-0.99,0.917,-0.031
0.054,0.016,0.294,1.0,-0.013,-0.001,-0.016,-0.119,-0.048,0.483,-1.079,1.094,-0.03
0.052,0.015,0.301,1.0,-0.017,0.005,-0.017,-0.124,-0.053,0.535,-1.019,1.143,-0.067
0.051,0.014,0.308,1.0,-0.017,0.009,-0.017,-0.122,-0.057,0.561,-0.819,1.062,-0.073
0.05,0.013,0.315,1.0,-0.01,0.009,-0.018,-0.13,-0.065,0.589,-0.4,0.833,-0.085
0.048,0.012,0.322,1.0,-0.002,0.004,-0.019,-0.138,-0.073,0.615,0.049,0.475,-0.102
0.046,0.011,0.328,1.0,0.01,-0.004,-0.02,-0.147,-0.078,0.623,0.478,0.092,-0.112
0.045,0.01,0.335,1.0,0.017,-0.011,-0.019,-0.147,-0.082,0.634,0.662,-0.191,-0.075
0.043,0.009,0.342,0.999,0.023,-0.013,-0.019,-0.153,-0.084,0.642,0.791,-0.226,-0.067
0.041,0.008,0.348,0.999,0.029,-0.02,-0.018,-0.154,-0.085,0.639,0.889,-0.477,0.003
0.04,0.007,0.354,0.999,0.034,-0.027,-0.016,-0.157,-0.088,0.626,0.906,-0.642,0.079
0.038,0.006,0.358,0.999,0.037,-0.032,-0.016,-0.161,-0.087,0.594,0.88,-0.703,0.072
0.036,0.006,0.363,0.998,0.041,-0.038,-0.015,-0.158,-0.088,0.568,0.853,-0.822,0.104
0.035,0.005,0.367,0.998,0.039,-0.04,-0.015,-0.158,-0.084,0.54,0.584,-0.742,0.113
0.033,0.004,0.371,0.999,0.032,-0.038,-0.012,-0.153,-0.081,0.513,0.196,-0.483,0.18
0.032,0.004,0.375,0.999,0.022,-0.031,-0.012,-0.145,-0.074,0.489,-0.23,-0.125,0.166
0.031,0.003,0.378,1.0,0.011,-0.019,-0.011,-0.14,-0.071,0.453,-0.627,0.368,0.176
0.03,0.003,0.381,1.0,0.003,-0.01,-0.009,-0.138,-0.069,0.421,-0.829,0.659,0.233
0.029,0.002,0.383,1.0,-0.005,-0.002,-0.009,-0.132,-0.067,0.38,-1.0,0.844,0.192
0.027,0.001,0.385,1.0,-0.012,0.006,-0.008,-0.131,-0.065,0.336,-1.063,0.997,0.184
0.026,0.001,0.386,1.0,-0.02,0.013,-0.007,-0.125,-0.065,0.284,-1.167,1.058,0.193
0.025,0.0,0.386,0.999,-0.026,0.019,-0.007,-0.125,-0.065,0.231,-1.174,1.096,0.17
0.024,-0.001,0.385,0.999,-0.031,0.027,-0.006,-0.127,-0.067,0.173,-1.165,1.174,0.143
0.023,-0.001,0.384,0.999,-0.035,0.034,-0.007,-0.123,-0.067,0.116,-1.091,1.205,0.087
0.021,-0.002,0.383,0.999,-0.033,0.034,-0.009,-0.124,-0.07,0.064,-0.791,0.99,0.002
0.02,-0.003,0.381,0.999,-0.028,0.031,-0.01,-0.13,-0.079,0.021,-0.411,0.669,-0.028
0.019,-0.004,0.38,0.999,-0.018,0.024,-0.013,-0.131,-0.084,-0.015,0.071,0.294,-0.131
0.017,-0.005,0.378,1.0,-0.007,0.016,-0.015,-0.137,-0.09,-0.054,0.522,-0.145,-0.204
0.016,-0.006,0.376,1.0,0.002,0.007,-0.016,-0.136,-0.091,-0.085,0.777,-0.454,-0.187
0.014,-0.007,0.373,1.0,0.011,0.001,-0.017,-0.137,-0.093,-0.117,0.995,-0.601,-0.18
0.013,-0.008,0.37,1.0,0.018,-0.004,-0.017,-0.135,-0.093,-0.161,1.063,-0.647,-0.134
0.012,-0.009,0.366,0.999,0.024,-0.012,-0.017,-0.134,-0.093,-0.209,1.115,-0.858,-0.138
0.01,-0.01,0.361,0.999,0.03,-0.021,-0.017,-0.132,-0.093,-0.265,1.12,-1.049,-0.106
0.009,-0.011,0.356,0.999,0.033,-0.025,-0.016,-0.133,-0.089,-0.314,1.026,-0.976,-0.032
0.008,-0.012,0.351,0.999,0.031,-0.026,-0.015,-0.127,-0.086,-0.361,0.747,-0.823,0.021
0.007,-0.012,0.345,0.999,0.023,-0.02,-0.014,-0.119,-0.079,-0.394,0.287,-0.42,0.069
0.007,-0.013,0.339,1.0,0.011,-0.01,-0.013,-0.108,-0.071,-0.436,-0.27,0.046,0.09
0.006,-0.013,0.333,1.0,0.0,0.001,-0.011,-0.101,-0.065,-0.471,-0.638,0.452,0.15
0.005,-0.013,0.327,1.0,-0.009,0.009,-0.009,-0.093,-0.059,-0.504,-0.895,0.672,0.189
0.005,-0.014,0.32,1.0,-0.018,0.016,-0.007,-0.088,-0.058,-0.545,-1.061,0.841,0.236
0.004,-0.014,0.312,0.999,-0.025,0.022,-0.005,-0.085,-0.054,-0.59,-1.138,0.89,0.29
0.003,-0.015,0.303,0.999,-0.031,0.032,-0.002,-0.084,-0.055,-0.647,-1.169,1.112,0.331
0.002,-0.015,0.294,0.999,-0.036,0.036,-0.002,-0.079,-0.053,-0.683,-1.121,1.076,0.257
0.002,-0.016,0.285,0.998,-0.044,0.044,-0.003,-0.075,-0.054,-0.738,-1.194,1.17,0.202
0.001,-0.016,0.275,0.998,-0.046,0.046,-0.005,-0.073,-0.054,-0.809,-1.075,1.005,0.074
0.0,-0.017,0.265,0.998,-0.044,0.046,-0.007,-0.073,-0.055,-0.835,-0.781,0.806,-0.039
-0.0,-0.018,0.254,0.999,-0.036,0.039,-0.008,-0.078,-0.06,-0.876,-0.261,0.384,-0.076
-0.001,-0.019,0.244,0.999,-0.027,0.029,-0.01,-0.078,-0.066,-0.915,0.168,-0.12,-0.117
-0.002,-0.019,0.234,0.999,-0.02,0.022,-0.012,-0.08,-0.066,-0.942,0.405,-0.376,-0.161
-0.003,-0.02,0.223,1.0,-0.009,0.016,-0.013,-0.079,-0.067,-0.971,0.755,-0.504,-0.164
-0.004,-0.021,0.211,1.0,-0.002,0.007,-0.013,-0.078,-0.068,-1.019,0.921,-0.796,-0.167
-0.004,-0.021,0.199,1.0,0.006,-0.0,-0.014,-0.077,-0.066,-1.058,1.063,-0.926,-0.172
-0.005,-0.022,0.186,1.0,0.013,-0.007,-0.015,-0.073,-0.065,-1.102,1.109,-0.978,-0.155
-0.006,-0.023,0.172,1.0,0.02,-0.015,-0.015,-0.073,-0.066,-1.155,1.187,-1.113,-0.141
-0.006,-0.023,0.158,0.999,0.023,-0.021,-0.016,-0.069,-0.063,-1.206,1.082,-1.123,-0.139
-0.007,-0.023,0.144,0.999,0.021,-0.022,-0.016,-0.063,-0.057,-1.244,0.767,-0.95,-0.098
-0.007,-0.024,0.13,1.0,0.014,-0.017,-0.014,-0.056,-0.048,-1.257,0.363,-0.574,-0.023
-0.007,-0.024,0.115,1.0,0.005,-0.013,-0.013,-0.048,-0.04,-1.323,-0.093,-0.292,0.057
-0.007,-0.024,0.101,1.0,-0.004,-0.007,-0.011,-0.042,-0.036,-1.361,-0.454,0.008,0.131
-0.007,-0.024,0.086,1.0,-0.011,0.001,-0.009,-0.036,-0.033,-1.385,-0.661,0.329,0.172
-0.007,-0.024,0.07,1.0,-0.018,0.007,-0.008,-0.029,-0.027,-1.414,-0.794,0.49,0.191
-0.007,-0.024,0.054,1.0,-0.025,0.013,-0.006,-0.021,-0.024,-1.439,-0.909,0.623,0.209
-0.007,-0.024,0.038,0.999,-0.03,0.024,-0.006,-0.017,-0.02,-1.477,-0.952,0.924,0.192
-0.008,-0.024,0.034,0.999,-0.034,0.019,-0.004,-0.02,-0.004,-1.262,-0.879,0.554,0.235
-0.009,-0.023,0.045,0.999,-0.034,0.011,-0.002,-0.05,0.015,-0.766,-0.735,0.097,0.243
-0.01,-0.022,0.056,1.0,-0.03,-0.0,-0.001,-0.065,0.032,-0.388,-0.423,-0.353,0.206
-0.011,-0.021,0.068,1.0,-0.022,0.0,-0.004,-0.073,0.041,-0.067,0.006,-0.273,0.077
-0.012,-0.02,0.08,1.0,-0.018,0.002,-0.006,-0.074,0.05,0.18,0.18,-0.131,-0.014
-0.013,-0.019,0.092,1.0,-0.011,-0.0,-0.008,-0.078,0.06,0.396,0.387,-0.213,-0.093
-0.014,-0.018,0.106,1.0,-0.005,-0.009,-0.009,-0.085,0.07,0.579,0.586,-0.495,-0.146
-0.015,-0.017,0.12,1.0,0.004,-0.016,-0.012,-0.086,0.077,0.746,0.804,-0.685,-0.233
-0.016,-0.016,0.134,1.0,0.012,-0.02,-0.014,-0.089,0.081,0.891,0.968,-0.697,-0.258
-0.017,-0.015,0.15,1.0,0.019,-0.015,-0.015,-0.087,0.088,1.022,1.058,-0.378,-0.257
-0.017,-0.014,0.166,0.999,0.028,-0.006,-0.015,-0.073,0.092,1.133,1.188,0.082,-0.231
-0.017,-0.013,0.182,1.0,0.024,0.008,-0.013,-0.065,0.1,1.246,0.797,0.628,-0.124
-0.018,-0.011,0.199,1.0,0.016,0.017,-0.011,-0.059,0.114,1.324,0.315,0.858,-0.03
