Step,u0,u1,u2,u3,px,py,pz,rw,rx,ry,rz,vx,vy,vz,wx,wy,wz,sp_px,sp_py,sp_pz,sp_rw,sp_rx,sp_ry,sp_rz,sp_vx,sp_vy,sp_vz,sp_wx,sp_wy,sp_wz
1,-0.126,-0.081,0.245,0.0,0.022,-0.035,0.056,1.0,0.015,0.009,0.002,0.003,0.0,-0.005,0.096,0.083,-0.0,0.0,0.0,0.034482758620689655,1.0,0.0,0.0,0.0,0.0,0.0,1.0344827586206897,0.0,0.0,0.0
2,-0.14,-0.075,0.254,0.001,0.022,-0.035,0.056,1.0,0.015,0.008,0.002,0.003,0.003,0.001,0.186,0.042,0.001,0.0,0.0,0.06896551724137931,1.0,0.0,0.0,0.0,0.0,0.0,1.0344827586206897,0.0,0.0,0.0
3,0.025,-0.008,0.285,0.003,0.022,-0.035,0.057,1.0,0.004,0.004,0.002,-0.006,0.003,0.023,-0.771,-0.323,0.059,0.0,0.0,0.10344827586206896,1.0,0.0,0.0,0.0,0.0,0.0,1.0344827586206897,0.0,0.0,0.0
4,0.178,0.132,0.308,0.008,0.021,-0.034,0.06,1.0,-0.013,-0.011,0.004,-0.006,0.021,0.093,-1.101,-0.771,0.146,0.0,0.0,0.13793103448275862,1.0,0.0,0.0,0.0,0.0,0.0,1.03448275862069,0.0,0.0,0.0
5,0.041,0.032,0.3,0.0,0.022,-0.033,0.068,1.0,-0.013,-0.01,0.004,0.003,0.022,0.248,-0.018,-0.092,-0.01,0.0,0.0,0.1724137931034483,1.0,0.0,0.0,0.0,0.0,0.0,1.0344827586206897,0.0,0.0,0.0
6,-0.142,-0.08,0.288,-0.009,0.022,-0.032,0.084,1.0,0.0,-0.005,0.002,0.026,0.032,0.466,0.913,0.421,-0.159,0.0,0.0,0.20689655172413793,1.0,0.0,0.0,0.0,0.0,0.0,1.0344827586206893,0.0,0.0,0.0
7,-0.22,-0.295,0.228,-0.012,0.024,-0.032,0.109,1.0,0.019,0.016,0.0,0.037,0.023,0.735,0.837,1.234,-0.144,0.0,0.0,0.24137931034482757,1.0,0.0,0.0,0.0,0.0,0.0,1.0344827586206897,0.0,0.0,0.0
8,0.071,-0.054,0.203,-0.003,0.025,-0.03,0.142,1.0,0.006,0.004,0.002,0.044,0.057,0.969,-0.765,-0.206,0.046,0.0,0.0,0.27586206896551724,1.0,0.0,0.0,0.0,0.0,0.0,1.0344827586206902,0.0,0.0,0.0
9,0.253,0.176,0.19,0.003,0.026,-0.027,0.181,1.0,-0.018,-0.017,0.005,0.033,0.076,1.139,-1.351,-1.398,0.13,0.0,0.0,0.3103448275862069,1.0,0.0,0.0,0.0,0.0,0.0,1.0344827586206902,0.0,0.0,0.0
10,0.306,0.266,0.132,0.01,0.027,-0.024,0.223,0.998,-0.04,-0.045,0.009,0.026,0.092,1.255,-1.211,-1.412,0.206,0.0,0.0,0.3448275862068966,1.0,0.0,0.0,0.0,0.0,0.0,1.0344827586206893,0.0,0.0,0.0
11,-0.095,-0.026,0.161,-0.007,0.029,-0.022,0.266,0.999,-0.008,-0.03,0.007,0.049,0.078,1.284,1.546,0.723,-0.084,0.0,0.0,0.3793103448275862,1.0,0.0,0.0,0.0,0.0,0.0,1.0344827586206893,0.0,0.0,0.0
12,-0.297,-0.215,0.163,-0.016,0.031,-0.019,0.308,1.0,0.028,-0.003,0.004,0.049,0.074,1.236,2.03,1.438,-0.249,0.0,0.0,0.41379310344827586,1.0,0.0,0.0,0.0,0.0,0.0,1.0344827586206902,0.0,0.0,0.0
13,-0.336,-0.295,0.121,-0.005,0.032,-0.017,0.346,0.998,0.056,0.024,0.003,0.046,0.069,1.123,1.527,1.343,-0.04,0.0,0.0,0.4482758620689655,1.0,0.0,0.0,0.0,0.0,0.0,1.0344827586206893,0.0,0.0,0.0
14,0.114,-0.002,0.163,-0.004,0.033,-0.013,0.383,1.0,0.024,0.005,0.004,0.019,0.104,1.09,-1.596,-0.843,0.019,0.0,0.0,0.48275862068965514,1.0,0.0,0.0,0.0,0.0,0.0,1.0344827586206902,0.0,0.0,0.0
15,0.366,0.236,0.188,0.005,0.033,-0.009,0.418,1.0,-0.013,-0.024,0.007,0.012,0.114,1.029,-2.13,-1.693,0.158,0.0,0.0,0.5172413793103449,1.0,0.0,0.0,0.0,0.0,0.0,1.0344827586206902,0.0,0.0,0.0
16,0.4,0.385,0.123,0.023,0.033,-0.005,0.447,0.997,-0.047,-0.056,0.014,0.0,0.114,0.888,-1.783,-1.831,0.413,0.0,0.0,0.5517241379310345,1.0,0.0,0.0,0.0,0.0,0.0,1.0344827586206884,0.0,0.0,0.0
17,-0.069,0.031,0.188,-0.022,0.033,-0.003,0.477,0.999,-0.013,-0.037,0.011,0.024,0.066,0.921,1.875,0.942,-0.246,0.0,0.0,0.5862068965517241,1.0,0.0,0.0,0.0,0.0,0.0,1.0344827586206902,0.0,0.0,0.0
18,-0.4,-0.295,0.242,-0.027,0.034,-0.001,0.507,0.999,0.036,-0.002,0.007,0.026,0.067,0.895,2.796,2.104,-0.349,0.0,0.0,0.6206896551724138,1.0,0.0,0.0,0.0,0.0,0.0,1.0344827586206902,0.0,0.0,0.0
19,-0.4,-0.4,0.102,-0.023,0.035,0.001,0.533,0.997,0.075,0.037,0.005,0.026,0.063,0.777,2.229,2.154,-0.202,0.0,0.0,0.6551724137931034,1.0,0.0,0.0,0.0,0.0,0.0,1.0344827586206902,0.0,0.0,0.0
20,0.166,-0.007,0.19,0.015,0.035,0.004,0.562,0.999,0.036,0.015,0.01,-0.004,0.107,0.976,-2.531,-1.389,0.378,0.0,0.0,0.6896551724137931,1.0,0.0,0.0,0.0,0.0,0.0,1.0344827586206902,0.0,0.0,0.0
21,0.4,0.295,0.248,0.008,0.035,0.007,0.592,1.0,-0.012,-0.024,0.014,-0.005,0.084,0.903,-2.699,-2.055,0.281,0.0,0.0,0.7241379310344828,1.0,0.0,0.0,0.0,0.0,0.0,1.0344827586206884,0.0,0.0,0.0
22,0.4,0.4,0.073,0.023,0.034,0.01,0.62,0.996,-0.053,-0.068,0.023,-0.019,0.082,0.867,-2.532,-2.485,0.624,0.0,0.0,0.7586206896551724,1.0,0.0,0.0,0.0,0.0,0.0,1.0344827586206902,0.0,0.0,0.0
23,-0.078,0.063,0.196,-0.011,0.034,0.011,0.651,0.998,-0.013,-0.047,0.025,0.01,0.037,0.929,2.119,1.123,0.058,0.0,0.0,0.7931034482758621,1.0,0.0,0.0,0.0,0.0,0.0,1.0344827586206902,0.0,0.0,0.0
24,-0.386,-0.262,0.203,-0.026,0.034,0.012,0.685,0.999,0.035,-0.008,0.02,-0.001,0.042,1.008,2.627,2.201,-0.362,0.0,0.0,0.8275862068965517,1.0,0.0,0.0,0.0,0.0,0.0,1.0344827586206884,0.0,0.0,0.0
25,-0.394,-0.391,0.121,-0.023,0.034,0.014,0.716,0.996,0.074,0.036,0.017,-0.004,0.044,0.956,2.316,2.511,-0.234,0.0,0.0,0.8620689655172413,1.0,0.0,0.0,0.0,0.0,0.0,1.0344827586206902,0.0,0.0,0.0
26,0.16,0.052,0.163,0.013,0.033,0.016,0.749,0.999,0.033,0.01,0.022,-0.046,0.078,1.007,-2.149,-1.21,0.226,0.0,0.0,0.896551724137931,1.0,0.0,0.0,0.0,0.0,0.0,1.0344827586206902,0.0,0.0,0.0
27,0.371,0.283,0.112,0.016,0.031,0.018,0.785,0.999,-0.014,-0.026,0.026,-0.047,0.063,1.078,-2.607,-2.062,0.256,0.0,0.0,0.9310344827586207,1.0,0.0,0.0,0.0,0.0,0.0,1.0344827586206884,0.0,0.0,0.0
28,0.373,0.384,0.018,0.029,0.029,0.021,0.818,0.996,-0.049,-0.068,0.034,-0.062,0.062,1.048,-2.231,-2.482,0.549,0.0,0.0,0.9655172413793103,1.0,0.0,0.0,0.0,0.0,0.0,1.0344827586206902,0.0,0.0,0.0
29,-0.11,-0.006,0.047,-0.014,0.029,0.021,0.854,0.998,-0.012,-0.044,0.034,-0.024,0.022,1.082,2.065,1.184,-0.152,0.0,0.0,1.0,1.0,0.0,0.0,0.0,0.0,0.0,1.0344827586206917,0.0,0.0,0.0
30,-0.263,-0.183,0.042,-0.023,0.028,0.022,0.89,0.999,0.032,-0.007,0.028,-0.033,0.021,1.061,2.378,2.029,-0.406,0.0,0.0,1.0,1.0,0.0,0.0,0.0,0.0,0.0,0.0,0.0,0.0,0.0
31,-0.4,-0.4,0.0,-0.013,0.027,0.022,0.918,0.997,0.064,0.031,0.025,-0.043,0.04,2.317,4.453,4.905,0.031,0.0,0.0,1.0,1.0,0.0,0.0,0.0,0.0,0.0,0.0,0.0,0.0,0.0
32,0.038,-0.007,0.0,0.018,0.025,0.025,0.953,0.999,0.039,0.02,0.03,-0.068,0.064,1.196,-1.309,-0.438,0.202,0.0,0.0,1.0,1.0,0.0,0.0,0.0,0.0,0.0,0.0,0.0,0.0,0.0
33,0.231,0.15,0.0,0.02,0.023,0.026,0.985,0.999,0.002,-0.007,0.034,-0.063,0.045,1.013,-2.186,-1.508,0.264,0.0,0.0,1.0,1.0,0.0,0.0,0.0,0.0,0.0,0.0,0.0,0.0,0.0
34,0.353,0.309,0.0,0.026,0.02,0.028,1.014,0.997,-0.04,-0.051,0.039,-0.071,0.047,0.9,-2.418,-2.226,0.392,0.0,0.0,1.0,1.0,0.0,0.0,0.0,0.0,0.0,0.0,0.0,0.0,0.0
35,-0.001,0.018,0.0,-0.007,0.019,0.028,1.044,0.998,-0.021,-0.036,0.036,-0.032,0.009,0.877,0.874,0.572,-0.194,0.0,0.0,1.0,1.0,0.0,0.0,0.0,0.0,0.0,0.0,0.0,0.0,0.0
36,-0.176,-0.096,0.0,-0.014,0.018,0.028,1.072,0.999,0.016,-0.011,0.032,-0.031,0.011,0.851,2.1,1.362,-0.315,0.0,0.0,1.0,1.0,0.0,0.0,0.0,0.0,0.0,0.0,0.0,0.0,0.0
37,-0.252,-0.19,0.0,-0.008,0.017,0.028,1.094,0.998,0.052,0.023,0.028,-0.024,-0.001,0.663,2.073,1.718,-0.174,0.0,0.0,1.0,1.0,0.0,0.0,0.0,0.0,0.0,0.0,0.0,0.0,0.0
38,0.029,-0.012,0.0,0.006,0.015,0.029,1.114,0.999,0.038,0.018,0.028,-0.053,0.033,0.621,-0.683,-0.125,0.021,0.0,0.0,1.0,1.0,0.0,0.0,0.0,0.0,0.0,0.0,0.0,0.0,0.0
39,0.159,0.077,0.0,0.011,0.013,0.031,1.129,0.999,0.011,0.003,0.03,-0.058,0.04,0.456,-1.519,-0.779,0.105,0.0,0.0,1.0,1.0,0.0,0.0,0.0,0.0,0.0,0.0,0.0,0.0,0.0
40,0.248,0.19,0.0,0.015,0.011,0.032,1.137,0.999,-0.014,-0.018,0.033,-0.07,0.042,0.292,-1.794,-1.437,0.194,0.0,0.0,1.0,1.0,0.0,0.0,0.0,0.0,0.0,0.0,0.0,0.0,0.0
41,0.006,0.039,0.0,-0.001,0.01,0.032,1.14,0.999,-0.004,-0.015,0.032,-0.037,0.004,0.114,0.475,0.086,-0.08,0.0,0.0,1.0,1.0,0.0,0.0,0.0,0.0,0.0,0.0,0.0,0.0,0.0
42,-0.172,-0.111,0.023,-0.011,0.009,0.032,1.137,0.999,0.022,0.005,0.028,-0.033,-0.011,-0.085,1.539,1.187,-0.24,0.0,0.0,1.0,1.0,0.0,0.0,0.0,0.0,0.0,0.0,0.0,0.0,0.0
43,-0.274,-0.178,0.055,-0.005,0.008,0.031,1.127,0.998,0.049,0.025,0.026,-0.018,-0.018,-0.295,1.535,1.09,-0.154,0.0,0.0,1.0,1.0,0.0,0.0,0.0,0.0,0.0,0.0,0.0,0.0,0.0
44,-0.047,-0.063,0.087,0.002,0.007,0.031,1.112,0.999,0.039,0.024,0.026,-0.035,0.009,-0.431,-0.486,-0.06,-0.025,0.0,0.0,1.0,1.0,0.0,0.0,0.0,0.0,0.0,0.0,0.0,0.0,0.0
45,0.155,0.087,0.141,0.01,0.006,0.032,1.091,0.999,0.012,0.006,0.029,-0.047,0.021,-0.624,-1.5,-0.907,0.102,0.0,0.0,1.0,1.0,0.0,0.0,0.0,0.0,0.0,0.0,0.0,0.0,0.0
46,0.352,0.218,0.187,0.015,0.004,0.033,1.064,0.999,-0.019,-0.015,0.032,-0.051,0.019,-0.918,-2.019,-1.235,0.176,0.0,0.0,1.0,1.0,0.0,0.0,0.0,0.0,0.0,0.0,0.0,0.0,0.0
47,0.041,0.066,0.2,-0.001,0.003,0.032,1.032,0.999,-0.01,-0.013,0.031,-0.021,-0.012,-0.899,0.368,0.014,-0.068,0.0,0.0,1.0,1.0,0.0,0.0,0.0,0.0,0.0,0.0,0.0,0.0,0.0
48,-0.298,-0.177,0.289,-0.013,0.003,0.031,0.997,0.999,0.021,0.01,0.027,-0.003,-0.038,-1.136,1.881,1.216,-0.268,0.0,0.0,1.0,1.0,0.0,0.0,0.0,0.0,0.0,0.0,0.0,0.0,0.0
49,-0.4,-0.37,0.222,-0.004,0.004,0.03,0.959,0.997,0.061,0.037,0.022,0.012,-0.042,-1.146,2.23,1.455,-0.289,0.0,0.0,1.0,1.0,0.0,0.0,0.0,0.0,0.0,0.0,0.0,0.0,0.0
50,-0.163,-0.183,0.286,0.001,0.004,0.029,0.922,0.998,0.047,0.033,0.023,0.008,-0.022,-1.164,-0.699,-0.123,0.011,0.0,0.0,1.0,1.0,0.0,0.0,0.0,0.0,0.0,0.0,0.0,0.0,0.0
51,0.307,0.182,0.368,0.012,0.004,0.029,0.888,1.0,0.001,-0.0,0.027,0.005,-0.012,-1.051,-2.507,-1.757,0.191,0.0,0.0,1.0,1.0,0.0,0.0,0.0,0.0,0.0,0.0,0.0,0.0,0.0
52,0.4,0.4,0.259,0.009,0.004,0.028,0.855,0.998,-0.044,-0.045,0.031,-0.009,-0.007,-1.005,-2.522,-2.189,0.225,0.0,0.0,1.0,1.0,0.0,0.0,0.0,0.0,0.0,0.0,0.0,0.0,0.0
53,-0.019,0.125,0.319,-0.012,0.005,0.027,0.827,0.999,-0.021,-0.035,0.031,0.023,-0.042,-0.821,1.329,0.542,-0.008,0.0,0.0,1.0,1.0,0.0,0.0,0.0,0.0,0.0,0.0,0.0,0.0,0.0
54,-0.4,-0.272,0.349,-0.027,0.006,0.026,0.808,0.999,0.023,0.001,0.026,0.03,-0.027,-0.588,2.487,1.921,-0.292,0.0,0.0,1.0,1.0,0.0,0.0,0.0,0.0,0.0,0.0,0.0,0.0,0.0
55,-0.4,-0.4,0.175,-0.039,0.007,0.024,0.795,0.997,0.058,0.044,0.023,0.044,-0.045,-0.387,1.826,2.233,-0.2,0.0,0.0,1.0,1.0,0.0,0.0,0.0,0.0,0.0,0.0,0.0,0.0,0.0
56,0.12,-0.06,0.262,0.001,0.008,0.025,0.79,0.999,0.021,0.022,0.026,0.03,-0.004,-0.15,-2.039,-1.02,0.165,0.0,0.0,1.0,1.0,0.0,0.0,0.0,0.0,0.0,0.0,0.0,0.0,0.0
57,0.4,0.282,0.259,0.012,0.01,0.024,0.794,0.999,-0.027,-0.016,0.034,0.046,-0.01,0.085,-2.709,-2.127,0.353,0.0,0.0,1.0,1.0,0.0,0.0,0.0,0.0,0.0,0.0,0.0,0.0,0.0
58,0.4,0.4,0.1,0.017,0.011,0.024,0.798,0.995,-0.07,-0.065,0.043,0.031,0.004,0.115,-2.672,-2.559,0.496,0.0,0.0,1.0,1.0,0.0,0.0,0.0,0.0,0.0,0.0,0.0,0.0,0.0
59,0.039,0.05,0.166,0.012,0.012,0.024,0.807,0.996,-0.053,-0.054,0.048,0.06,-0.0,0.322,1.939,1.07,0.107,0.0,0.0,1.0,1.0,0.0,0.0,0.0,0.0,0.0,0.0,0.0,0.0,0.0
60,-0.318,-0.36,0.187,-0.006,0.014,0.025,0.824,0.999,0.005,0.0,0.045,0.056,0.026,0.544,3.228,2.805,-0.3,0.0,0.0,1.0,1.0,0.0,0.0,0.0,0.0,0.0,0.0,0.0,0.0,0.0
61,-0.271,-0.386,0.092,-0.009,0.015,0.027,0.842,0.998,0.038,0.042,0.041,0.04,0.051,0.524,2.14,2.302,-0.204,0.0,0.0,1.0,1.0,0.0,0.0,0.0,0.0,0.0,0.0,0.0,0.0,0.0
62,0.258,0.091,0.137,-0.003,0.015,0.031,0.861,0.999,0.006,0.009,0.042,-0.011,0.106,0.586,-1.761,-1.598,0.09,0.0,0.0,1.0,1.0,0.0,0.0,0.0,0.0,0.0,0.0,0.0,0.0,0.0
63,0.4,0.379,0.067,0.004,0.014,0.034,0.881,0.998,-0.035,-0.039,0.045,-0.022,0.111,0.599,-2.189,-2.583,0.141,0.0,0.0,1.0,1.0,0.0,0.0,0.0,0.0,0.0,0.0,0.0,0.0,0.0
64,0.384,0.386,0.027,0.024,0.014,0.038,0.897,0.994,-0.054,-0.076,0.052,-0.021,0.108,0.48,-1.226,-2.054,0.372,0.0,0.0,1.0,1.0,0.0,0.0,0.0,0.0,0.0,0.0,0.0,0.0,0.0
65,-0.102,-0.063,0.064,-0.001,0.014,0.041,0.915,0.998,-0.01,-0.044,0.052,0.014,0.082,0.547,2.628,1.774,-0.083,0.0,0.0,1.0,1.0,0.0,0.0,0.0,0.0,0.0,0.0,0.0,0.0,0.0
66,-0.264,-0.278,0.09,-0.018,0.014,0.044,0.933,0.998,0.036,0.003,0.047,0.005,0.09,0.531,2.696,2.458,-0.425,0.0,0.0,1.0,1.0,0.0,0.0,0.0,0.0,0.0,0.0,0.0,0.0,0.0
67,-0.305,-0.351,0.075,-0.004,0.014,0.047,0.945,0.996,0.069,0.04,0.044,-0.006,0.092,0.386,2.095,2.216,-0.174,0.0,0.0,1.0,1.0,0.0,0.0,0.0,0.0,0.0,0.0,0.0,0.0,0.0
68,0.163,0.066,0.109,0.017,0.013,0.051,0.957,0.998,0.041,0.015,0.047,-0.046,0.122,0.37,-1.616,-1.205,0.215,0.0,0.0,1.0,1.0,0.0,0.0,0.0,0.0,0.0,0.0,0.0,0.0,0.0
69,0.333,0.306,0.079,0.014,0.011,0.055,0.968,0.998,0.005,-0.026,0.049,-0.045,0.112,0.326,-2.028,-2.143,0.154,0.0,0.0,1.0,1.0,0.0,0.0,0.0,0.0,0.0,0.0,0.0,0.0,0.0
70,0.368,0.374,0.032,0.02,0.009,0.058,0.975,0.997,-0.023,-0.06,0.052,-0.055,0.102,0.197,-1.717,-1.962,0.233,0.0,0.0,1.0,1.0,0.0,0.0,0.0,0.0,0.0,0.0,0.0,0.0,0.0
71,-0.108,-0.021,0.07,-0.011,0.009,0.06,0.981,0.998,0.012,-0.036,0.052,-0.009,0.048,0.214,1.98,1.361,-0.174,0.0,0.0,1.0,1.0,0.0,0.0,0.0,0.0,0.0,0.0,0.0,0.0,0.0
72,-0.362,-0.245,0.111,-0.021,0.009,0.061,0.986,0.997,0.058,0.007,0.047,-0.006,0.039,0.143,2.677,2.158,-0.392,0.0,0.0,1.0,1.0,0.0,0.0,0.0,0.0,0.0,0.0,0.0,0.0,0.0
73,-0.4,-0.385,0.084,-0.005,0.009,0.062,0.985,0.994,0.091,0.046,0.045,-0.006,0.037,-0.016,2.379,2.337,-0.137,0.0,0.0,1.0,1.0,0.0,0.0,0.0,0.0,0.0,0.0,0.0,0.0,0.0
74,0.4,0.332,0.188,0.014,0.007,0.064,0.985,0.997,0.058,0.028,0.048,-0.096,0.143,0.003,-5.694,-4.195,0.422,0.0,0.0,1.0,1.0,0.0,0.0,0.0,0.0,0.0,0.0,0.0,0.0,0.0
75,0.396,0.294,0.115,0.016,0.006,0.065,0.984,0.999,0.011,-0.008,0.05,-0.039,0.051,-0.025,-3.23,-2.459,0.197,0.0,0.0,1.0,1.0,0.0,0.0,0.0,0.0,0.0,0.0,0.0,0.0,0.0
76,0.398,0.388,0.082,0.029,0.005,0.066,0.979,0.997,-0.027,-0.05,0.056,-0.033,0.028,-0.132,-2.368,-2.292,0.424,0.0,0.0,1.0,1.0,0.0,0.0,0.0,0.0,0.0,0.0,0.0,0.0,0.0
77,-0.062,0.005,0.115,0.003,0.005,0.065,0.977,0.998,-0.0,-0.029,0.057,0.006,-0.022,-0.073,1.415,0.912,0.034,0.0,0.0,1.0,1.0,0.0,0.0,0.0,0.0,0.0,0.0,0.0,0.0,0.0
78,-0.4,-0.4,0.182,-0.054,0.007,0.063,0.975,0.997,0.055,0.019,0.05,0.038,-0.068,-0.119,4.573,3.638,-0.711,0.0,0.0,1.0,1.0,0.0,0.0,0.0,0.0,0.0,0.0,0.0,0.0,0.0
79,-0.4,-0.4,0.103,-0.024,0.008,0.061,0.968,0.992,0.095,0.065,0.048,0.041,-0.053,-0.201,2.736,2.623,-0.191,0.0,0.0,1.0,1.0,0.0,0.0,0.0,0.0,0.0,0.0,0.0,0.0,0.0
80,0.01,-0.003,0.131,0.037,0.008,0.06,0.964,0.996,0.058,0.034,0.054,0.012,-0.035,-0.124,-2.026,-1.56,0.367,0.0,0.0,1.0,1.0,0.0,0.0,0.0,0.0,0.0,0.0,0.0,0.0,0.0
81,0.287,0.279,0.17,0.034,0.009,0.058,0.962,0.998,0.009,-0.014,0.061,0.023,-0.063,-0.065,-2.828,-2.464,0.355,0.0,0.0,1.0,1.0,0.0,0.0,0.0,0.0,0.0,0.0,0.0,0.0,0.0
82,0.337,0.376,0.124,0.034,0.01,0.055,0.958,0.996,-0.024,-0.053,0.066,0.033,-0.076,-0.131,-2.139,-2.132,0.421,0.0,0.0,1.0,1.0,0.0,0.0,0.0,0.0,0.0,0.0,0.0,0.0,0.0
83,-0.187,-0.063,0.166,-0.011,0.013,0.051,0.955,0.998,0.004,-0.027,0.063,0.082,-0.12,-0.088,1.585,1.115,-0.159,0.0,0.0,1.0,1.0,0.0,0.0,0.0,0.0,0.0,0.0,0.0,0.0,0.0
84,-0.4,-0.352,0.145,-0.029,0.016,0.047,0.952,0.997,0.042,0.014,0.055,0.088,-0.131,-0.102,2.213,2.084,-0.494,0.0,0.0,1.0,1.0,0.0,0.0,0.0,0.0,0.0,0.0,0.0,0.0,0.0
85,-0.4,-0.4,0.05,-0.025,0.02,0.042,0.945,0.994,0.073,0.057,0.051,0.098,-0.138,-0.183,1.894,2.306,-0.271,0.0,0.0,1.0,1.0,0.0,0.0,0.0,0.0,0.0,0.0,0.0,0.0,0.0
86,0.039,-0.033,0.129,0.019,0.022,0.038,0.942,0.998,0.033,0.026,0.055,0.064,-0.109,-0.107,-2.181,-1.439,0.182,0.0,0.0,1.0,1.0,0.0,0.0,0.0,0.0,0.0,0.0,0.0,0.0,0.0
87,0.305,0.246,0.185,0.024,0.024,0.035,0.938,0.998,-0.015,-0.02,0.06,0.08,-0.114,-0.112,-2.747,-2.434,0.273,0.0,0.0,1.0,1.0,0.0,0.0,0.0,0.0,0.0,0.0,0.0,0.0,0.0
88,0.4,0.4,0.153,0.044,0.026,0.031,0.929,0.994,-0.056,-0.064,0.067,0.069,-0.134,-0.299,-3.075,-2.519,0.526,0.0,0.0,1.0,1.0,0.0,0.0,0.0,0.0,0.0,0.0,0.0,0.0,0.0
89,0.181,0.266,0.177,0.025,0.029,0.026,0.918,0.993,-0.057,-0.076,0.076,0.082,-0.13,-0.322,0.095,-0.493,0.433,0.0,0.0,1.0,1.0,0.0,0.0,0.0,0.0,0.0,0.0,0.0,0.0,0.0
90,-0.322,-0.177,0.247,-0.022,0.032,0.022,0.91,0.997,-0.007,-0.028,0.071,0.093,-0.136,-0.258,2.718,2.153,-0.366,0.0,0.0,1.0,1.0,0.0,0.0,0.0,0.0,0.0,0.0,0.0,0.0,0.0
91,-0.4,-0.4,0.158,-0.035,0.035,0.018,0.9,0.997,0.036,0.023,0.062,0.083,-0.118,-0.283,2.631,2.622,-0.487,0.0,0.0,1.0,1.0,0.0,0.0,0.0,0.0,0.0,0.0,0.0,0.0,0.0
92,0.034,-0.151,0.188,0.003,0.036,0.016,0.891,0.998,0.014,0.021,0.064,0.033,-0.063,-0.247,-1.265,-0.115,0.092,0.0,0.0,1.0,1.0,0.0,0.0,0.0,0.0,0.0,0.0,0.0,0.0,0.0
93,0.399,0.236,0.232,0.01,0.037,0.015,0.887,0.997,-0.034,-0.021,0.07,0.017,-0.044,-0.145,-2.652,-1.992,0.225,0.0,0.0,1.0,1.0,0.0,0.0,0.0,0.0,0.0,0.0,0.0,0.0,0.0
94,0.4,0.4,0.114,0.022,0.037,0.014,0.883,0.992,-0.07,-0.067,0.078,0.003,-0.024,-0.122,-2.195,-2.328,0.445,0.0,0.0,1.0,1.0,0.0,0.0,0.0,0.0,0.0,0.0,0.0,0.0,0.0
95,-0.045,0.073,0.184,-0.009,0.038,0.012,0.881,0.995,-0.035,-0.051,0.077,0.035,-0.044,-0.041,1.87,0.79,-0.145,0.0,0.0,1.0,1.0,0.0,0.0,0.0,0.0,0.0,0.0,0.0,0.0,0.0
96,-0.389,-0.23,0.224,-0.021,0.039,0.011,0.882,0.997,0.015,-0.011,0.071,0.03,-0.024,0.009,2.907,1.954,-0.433,0.0,0.0,1.0,1.0,0.0,0.0,0.0,0.0,0.0,0.0,0.0,0.0,0.0
97,-0.398,-0.4,0.123,-0.018,0.04,0.011,0.88,0.996,0.05,0.036,0.068,0.029,-0.014,-0.048,2.23,2.357,-0.191,0.0,0.0,1.0,1.0,0.0,0.0,0.0,0.0,0.0,0.0,0.0,0.0,0.0
98,0.164,-0.05,0.177,0.008,0.039,0.012,0.881,0.997,0.013,0.017,0.072,-0.016,0.032,0.016,-1.986,-0.786,0.175,0.0,0.0,1.0,1.0,0.0,0.0,0.0,0.0,0.0,0.0,0.0,0.0,0.0
99,0.4,0.233,0.183,0.015,0.039,0.013,0.884,0.996,-0.035,-0.02,0.078,-0.018,0.04,0.069,-2.735,-1.837,0.282,0.0,0.0,1.0,1.0,0.0,0.0,0.0,0.0,0.0,0.0,0.0,0.0,0.0
100,0.4,0.399,0.1,0.016,0.038,0.015,0.884,0.992,-0.068,-0.067,0.085,-0.031,0.041,0.018,-1.991,-2.267,0.403,0.0,0.0,1.0,1.0,0.0,0.0,0.0,0.0,0.0,0.0,0.0,0.0,0.0
101,-0.044,0.057,0.149,-0.0,0.037,0.016,0.888,0.995,-0.028,-0.047,0.086,-0.006,0.028,0.116,2.058,0.826,-0.058,0.0,0.0,1.0,1.0,0.0,0.0,0.0,0.0,0.0,0.0,0.0,0.0,0.0
102,-0.312,-0.207,0.183,-0.01,0.037,0.017,0.894,0.997,0.018,-0.01,0.081,-0.013,0.04,0.166,2.71,1.97,-0.332,0.0,0.0,1.0,1.0,0.0,0.0,0.0,0.0,0.0,0.0,0.0,0.0,0.0
103,-0.386,-0.398,0.126,-0.011,0.037,0.019,0.897,0.995,0.055,0.037,0.077,-0.003,0.052,0.101,2.262,2.369,-0.214,0.0,0.0,1.0,1.0,0.0,0.0,0.0,0.0,0.0,0.0,0.0,0.0,0.0
104,0.134,-0.025,0.156,0.011,0.035,0.022,0.902,0.996,0.025,0.018,0.08,-0.047,0.087,0.141,-1.511,-0.729,0.132,0.0,0.0,1.0,1.0,0.0,0.0,0.0,0.0,0.0,0.0,0.0,0.0,0.0
105,0.398,0.219,0.154,0.018,0.034,0.025,0.907,0.996,-0.016,-0.016,0.084,-0.055,0.087,0.15,-2.427,-1.664,0.202,0.0,0.0,1.0,1.0,0.0,0.0,0.0,0.0,0.0,0.0,0.0,0.0,0.0
106,0.4,0.394,0.065,0.031,0.031,0.028,0.91,0.993,-0.051,-0.061,0.09,-0.068,0.093,0.087,-2.152,-2.143,0.426,0.0,0.0,1.0,1.0,0.0,0.0,0.0,0.0,0.0,0.0,0.0,0.0,0.0
107,-0.046,0.057,0.118,-0.005,0.03,0.03,0.916,0.995,-0.014,-0.043,0.09,-0.032,0.054,0.164,1.908,0.818,-0.142,0.0,0.0,1.0,1.0,0.0,0.0,0.0,0.0,0.0,0.0,0.0,0.0,0.0
108,-0.329,-0.19,0.156,-0.015,0.029,0.032,0.922,0.996,0.033,-0.006,0.084,-0.033,0.063,0.178,2.802,1.911,-0.406,0.0,0.0,1.0,1.0,0.0,0.0,0.0,0.0,0.0,0.0,0.0,0.0,0.0
109,-0.397,-0.393,0.119,-0.012,0.028,0.034,0.924,0.994,0.069,0.04,0.08,-0.029,0.066,0.076,2.363,2.395,-0.249,0.0,0.0,1.0,1.0,0.0,0.0,0.0,0.0,0.0,0.0,0.0,0.0,0.0
110,0.126,-0.034,0.15,0.014,0.026,0.037,0.927,0.996,0.037,0.024,0.083,-0.062,0.096,0.103,-1.616,-0.634,0.148,0.0,0.0,1.0,1.0,0.0,0.0,0.0,0.0,0.0,0.0,0.0,0.0,0.0
111,0.384,0.205,0.15,0.019,0.024,0.04,0.931,0.996,-0.006,-0.01,0.087,-0.064,0.082,0.097,-2.337,-1.592,0.193,0.0,0.0,1.0,1.0,0.0,0.0,0.0,0.0,0.0,0.0,0.0,0.0,0.0
112,0.4,0.397,0.057,0.033,0.021,0.043,0.932,0.993,-0.043,-0.054,0.093,-0.078,0.083,0.032,-2.399,-2.305,0.417,0.0,0.0,1.0,1.0,0.0,0.0,0.0,0.0,0.0,0.0,0.0,0.0,0.0
113,-0.053,0.084,0.111,-0.012,0.02,0.044,0.935,0.995,-0.009,-0.04,0.091,-0.039,0.043,0.091,1.882,0.593,-0.221,0.0,0.0,1.0,1.0,0.0,0.0,0.0,0.0,0.0,0.0,0.0,0.0,0.0
114,-0.386,-0.223,0.156,-0.024,0.019,0.045,0.938,0.996,0.039,-0.002,0.086,-0.028,0.046,0.112,3.209,2.201,-0.516,0.0,0.0,1.0,1.0,0.0,0.0,0.0,0.0,0.0,0.0,0.0,0.0,0.0
115,-0.398,-0.4,0.112,-0.017,0.019,0.047,0.937,0.993,0.074,0.047,0.083,-0.016,0.038,-0.01,2.229,2.553,-0.211,0.0,0.0,1.0,1.0,0.0,0.0,0.0,0.0,0.0,0.0,0.0,0.0,0.0
116,0.134,-0.048,0.152,0.018,0.017,0.049,0.938,0.995,0.041,0.03,0.088,-0.05,0.07,0.029,-1.917,-0.708,0.227,0.0,0.0,1.0,1.0,0.0,0.0,0.0,0.0,0.0,0.0,0.0,0.0,0.0
117,0.399,0.22,0.15,0.018,0.015,0.051,0.941,0.996,-0.007,-0.007,0.092,-0.045,0.057,0.079,-2.656,-1.854,0.197,0.0,0.0,1.0,1.0,0.0,0.0,0.0,0.0,0.0,0.0,0.0,0.0,0.0
118,0.4,0.393,0.069,0.026,0.014,0.052,0.942,0.993,-0.039,-0.052,0.098,-0.047,0.046,0.028,-2.092,-2.336,0.383,0.0,0.0,1.0,1.0,0.0,0.0,0.0,0.0,0.0,0.0,0.0,0.0,0.0
119,-0.132,0.019,0.117,-0.011,0.013,0.052,0.945,0.995,0.0,-0.031,0.096,-0.003,-0.002,0.099,2.144,0.853,-0.244,0.0,0.0,1.0,1.0,0.0,0.0,0.0,0.0,0.0,0.0,0.0,0.0,0.0
120,-0.399,-0.223,0.145,-0.013,0.014,0.052,0.949,0.995,0.05,0.006,0.091,0.007,-0.002,0.1,2.824,1.761,-0.341,0.0,0.0,1.0,1.0,0.0,0.0,0.0,0.0,0.0,0.0,0.0,0.0,0.0
121,-0.4,-0.4,0.075,-0.025,0.014,0.052,0.949,0.991,0.084,0.056,0.088,0.019,-0.008,-0.004,2.357,2.619,-0.233,0.0,0.0,1.0,1.0,0.0,0.0,0.0,0.0,0.0,0.0,0.0,0.0,0.0
122,0.105,-0.06,0.129,0.02,0.014,0.052,0.95,0.994,0.045,0.035,0.094,-0.008,0.021,0.051,-2.125,-0.939,0.216,0.0,0.0,1.0,1.0,0.0,0.0,0.0,0.0,0.0,0.0,0.0,0.0,0.0
123,0.356,0.134,0.141,0.023,0.014,0.053,0.954,0.995,-0.002,0.0,0.098,0.003,-0.0,0.08,-2.71,-1.573,0.222,0.0,0.0,1.0,1.0,0.0,0.0,0.0,0.0,0.0,0.0,0.0,0.0,0.0
124,0.396,0.375,0.096,0.03,0.014,0.052,0.954,0.993,-0.035,-0.046,0.105,-0.003,-0.01,0.014,-2.206,-2.385,0.45,0.0,0.0,1.0,1.0,0.0,0.0,0.0,0.0,0.0,0.0,0.0,0.0,0.0
125,-0.163,0.008,0.132,-0.001,0.016,0.05,0.956,0.994,-0.0,-0.031,0.105,0.042,-0.052,0.05,1.98,0.647,-0.097,0.0,0.0,1.0,1.0,0.0,0.0,0.0,0.0,0.0,0.0,0.0,0.0,0.0
126,-0.4,-0.237,0.131,-0.028,0.017,0.048,0.958,0.994,0.043,-0.003,0.1,0.061,-0.077,0.072,3.537,1.853,-0.54,0.0,0.0,1.0,1.0,0.0,0.0,0.0,0.0,0.0,0.0,0.0,0.0,0.0
127,-0.4,-0.4,0.077,-0.031,0.02,0.046,0.956,0.991,0.079,0.046,0.096,0.076,-0.069,-0.03,2.422,2.547,-0.268,0.0,0.0,1.0,1.0,0.0,0.0,0.0,0.0,0.0,0.0,0.0,0.0,0.0
128,-0.019,-0.078,0.108,0.025,0.021,0.045,0.957,0.993,0.05,0.029,0.099,0.032,-0.035,0.014,-1.512,-0.733,0.131,0.0,0.0,1.0,1.0,0.0,0.0,0.0,0.0,0.0,0.0,0.0,0.0,0.0
129,0.302,0.213,0.15,0.034,0.022,0.043,0.959,0.994,-0.001,-0.015,0.104,0.033,-0.053,0.035,-2.831,-2.106,0.294,0.0,0.0,1.0,1.0,0.0,0.0,0.0,0.0,0.0,0.0,0.0,0.0,0.0
130,0.385,0.4,0.119,0.038,0.023,0.041,0.956,0.991,-0.035,-0.062,0.111,0.024,-0.067,-0.074,-2.352,-2.528,0.492,0.0,0.0,1.0,1.0,0.0,0.0,0.0,0.0,0.0,0.0,0.0,0.0,0.0
131,-0.123,0.046,0.152,-0.011,0.025,0.037,0.954,0.993,-0.011,-0.047,0.109,0.063,-0.106,-0.058,1.471,0.694,-0.219,0.0,0.0,1.0,1.0,0.0,0.0,0.0,0.0,0.0,0.0,0.0,0.0,0.0
132,-0.398,-0.22,0.158,-0.023,0.027,0.034,0.953,0.994,0.031,-0.01,0.102,0.066,-0.104,-0.041,2.394,1.814,-0.473,0.0,0.0,1.0,1.0,0.0,0.0,0.0,0.0,0.0,0.0,0.0,0.0,0.0
133,-0.4,-0.4,0.069,-0.02,0.03,0.03,0.948,0.992,0.065,0.037,0.098,0.074,-0.114,-0.124,2.192,2.478,-0.323,0.0,0.0,1.0,1.0,0.0,0.0,0.0,0.0,0.0,0.0,0.0,0.0,0.0
134,0.049,-0.056,0.126,0.021,0.031,0.028,0.946,0.994,0.029,0.018,0.101,0.028,-0.077,-0.062,-1.998,-0.734,0.1,0.0,0.0,1.0,1.0,0.0,0.0,0.0,0.0,0.0,0.0,0.0,0.0,0.0
135,0.32,0.241,0.175,0.031,0.031,0.025,0.944,0.994,-0.017,-0.023,0.106,0.019,-0.077,-0.072,-2.665,-1.999,0.268,0.0,0.0,1.0,1.0,0.0,0.0,0.0,0.0,0.0,0.0,0.0,0.0,0.0
136,0.399,0.4,0.125,0.033,0.031,0.023,0.938,0.99,-0.052,-0.07,0.113,0.005,-0.078,-0.181,-2.278,-2.441,0.43,0.0,0.0,1.0,1.0,0.0,0.0,0.0,0.0,0.0,0.0,0.0,0.0,0.0
137,-0.079,0.086,0.17,0.003,0.033,0.019,0.933,0.992,-0.024,-0.052,0.114,0.039,-0.102,-0.134,1.438,0.637,0.003,0.0,0.0,1.0,1.0,0.0,0.0,0.0,0.0,0.0,0.0,0.0,0.0,0.0
138,-0.4,-0.221,0.196,-0.027,0.034,0.015,0.93,0.994,0.022,-0.008,0.106,0.039,-0.099,-0.103,2.582,1.913,-0.5,0.0,0.0,1.0,1.0,0.0,0.0,0.0,0.0,0.0,0.0,0.0,0.0,0.0
139,-0.4,-0.391,0.097,-0.013,0.035,0.012,0.925,0.993,0.052,0.033,0.102,0.035,-0.093,-0.148,2.15,2.274,-0.29,0.0,0.0,1.0,1.0,0.0,0.0,0.0,0.0,0.0,0.0,0.0,0.0,0.0
140,0.058,-0.034,0.153,0.025,0.035,0.011,0.921,0.994,0.019,0.016,0.106,-0.013,-0.048,-0.098,-1.786,-0.723,0.157,0.0,0.0,1.0,1.0,0.0,0.0,0.0,0.0,0.0,0.0,0.0,0.0,0.0
141,0.398,0.284,0.196,0.03,0.034,0.009,0.92,0.993,-0.032,-0.026,0.111,-0.023,-0.046,-0.059,-2.814,-2.014,0.26,0.0,0.0,1.0,1.0,0.0,0.0,0.0,0.0,0.0,0.0,0.0,0.0,0.0
142,0.4,0.4,0.101,0.02,0.032,0.008,0.915,0.989,-0.063,-0.071,0.117,-0.041,-0.041,-0.134,-2.095,-2.362,0.337,0.0,0.0,1.0,1.0,0.0,0.0,0.0,0.0,0.0,0.0,0.0,0.0,0.0
143,-0.189,-0.019,0.181,-0.012,0.033,0.005,0.913,0.992,-0.022,-0.04,0.115,0.01,-0.068,-0.059,2.602,1.581,-0.265,0.0,0.0,1.0,1.0,0.0,0.0,0.0,0.0,0.0,0.0,0.0,0.0,0.0
144,-0.399,-0.266,0.189,-0.017,0.033,0.004,0.912,0.994,0.019,-0.002,0.109,-0.003,-0.052,-0.028,2.822,2.22,-0.452,0.0,0.0,1.0,1.0,0.0,0.0,0.0,0.0,0.0,0.0,0.0,0.0,0.0
145,-0.399,-0.396,0.108,-0.007,0.032,0.003,0.91,0.992,0.049,0.043,0.106,-0.006,-0.042,-0.084,2.099,2.307,-0.19,0.0,0.0,1.0,1.0,0.0,0.0,0.0,0.0,0.0,0.0,0.0,0.0,0.0
146,0.156,0.011,0.165,0.017,0.031,0.003,0.909,0.994,0.012,0.019,0.109,-0.047,0.007,-0.022,-2.19,-1.088,0.114,0.0,0.0,1.0,1.0,0.0,0.0,0.0,0.0,0.0,0.0,0.0,0.0,0.0
147,0.4,0.297,0.18,0.023,0.029,0.004,0.91,0.993,-0.034,-0.022,0.114,-0.052,0.016,0.015,-2.656,-2.049,0.193,0.0,0.0,1.0,1.0,0.0,0.0,0.0,0.0,0.0,0.0,0.0,0.0,0.0
148,0.4,0.399,0.085,0.033,0.027,0.004,0.907,0.988,-0.068,-0.067,0.12,-0.058,0.018,-0.058,-2.176,-2.201,0.378,0.0,0.0,1.0,1.0,0.0,0.0,0.0,0.0,0.0,0.0,0.0,0.0,0.0
149,-0.05,0.035,0.15,0.009,0.026,0.004,0.908,0.991,-0.033,-0.042,0.121,-0.021,0.002,0.025,2.07,1.124,-0.072,0.0,0.0,1.0,1.0,0.0,0.0,0.0,0.0,0.0,0.0,0.0,0.0,0.0
150,-0.345,-0.326,0.191,-0.013,0.025,0.005,0.911,0.994,0.02,0.01,0.111,-0.02,0.021,0.067,2.617,2.628,-0.507,0.0,0.0,1.0,1.0,0.0,0.0,0.0,0.0,0.0,0.0,0.0,0.0,0.0
151,-0.378,-0.388,0.11,-0.004,0.025,0.006,0.91,0.992,0.049,0.047,0.106,-0.023,0.033,-0.014,2.181,2.219,-0.346,0.0,0.0,1.0,1.0,0.0,0.0,0.0,0.0,0.0,0.0,0.0,0.0,0.0
152,0.153,0.029,0.169,0.017,0.022,0.009,0.911,0.994,0.017,0.023,0.11,-0.07,0.076,0.027,-1.787,-1.209,0.118,0.0,0.0,1.0,1.0,0.0,0.0,0.0,0.0,0.0,0.0,0.0,0.0,0.0
153,0.4,0.356,0.164,0.018,0.02,0.012,0.914,0.993,-0.025,-0.024,0.113,-0.076,0.082,0.061,-2.555,-2.347,0.124,0.0,0.0,1.0,1.0,0.0,0.0,0.0,0.0,0.0,0.0,0.0,0.0,0.0
154,0.4,0.396,0.074,0.039,0.017,0.015,0.912,0.989,-0.056,-0.067,0.119,-0.071,0.085,-0.025,-1.689,-2.029,0.403,0.0,0.0,1.0,1.0,0.0,0.0,0.0,0.0,0.0,0.0,0.0,0.0,0.0
155,-0.034,-0.016,0.135,0.013,0.017,0.017,0.914,0.992,-0.021,-0.035,0.118,-0.026,0.059,0.05,2.01,1.422,-0.091,0.0,0.0,1.0,1.0,0.0,0.0,0.0,0.0,0.0,0.0,0.0,0.0,0.0
156,-0.341,-0.318,0.174,-0.014,0.016,0.019,0.918,0.994,0.027,0.015,0.109,-0.029,0.071,0.101,2.874,2.446,-0.58,0.0,0.0,1.0,1.0,0.0,0.0,0.0,0.0,0.0,0.0,0.0,0.0,0.0
157,-0.345,-0.394,0.114,-0.005,0.014,0.022,0.918,0.991,0.06,0.061,0.103,-0.035,0.079,-0.005,1.892,1.976,-0.288,0.0,0.0,1.0,1.0,0.0,0.0,0.0,0.0,0.0,0.0,0.0,0.0,0.0
158,0.241,0.079,0.176,0.013,0.012,0.026,0.919,0.994,0.024,0.024,0.106,-0.071,0.124,0.049,-2.319,-1.711,0.12,0.0,0.0,1.0,1.0,0.0,0.0,0.0,0.0,0.0,0.0,0.0,0.0,0.0
159,0.4,0.327,0.141,0.018,0.011,0.029,0.921,0.994,-0.012,-0.017,0.109,-0.054,0.105,0.059,-2.578,-2.365,0.127,0.0,0.0,1.0,1.0,0.0,0.0,0.0,0.0,0.0,0.0,0.0,0.0,0.0
160,0.399,0.399,0.078,0.024,0.009,0.032,0.921,0.991,-0.037,-0.059,0.114,-0.056,0.101,-0.009,-1.737,-2.295,0.294,0.0,0.0,1.0,1.0,0.0,0.0,0.0,0.0,0.0,0.0,0.0,0.0,0.0
161,-0.233,-0.075,0.145,-0.006,0.009,0.034,0.923,0.993,0.013,-0.023,0.114,0.004,0.065,0.084,3.01,1.602,-0.199,0.0,0.0,1.0,1.0,0.0,0.0,0.0,0.0,0.0,0.0,0.0,0.0,0.0
162,-0.396,-0.334,0.154,-0.015,0.009,0.036,0.927,0.993,0.049,0.018,0.108,0.002,0.058,0.097,2.766,2.338,-0.452,0.0,0.0,1.0,1.0,0.0,0.0,0.0,0.0,0.0,0.0,0.0,0.0,0.0
163,-0.391,-0.4,0.088,-0.009,0.009,0.038,0.926,0.989,0.082,0.068,0.105,0.006,0.062,-0.015,1.831,2.219,-0.125,0.0,0.0,1.0,1.0,0.0,0.0,0.0,0.0,0.0,0.0,0.0,0.0,0.0
164,0.193,0.092,0.159,0.031,0.008,0.041,0.928,0.993,0.039,0.026,0.11,-0.024,0.082,0.067,-2.592,-2.118,0.292,0.0,0.0,1.0,1.0,0.0,0.0,0.0,0.0,0.0,0.0,0.0,0.0,0.0
165,0.4,0.256,0.151,0.028,0.008,0.043,0.931,0.993,-0.007,-0.015,0.113,-0.005,0.061,0.082,-2.84,-2.093,0.207,0.0,0.0,1.0,1.0,0.0,0.0,0.0,0.0,0.0,0.0,0.0,0.0,0.0
166,0.386,0.366,0.092,0.031,0.008,0.044,0.931,0.991,-0.035,-0.056,0.118,-0.0,0.048,0.011,-1.765,-2.081,0.385,0.0,0.0,1.0,1.0,0.0,0.0,0.0,0.0,0.0,0.0,0.0,0.0,0.0
167,-0.158,-0.013,0.141,0.001,0.01,0.044,0.934,0.993,0.004,-0.03,0.117,0.049,0.003,0.07,2.159,0.862,-0.136,0.0,0.0,1.0,1.0,0.0,0.0,0.0,0.0,0.0,0.0,0.0,0.0,0.0
168,-0.4,-0.297,0.15,-0.017,0.012,0.044,0.937,0.993,0.05,0.012,0.11,0.053,-0.003,0.093,2.719,1.95,-0.473,0.0,0.0,1.0,1.0,0.0,0.0,0.0,0.0,0.0,0.0,0.0,0.0,0.0
169,-0.399,-0.399,0.074,-0.011,0.014,0.044,0.937,0.99,0.078,0.051,0.106,0.073,-0.006,0.001,2.01,2.193,-0.235,0.0,0.0,1.0,1.0,0.0,0.0,0.0,0.0,0.0,0.0,0.0,0.0,0.0
170,-0.033,-0.153,0.12,0.013,0.014,0.045,0.938,0.992,0.049,0.036,0.108,0.024,0.018,0.031,-1.078,-0.212,0.006,0.0,0.0,1.0,1.0,0.0,0.0,0.0,0.0,0.0,0.0,0.0,0.0,0.0
171,0.4,0.283,0.177,0.019,0.015,0.046,0.941,0.993,-0.014,-0.023,0.115,0.034,0.017,0.063,-3.398,-2.626,0.242,0.0,0.0,1.0,1.0,0.0,0.0,0.0,0.0,0.0,0.0,0.0,0.0,0.0
172,0.4,0.391,0.092,0.026,0.016,0.046,0.939,0.99,-0.043,-0.064,0.119,0.024,0.002,-0.048,-2.329,-2.336,0.318,0.0,0.0,1.0,1.0,0.0,0.0,0.0,0.0,0.0,0.0,0.0,0.0,0.0
173,-0.122,0.032,0.146,-0.001,0.018,0.044,0.938,0.992,-0.009,-0.046,0.12,0.064,-0.04,-0.023,2.07,0.855,-0.097,0.0,0.0,1.0,1.0,0.0,0.0,0.0,0.0,0.0,0.0,0.0,0.0,0.0
174,-0.4,-0.307,0.172,-0.021,0.021,0.043,0.939,0.992,0.044,0.003,0.115,0.074,-0.041,0.033,3.017,2.165,-0.424,0.0,0.0,1.0,1.0,0.0,0.0,0.0,0.0,0.0,0.0,0.0,0.0,0.0
175,-0.39,-0.395,0.082,-0.007,0.023,0.041,0.938,0.99,0.073,0.049,0.112,0.066,-0.034,-0.023,1.62,2.04,-0.11,0.0,0.0,1.0,1.0,0.0,0.0,0.0,0.0,0.0,0.0,0.0,0.0,0.0
176,0.128,-0.004,0.129,0.028,0.024,0.041,0.94,0.993,0.033,0.02,0.115,0.031,-0.011,0.044,-2.372,-1.326,0.229,0.0,0.0,1.0,1.0,0.0,0.0,0.0,0.0,0.0,0.0,0.0,0.0,0.0
177,0.398,0.275,0.155,0.024,0.025,0.041,0.943,0.993,-0.017,-0.027,0.117,0.023,-0.016,0.067,-2.902,-2.263,0.164,0.0,0.0,1.0,1.0,0.0,0.0,0.0,0.0,0.0,0.0,0.0,0.0,0.0
178,0.362,0.397,0.096,0.024,0.025,0.039,0.941,0.989,-0.047,-0.074,0.123,0.022,-0.037,-0.034,-1.689,-2.195,0.314,0.0,0.0,1.0,1.0,0.0,0.0,0.0,0.0,0.0,0.0,0.0,0.0,0.0
179,-0.17,0.022,0.148,-0.001,0.027,0.037,0.942,0.991,-0.009,-0.049,0.124,0.059,-0.064,0.023,2.211,0.987,-0.068,0.0,0.0,1.0,1.0,0.0,0.0,0.0,0.0,0.0,0.0,0.0,0.0,0.0
180,-0.4,-0.273,0.154,-0.023,0.029,0.035,0.944,0.992,0.041,-0.003,0.118,0.052,-0.059,0.046,3.016,2.134,-0.434,0.0,0.0,1.0,1.0,0.0,0.0,0.0,0.0,0.0,0.0,0.0,0.0,0.0
181,-0.396,-0.399,0.084,-0.023,0.031,0.033,0.943,0.991,0.064,0.042,0.114,0.053,-0.051,-0.02,1.821,2.372,-0.29,0.0,0.0,1.0,1.0,0.0,0.0,0.0,0.0,0.0,0.0,0.0,0.0,0.0
182,0.135,-0.007,0.127,0.021,0.031,0.033,0.945,0.993,0.023,0.017,0.118,0.007,-0.021,0.041,-2.235,-1.119,0.129,0.0,0.0,1.0,1.0,0.0,0.0,0.0,0.0,0.0,0.0,0.0,0.0,0.0
183,0.4,0.277,0.151,0.029,0.031,0.032,0.947,0.992,-0.027,-0.027,0.123,-0.001,-0.024,0.057,-2.947,-2.197,0.265,0.0,0.0,1.0,1.0,0.0,0.0,0.0,0.0,0.0,0.0,0.0,0.0,0.0
184,0.399,0.4,0.086,0.029,0.031,0.031,0.945,0.987,-0.059,-0.075,0.132,-0.006,-0.036,-0.065,-1.948,-2.472,0.477,0.0,0.0,1.0,1.0,0.0,0.0,0.0,0.0,0.0,0.0,0.0,0.0,0.0
185,-0.101,0.028,0.138,0.01,0.032,0.029,0.945,0.99,-0.024,-0.049,0.132,0.025,-0.053,0.009,2.078,1.026,0.004,0.0,0.0,1.0,1.0,0.0,0.0,0.0,0.0,0.0,0.0,0.0,0.0,0.0
186,-0.398,-0.229,0.162,-0.012,0.032,0.027,0.947,0.992,0.026,-0.006,0.126,0.021,-0.044,0.04,2.914,1.986,-0.422,0.0,0.0,1.0,1.0,0.0,0.0,0.0,0.0,0.0,0.0,0.0,0.0,0.0
187,-0.383,-0.392,0.097,-0.005,0.033,0.026,0.944,0.99,0.057,0.044,0.122,0.016,-0.035,-0.059,1.777,2.14,-0.145,0.0,0.0,1.0,1.0,0.0,0.0,0.0,0.0,0.0,0.0,0.0,0.0,0.0
188,0.176,-0.017,0.139,0.023,0.032,0.027,0.945,0.992,0.02,0.021,0.125,-0.028,0.008,0.002,-2.331,-0.959,0.221,0.0,0.0,1.0,1.0,0.0,0.0,0.0,0.0,0.0,0.0,0.0,0.0,0.0
189,0.4,0.224,0.147,0.025,0.031,0.027,0.946,0.991,-0.028,-0.02,0.129,-0.025,0.008,0.022,-2.647,-1.79,0.211,0.0,0.0,1.0,1.0,0.0,0.0,0.0,0.0,0.0,0.0,0.0,0.0,0.0
190,0.4,0.398,0.081,0.027,0.03,0.027,0.944,0.987,-0.056,-0.064,0.134,-0.04,-0.001,-0.044,-2.13,-2.356,0.353,0.0,0.0,1.0,1.0,0.0,0.0,0.0,0.0,0.0,0.0,0.0,0.0,0.0
191,-0.114,0.057,0.133,-0.002,0.03,0.026,0.944,0.99,-0.018,-0.046,0.134,-0.0,-0.028,0.02,2.16,0.81,-0.152,0.0,0.0,1.0,1.0,0.0,0.0,0.0,0.0,0.0,0.0,0.0,0.0,0.0
192,-0.399,-0.228,0.161,-0.014,0.03,0.025,0.946,0.991,0.036,-0.0,0.127,-0.003,-0.011,0.044,2.905,1.955,-0.405,0.0,0.0,1.0,1.0,0.0,0.0,0.0,0.0,0.0,0.0,0.0,0.0,0.0
193,-0.381,-0.396,0.097,-0.008,0.03,0.025,0.945,0.989,0.062,0.046,0.124,-0.004,-0.005,-0.046,1.789,2.307,-0.152,0.0,0.0,1.0,1.0,0.0,0.0,0.0,0.0,0.0,0.0,0.0,0.0,0.0
194,0.148,-0.047,0.136,0.017,0.029,0.026,0.946,0.991,0.025,0.025,0.126,-0.041,0.029,0.019,-2.084,-0.685,0.116,0.0,0.0,1.0,1.0,0.0,0.0,0.0,0.0,0.0,0.0,0.0,0.0,0.0
195,0.4,0.34,0.147,0.019,0.027,0.027,0.948,0.991,-0.025,-0.022,0.131,-0.054,0.027,0.061,-3.716,-2.611,0.24,0.0,0.0,1.0,1.0,0.0,0.0,0.0,0.0,0.0,0.0,0.0,0.0,0.0
196,0.396,0.399,0.084,0.018,0.025,0.028,0.946,0.987,-0.049,-0.067,0.137,-0.056,0.019,-0.03,-1.873,-2.41,0.405,0.0,0.0,1.0,1.0,0.0,0.0,0.0,0.0,0.0,0.0,0.0,0.0,0.0
197,-0.108,0.002,0.126,0.007,0.025,0.028,0.948,0.99,-0.013,-0.038,0.137,-0.009,-0.005,0.049,2.102,1.174,-0.092,0.0,0.0,1.0,1.0,0.0,0.0,0.0,0.0,0.0,0.0,0.0,0.0,0.0
198,-0.399,-0.345,0.152,-0.01,0.025,0.027,0.952,0.991,0.039,0.02,0.13,-0.002,-0.002,0.091,2.845,2.431,-0.412,0.0,0.0,1.0,1.0,0.0,0.0,0.0,0.0,0.0,0.0,0.0,0.0,0.0
199,-0.385,-0.399,0.066,-0.002,0.025,0.028,0.951,0.988,0.064,0.059,0.128,0.004,0.003,-0.006,1.996,2.346,-0.168,0.0,0.0,1.0,1.0,0.0,0.0,0.0,0.0,0.0,0.0,0.0,0.0,0.0
200,0.12,-0.01,0.123,0.025,0.024,0.029,0.953,0.99,0.03,0.031,0.131,-0.041,0.04,0.061,-1.971,-1.221,0.166,0.0,0.0,1.0,1.0,0.0,0.0,0.0,0.0,0.0,0.0,0.0,0.0,0.0
201,0.4,0.342,0.143,0.027,0.022,0.03,0.957,0.99,-0.021,-0.029,0.136,-0.036,0.029,0.088,-2.823,-2.527,0.214,0.0,0.0,1.0,1.0,0.0,0.0,0.0,0.0,0.0,0.0,0.0,0.0,0.0
202,0.388,0.375,0.072,0.032,0.021,0.031,0.956,0.987,-0.048,-0.068,0.139,-0.028,0.018,-0.022,-1.78,-2.002,0.264,0.0,0.0,1.0,1.0,0.0,0.0,0.0,0.0,0.0,0.0,0.0,0.0,0.0
203,-0.154,-0.054,0.131,-0.0,0.022,0.03,0.957,0.99,-0.009,-0.036,0.137,0.021,-0.015,0.034,2.373,1.531,-0.254,0.0,0.0,1.0,1.0,0.0,0.0,0.0,0.0,0.0,0.0,0.0,0.0,0.0
204,-0.4,-0.389,0.148,-0.019,0.024,0.03,0.959,0.99,0.048,0.025,0.128,0.03,-0.015,0.037,2.937,2.538,-0.566,0.0,0.0,1.0,1.0,0.0,0.0,0.0,0.0,0.0,0.0,0.0,0.0,0.0
205,-0.346,-0.349,0.077,0.007,0.024,0.03,0.956,0.988,0.069,0.057,0.126,0.018,0.005,-0.052,1.41,1.569,-0.138,0.0,0.0,1.0,1.0,0.0,0.0,0.0,0.0,0.0,0.0,0.0,0.0,0.0
206,0.251,0.166,0.147,0.036,0.023,0.031,0.957,0.991,0.019,0.008,0.131,-0.032,0.03,0.014,-2.953,-2.343,0.262,0.0,0.0,1.0,1.0,0.0,0.0,0.0,0.0,0.0,0.0,0.0,0.0,0.0
207,0.4,0.395,0.123,0.035,0.022,0.032,0.958,0.99,-0.024,-0.04,0.134,-0.027,0.025,0.023,-3.107,-2.726,0.206,0.0,0.0,1.0,1.0,0.0,0.0,0.0,0.0,0.0,0.0,0.0,0.0,0.0
208,0.328,0.32,0.093,0.027,0.022,0.032,0.956,0.987,-0.045,-0.071,0.135,-0.007,0.011,-0.066,-1.127,-1.374,0.179,0.0,0.0,1.0,1.0,0.0,0.0,0.0,0.0,0.0,0.0,0.0,0.0,0.0
209,-0.276,-0.222,0.161,-0.0,0.023,0.031,0.956,0.991,0.002,-0.02,0.132,0.045,-0.022,-0.001,3.093,2.591,-0.31,0.0,0.0,1.0,1.0,0.0,0.0,0.0,0.0,0.0,0.0,0.0,0.0,0.0
210,-0.4,-0.399,0.12,-0.014,0.024,0.031,0.955,0.991,0.045,0.033,0.122,0.032,-0.01,-0.016,2.68,2.522,-0.551,0.0,0.0,1.0,1.0,0.0,0.0,0.0,0.0,0.0,0.0,0.0,0.0,0.0
211,-0.294,-0.332,0.094,0.009,0.025,0.031,0.951,0.99,0.059,0.055,0.119,0.016,-0.006,-0.096,0.994,1.212,-0.171,0.0,0.0,1.0,1.0,0.0,0.0,0.0,0.0,0.0,0.0,0.0,0.0,0.0
212,0.207,0.13,0.158,0.028,0.024,0.032,0.95,0.992,0.018,0.009,0.122,-0.021,0.026,-0.053,-2.442,-2.05,0.171,0.0,0.0,1.0,1.0,0.0,0.0,0.0,0.0,0.0,0.0,0.0,0.0,0.0
213,0.4,0.399,0.144,0.026,0.023,0.032,0.949,0.991,-0.027,-0.047,0.126,-0.019,0.023,-0.032,-2.473,-2.597,0.143,0.0,0.0,1.0,1.0,0.0,0.0,0.0,0.0,0.0,0.0,0.0,0.0,0.0
214,0.297,0.304,0.1,0.025,0.023,0.032,0.946,0.989,-0.042,-0.07,0.127,-0.001,0.004,-0.101,-0.991,-1.207,0.113,0.0,0.0,1.0,1.0,0.0,0.0,0.0,0.0,0.0,0.0,0.0,0.0,0.0
215,-0.304,-0.23,0.181,-0.011,0.025,0.032,0.944,0.992,0.009,-0.017,0.122,0.044,-0.026,-0.057,3.069,2.591,-0.415,0.0,0.0,1.0,1.0,0.0,0.0,0.0,0.0,0.0,0.0,0.0,0.0,0.0
216,-0.4,-0.4,0.042,-0.087,0.026,0.031,0.942,0.992,0.045,0.026,0.116,0.112,-0.066,-0.2,6.708,6.234,-1.438,0.0,0.0,1.0,1.0,0.0,0.0,0.0,0.0,0.0,0.0,0.0,0.0,0.0
217,-0.307,-0.366,0.178,0.024,0.027,0.031,0.937,0.99,0.063,0.053,0.113,0.03,-0.014,-0.169,1.428,1.698,-0.218,0.0,0.0,1.0,1.0,0.0,0.0,0.0,0.0,0.0,0.0,0.0,0.0,0.0
218,0.262,0.231,0.194,0.058,0.026,0.032,0.935,0.992,0.015,-0.001,0.124,-0.022,0.026,-0.067,-2.803,-2.543,0.637,0.0,0.0,1.0,1.0,0.0,0.0,0.0,0.0,0.0,0.0,0.0,0.0,0.0
219,0.352,0.387,0.131,0.029,0.026,0.031,0.936,0.99,-0.019,-0.048,0.129,-0.007,-0.011,0.021,-2.226,-2.375,0.18,0.0,0.0,1.0,1.0,0.0,0.0,0.0,0.0,0.0,0.0,0.0,0.0,0.0
220,0.215,0.306,0.1,0.02,0.026,0.031,0.937,0.989,-0.027,-0.069,0.129,-0.001,-0.015,0.053,-0.782,-1.187,0.047,0.0,0.0,1.0,1.0,0.0,0.0,0.0,0.0,0.0,0.0,0.0,0.0,0.0
221,-0.328,-0.235,0.159,-0.017,0.027,0.029,0.943,0.992,0.018,-0.015,0.123,0.039,-0.047,0.149,2.673,2.521,-0.438,0.0,0.0,1.0,1.0,0.0,0.0,0.0,0.0,0.0,0.0,0.0,0.0,0.0
222,-0.362,-0.367,0.083,-0.013,0.028,0.028,0.949,0.992,0.048,0.029,0.117,0.026,-0.037,0.165,1.957,2.271,-0.453,0.0,0.0,1.0,1.0,0.0,0.0,0.0,0.0,0.0,0.0,0.0,0.0,0.0
223,-0.204,-0.28,0.079,0.014,0.028,0.027,0.951,0.991,0.051,0.047,0.117,0.009,-0.025,0.1,0.301,1.009,-0.046,0.0,0.0,1.0,1.0,0.0,0.0,0.0,0.0,0.0,0.0,0.0,0.0,0.0
224,0.282,0.219,0.139,0.032,0.027,0.027,0.956,0.993,0.003,-0.005,0.121,-0.035,0.005,0.125,-2.726,-2.372,0.246,0.0,0.0,1.0,1.0,0.0,0.0,0.0,0.0,0.0,0.0,0.0,0.0,0.0
225,0.317,0.345,0.099,0.025,0.026,0.027,0.96,0.991,-0.027,-0.047,0.124,-0.024,-0.019,0.118,-1.873,-2.065,0.137,0.0,0.0,1.0,1.0,0.0,0.0,0.0,0.0,0.0,0.0,0.0,0.0,0.0
226,0.127,0.211,0.1,0.02,0.026,0.026,0.961,0.99,-0.027,-0.059,0.124,-0.004,-0.031,0.055,-0.092,-0.532,0.071,0.0,0.0,1.0,1.0,0.0,0.0,0.0,0.0,0.0,0.0,0.0,0.0,0.0
227,-0.361,-0.279,0.159,-0.01,0.027,0.024,0.963,0.993,0.019,-0.006,0.119,0.043,-0.055,0.051,2.778,2.615,-0.358,0.0,0.0,1.0,1.0,0.0,0.0,0.0,0.0,0.0,0.0,0.0,0.0,0.0
228,-0.314,-0.336,0.085,-0.007,0.028,0.022,0.964,0.992,0.045,0.032,0.114,0.024,-0.041,0.023,1.512,1.948,-0.354,0.0,0.0,1.0,1.0,0.0,0.0,0.0,0.0,0.0,0.0,0.0,0.0,0.0
229,-0.131,-0.214,0.102,0.017,0.028,0.022,0.962,0.992,0.04,0.041,0.113,0.005,-0.028,-0.043,-0.248,0.43,0.011,0.0,0.0,1.0,1.0,0.0,0.0,0.0,0.0,0.0,0.0,0.0,0.0,0.0
230,0.295,0.255,0.158,0.029,0.027,0.021,0.962,0.993,-0.004,-0.011,0.117,-0.028,-0.009,-0.017,-2.624,-2.429,0.199,0.0,0.0,1.0,1.0,0.0,0.0,0.0,0.0,0.0,0.0,0.0,0.0,0.0
231,0.235,0.298,0.12,0.015,0.027,0.021,0.961,0.992,-0.023,-0.045,0.117,-0.008,-0.024,-0.039,-1.301,-1.677,-0.012,0.0,0.0,1.0,1.0,0.0,0.0,0.0,0.0,0.0,0.0,0.0,0.0,0.0
232,0.013,0.15,0.141,0.011,0.027,0.019,0.958,0.992,-0.015,-0.047,0.117,0.013,-0.043,-0.099,0.486,-0.172,-0.042,0.0,0.0,1.0,1.0,0.0,0.0,0.0,0.0,0.0,0.0,0.0,0.0,0.0
233,-0.4,-0.4,0.22,-0.053,0.029,0.017,0.955,0.993,0.025,0.003,0.112,0.093,-0.093,-0.154,4.254,4.119,-0.652,0.0,0.0,1.0,1.0,0.0,0.0,0.0,0.0,0.0,0.0,0.0,0.0,0.0
234,-0.196,-0.333,0.123,-0.021,0.03,0.016,0.951,0.993,0.034,0.032,0.108,0.033,-0.039,-0.132,0.965,1.943,-0.354,0.0,0.0,1.0,1.0,0.0,0.0,0.0,0.0,0.0,0.0,0.0,0.0,0.0
235,0.012,-0.094,0.146,0.032,0.03,0.016,0.946,0.993,0.018,0.026,0.113,0.007,-0.019,-0.154,-0.935,-0.411,0.268,0.0,0.0,1.0,1.0,0.0,0.0,0.0,0.0,0.0,0.0,0.0,0.0,0.0
236,0.331,0.331,0.178,0.035,0.029,0.016,0.944,0.993,-0.017,-0.023,0.119,-0.023,-0.007,-0.072,-2.255,-2.563,0.353,0.0,0.0,1.0,1.0,0.0,0.0,0.0,0.0,0.0,0.0,0.0,0.0,0.0
237,0.084,0.216,0.131,0.004,0.03,0.015,0.944,0.992,-0.018,-0.047,0.117,0.009,-0.02,-0.019,-0.19,-0.976,-0.142,0.0,0.0,1.0,1.0,0.0,0.0,0.0,0.0,0.0,0.0,0.0,0.0,0.0
238,-0.13,-0.036,0.166,0.001,0.03,0.014,0.942,0.993,0.001,-0.028,0.113,0.027,-0.031,-0.055,1.172,0.9,-0.226,0.0,0.0,1.0,1.0,0.0,0.0,0.0,0.0,0.0,0.0,0.0,0.0,0.0
239,-0.326,-0.355,0.154,0.002,0.032,0.013,0.941,0.993,0.028,0.013,0.112,0.049,-0.035,-0.031,1.755,2.213,-0.163,0.0,0.0,1.0,1.0,0.0,0.0,0.0,0.0,0.0,0.0,0.0,0.0,0.0
240,-0.058,-0.188,0.117,0.001,0.033,0.012,0.941,0.993,0.023,0.027,0.109,0.019,-0.007,-0.002,-0.191,0.511,-0.173,0.0,0.0,1.0,1.0,0.0,0.0,0.0,0.0,0.0,0.0,0.0,0.0,0.0
241,0.179,0.047,0.158,0.021,0.033,0.012,0.94,0.994,-0.003,0.003,0.112,0.0,-0.0,-0.051,-1.583,-1.06,0.119,0.0,0.0,1.0,1.0,0.0,0.0,0.0,0.0,0.0,0.0,0.0,0.0,0.0
242,0.391,0.4,0.159,0.022,0.032,0.013,0.937,0.991,-0.035,-0.05,0.116,-0.033,0.011,-0.08,-2.034,-2.629,0.268,0.0,0.0,1.0,1.0,0.0,0.0,0.0,0.0,0.0,0.0,0.0,0.0,0.0
243,0.114,0.239,0.128,0.007,0.031,0.013,0.935,0.991,-0.03,-0.058,0.115,-0.009,0.006,-0.076,0.139,-0.792,-0.071,0.0,0.0,1.0,1.0,0.0,0.0,0.0,0.0,0.0,0.0,0.0,0.0,0.0
244,-0.185,-0.03,0.186,-0.005,0.032,0.013,0.93,0.993,0.004,-0.031,0.111,0.009,-0.008,-0.137,1.835,1.164,-0.252,0.0,0.0,1.0,1.0,0.0,0.0,0.0,0.0,0.0,0.0,0.0,0.0,0.0
245,-0.262,-0.317,0.193,-0.005,0.032,0.013,0.924,0.994,0.027,0.011,0.108,0.015,0.004,-0.184,1.388,2.036,-0.25,0.0,0.0,1.0,1.0,0.0,0.0,0.0,0.0,0.0,0.0,0.0,0.0,0.0
246,-0.015,-0.171,0.18,0.009,0.032,0.014,0.916,0.994,0.021,0.022,0.107,-0.012,0.027,-0.23,-0.393,0.485,-0.046,0.0,0.0,1.0,1.0,0.0,0.0,0.0,0.0,0.0,0.0,0.0,0.0,0.0
247,0.254,0.071,0.219,0.017,0.031,0.015,0.907,0.994,-0.008,0.001,0.11,-0.033,0.039,-0.269,-1.6,-1.012,0.11,0.0,0.0,1.0,1.0,0.0,0.0,0.0,0.0,0.0,0.0,0.0,0.0,0.0
248,0.215,0.286,0.209,0.012,0.029,0.016,0.897,0.993,-0.019,-0.031,0.112,-0.045,0.029,-0.308,-0.708,-1.478,0.063,0.0,0.0,1.0,1.0,0.0,0.0,0.0,0.0,0.0,0.0,0.0,0.0,0.0
249,-0.009,0.181,0.217,0.006,0.028,0.017,0.888,0.993,-0.006,-0.036,0.111,-0.027,0.016,-0.324,0.71,-0.395,-0.072,0.0,0.0,1.0,1.0,0.0,0.0,0.0,0.0,0.0,0.0,0.0,0.0,0.0
250,-0.351,-0.115,0.267,-0.013,0.028,0.017,0.875,0.994,0.032,-0.008,0.106,-0.004,0.007,-0.364,1.968,1.223,-0.294,0.0,0.0,1.0,1.0,0.0,0.0,0.0,0.0,0.0,0.0,0.0,0.0,0.0
251,-0.169,-0.388,0.242,-0.016,0.028,0.018,0.862,0.994,0.034,0.025,0.106,0.002,0.026,-0.428,0.368,2.015,-0.2,0.0,0.0,1.0,1.0,0.0,0.0,0.0,0.0,0.0,0.0,0.0,0.0,0.0
252,0.092,-0.26,0.237,0.006,0.028,0.019,0.851,0.994,0.015,0.031,0.107,-0.012,0.039,-0.383,-1.051,0.663,0.04,0.0,0.0,1.0,1.0,0.0,0.0,0.0,0.0,0.0,0.0,0.0,0.0,0.0
253,0.4,0.151,0.27,-0.005,0.027,0.021,0.839,0.993,-0.032,-0.005,0.114,-0.031,0.049,-0.32,-2.346,-1.532,0.285,0.0,0.0,1.0,1.0,0.0,0.0,0.0,0.0,0.0,0.0,0.0,0.0,0.0
254,0.083,0.392,0.234,-0.021,0.026,0.022,0.831,0.992,-0.019,-0.042,0.116,-0.035,0.032,-0.254,0.451,-1.873,0.009,0.0,0.0,1.0,1.0,0.0,0.0,0.0,0.0,0.0,0.0,0.0,0.0,0.0
255,-0.205,0.22,0.241,-0.003,0.025,0.022,0.825,0.992,0.008,-0.046,0.116,-0.019,0.027,-0.215,1.955,-0.231,-0.047,0.0,0.0,1.0,1.0,0.0,0.0,0.0,0.0,0.0,0.0,0.0,0.0,0.0
256,-0.4,-0.168,0.245,-0.035,0.026,0.023,0.823,0.992,0.052,-0.01,0.115,0.002,0.019,-0.096,2.57,1.631,-0.181,0.0,0.0,1.0,1.0,0.0,0.0,0.0,0.0,0.0,0.0,0.0,0.0,0.0
257,0.056,-0.392,0.225,-0.022,0.025,0.025,0.824,0.992,0.026,0.029,0.118,-0.007,0.049,0.034,-0.968,2.009,0.021,0.0,0.0,1.0,1.0,0.0,0.0,0.0,0.0,0.0,0.0,0.0,0.0,0.0
258,0.357,-0.13,0.19,0.01,0.025,0.026,0.828,0.992,-0.01,0.026,0.124,-0.023,0.046,0.11,-2.221,0.014,0.253,0.0,0.0,1.0,1.0,0.0,0.0,0.0,0.0,0.0,0.0,0.0,0.0,0.0
259,0.399,0.227,0.15,0.017,0.024,0.028,0.835,0.99,-0.042,-0.012,0.133,-0.032,0.058,0.201,-1.639,-1.879,0.41,0.0,0.0,1.0,1.0,0.0,0.0,0.0,0.0,0.0,0.0,0.0,0.0,0.0
260,-0.167,0.27,0.165,-0.012,0.023,0.029,0.846,0.991,0.001,-0.035,0.132,-0.008,0.017,0.321,2.109,-1.457,-0.101,0.0,0.0,1.0,1.0,0.0,0.0,0.0,0.0,0.0,0.0,0.0,0.0,0.0
261,-0.38,0.039,0.163,-0.013,0.023,0.029,0.855,0.99,0.041,-0.025,0.129,0.008,0.021,0.333,2.584,0.209,-0.3,0.0,0.0,1.0,1.0,0.0,0.0,0.0,0.0,0.0,0.0,0.0,0.0,0.0
262,-0.374,-0.265,0.137,-0.016,0.025,0.03,0.866,0.989,0.072,0.015,0.127,0.025,0.027,0.293,1.537,1.651,-0.216,0.0,0.0,1.0,1.0,0.0,0.0,0.0,0.0,0.0,0.0,0.0,0.0,0.0
263,0.4,-0.357,0.189,-0.172,0.025,0.032,0.875,0.991,0.031,0.022,0.131,0.012,0.253,1.078,-9.754,1.621,0.764,0.0,0.0,1.0,1.0,0.0,0.0,0.0,0.0,0.0,0.0,0.0,0.0,0.0
264,0.4,0.133,0.159,-0.034,0.024,0.034,0.885,0.99,-0.02,0.001,0.137,-0.009,0.083,0.372,-3.749,-0.906,0.354,0.0,0.0,1.0,1.0,0.0,0.0,0.0,0.0,0.0,0.0,0.0,0.0,0.0
265,0.305,0.281,0.113,0.05,0.023,0.035,0.89,0.988,-0.039,-0.04,0.148,-0.029,0.032,0.196,-1.299,-2.236,0.646,0.0,0.0,1.0,1.0,0.0,0.0,0.0,0.0,0.0,0.0,0.0,0.0,0.0
266,-0.327,0.123,0.141,0.011,0.023,0.034,0.9,0.987,0.024,-0.038,0.156,-0.001,-0.023,0.338,2.857,-0.077,0.275,0.0,0.0,1.0,1.0,0.0,0.0,0.0,0.0,0.0,0.0,0.0,0.0,0.0
267,-0.368,-0.112,0.089,-0.006,0.023,0.034,0.917,0.986,0.059,-0.011,0.153,0.002,-0.006,0.487,2.118,1.138,-0.271,0.0,0.0,1.0,1.0,0.0,0.0,0.0,0.0,0.0,0.0,0.0,0.0,0.0
268,-0.209,-0.211,0.067,0.005,0.023,0.034,0.933,0.986,0.066,0.021,0.151,-0.004,0.004,0.483,0.481,1.394,-0.16,0.0,0.0,1.0,1.0,0.0,0.0,0.0,0.0,0.0,0.0,0.0,0.0,0.0
269,0.288,0.008,0.08,0.028,0.022,0.035,0.951,0.988,0.013,0.006,0.155,-0.045,0.019,0.557,-2.783,-0.366,0.16,0.0,0.0,1.0,1.0,0.0,0.0,0.0,0.0,0.0,0.0,0.0,0.0,0.0
270,0.28,0.139,0.042,0.023,0.02,0.035,0.969,0.987,-0.019,-0.018,0.156,-0.036,-0.012,0.525,-2.0,-1.053,0.025,0.0,0.0,1.0,1.0,0.0,0.0,0.0,0.0,0.0,0.0,0.0,0.0,0.0
271,0.1,0.196,0.043,0.021,0.019,0.034,0.983,0.987,-0.018,-0.038,0.157,-0.032,-0.029,0.439,-0.155,-1.107,0.033,0.0,0.0,1.0,1.0,0.0,0.0,0.0,0.0,0.0,0.0,0.0,0.0,0.0
272,-0.316,-0.064,0.065,-0.001,0.02,0.032,0.996,0.988,0.026,-0.014,0.154,0.008,-0.055,0.399,2.549,0.95,-0.282,0.0,0.0,1.0,1.0,0.0,0.0,0.0,0.0,0.0,0.0,0.0,0.0,0.0
273,-0.274,-0.175,0.047,0.001,0.02,0.03,1.005,0.988,0.047,0.012,0.149,-0.006,-0.046,0.308,1.451,1.417,-0.314,0.0,0.0,1.0,1.0,0.0,0.0,0.0,0.0,0.0,0.0,0.0,0.0,0.0
274,-0.137,-0.182,0.061,0.012,0.019,0.029,1.01,0.988,0.042,0.025,0.147,-0.008,-0.028,0.171,0.118,1.051,-0.149,0.0,0.0,1.0,1.0,0.0,0.0,0.0,0.0,0.0,0.0,0.0,0.0,0.0
275,0.269,0.099,0.099,0.03,0.018,0.029,1.013,0.989,-0.004,-0.001,0.15,-0.046,-0.008,0.084,-2.391,-1.072,0.149,0.0,0.0,1.0,1.0,0.0,0.0,0.0,0.0,0.0,0.0,0.0,0.0,0.0
276,0.276,0.22,0.09,0.023,0.016,0.029,1.011,0.988,-0.027,-0.029,0.151,-0.044,-0.019,-0.041,-1.488,-1.322,0.044,0.0,0.0,1.0,1.0,0.0,0.0,0.0,0.0,0.0,0.0,0.0,0.0,0.0
277,0.107,0.2,0.113,0.022,0.015,0.027,1.004,0.987,-0.025,-0.041,0.152,-0.029,-0.04,-0.204,0.099,-0.676,0.046,0.0,0.0,1.0,1.0,0.0,0.0,0.0,0.0,0.0,0.0,0.0,0.0,0.0
278,-0.343,-0.117,0.175,-0.008,0.016,0.026,0.995,0.989,0.016,-0.009,0.146,0.008,-0.056,-0.324,2.731,1.486,-0.384,0.0,0.0,1.0,1.0,0.0,0.0,0.0,0.0,0.0,0.0,0.0,0.0,0.0
279,-0.361,-0.284,0.159,-0.008,0.016,0.024,0.98,0.989,0.04,0.025,0.14,0.011,-0.04,-0.434,1.723,1.598,-0.388,0.0,0.0,1.0,1.0,0.0,0.0,0.0,0.0,0.0,0.0,0.0,0.0,0.0
280,-0.235,-0.282,0.168,0.003,0.016,0.023,0.961,0.989,0.041,0.043,0.137,0.001,-0.028,-0.559,0.441,0.935,-0.238,0.0,0.0,1.0,1.0,0.0,0.0,0.0,0.0,0.0,0.0,0.0,0.0,0.0
281,0.128,0.134,0.245,0.036,0.015,0.023,0.941,0.99,0.015,0.011,0.141,-0.04,-0.012,-0.613,-1.832,-1.776,0.188,0.0,0.0,1.0,1.0,0.0,0.0,0.0,0.0,0.0,0.0,0.0,0.0,0.0
282,0.4,0.391,0.261,0.038,0.013,0.023,0.92,0.989,-0.024,-0.033,0.144,-0.037,-0.008,-0.656,-2.38,-2.071,0.176,0.0,0.0,1.0,1.0,0.0,0.0,0.0,0.0,0.0,0.0,0.0,0.0,0.0
283,0.302,0.26,0.208,0.027,0.012,0.022,0.897,0.988,-0.038,-0.05,0.145,-0.021,-0.019,-0.691,-0.851,-0.677,0.04,0.0,0.0,1.0,1.0,0.0,0.0,0.0,0.0,0.0,0.0,0.0,0.0,0.0
284,-0.295,-0.274,0.315,0.0,0.014,0.021,0.876,0.99,0.005,0.001,0.138,0.035,-0.038,-0.627,2.649,2.406,-0.409,0.0,0.0,1.0,1.0,0.0,0.0,0.0,0.0,0.0,0.0,0.0,0.0,0.0
285,-0.4,-0.4,0.211,-0.009,0.015,0.02,0.857,0.99,0.042,0.046,0.13,0.034,-0.033,-0.608,2.193,2.177,-0.528,0.0,0.0,1.0,1.0,0.0,0.0,0.0,0.0,0.0,0.0,0.0,0.0,0.0
286,-0.382,-0.361,0.215,0.02,0.016,0.019,0.839,0.988,0.056,0.061,0.127,0.035,-0.024,-0.55,0.786,0.556,-0.117,0.0,0.0,1.0,1.0,0.0,0.0,0.0,0.0,0.0,0.0,0.0,0.0,0.0
287,0.241,0.189,0.301,0.028,0.016,0.019,0.826,0.992,0.007,0.005,0.129,0.002,-0.001,-0.4,-2.804,-2.545,0.132,0.0,0.0,1.0,1.0,0.0,0.0,0.0,0.0,0.0,0.0,0.0,0.0,0.0
288,0.4,0.397,0.269,0.036,0.017,0.019,0.815,0.99,-0.032,-0.04,0.132,0.032,-0.003,-0.335,-2.693,-2.249,0.166,0.0,0.0,1.0,1.0,0.0,0.0,0.0,0.0,0.0,0.0,0.0,0.0,0.0
289,0.397,0.332,0.199,0.03,0.018,0.019,0.806,0.988,-0.052,-0.065,0.133,0.032,0.004,-0.286,-1.324,-1.257,0.125,0.0,0.0,1.0,1.0,0.0,0.0,0.0,0.0,0.0,0.0,0.0,0.0,0.0
290,-0.4,-0.4,0.318,-0.028,0.021,0.019,0.803,0.992,-0.003,-0.012,0.127,0.15,-0.027,-0.125,5.793,4.615,-0.851,0.0,0.0,1.0,1.0,0.0,0.0,0.0,0.0,0.0,0.0,0.0,0.0,0.0
291,-0.4,-0.4,0.171,-0.015,0.023,0.019,0.803,0.992,0.039,0.037,0.118,0.074,-0.004,-0.0,3.35,2.869,-0.62,0.0,0.0,1.0,1.0,0.0,0.0,0.0,0.0,0.0,0.0,0.0,0.0,0.0
292,-0.392,-0.374,0.158,0.015,0.025,0.019,0.805,0.989,0.066,0.062,0.114,0.066,-0.007,0.039,1.553,1.189,-0.204,0.0,0.0,1.0,1.0,0.0,0.0,0.0,0.0,0.0,0.0,0.0,0.0,0.0
293,0.151,0.114,0.2,0.028,0.026,0.02,0.812,0.993,0.024,0.01,0.117,0.04,0.014,0.221,-2.415,-2.235,0.13,0.0,0.0,1.0,1.0,0.0,0.0,0.0,0.0,0.0,0.0,0.0,0.0,0.0
294,0.383,0.355,0.207,0.024,0.028,0.02,0.823,0.992,-0.015,-0.039,0.118,0.058,0.003,0.283,-2.606,-2.525,0.074,0.0,0.0,1.0,1.0,0.0,0.0,0.0,0.0,0.0,0.0,0.0,0.0,0.0
295,0.353,0.264,0.129,0.037,0.03,0.02,0.831,0.989,-0.044,-0.068,0.12,0.064,0.002,0.279,-1.722,-1.297,0.205,0.0,0.0,1.0,1.0,0.0,0.0,0.0,0.0,0.0,0.0,0.0,0.0,0.0
296,-0.241,-0.19,0.194,-0.001,0.034,0.019,0.844,0.993,-0.0,-0.028,0.117,0.103,-0.03,0.385,2.448,1.897,-0.323,0.0,0.0,1.0,1.0,0.0,0.0,0.0,0.0,0.0,0.0,0.0,0.0,0.0
297,-0.399,-0.361,0.118,-0.01,0.037,0.018,0.858,0.993,0.04,0.016,0.109,0.088,-0.03,0.406,2.508,2.065,-0.49,0.0,0.0,1.0,1.0,0.0,0.0,0.0,0.0,0.0,0.0,0.0,0.0,0.0
298,-0.343,-0.263,0.08,0.018,0.039,0.017,0.868,0.992,0.062,0.033,0.107,0.068,-0.021,0.341,1.242,0.903,-0.084,0.0,0.0,1.0,1.0,0.0,0.0,0.0,0.0,0.0,0.0,0.0,0.0,0.0
299,0.211,0.198,0.143,0.04,0.039,0.018,0.882,0.994,0.015,-0.016,0.109,0.015,0.016,0.39,-2.642,-2.242,0.266,0.0,0.0,1.0,1.0,0.0,0.0,0.0,0.0,0.0,0.0,0.0,0.0,0.0
300,0.387,0.342,0.122,0.025,0.04,0.018,0.895,0.992,-0.027,-0.059,0.109,0.022,0.0,0.384,-2.546,-2.088,0.057,0.0,0.0,1.0,1.0,0.0,0.0,0.0,0.0,0.0,0.0,0.0,0.0,0.0
301,0.259,0.221,0.093,0.023,0.041,0.018,0.905,0.99,-0.043,-0.072,0.109,0.034,0.001,0.32,-0.978,-0.843,0.062,0.0,0.0,1.0,1.0,0.0,0.0,0.0,0.0,0.0,0.0,0.0,0.0,0.0
302,-0.299,-0.238,0.155,-0.005,0.043,0.016,0.916,0.994,0.005,-0.021,0.104,0.063,-0.044,0.344,2.786,2.355,-0.319,0.0,0.0,1.0,1.0,0.0,0.0,0.0,0.0,0.0,0.0,0.0,0.0,0.0
303,-0.399,-0.324,0.071,-0.007,0.045,0.015,0.927,0.994,0.048,0.021,0.098,0.051,-0.038,0.319,2.506,1.896,-0.438,0.0,0.0,1.0,1.0,0.0,0.0,0.0,0.0,0.0,0.0,0.0,0.0,0.0
304,-0.248,-0.238,0.065,0.009,0.046,0.014,0.934,0.993,0.057,0.035,0.096,0.022,-0.017,0.255,0.55,0.751,-0.091,0.0,0.0,1.0,1.0,0.0,0.0,0.0,0.0,0.0,0.0,0.0,0.0,0.0
305,0.311,0.2,0.122,0.029,0.045,0.015,0.944,0.995,0.002,-0.014,0.099,-0.021,0.014,0.278,-3.167,-2.187,0.229,0.0,0.0,1.0,1.0,0.0,0.0,0.0,0.0,0.0,0.0,0.0,0.0,0.0
306,0.336,0.309,0.09,0.017,0.044,0.015,0.951,0.993,-0.028,-0.049,0.1,-0.011,0.002,0.258,-2.171,-2.02,0.062,0.0,0.0,1.0,1.0,0.0,0.0,0.0,0.0,0.0,0.0,0.0,0.0,0.0
307,0.152,0.184,0.094,0.022,0.045,0.014,0.958,0.992,-0.035,-0.059,0.102,0.002,-0.017,0.178,-0.252,-0.588,0.138,0.0,0.0,1.0,1.0,0.0,0.0,0.0,0.0,0.0,0.0,0.0,0.0,0.0
308,-0.319,-0.255,0.141,-0.005,0.046,0.013,0.964,0.995,0.012,-0.011,0.098,0.039,-0.043,0.181,2.601,2.283,-0.277,0.0,0.0,1.0,1.0,0.0,0.0,0.0,0.0,0.0,0.0,0.0,0.0,0.0
309,-0.355,-0.318,0.065,-0.01,0.047,0.012,0.969,0.995,0.042,0.023,0.092,0.021,-0.029,0.154,2.065,1.926,-0.402,0.0,0.0,1.0,1.0,0.0,0.0,0.0,0.0,0.0,0.0,0.0,0.0,0.0
310,-0.033,-0.146,0.078,0.017,0.047,0.011,0.971,0.995,0.041,0.03,0.09,-0.02,-0.008,0.141,-1.088,0.126,0.11,0.0,0.0,1.0,1.0,0.0,0.0,0.0,0.0,0.0,0.0,0.0,0.0,0.0
311,0.354,0.249,0.133,0.029,0.045,0.012,0.973,0.995,-0.007,-0.017,0.094,-0.046,0.017,0.067,-3.08,-2.317,0.296,0.0,0.0,1.0,1.0,0.0,0.0,0.0,0.0,0.0,0.0,0.0,0.0,0.0
312,0.215,0.277,0.1,0.013,0.044,0.012,0.974,0.994,-0.026,-0.047,0.096,-0.029,-0.001,0.043,-1.094,-1.583,0.063,0.0,0.0,1.0,1.0,0.0,0.0,0.0,0.0,0.0,0.0,0.0,0.0,0.0
313,-0.083,0.064,0.125,-0.001,0.044,0.011,0.975,0.995,-0.007,-0.039,0.094,-0.006,-0.027,0.028,1.077,0.27,-0.155,0.0,0.0,1.0,1.0,0.0,0.0,0.0,0.0,0.0,0.0,0.0,0.0,0.0
314,-0.342,-0.344,0.133,-0.013,0.045,0.01,0.976,0.996,0.03,0.008,0.089,0.023,-0.034,0.051,2.0,2.438,-0.321,0.0,0.0,1.0,1.0,0.0,0.0,0.0,0.0,0.0,0.0,0.0,0.0,0.0
315,-0.084,-0.257,0.088,-0.004,0.045,0.01,0.977,0.995,0.032,0.028,0.087,-0.028,0.01,0.014,-0.001,1.398,-0.164,0.0,0.0,1.0,1.0,0.0,0.0,0.0,0.0,0.0,0.0,0.0,0.0,0.0
316,0.203,0.009,0.124,0.017,0.044,0.01,0.976,0.996,0.002,0.012,0.091,-0.034,0.017,-0.022,-1.931,-0.903,0.156,0.0,0.0,1.0,1.0,0.0,0.0,0.0,0.0,0.0,0.0,0.0,0.0,0.0
317,0.296,0.365,0.123,0.017,0.042,0.011,0.976,0.995,-0.022,-0.033,0.095,-0.052,0.012,0.006,-1.773,-2.577,0.214,0.0,0.0,1.0,1.0,0.0,0.0,0.0,0.0,0.0,0.0,0.0,0.0,0.0
318,0.017,0.152,0.117,0.003,0.042,0.011,0.976,0.995,-0.014,-0.041,0.093,-0.019,-0.009,-0.01,0.387,-0.526,-0.097,0.0,0.0,1.0,1.0,0.0,0.0,0.0,0.0,0.0,0.0,0.0,0.0,0.0
319,-0.266,-0.1,0.15,-0.01,0.042,0.01,0.974,0.996,0.017,-0.018,0.09,0.011,-0.024,-0.064,1.891,1.136,-0.289,0.0,0.0,1.0,1.0,0.0,0.0,0.0,0.0,0.0,0.0,0.0,0.0,0.0
320,-0.214,-0.361,0.13,-0.008,0.043,0.01,0.97,0.995,0.034,0.027,0.088,0.018,-0.004,-0.125,0.806,1.922,-0.151,0.0,0.0,1.0,1.0,0.0,0.0,0.0,0.0,0.0,0.0,0.0,0.0,0.0
321,0.066,-0.2,0.132,0.006,0.043,0.01,0.963,0.995,0.016,0.032,0.089,-0.003,0.016,-0.193,-1.125,0.294,0.037,0.0,0.0,1.0,1.0,0.0,0.0,0.0,0.0,0.0,0.0,0.0,0.0,0.0
322,0.311,0.044,0.174,0.013,0.042,0.011,0.955,0.995,-0.019,0.006,0.094,-0.022,0.03,-0.266,-1.959,-1.182,0.167,0.0,0.0,1.0,1.0,0.0,0.0,0.0,0.0,0.0,0.0,0.0,0.0,0.0
323,0.088,0.284,0.191,0.004,0.041,0.011,0.944,0.995,-0.016,-0.031,0.096,-0.023,-0.004,-0.323,-0.003,-1.784,0.053,0.0,0.0,1.0,1.0,0.0,0.0,0.0,0.0,0.0,0.0,0.0,0.0,0.0
324,-0.216,0.16,0.214,-0.007,0.041,0.011,0.931,0.995,0.012,-0.036,0.094,-0.003,-0.013,-0.379,1.559,-0.399,-0.15,0.0,0.0,1.0,1.0,0.0,0.0,0.0,0.0,0.0,0.0,0.0,0.0,0.0
325,-0.4,-0.105,0.217,-0.022,0.041,0.01,0.916,0.995,0.047,-0.013,0.092,0.017,-0.025,-0.447,1.934,1.015,-0.236,0.0,0.0,1.0,1.0,0.0,0.0,0.0,0.0,0.0,0.0,0.0,0.0,0.0
326,-0.029,-0.336,0.234,-0.009,0.042,0.01,0.9,0.995,0.027,0.017,0.094,0.016,0.021,-0.487,-0.809,1.682,0.029,0.0,0.0,1.0,1.0,0.0,0.0,0.0,0.0,0.0,0.0,0.0,0.0,0.0
327,0.348,-0.144,0.256,0.004,0.042,0.011,0.884,0.995,-0.011,0.015,0.098,-0.006,0.03,-0.53,-2.305,0.011,0.146,0.0,0.0,1.0,1.0,0.0,0.0,0.0,0.0,0.0,0.0,0.0,0.0,0.0
328,0.4,0.207,0.216,-0.001,0.041,0.012,0.868,0.993,-0.049,-0.013,0.104,-0.024,0.028,-0.519,-2.224,-1.584,0.301,0.0,0.0,1.0,1.0,0.0,0.0,0.0,0.0,0.0,0.0,0.0,0.0,0.0
329,-0.146,0.343,0.272,-0.029,0.04,0.012,0.853,0.994,-0.01,-0.04,0.106,-0.022,-0.016,-0.472,2.047,-1.467,-0.083,0.0,0.0,1.0,1.0,0.0,0.0,0.0,0.0,0.0,0.0,0.0,0.0,0.0
330,-0.4,0.031,0.28,-0.048,0.04,0.011,0.84,0.994,0.038,-0.027,0.104,0.003,-0.01,-0.416,2.747,0.561,-0.282,0.0,0.0,1.0,1.0,0.0,0.0,0.0,0.0,0.0,0.0,0.0,0.0,0.0
331,-0.4,-0.358,0.239,-0.032,0.041,0.011,0.827,0.992,0.064,0.011,0.105,0.017,-0.004,-0.39,1.513,2.073,-0.096,0.0,0.0,1.0,1.0,0.0,0.0,0.0,0.0,0.0,0.0,0.0,0.0,0.0
332,0.218,-0.276,0.258,0.001,0.041,0.013,0.818,0.993,0.013,0.021,0.112,-0.004,0.034,-0.282,-2.498,0.927,0.337,0.0,0.0,1.0,1.0,0.0,0.0,0.0,0.0,0.0,0.0,0.0,0.0,0.0
333,0.4,0.141,0.261,-0.0,0.04,0.014,0.812,0.992,-0.032,-0.006,0.122,-0.027,0.026,-0.198,-2.776,-1.366,0.469,0.0,0.0,1.0,1.0,0.0,0.0,0.0,0.0,0.0,0.0,0.0,0.0,0.0
334,0.384,0.397,0.205,0.003,0.039,0.015,0.808,0.989,-0.051,-0.048,0.129,-0.039,0.027,-0.133,-1.096,-2.161,0.387,0.0,0.0,1.0,1.0,0.0,0.0,0.0,0.0,0.0,0.0,0.0,0.0,0.0
335,-0.278,0.058,0.248,-0.016,0.038,0.015,0.809,0.991,0.003,-0.033,0.129,-0.007,0.007,0.027,2.921,0.69,-0.146,0.0,0.0,1.0,1.0,0.0,0.0,0.0,0.0,0.0,0.0,0.0,0.0,0.0
336,-0.4,-0.373,0.214,-0.034,0.038,0.015,0.813,0.991,0.042,0.004,0.126,-0.003,0.024,0.165,3.666,2.651,-0.389,0.0,0.0,1.0,1.0,0.0,0.0,0.0,0.0,0.0,0.0,0.0,0.0,0.0
337,-0.375,-0.398,0.13,-0.006,0.039,0.016,0.819,0.989,0.066,0.048,0.126,0.014,0.018,0.19,1.478,2.078,-0.057,0.0,0.0,1.0,1.0,0.0,0.0,0.0,0.0,0.0,0.0,0.0,0.0,0.0
338,0.211,0.077,0.178,0.032,0.038,0.017,0.831,0.991,0.018,0.009,0.133,-0.032,0.037,0.332,-2.639,-1.679,0.291,0.0,0.0,1.0,1.0,0.0,0.0,0.0,0.0,0.0,0.0,0.0,0.0,0.0
339,0.397,0.336,0.17,0.024,0.037,0.018,0.844,0.99,-0.022,-0.037,0.135,-0.027,0.021,0.372,-2.569,-2.205,0.126,0.0,0.0,1.0,1.0,0.0,0.0,0.0,0.0,0.0,0.0,0.0,0.0,0.0
340,0.382,0.39,0.087,0.037,0.036,0.018,0.853,0.986,-0.045,-0.073,0.14,-0.037,0.018,0.339,-1.961,-2.101,0.368,0.0,0.0,1.0,1.0,0.0,0.0,0.0,0.0,0.0,0.0,0.0,0.0,0.0
341,-0.243,-0.103,0.153,-0.006,0.036,0.018,0.868,0.99,0.001,-0.034,0.139,0.015,-0.016,0.448,2.752,1.94,-0.258,0.0,0.0,1.0,1.0,0.0,0.0,0.0,0.0,0.0,0.0,0.0,0.0,0.0
342,-0.4,-0.392,0.124,-0.019,0.037,0.018,0.882,0.99,0.044,0.016,0.131,0.003,-0.01,0.452,3.083,2.961,-0.545,0.0,0.0,1.0,1.0,0.0,0.0,0.0,0.0,0.0,0.0,0.0,0.0,0.0
343,-0.371,-0.363,0.07,0.009,0.037,0.018,0.891,0.988,0.069,0.053,0.128,0.0,0.006,0.322,1.678,1.902,-0.153,0.0,0.0,1.0,1.0,0.0,0.0,0.0,0.0,0.0,0.0,0.0,0.0,0.0
344,0.142,0.068,0.116,0.035,0.035,0.018,0.902,0.991,0.03,0.019,0.132,-0.051,0.017,0.375,-2.41,-1.564,0.219,0.0,0.0,1.0,1.0,0.0,0.0,0.0,0.0,0.0,0.0,0.0,0.0,0.0
345,0.393,0.377,0.121,0.023,0.033,0.019,0.917,0.99,-0.018,-0.041,0.133,-0.042,0.016,0.405,-2.788,-2.592,0.034,0.0,0.0,1.0,1.0,0.0,0.0,0.0,0.0,0.0,0.0,0.0,0.0,0.0
346,0.304,0.322,0.06,0.031,0.032,0.019,0.927,0.987,-0.041,-0.07,0.136,-0.033,0.006,0.319,-1.526,-1.651,0.17,0.0,0.0,1.0,1.0,0.0,0.0,0.0,0.0,0.0,0.0,0.0,0.0,0.0
347,-0.177,-0.017,0.115,-0.011,0.033,0.018,0.937,0.991,-0.004,-0.04,0.131,0.004,-0.027,0.296,2.2,1.25,-0.353,0.0,0.0,1.0,1.0,0.0,0.0,0.0,0.0,0.0,0.0,0.0,0.0,0.0
348,-0.4,-0.4,0.123,-0.022,0.033,0.017,0.944,0.991,0.041,0.018,0.125,0.02,-0.043,0.246,3.479,3.367,-0.419,0.0,0.0,1.0,1.0,0.0,0.0,0.0,0.0,0.0,0.0,0.0,0.0,0.0
349,-0.264,-0.299,0.081,0.0,0.033,0.016,0.947,0.99,0.055,0.045,0.121,-0.002,-0.013,0.102,0.91,1.477,-0.247,0.0,0.0,1.0,1.0,0.0,0.0,0.0,0.0,0.0,0.0,0.0,0.0,0.0
350,0.289,0.199,0.144,0.035,0.031,0.017,0.95,0.992,0.004,-0.003,0.126,-0.062,0.017,0.102,-3.014,-2.184,0.276,0.0,0.0,1.0,1.0,0.0,0.0,0.0,0.0,0.0,0.0,0.0,0.0,0.0
351,0.4,0.4,0.099,0.029,0.029,0.018,0.953,0.989,-0.038,-0.056,0.13,-0.063,0.011,0.079,-2.664,-2.496,0.204,0.0,0.0,1.0,1.0,0.0,0.0,0.0,0.0,0.0,0.0,0.0,0.0,0.0
352,0.279,0.311,0.081,0.029,0.027,0.018,0.953,0.987,-0.048,-0.075,0.133,-0.049,0.007,0.025,-0.718,-0.986,0.19,0.0,0.0,1.0,1.0,0.0,0.0,0.0,0.0,0.0,0.0,0.0,0.0,0.0
353,-0.255,-0.157,0.146,-0.01,0.027,0.017,0.956,0.992,0.002,-0.021,0.127,-0.003,-0.016,0.059,2.81,2.298,-0.402,0.0,0.0,1.0,1.0,0.0,0.0,0.0,0.0,0.0,0.0,0.0,0.0,0.0
354,-0.389,-0.367,0.127,-0.016,0.026,0.017,0.956,0.992,0.04,0.029,0.12,-0.024,0.0,0.028,2.411,2.41,-0.543,0.0,0.0,1.0,1.0,0.0,0.0,0.0,0.0,0.0,0.0,0.0,0.0,0.0
355,-0.309,-0.368,0.092,-0.002,0.025,0.017,0.953,0.99,0.055,0.058,0.115,-0.029,0.0,-0.097,1.236,1.745,-0.284,0.0,0.0,1.0,1.0,0.0,0.0,0.0,0.0,0.0,0.0,0.0,0.0,0.0
356,0.233,0.134,0.168,0.038,0.023,0.018,0.95,0.991,0.037,0.038,0.119,-0.111,0.031,-0.135,-3.454,-2.422,0.363,0.0,0.0,1.0,1.0,0.0,0.0,0.0,0.0,0.0,0.0,0.0,0.0,0.0
357,0.4,0.4,0.161,0.031,0.021,0.019,0.95,0.992,-0.017,-0.026,0.123,-0.09,0.042,-0.014,-4.911,-4.174,0.283,0.0,0.0,1.0,1.0,0.0,0.0,0.0,0.0,0.0,0.0,0.0,0.0,0.0
358,0.277,0.358,0.122,0.013,0.02,0.019,0.949,0.99,-0.033,-0.059,0.126,-0.046,0.013,-0.037,-1.403,-1.959,0.188,0.0,0.0,1.0,1.0,0.0,0.0,0.0,0.0,0.0,0.0,0.0,0.0,0.0
359,-0.363,-0.232,0.165,-0.015,0.02,0.018,0.951,0.992,0.015,-0.008,0.121,0.018,-0.03,0.053,3.36,2.706,-0.365,0.0,0.0,1.0,1.0,0.0,0.0,0.0,0.0,0.0,0.0,0.0,0.0,0.0
360,-0.4,-0.4,0.088,-0.017,0.021,0.017,0.952,0.991,0.056,0.042,0.115,0.026,-0.018,0.036,2.675,2.662,-0.417,0.0,0.0,1.0,1.0,0.0,0.0,0.0,0.0,0.0,0.0,0.0,0.0,0.0
361,-0.301,-0.382,0.08,0.006,0.022,0.017,0.951,0.989,0.065,0.069,0.114,0.018,-0.016,-0.025,0.689,1.42,-0.101,0.0,0.0,1.0,1.0,0.0,0.0,0.0,0.0,0.0,0.0,0.0,0.0,0.0
362,0.267,0.188,0.14,0.033,0.021,0.017,0.952,0.993,0.016,0.017,0.119,-0.01,0.01,0.043,-3.316,-2.904,0.312,0.0,0.0,1.0,1.0,0.0,0.0,0.0,0.0,0.0,0.0,0.0,0.0,0.0
363,0.366,0.346,0.135,0.025,0.021,0.017,0.953,0.992,-0.022,-0.032,0.123,0.0,-0.003,0.032,-2.423,-2.49,0.136,0.0,0.0,1.0,1.0,0.0,0.0,0.0,0.0,0.0,0.0,0.0,0.0,0.0
364,0.244,0.294,0.111,0.024,0.022,0.017,0.951,0.99,-0.035,-0.06,0.125,0.018,-0.018,-0.058,-1.01,-1.369,0.129,0.0,0.0,1.0,1.0,0.0,0.0,0.0,0.0,0.0,0.0,0.0,0.0,0.0
365,-0.383,-0.2,0.18,-0.012,0.024,0.015,0.951,0.992,0.016,-0.014,0.122,0.073,-0.052,-0.004,3.036,2.037,-0.315,0.0,0.0,1.0,1.0,0.0,0.0,0.0,0.0,0.0,0.0,0.0,0.0,0.0
366,-0.4,-0.397,0.08,-0.02,0.027,0.013,0.95,0.991,0.055,0.033,0.114,0.064,-0.044,-0.032,2.522,2.38,-0.49,0.0,0.0,1.0,1.0,0.0,0.0,0.0,0.0,0.0,0.0,0.0,0.0,0.0
367,-0.29,-0.363,0.094,0.007,0.028,0.012,0.946,0.99,0.061,0.054,0.113,0.081,-0.047,-0.162,0.244,1.112,-0.125,0.0,0.0,1.0,1.0,0.0,0.0,0.0,0.0,0.0,0.0,0.0,0.0,0.0
368,0.219,0.154,0.156,0.037,0.029,0.012,0.944,0.993,0.012,0.004,0.119,0.016,-0.012,-0.067,-2.894,-2.313,0.338,0.0,0.0,1.0,1.0,0.0,0.0,0.0,0.0,0.0,0.0,0.0,0.0,0.0
369,0.334,0.371,0.16,0.026,0.03,0.011,0.942,0.991,-0.023,-0.044,0.122,0.028,-0.028,-0.06,-2.213,-2.43,0.154,0.0,0.0,1.0,1.0,0.0,0.0,0.0,0.0,0.0,0.0,0.0,0.0,0.0
370,0.183,0.324,0.136,0.019,0.031,0.01,0.937,0.99,-0.031,-0.068,0.122,0.038,-0.04,-0.134,-0.701,-1.408,0.104,0.0,0.0,1.0,1.0,0.0,0.0,0.0,0.0,0.0,0.0,0.0,0.0,0.0
371,-0.376,-0.209,0.21,-0.017,0.034,0.007,0.934,0.993,0.015,-0.02,0.119,0.087,-0.07,-0.101,2.649,2.222,-0.319,0.0,0.0,1.0,1.0,0.0,0.0,0.0,0.0,0.0,0.0,0.0,0.0,0.0
372,-0.4,-0.4,0.1,-0.027,0.037,0.005,0.93,0.992,0.048,0.032,0.113,0.08,-0.057,-0.141,2.236,2.495,-0.443,0.0,0.0,1.0,1.0,0.0,0.0,0.0,0.0,0.0,0.0,0.0,0.0,0.0
373,-0.283,-0.358,0.114,0.032,0.039,0.003,0.923,0.991,0.051,0.055,0.114,0.091,-0.066,-0.244,0.115,0.752,0.282,0.0,0.0,1.0,1.0,0.0,0.0,0.0,0.0,0.0,0.0,0.0,0.0,0.0
374,0.268,0.172,0.183,0.039,0.039,0.003,0.919,0.993,0.001,0.003,0.12,0.028,-0.025,-0.14,-3.175,-2.662,0.441,0.0,0.0,1.0,1.0,0.0,0.0,0.0,0.0,0.0,0.0,0.0,0.0,0.0
375,0.4,0.4,0.188,0.016,0.041,0.002,0.916,0.991,-0.033,-0.045,0.121,0.049,-0.044,-0.151,-3.085,-3.364,0.081,0.0,0.0,1.0,1.0,0.0,0.0,0.0,0.0,0.0,0.0,0.0,0.0,0.0
376,0.169,0.331,0.171,0.007,0.042,0.0,0.91,0.99,-0.037,-0.068,0.121,0.057,-0.047,-0.181,-0.479,-1.525,0.009,0.0,0.0,1.0,1.0,0.0,0.0,0.0,0.0,0.0,0.0,0.0,0.0,0.0
377,-0.4,-0.294,0.247,-0.026,0.046,-0.002,0.906,0.993,0.015,-0.011,0.118,0.095,-0.069,-0.109,3.198,2.589,-0.271,0.0,0.0,1.0,1.0,0.0,0.0,0.0,0.0,0.0,0.0,0.0,0.0,0.0
378,-0.4,-0.4,0.074,-0.035,0.049,-0.004,0.904,0.992,0.049,0.042,0.112,0.093,-0.058,-0.087,2.096,2.697,-0.343,0.0,0.0,1.0,1.0,0.0,0.0,0.0,0.0,0.0,0.0,0.0,0.0,0.0
379,-0.301,-0.4,0.099,0.008,0.052,-0.005,0.9,0.99,0.053,0.063,0.113,0.085,-0.046,-0.09,0.297,1.187,0.061,0.0,0.0,1.0,1.0,0.0,0.0,0.0,0.0,0.0,0.0,0.0,0.0,0.0
380,0.161,0.094,0.147,0.036,0.053,-0.006,0.901,0.993,0.009,0.009,0.121,0.052,-0.025,0.004,-2.595,-2.346,0.375,0.0,0.0,1.0,1.0,0.0,0.0,0.0,0.0,0.0,0.0,0.0,0.0,0.0
381,0.279,0.306,0.191,0.022,0.055,-0.007,0.901,0.991,-0.024,-0.039,0.122,0.071,-0.04,-0.002,-2.063,-2.492,0.075,0.0,0.0,1.0,1.0,0.0,0.0,0.0,0.0,0.0,0.0,0.0,0.0,0.0
382,0.166,0.334,0.18,0.024,0.058,-0.009,0.898,0.989,-0.034,-0.069,0.126,0.081,-0.051,-0.093,-0.715,-1.738,0.178,0.0,0.0,1.0,1.0,0.0,0.0,0.0,0.0,0.0,0.0,0.0,0.0,0.0
383,-0.358,-0.181,0.236,-0.009,0.062,-0.011,0.897,0.992,0.006,-0.029,0.124,0.112,-0.065,-0.045,2.38,1.733,-0.207,0.0,0.0,1.0,1.0,0.0,0.0,0.0,0.0,0.0,0.0,0.0,0.0,0.0
384,-0.362,-0.398,0.119,-0.018,0.066,-0.013,0.895,0.992,0.032,0.014,0.117,0.11,-0.057,-0.047,1.63,2.181,-0.347,0.0,0.0,1.0,1.0,0.0,0.0,0.0,0.0,0.0,0.0,0.0,0.0,0.0
385,-0.199,-0.396,0.105,0.001,0.069,-0.014,0.892,0.992,0.031,0.04,0.116,0.09,-0.034,-0.066,0.025,1.271,-0.091,0.0,0.0,1.0,1.0,0.0,0.0,0.0,0.0,0.0,0.0,0.0,0.0,0.0
386,0.274,0.141,0.175,0.027,0.07,-0.014,0.892,0.992,-0.015,-0.01,0.122,0.043,-0.012,-0.008,-2.719,-2.403,0.334,0.0,0.0,1.0,1.0,0.0,0.0,0.0,0.0,0.0,0.0,0.0,0.0,0.0
387,0.35,0.39,0.189,0.016,0.071,-0.015,0.892,0.99,-0.041,-0.058,0.124,0.042,-0.017,-0.021,-1.877,-2.568,0.097,0.0,0.0,1.0,1.0,0.0,0.0,0.0,0.0,0.0,0.0,0.0,0.0,0.0
388,0.147,0.388,0.169,0.023,0.073,-0.015,0.888,0.987,-0.041,-0.086,0.129,0.045,-0.023,-0.11,-0.16,-1.746,0.306,0.0,0.0,1.0,1.0,0.0,0.0,0.0,0.0,0.0,0.0,0.0,0.0,0.0
389,-0.351,-0.195,0.243,-0.013,0.075,-0.017,0.887,0.991,0.004,-0.034,0.127,0.074,-0.036,-0.047,2.601,2.297,-0.221,0.0,0.0,1.0,1.0,0.0,0.0,0.0,0.0,0.0,0.0,0.0,0.0,0.0
390,-0.395,-0.4,0.13,-0.028,0.077,-0.017,0.886,0.992,0.036,0.019,0.12,0.061,-0.007,-0.049,2.034,2.744,-0.402,0.0,0.0,1.0,1.0,0.0,0.0,0.0,0.0,0.0,0.0,0.0,0.0,0.0
391,-0.182,-0.4,0.112,-0.007,0.079,-0.017,0.883,0.991,0.032,0.046,0.121,0.038,0.005,-0.075,0.077,1.594,-0.028,0.0,0.0,1.0,1.0,0.0,0.0,0.0,0.0,0.0,0.0,0.0,0.0,0.0
392,0.328,0.147,0.184,0.023,0.078,-0.015,0.883,0.992,-0.015,-0.006,0.127,-0.017,0.043,-0.0,-2.864,-2.451,0.389,0.0,0.0,1.0,1.0,0.0,0.0,0.0,0.0,0.0,0.0,0.0,0.0,0.0
393,0.396,0.4,0.181,0.014,0.078,-0.015,0.883,0.989,-0.042,-0.057,0.133,-0.009,0.036,-0.004,-2.023,-3.208,0.302,0.0,0.0,1.0,1.0,0.0,0.0,0.0,0.0,0.0,0.0,0.0,0.0,0.0
394,0.13,0.366,0.168,0.015,0.077,-0.014,0.882,0.987,-0.036,-0.082,0.136,-0.006,0.019,-0.045,0.104,-1.492,0.163,0.0,0.0,1.0,1.0,0.0,0.0,0.0,0.0,0.0,0.0,0.0,0.0,0.0
395,-0.393,-0.223,0.24,-0.024,0.079,-0.014,0.882,0.991,0.014,-0.027,0.132,0.033,0.003,0.008,3.098,2.532,-0.351,0.0,0.0,1.0,1.0,0.0,0.0,0.0,0.0,0.0,0.0,0.0,0.0,0.0
396,-0.4,-0.4,0.103,-0.032,0.08,-0.014,0.883,0.99,0.049,0.032,0.128,0.024,0.014,0.014,2.291,2.902,-0.369,0.0,0.0,1.0,1.0,0.0,0.0,0.0,0.0,0.0,0.0,0.0,0.0,0.0
397,-0.189,-0.393,0.11,0.013,0.08,-0.013,0.883,0.989,0.045,0.053,0.13,0.01,0.029,0.018,-0.135,1.191,0.078,0.0,0.0,1.0,1.0,0.0,0.0,0.0,0.0,0.0,0.0,0.0,0.0,0.0
398,0.309,0.164,0.168,0.031,0.078,-0.011,0.886,0.991,-0.003,-0.003,0.136,-0.037,0.048,0.106,-3.057,-2.537,0.373,0.0,0.0,1.0,1.0,0.0,0.0,0.0,0.0,0.0,0.0,0.0,0.0,0.0
399,0.399,0.4,0.15,-0.005,0.078,-0.01,0.89,0.989,-0.028,-0.052,0.139,-0.043,0.043,0.193,-2.74,-4.002,0.002,0.0,0.0,1.0,1.0,0.0,0.0,0.0,0.0,0.0,0.0,0.0,0.0,0.0
400,0.136,0.375,0.159,0.016,0.077,-0.009,0.892,0.986,-0.025,-0.08,0.142,-0.021,0.018,0.065,-0.299,-1.725,0.152,0.0,0.0,1.0,1.0,0.0,0.0,0.0,0.0,0.0,0.0,0.0,0.0,0.0
401,-0.4,-0.249,0.223,-0.039,0.078,-0.01,0.896,0.989,0.027,-0.023,0.141,0.034,-0.015,0.113,3.488,2.786,-0.275,0.0,0.0,1.0,1.0,0.0,0.0,0.0,0.0,0.0,0.0,0.0,0.0,0.0
402,-0.399,-0.4,0.084,-0.036,0.079,-0.01,0.9,0.988,0.059,0.032,0.137,0.019,0.005,0.116,2.142,2.911,-0.337,0.0,0.0,1.0,1.0,0.0,0.0,0.0,0.0,0.0,0.0,0.0,0.0,0.0
403,-0.199,-0.399,0.073,0.019,0.079,-0.009,0.902,0.987,0.055,0.057,0.14,0.004,0.007,0.136,-0.295,1.755,0.245,0.0,0.0,1.0,1.0,0.0,0.0,0.0,0.0,0.0,0.0,0.0,0.0,0.0
404,0.4,0.399,0.16,0.041,0.078,-0.009,0.908,0.989,0.012,0.002,0.146,-0.058,0.034,0.328,-5.636,-5.334,0.776,0.0,0.0,1.0,1.0,0.0,0.0,0.0,0.0,0.0,0.0,0.0,0.0,0.0
405,0.288,0.386,0.147,0.019,0.077,-0.009,0.914,0.988,-0.017,-0.046,0.148,-0.022,-0.01,0.185,-2.397,-2.936,0.139,0.0,0.0,1.0,1.0,0.0,0.0,0.0,0.0,0.0,0.0,0.0,0.0,0.0
406,0.065,0.329,0.138,0.02,0.076,-0.01,0.917,0.986,-0.014,-0.07,0.15,-0.016,-0.026,0.124,-0.292,-1.58,0.157,0.0,0.0,1.0,1.0,0.0,0.0,0.0,0.0,0.0,0.0,0.0,0.0,0.0
407,-0.4,-0.251,0.188,-0.032,0.078,-0.012,0.922,0.989,0.026,-0.018,0.147,0.041,-0.047,0.16,2.687,2.387,-0.313,0.0,0.0,1.0,1.0,0.0,0.0,0.0,0.0,0.0,0.0,0.0,0.0,0.0
408,-0.342,-0.396,0.057,-0.02,0.079,-0.013,0.928,0.988,0.044,0.024,0.143,0.026,-0.038,0.172,1.552,2.467,-0.375,0.0,0.0,1.0,1.0,0.0,0.0,0.0,0.0,0.0,0.0,0.0,0.0,0.0
409,-0.144,-0.348,0.067,0.02,0.079,-0.013,0.932,0.988,0.032,0.049,0.144,0.006,-0.02,0.128,-0.402,1.062,0.097,0.0,0.0,1.0,1.0,0.0,0.0,0.0,0.0,0.0,0.0,0.0,0.0,0.0
410,0.4,0.383,0.136,0.032,0.077,-0.014,0.937,0.989,-0.011,-0.006,0.15,-0.059,0.002,0.271,-4.418,-4.349,0.481,0.0,0.0,1.0,1.0,0.0,0.0,0.0,0.0,0.0,0.0,0.0,0.0,0.0
411,0.226,0.367,0.117,0.015,0.076,-0.014,0.942,0.987,-0.028,-0.049,0.151,-0.033,-0.027,0.172,-1.596,-2.589,0.055,0.0,0.0,1.0,1.0,0.0,0.0,0.0,0.0,0.0,0.0,0.0,0.0,0.0
412,-0.011,0.229,0.133,0.02,0.076,-0.016,0.945,0.986,-0.017,-0.063,0.153,-0.014,-0.034,0.098,0.374,-0.782,0.096,0.0,0.0,1.0,1.0,0.0,0.0,0.0,0.0,0.0,0.0,0.0,0.0,0.0
413,-0.4,-0.399,0.172,-0.025,0.077,-0.017,0.949,0.989,0.021,-0.007,0.15,0.043,-0.053,0.156,2.656,3.444,-0.385,0.0,0.0,1.0,1.0,0.0,0.0,0.0,0.0,0.0,0.0,0.0,0.0,0.0
414,-0.174,-0.38,0.043,-0.011,0.078,-0.018,0.955,0.988,0.029,0.034,0.145,0.008,-0.019,0.153,0.704,2.302,-0.313,0.0,0.0,1.0,1.0,0.0,0.0,0.0,0.0,0.0,0.0,0.0,0.0,0.0
415,-0.008,-0.225,0.077,0.029,0.077,-0.018,0.958,0.988,0.011,0.037,0.148,-0.013,-0.004,0.113,-0.945,0.282,0.15,0.0,0.0,1.0,1.0,0.0,0.0,0.0,0.0,0.0,0.0,0.0,0.0,0.0
416,0.197,0.291,0.108,0.034,0.075,-0.017,0.964,0.988,-0.016,-0.022,0.154,-0.05,0.006,0.203,-1.752,-2.909,0.246,0.0,0.0,1.0,1.0,0.0,0.0,0.0,0.0,0.0,0.0,0.0,0.0,0.0
417,0.044,0.235,0.088,0.009,0.074,-0.018,0.971,0.987,-0.016,-0.05,0.15,-0.024,-0.008,0.199,-0.275,-1.613,-0.187,0.0,0.0,1.0,1.0,0.0,0.0,0.0,0.0,0.0,0.0,0.0,0.0,0.0
418,-0.123,0.058,0.088,0.008,0.074,-0.018,0.975,0.988,0.002,-0.046,0.147,-0.006,-0.004,0.118,0.919,0.052,-0.185,0.0,0.0,1.0,1.0,0.0,0.0,0.0,0.0,0.0,0.0,0.0,0.0,0.0
419,-0.221,-0.399,0.079,-0.005,0.075,-0.018,0.977,0.989,0.012,0.0,0.145,0.028,-0.0,0.107,1.361,3.379,-0.303,0.0,0.0,1.0,1.0,0.0,0.0,0.0,0.0,0.0,0.0,0.0,0.0,0.0
420,0.002,-0.235,0.042,0.005,0.075,-0.017,0.977,0.99,0.005,0.019,0.142,-0.013,0.023,0.002,-0.372,1.206,-0.202,0.0,0.0,1.0,1.0,0.0,0.0,0.0,0.0,0.0,-0.16853932584269704,0.0,0.0,0.0
421,0.166,-0.013,0.076,0.022,0.073,-0.016,0.973,0.989,-0.016,0.005,0.144,-0.041,0.03,-0.123,-1.405,-0.765,0.071,0.0,0.0,0.9887640449438202,1.0,0.0,0.0,0.0,0.0,0.0,-0.3370786516853941,0.0,0.0,0.0
422,0.136,0.303,0.098,0.023,0.071,-0.015,0.966,0.988,-0.022,-0.041,0.148,-0.073,0.027,-0.181,-0.56,-2.196,0.136,0.0,0.0,0.9775280898876404,1.0,0.0,0.0,0.0,0.0,0.0,-0.3370786516853924,0.0,0.0,0.0
423,-0.039,0.174,0.106,0.01,0.069,-0.014,0.958,0.988,-0.011,-0.051,0.145,-0.051,0.023,-0.278,0.799,-0.574,-0.152,0.0,0.0,0.9662921348314607,1.0,0.0,0.0,0.0,0.0,0.0,-0.3370786516853924,0.0,0.0,0.0
424,-0.219,-0.054,0.137,-0.004,0.068,-0.014,0.945,0.989,0.014,-0.03,0.141,-0.038,0.02,-0.414,1.615,1.139,-0.344,0.0,0.0,0.9550561797752809,1.0,0.0,0.0,0.0,0.0,0.0,-0.3370786516853941,0.0,0.0,0.0
425,-0.038,-0.319,0.158,0.002,0.067,-0.012,0.929,0.99,0.012,0.007,0.139,-0.037,0.062,-0.589,-0.029,2.235,-0.221,0.0,0.0,0.9438202247191011,1.0,0.0,0.0,0.0,0.0,0.0,-0.3370786516853924,0.0,0.0,0.0
426,0.159,-0.152,0.15,0.017,0.065,-0.01,0.909,0.99,-0.007,0.013,0.14,-0.058,0.068,-0.618,-1.045,0.471,0.033,0.0,0.0,0.9325842696629214,1.0,0.0,0.0,0.0,0.0,0.0,-0.3370786516853924,0.0,0.0,0.0
427,0.345,0.132,0.178,0.015,0.062,-0.007,0.885,0.989,-0.033,-0.01,0.142,-0.087,0.084,-0.716,-1.492,-1.319,0.081,0.0,0.0,0.9213483146067416,1.0,0.0,0.0,0.0,0.0,0.0,-0.3370786516853941,0.0,0.0,0.0
428,0.041,0.33,0.19,-0.004,0.059,-0.006,0.86,0.989,-0.016,-0.04,0.142,-0.089,0.048,-0.745,0.645,-1.7,-0.103,0.0,0.0,0.9101123595505618,1.0,0.0,0.0,0.0,0.0,0.0,-0.3370786516853941,0.0,0.0,0.0
429,-0.23,0.149,0.226,-0.006,0.057,-0.004,0.832,0.989,0.015,-0.035,0.14,-0.07,0.043,-0.843,1.797,-0.046,-0.233,0.0,0.0,0.898876404494382,1.0,0.0,0.0,0.0,0.0,0.0,-0.3370786516853941,0.0,0.0,0.0
430,-0.4,-0.214,0.25,-0.012,0.055,-0.003,0.801,0.989,0.047,0.001,0.138,-0.048,0.047,-0.937,1.992,1.69,-0.147,0.0,0.0,0.8876404494382022,1.0,0.0,0.0,0.0,0.0,0.0,-0.3370786516853924,0.0,0.0,0.0
431,0.095,-0.368,0.26,-0.001,0.053,0.0,0.771,0.989,0.02,0.028,0.141,-0.06,0.088,-0.959,-1.335,1.64,0.101,0.0,0.0,0.8764044943820225,1.0,0.0,0.0,0.0,0.0,0.0,-0.3370786516853924,0.0,0.0,0.0
432,0.4,-0.075,0.272,0.001,0.051,0.003,0.739,0.989,-0.017,0.018,0.145,-0.082,0.104,-0.995,-2.46,-0.495,0.231,0.0,0.0,0.8651685393258427,1.0,0.0,0.0,0.0,0.0,0.0,-0.3370786516853941,0.0,0.0,0.0
433,0.4,0.37,0.224,-0.007,0.047,0.006,0.71,0.987,-0.047,-0.023,0.15,-0.11,0.097,-0.945,-1.845,-2.218,0.266,0.0,0.0,0.8539325842696629,1.0,0.0,0.0,0.0,0.0,0.0,-0.3370786516853924,0.0,0.0,0.0
434,-0.107,0.4,0.221,-0.083,0.044,0.008,0.684,0.987,-0.004,-0.057,0.151,-0.103,0.059,-0.811,1.916,-2.155,-0.126,0.0,0.0,0.8426966292134832,1.0,0.0,0.0,0.0,0.0,0.0,-0.3370786516853924,0.0,0.0,0.0
435,-0.4,0.077,0.277,-0.07,0.041,0.01,0.661,0.987,0.047,-0.032,0.151,-0.073,0.056,-0.704,2.961,1.008,-0.17,0.0,0.0,0.8314606741573034,1.0,0.0,0.0,0.0,0.0,0.0,-0.3370786516853941,0.0,0.0,0.0
436,-0.4,-0.4,0.272,-0.037,0.04,0.012,0.639,0.985,0.072,0.021,0.155,-0.055,0.068,-0.755,1.781,3.128,0.217,0.0,0.0,0.8202247191011236,1.0,0.0,0.0,0.0,0.0,0.0,-0.3370786516853941,0.0,0.0,0.0
437,0.205,-0.279,0.264,0.018,0.037,0.015,0.621,0.985,0.025,0.032,0.168,-0.084,0.096,-0.574,-2.293,0.987,0.603,0.0,0.0,0.8089887640449438,1.0,0.0,0.0,0.0,0.0,0.0,-0.3370786516853941,0.0,0.0,0.0
438,0.4,0.163,0.258,0.012,0.033,0.018,0.606,0.984,-0.022,0.001,0.179,-0.109,0.075,-0.461,-2.791,-1.424,0.556,0.0,0.0,0.797752808988764,1.0,0.0,0.0,0.0,0.0,0.0,-0.3370786516853924,0.0,0.0,0.0
439,0.399,0.4,0.165,-0.013,0.03,0.02,0.594,0.98,-0.042,-0.052,0.187,-0.112,0.065,-0.354,-1.469,-2.532,0.314,0.0,0.0,0.7865168539325843,1.0,0.0,0.0,0.0,0.0,0.0,-0.3370786516853924,0.0,0.0,0.0
440,-0.246,0.137,0.202,-0.02,0.027,0.022,0.59,0.982,0.013,-0.036,0.185,-0.07,0.051,-0.16,2.833,0.395,-0.197,0.0,0.0,0.7752808988764045,1.0,0.0,0.0,0.0,0.0,0.0,-0.3370786516853941,0.0,0.0,0.0
441,-0.4,-0.241,0.203,-0.012,0.025,0.023,0.588,0.982,0.054,0.01,0.182,-0.059,0.052,-0.052,2.664,1.985,-0.242,0.0,0.0,0.7640449438202247,1.0,0.0,0.0,0.0,0.0,0.0,-0.3370786516853924,0.0,0.0,0.0
442,-0.382,-0.4,0.115,0.005,0.024,0.025,0.586,0.978,0.077,0.059,0.184,-0.046,0.052,-0.049,1.609,2.478,0.08,0.0,0.0,0.752808988764045,1.0,0.0,0.0,0.0,0.0,0.0,-0.3370786516853924,0.0,0.0,0.0
443,0.214,0.001,0.162,0.034,0.021,0.027,0.589,0.981,0.029,0.028,0.191,-0.078,0.065,0.08,-2.604,-1.097,0.262,0.0,0.0,0.7415730337078652,1.0,0.0,0.0,0.0,0.0,0.0,-0.3370786516853941,0.0,0.0,0.0
444,0.388,0.269,0.142,0.028,0.019,0.029,0.594,0.981,-0.009,-0.014,0.192,-0.069,0.046,0.132,-2.599,-2.086,0.063,0.0,0.0,0.7303370786516854,1.0,0.0,0.0,0.0,0.0,0.0,-0.3370786516853941,0.0,0.0,0.0
445,0.336,0.368,0.07,0.044,0.017,0.03,0.597,0.978,-0.032,-0.058,0.197,-0.07,0.035,0.087,-1.586,-2.07,0.36,0.0,0.0,0.7191011235955056,1.0,0.0,0.0,0.0,0.0,0.0,-0.3370786516853941,0.0,0.0,0.0
446,-0.4,-0.14,0.118,-0.023,0.017,0.03,0.603,0.98,0.009,-0.028,0.195,-0.001,-0.013,0.282,4.401,2.256,-0.548,0.0,0.0,0.7078651685393258,1.0,0.0,0.0,0.0,0.0,0.0,-0.3370786516853924,0.0,0.0,0.0
447,-0.383,-0.272,0.082,-0.017,0.016,0.03,0.61,0.981,0.047,0.018,0.185,-0.007,0.005,0.202,2.772,2.124,-0.661,0.0,0.0,0.6966292134831461,1.0,0.0,0.0,0.0,0.0,0.0,-0.3370786516853924,0.0,0.0,0.0
448,-0.287,-0.338,0.057,0.012,0.016,0.03,0.613,0.979,0.062,0.056,0.183,-0.009,0.015,0.116,1.303,1.873,-0.168,0.0,0.0,0.6853932584269663,1.0,0.0,0.0,0.0,0.0,0.0,-0.3370786516853941,0.0,0.0,0.0
449,0.31,0.078,0.089,0.032,0.014,0.032,0.619,0.982,0.014,0.019,0.189,-0.049,0.038,0.189,-3.123,-1.492,0.21,0.0,0.0,0.6741573033707865,1.0,0.0,0.0,0.0,0.0,0.0,-0.3370786516853924,0.0,0.0,0.0
450,0.342,0.244,0.043,0.021,0.013,0.032,0.626,0.981,-0.021,-0.023,0.19,-0.039,0.023,0.195,-2.302,-1.979,0.008,0.0,0.0,0.6629213483146068,1.0,0.0,0.0,0.0,0.0,0.0,-0.3370786516853924,0.0,0.0,0.0
451,0.259,0.393,0.011,0.033,0.012,0.033,0.63,0.979,-0.028,-0.055,0.193,-0.048,0.011,0.186,-1.273,-2.89,0.326,0.0,0.0,0.651685393258427,1.0,0.0,0.0,0.0,0.0,0.0,-0.3370786516853941,0.0,0.0,0.0
452,-0.253,-0.05,0.049,-0.005,0.013,0.032,0.635,0.981,0.016,-0.021,0.19,0.019,-0.013,0.153,2.634,1.021,-0.255,0.0,0.0,0.6404494382022472,1.0,0.0,0.0,0.0,0.0,0.0,-0.3370786516853941,0.0,0.0,0.0
453,-0.393,-0.335,0.024,-0.022,0.013,0.032,0.639,0.982,0.046,0.023,0.184,0.031,0.002,0.172,3.076,2.545,-0.618,0.0,0.0,0.6292134831460674,1.0,0.0,0.0,0.0,0.0,0.0,-0.3370786516853941,0.0,0.0,0.0
454,-0.211,-0.395,0.004,-0.004,0.014,0.032,0.639,0.98,0.051,0.063,0.181,0.031,0.01,0.03,0.957,2.424,-0.192,0.0,0.0,0.6179775280898876,1.0,0.0,0.0,0.0,0.0,0.0,-0.3370786516853924,0.0,0.0,0.0
455,0.299,0.078,0.027,0.026,0.014,0.033,0.642,0.982,0.005,0.021,0.188,-0.018,0.026,0.084,-2.939,-1.677,0.275,0.0,0.0,0.6067415730337079,1.0,0.0,0.0,0.0,0.0,0.0,-0.3370786516853924,0.0,0.0,0.0
456,0.341,0.273,0.002,0.027,0.013,0.034,0.645,0.981,-0.027,-0.028,0.193,-0.006,0.013,0.099,-2.372,-2.518,0.192,0.0,0.0,0.5955056179775281,1.0,0.0,0.0,0.0,0.0,0.0,-0.3370786516853941,0.0,0.0,0.0
457,0.171,0.266,0.0,0.031,0.013,0.034,0.646,0.978,-0.028,-0.06,0.197,0.005,0.008,0.04,-0.48,-1.809,0.237,0.0,0.0,0.5842696629213483,1.0,0.0,0.0,0.0,0.0,0.0,-0.3370786516853924,0.0,0.0,0.0
458,-0.244,-0.141,0.01,-0.0,0.015,0.034,0.649,0.981,0.013,-0.021,0.193,0.055,-0.015,0.065,2.469,1.552,-0.292,0.0,0.0,0.5730337078651686,1.0,0.0,0.0,0.0,0.0,0.0,-0.3370786516853924,0.0,0.0,0.0
459,-0.268,-0.257,0.0,-0.008,0.017,0.034,0.65,0.982,0.041,0.018,0.186,0.045,0.006,0.025,2.001,1.848,-0.465,0.0,0.0,0.5617977528089888,1.0,0.0,0.0,0.0,0.0,0.0,-0.3370786516853941,0.0,0.0,0.0
460,-0.111,-0.216,0.0,0.013,0.017,0.034,0.647,0.981,0.041,0.036,0.185,0.021,0.02,-0.092,0.348,1.106,-0.109,0.0,0.0,0.550561797752809,1.0,0.0,0.0,0.0,0.0,0.0,-0.3370786516853941,0.0,0.0,0.0
461,0.253,0.16,0.013,0.035,0.017,0.036,0.642,0.982,0.006,-0.005,0.189,-0.025,0.028,-0.134,-2.332,-1.826,0.252,0.0,0.0,0.5393258426966292,1.0,0.0,0.0,0.0,0.0,0.0,-0.3370786516853941,0.0,0.0,0.0
462,0.273,0.262,0.004,0.023,0.016,0.036,0.635,0.981,-0.018,-0.043,0.189,-0.024,0.021,-0.222,-1.696,-1.926,0.059,0.0,0.0,0.5280898876404494,1.0,0.0,0.0,0.0,0.0,0.0,-0.3370786516853924,0.0,0.0,0.0
463,0.105,0.202,0.021,0.011,0.016,0.037,0.623,0.98,-0.015,-0.057,0.188,-0.002,0.009,-0.379,0.036,-0.9,-0.106,0.0,0.0,0.5168539325842697,1.0,0.0,0.0,0.0,0.0,0.0,-0.3370786516853924,0.0,0.0,0.0
464,-0.24,-0.146,0.062,-0.007,0.017,0.036,0.608,0.983,0.02,-0.016,0.183,0.035,-0.01,-0.449,2.226,1.688,-0.362,0.0,0.0,0.5056179775280899,1.0,0.0,0.0,0.0,0.0,0.0,-0.3370786516853941,0.0,0.0,0.0
465,-0.284,-0.272,0.061,-0.005,0.018,0.036,0.59,0.983,0.043,0.023,0.179,0.031,0.003,-0.549,1.698,1.722,-0.359,0.0,0.0,0.4943820224719101,1.0,0.0,0.0,0.0,0.0,0.0,-0.3370786516853924,0.0,0.0,0.0
466,-0.088,-0.176,0.076,0.013,0.018,0.036,0.568,0.983,0.038,0.033,0.179,0.007,0.006,-0.664,-0.181,0.52,-0.071,0.0,0.0,0.4831460674157304,1.0,0.0,0.0,0.0,0.0,0.0,-0.3370786516853924,0.0,0.0,0.0
467,0.275,0.168,0.129,0.028,0.017,0.037,0.543,0.983,0.003,-0.006,0.182,-0.039,0.022,-0.745,-2.31,-1.687,0.19,0.0,0.0,0.4719101123595506,1.0,0.0,0.0,0.0,0.0,0.0,-0.3370786516853941,0.0,0.0,0.0
468,0.326,0.323,0.123,0.018,0.015,0.038,0.514,0.982,-0.02,-0.045,0.184,-0.033,0.011,-0.868,-1.666,-1.765,0.075,0.0,0.0,0.4606741573033708,1.0,0.0,0.0,0.0,0.0,0.0,-0.3370786516853941,0.0,0.0,0.0
469,0.115,0.231,0.151,-0.001,0.015,0.038,0.482,0.982,-0.015,-0.051,0.182,-0.013,-0.001,-1.045,0.193,-0.582,-0.212,0.0,0.0,0.449438202247191,1.0,0.0,0.0,0.0,0.0,0.0,-0.3370786516853941,0.0,0.0,0.0
470,-0.389,-0.246,0.249,-0.017,0.016,0.037,0.448,0.984,0.025,-0.003,0.178,0.035,-0.034,-1.158,2.86,2.359,-0.375,0.0,0.0,0.4382022471910112,1.0,0.0,0.0,0.0,0.0,0.0,-0.3370786516853924,0.0,0.0,0.0
471,-0.393,-0.4,0.177,-0.021,0.017,0.036,0.411,0.982,0.05,0.042,0.175,0.027,-0.014,-1.166,1.655,2.318,-0.267,0.0,0.0,0.4269662921348315,1.0,0.0,0.0,0.0,0.0,0.0,-0.3370786516853924,0.0,0.0,0.0
472,-0.275,-0.399,0.197,0.007,0.018,0.036,0.371,0.981,0.05,0.061,0.175,0.032,-0.018,-1.309,0.212,1.152,0.004,0.0,0.0,0.4157303370786517,1.0,0.0,0.0,0.0,0.0,0.0,-0.3370786516853941,0.0,0.0,0.0
473,0.071,0.125,0.27,0.039,0.017,0.036,0.333,0.983,0.027,0.018,0.18,-0.012,-0.004,-1.167,-1.792,-2.198,0.267,0.0,0.0,0.4044943820224719,1.0,0.0,0.0,0.0,0.0,0.0,-0.3370786516853924,0.0,0.0,0.0
474,0.4,0.4,0.323,0.037,0.017,0.036,0.295,0.982,-0.012,-0.04,0.184,-0.005,-0.004,-1.161,-2.547,-2.888,0.199,0.0,0.0,0.3932584269662922,1.0,0.0,0.0,0.0,0.0,0.0,-0.3370786516853924,0.0,0.0,0.0
475,0.292,0.391,0.239,0.012,0.018,0.035,0.256,0.98,-0.026,-0.067,0.184,0.014,-0.016,-1.199,-1.048,-1.427,0.03,0.0,0.0,0.3820224719101124,1.0,0.0,0.0,0.0,0.0,0.0,-0.3370786516853941,0.0,0.0,0.0
476,-0.359,-0.232,0.334,-0.031,0.019,0.033,0.223,0.984,0.015,-0.01,0.178,0.056,-0.042,-0.999,2.801,2.526,-0.49,0.0,0.0,0.3707865168539326,1.0,0.0,0.0,0.0,0.0,0.0,-0.3370786516853941,0.0,0.0,0.0
477,-0.4,-0.4,0.199,-0.047,0.021,0.032,0.196,0.983,0.045,0.046,0.172,0.056,-0.035,-0.857,2.117,2.936,-0.427,0.0,0.0,0.3595505617977528,1.0,0.0,0.0,0.0,0.0,0.0,-0.3370786516853941,0.0,0.0,0.0
478,-0.373,-0.4,0.194,-0.037,0.024,0.031,0.172,0.981,0.057,0.075,0.17,0.084,-0.041,-0.831,0.646,1.654,-0.179,0.0,0.0,0.348314606741573,1.0,0.0,0.0,0.0,0.0,0.0,-0.3370786516853924,0.0,0.0,0.0
479,0.207,0.056,0.237,0.015,0.026,0.031,0.157,0.984,0.012,0.019,0.178,0.063,-0.02,-0.487,-2.783,-2.254,0.274,0.0,0.0,0.3370786516853933,1.0,0.0,0.0,0.0,0.0,0.0,-0.3370786516853924,0.0,0.0,0.0
