-0.029,0.014,0.001,1.0,-0.001,-0.0,-0.005,0.008,0.002,-0.002,0.002,0.002,0.002
-0.029,0.014,0.001,1.0,-0.001,-0.0,-0.005,-0.006,-0.011,0.001,0.008,-0.006,0.009
-0.03,0.014,0.001,1.0,-0.001,-0.0,-0.005,-0.015,0.002,0.004,-0.005,0.001,-0.005
-0.03,0.014,0.001,1.0,-0.001,-0.0,-0.005,0.0,0.003,0.003,-0.01,0.011,0.001
-0.029,0.014,0.001,1.0,-0.001,-0.0,-0.005,0.015,0.01,-0.005,0.004,-0.007,-0.006
-0.03,0.015,0.001,1.0,-0.001,-0.0,-0.005,-0.009,0.0,0.007,-0.003,0.007,0.001
-0.03,0.014,0.001,1.0,-0.001,-0.0,-0.005,-0.002,-0.008,-0.003,0.014,0.007,0.016
-0.029,0.015,0.003,1.0,-0.0,0.005,-0.004,0.031,0.015,0.044,0.016,0.308,0.016
-0.029,0.014,0.014,1.0,0.0,0.009,-0.004,-0.017,-0.029,0.34,0.046,0.245,0.033
-0.029,0.012,0.036,1.0,-0.001,0.009,-0.004,0.007,-0.065,0.708,-0.053,0.02,-0.029
-0.028,0.01,0.068,1.0,-0.001,0.008,-0.006,0.03,-0.041,0.921,-0.053,-0.079,-0.072
-0.026,0.008,0.101,1.0,-0.001,0.006,-0.007,0.073,-0.063,0.988,0.022,-0.115,-0.063
-0.019,0.007,0.133,1.0,-0.001,0.005,-0.007,0.181,-0.046,0.951,-0.001,-0.062,-0.035
-0.015,0.004,0.163,1.0,-0.002,0.003,-0.008,0.127,-0.077,0.877,-0.051,-0.138,-0.035
-0.011,0.003,0.196,1.0,-0.003,0.002,-0.008,0.11,-0.022,1.013,-0.032,-0.061,-0.036
-0.011,-0.0,0.227,1.0,-0.003,0.002,-0.008,0.005,-0.109,0.909,-0.013,-0.011,0.005
-0.006,-0.004,0.253,1.0,-0.003,0.002,-0.008,0.146,-0.12,0.805,-0.005,0.017,-0.008
-0.001,-0.005,0.262,1.0,-0.003,-0.0,-0.009,0.179,-0.01,0.271,-0.003,-0.13,-0.009
-0.001,-0.006,0.276,1.0,-0.004,-0.001,-0.009,-0.007,-0.037,0.408,-0.04,-0.035,-0.009
0.001,-0.007,0.288,1.0,-0.004,-0.0,-0.009,0.066,-0.04,0.355,-0.009,0.024,-0.011
0.006,-0.006,0.289,1.0,-0.004,-0.001,-0.009,0.134,0.03,0.042,-0.021,-0.041,-0.025
0.006,-0.014,0.288,1.0,-0.004,-0.0,-0.008,0.001,-0.232,-0.042,0.007,0.04,0.055
0.006,-0.014,0.281,1.0,-0.004,-0.001,-0.009,0.012,0.004,-0.194,-0.004,-0.029,-0.019
0.009,-0.016,0.273,1.0,-0.004,-0.002,-0.009,0.078,-0.074,-0.236,-0.011,-0.05,-0.007
0.01,-0.018,0.261,1.0,-0.003,-0.002,-0.009,0.05,-0.043,-0.384,0.046,-0.037,0.018
0.012,-0.022,0.256,1.0,-0.004,-0.001,-0.008,0.039,-0.137,-0.142,-0.008,0.086,0.019
0.012,-0.024,0.243,1.0,-0.004,-0.001,-0.008,0.005,-0.032,-0.391,-0.017,-0.013,-0.013
0.015,-0.029,0.232,1.0,-0.004,-0.001,-0.008,0.082,-0.169,-0.323,-0.032,0.007,0.001
0.012,-0.031,0.221,1.0,-0.004,0.0,-0.009,-0.081,-0.044,-0.35,-0.004,0.05,-0.015
0.014,-0.031,0.21,1.0,-0.005,0.001,-0.009,0.049,-0.009,-0.313,-0.004,0.04,-0.018
0.015,-0.034,0.203,1.0,-0.005,0.001,-0.009,0.041,-0.09,-0.223,-0.007,0.01,0.005
0.013,-0.038,0.198,1.0,-0.005,0.001,-0.009,-0.05,-0.121,-0.157,-0.035,-0.017,0.005
0.013,-0.038,0.198,1.0,-0.005,0.001,-0.009,-0.05,-0.121,-0.157,-0.035,-0.017,0.005
0.021,-0.046,0.185,1.0,-0.006,0.0,-0.009,0.001,-0.097,-0.006,-0.025,0.023,-0.0
0.021,-0.046,0.185,1.0,-0.006,0.0,-0.009,0.001,-0.097,-0.006,-0.025,0.023,-0.0
0.03,-0.055,0.189,1.0,-0.006,-0.001,-0.009,0.119,-0.113,0.126,-0.028,0.007,-0.002
0.03,-0.055,0.189,1.0,-0.006,-0.001,-0.009,0.119,-0.113,0.126,-0.028,0.007,-0.002
0.03,-0.059,0.205,1.0,-0.006,0.001,-0.009,0.054,-0.04,0.304,-0.012,0.04,-0.022
0.032,-0.061,0.214,1.0,-0.007,0.001,-0.009,0.062,-0.063,0.272,-0.003,0.005,0.007
0.032,-0.061,0.214,1.0,-0.007,0.001,-0.009,0.062,-0.063,0.272,-0.003,0.005,0.007
0.034,-0.064,0.225,1.0,-0.007,0.001,-0.009,0.075,-0.084,0.331,-0.03,0.016,0.002
0.041,-0.068,0.249,1.0,-0.007,0.001,-0.009,0.108,-0.029,0.374,-0.001,-0.029,-0.008
0.041,-0.068,0.249,1.0,-0.007,0.001,-0.009,0.108,-0.029,0.374,-0.001,-0.029,-0.008
0.043,-0.075,0.278,1.0,-0.007,-0.0,-0.009,-0.104,-0.166,0.585,0.009,0.035,0.02
0.047,-0.077,0.287,1.0,-0.007,-0.002,-0.009,0.126,-0.051,0.258,0.006,-0.089,0.009
0.047,-0.077,0.287,1.0,-0.007,-0.002,-0.009,0.126,-0.051,0.258,0.006,-0.089,0.009
0.048,-0.082,0.318,1.0,-0.007,-0.002,-0.009,0.05,-0.094,0.433,-0.011,-0.005,0.019
0.053,-0.082,0.324,1.0,-0.007,-0.003,-0.009,0.15,0.001,0.185,-0.004,-0.065,-0.014
0.053,-0.082,0.324,1.0,-0.007,-0.003,-0.009,0.15,0.001,0.185,-0.004,-0.065,-0.014
0.056,-0.089,0.362,1.0,-0.007,-0.002,-0.008,-0.023,-0.097,0.423,0.001,0.042,0.016
0.056,-0.089,0.362,1.0,-0.007,-0.002,-0.008,-0.023,-0.097,0.423,0.001,0.042,0.016
0.062,-0.093,0.391,1.0,-0.007,-0.002,-0.009,0.024,-0.049,0.259,0.007,-0.019,0.005
0.062,-0.093,0.391,1.0,-0.007,-0.002,-0.009,0.024,-0.049,0.259,0.007,-0.019,0.005
0.063,-0.099,0.42,1.0,-0.006,-0.001,-0.009,0.036,-0.061,0.349,0.009,-0.001,0.005
0.063,-0.103,0.434,1.0,-0.006,-0.001,-0.008,-0.028,-0.124,0.451,-0.004,0.018,0.01
0.063,-0.103,0.434,1.0,-0.006,-0.001,-0.008,-0.028,-0.124,0.451,-0.004,0.018,0.01
0.067,-0.105,0.451,1.0,-0.007,-0.002,-0.009,0.072,-0.042,0.256,-0.019,0.005,0.002
0.066,-0.107,0.464,1.0,-0.007,-0.001,-0.009,-0.028,-0.06,0.393,0.001,0.027,-0.001
0.066,-0.107,0.464,1.0,-0.007,-0.001,-0.009,-0.028,-0.06,0.393,0.001,0.027,-0.001
0.067,-0.112,0.495,1.0,-0.008,-0.001,-0.009,0.004,-0.041,0.311,-0.032,0.01,-0.009
0.067,-0.112,0.495,1.0,-0.008,-0.001,-0.009,0.004,-0.041,0.311,-0.032,0.01,-0.009
0.067,-0.115,0.509,1.0,-0.008,-0.001,-0.009,-0.011,-0.071,0.414,-0.001,0.021,-0.006
0.065,-0.115,0.519,1.0,-0.008,-0.0,-0.009,-0.037,-0.016,0.295,-0.006,0.034,-0.009
0.067,-0.12,0.545,1.0,-0.007,-0.001,-0.009,0.065,0.003,-0.006,0.029,-0.082,-0.002
0.067,-0.12,0.545,1.0,-0.007,-0.001,-0.009,0.065,0.003,-0.006,0.029,-0.082,-0.002
0.062,-0.126,0.564,1.0,-0.007,-0.0,-0.009,-0.074,-0.122,0.29,0.019,0.048,0.023
0.062,-0.128,0.568,1.0,-0.007,0.0,-0.009,-0.013,-0.05,0.107,0.028,0.01,0.01
0.062,-0.128,0.568,1.0,-0.007,0.0,-0.009,-0.013,-0.05,0.107,0.028,0.01,0.01
0.058,-0.133,0.594,1.0,-0.007,0.0,-0.01,-0.044,-0.131,0.208,0.005,0.006,-0.012
0.058,-0.133,0.594,1.0,-0.007,0.0,-0.01,-0.044,-0.131,0.208,0.005,0.006,-0.012
0.055,-0.138,0.61,1.0,-0.007,0.0,-0.009,-0.024,-0.129,0.121,-0.034,-0.029,0.015
0.053,-0.136,0.623,1.0,-0.007,0.001,-0.01,-0.073,0.045,0.381,-0.005,0.032,-0.031
0.053,-0.136,0.623,1.0,-0.007,0.001,-0.01,-0.073,0.045,0.381,-0.005,0.032,-0.031
0.051,-0.141,0.632,1.0,-0.008,0.001,-0.01,-0.044,-0.138,0.278,-0.045,0.037,0.001
0.048,-0.144,0.649,1.0,-0.009,0.002,-0.01,-0.049,-0.088,0.337,-0.042,0.036,0.013
0.048,-0.144,0.649,1.0,-0.009,0.002,-0.01,-0.049,-0.088,0.337,-0.042,0.036,0.013
0.044,-0.146,0.664,1.0,-0.01,0.002,-0.01,-0.102,0.043,0.275,-0.016,-0.009,-0.021
0.043,-0.15,0.677,1.0,-0.01,0.002,-0.01,-0.054,-0.138,0.368,-0.002,0.004,0.011
0.043,-0.15,0.677,1.0,-0.01,0.002,-0.01,-0.054,-0.138,0.368,-0.002,0.004,0.011
0.039,-0.152,0.689,1.0,-0.01,0.002,-0.01,-0.107,-0.033,0.359,-0.012,0.043,0.005
0.033,-0.155,0.708,1.0,-0.01,0.003,-0.01,-0.097,-0.117,0.295,-0.002,0.027,0.012
0.033,-0.155,0.708,1.0,-0.01,0.003,-0.01,-0.097,-0.117,0.295,-0.002,0.027,0.012
0.028,-0.155,0.718,1.0,-0.01,0.003,-0.01,-0.174,0.02,0.3,-0.011,0.011,-0.023
0.029,-0.154,0.725,1.0,-0.01,0.003,-0.01,0.05,0.022,0.191,0.031,-0.009,-0.001
0.015,-0.166,0.756,1.0,-0.011,0.003,-0.01,-0.167,-0.129,0.308,-0.018,0.057,0.017
0.015,-0.166,0.756,1.0,-0.011,0.003,-0.01,-0.167,-0.129,0.308,-0.018,0.057,0.017
0.015,-0.164,0.762,1.0,-0.011,0.004,-0.01,0.013,0.056,0.173,-0.028,0.033,-0.028
0.011,-0.172,0.769,1.0,-0.011,0.004,-0.01,-0.047,-0.144,0.205,0.014,0.039,0.021
0.011,-0.172,0.769,1.0,-0.011,0.004,-0.01,-0.047,-0.144,0.205,0.014,0.039,0.021
-0.001,-0.173,0.783,1.0,-0.011,0.004,-0.01,-0.196,-0.007,0.209,-0.018,0.039,-0.014
-0.001,-0.173,0.783,1.0,-0.011,0.004,-0.01,-0.196,-0.007,0.209,-0.018,0.039,-0.014
-0.007,-0.172,0.789,1.0,-0.011,0.004,-0.01,-0.013,-0.068,0.097,-0.001,-0.001,0.014
-0.007,-0.172,0.789,1.0,-0.011,0.004,-0.01,-0.013,-0.068,0.097,-0.001,-0.001,0.014
-0.02,-0.169,0.806,1.0,-0.011,0.005,-0.011,-0.147,0.129,0.186,-0.007,0.066,-0.029
-0.02,-0.169,0.806,1.0,-0.011,0.005,-0.011,-0.147,0.129,0.186,-0.007,0.066,-0.029
-0.024,-0.169,0.808,1.0,-0.011,0.006,-0.011,-0.115,-0.003,0.074,0.012,0.045,0.013
-0.043,-0.161,0.829,1.0,-0.01,0.007,-0.011,-0.131,0.1,0.188,0.037,0.052,-0.007
-0.043,-0.161,0.829,1.0,-0.01,0.007,-0.011,-0.131,0.1,0.188,0.037,0.052,-0.007
-0.046,-0.165,0.825,1.0,-0.009,0.007,-0.011,-0.067,-0.109,-0.109,0.057,-0.033,0.035
-0.052,-0.16,0.829,1.0,-0.007,0.006,-0.011,-0.084,0.058,-0.027,0.045,-0.019,0.008
-0.052,-0.16,0.829,1.0,-0.007,0.006,-0.011,-0.084,0.058,-0.027,0.045,-0.019,0.008
-0.064,-0.16,0.839,1.0,-0.005,0.008,-0.01,-0.153,-0.03,0.298,0.031,0.07,0.023
-0.064,-0.16,0.839,1.0,-0.005,0.008,-0.01,-0.153,-0.03,0.298,0.031,0.07,0.023
-0.066,-0.16,0.842,1.0,-0.005,0.008,-0.011,-0.058,0.004,0.071,0.016,0.002,-0.015
-0.067,-0.161,0.839,1.0,-0.005,0.008,-0.011,-0.024,-0.039,-0.071,-0.006,-0.018,-0.006
-0.077,-0.163,0.852,1.0,-0.005,0.01,-0.01,-0.187,-0.044,0.318,0.013,0.087,0.012
-0.082,-0.164,0.864,1.0,-0.005,0.01,-0.01,-0.117,-0.003,0.282,-0.031,0.038,0.007
-0.082,-0.164,0.864,1.0,-0.005,0.01,-0.01,-0.117,-0.003,0.282,-0.031,0.038,0.007
-0.085,-0.166,0.871,1.0,-0.006,0.01,-0.011,-0.112,-0.064,0.171,0.008,0.022,0.021
-0.085,-0.166,0.871,1.0,-0.006,0.01,-0.011,-0.112,-0.064,0.171,0.008,0.022,0.021
-0.088,-0.163,0.878,1.0,-0.006,0.011,-0.011,-0.077,0.079,0.209,-0.018,0.022,-0.01
-0.088,-0.168,0.884,1.0,-0.007,0.01,-0.01,-0.044,-0.073,0.253,0.002,0.062,0.01
-0.088,-0.168,0.884,1.0,-0.007,0.01,-0.01,-0.044,-0.073,0.253,0.002,0.062,0.01
-0.094,-0.17,0.889,1.0,-0.007,0.011,-0.01,-0.082,-0.068,0.139,-0.01,0.031,0.01
-0.094,-0.17,0.889,1.0,-0.007,0.011,-0.01,-0.082,-0.068,0.139,-0.01,0.031,0.01
-0.093,-0.172,0.896,1.0,-0.007,0.01,-0.01,0.056,-0.039,0.083,-0.005,-0.013,0.015
-0.093,-0.172,0.896,1.0,-0.007,0.01,-0.01,0.056,-0.039,0.083,-0.005,-0.013,0.015
-0.092,-0.178,0.9,1.0,-0.008,0.009,-0.01,0.071,-0.109,-0.039,-0.026,-0.034,0.011
-0.092,-0.178,0.9,1.0,-0.008,0.009,-0.01,0.071,-0.109,-0.039,-0.026,-0.034,0.011
-0.093,-0.179,0.903,1.0,-0.009,0.009,-0.01,0.005,-0.026,0.054,-0.012,-0.013,-0.001
-0.093,-0.179,0.903,1.0,-0.009,0.009,-0.01,0.005,-0.026,0.054,-0.012,-0.013,-0.001
-0.089,-0.178,0.901,1.0,-0.009,0.008,-0.011,0.127,0.046,-0.052,-0.028,-0.065,-0.021
-0.091,-0.175,0.906,1.0,-0.009,0.009,-0.011,-0.06,0.062,0.148,0.002,0.025,-0.026
-0.088,-0.181,0.907,1.0,-0.01,0.008,-0.011,0.089,-0.17,0.018,-0.033,-0.037,0.026
-0.088,-0.18,0.909,1.0,-0.01,0.007,-0.011,-0.009,0.042,0.06,-0.018,-0.052,-0.024
-0.084,-0.18,0.913,1.0,-0.01,0.007,-0.011,0.138,0.004,0.154,-0.0,-0.02,-0.002
-0.085,-0.178,0.92,1.0,-0.01,0.007,-0.011,-0.055,0.036,0.188,-0.013,0.0,0.002
-0.077,-0.176,0.941,1.0,-0.009,0.005,-0.011,0.062,0.069,0.003,0.004,-0.053,-0.016
-0.076,-0.178,0.944,1.0,-0.009,0.004,-0.011,0.046,-0.073,0.101,0.0,-0.043,0.023
-0.071,-0.177,0.959,1.0,-0.009,0.004,-0.011,0.04,0.075,0.048,0.038,-0.054,-0.01
-0.071,-0.177,0.959,1.0,-0.009,0.004,-0.011,0.04,0.075,0.048,0.038,-0.054,-0.01
-0.074,-0.174,0.977,1.0,-0.008,0.004,-0.011,-0.085,0.098,0.262,0.028,0.015,-0.026
-0.073,-0.173,0.978,1.0,-0.007,0.004,-0.011,0.019,0.022,0.031,0.032,-0.01,0.003
-0.071,-0.172,0.982,1.0,-0.007,0.003,-0.011,0.011,0.032,-0.099,-0.003,-0.053,-0.008
-0.071,-0.172,0.982,1.0,-0.007,0.003,-0.011,0.011,0.032,-0.099,-0.003,-0.053,-0.008
-0.073,-0.173,0.99,1.0,-0.006,0.004,-0.011,-0.065,-0.039,0.252,0.027,0.045,0.008
-0.072,-0.171,0.991,1.0,-0.006,0.003,-0.01,0.02,0.048,-0.063,0.028,-0.051,0.002
-0.072,-0.171,0.991,1.0,-0.006,0.003,-0.01,0.02,0.048,-0.063,0.028,-0.051,0.002
-0.075,-0.169,0.993,1.0,-0.005,0.004,-0.01,-0.089,0.048,0.067,0.033,0.052,0.001
-0.076,-0.166,0.997,1.0,-0.004,0.005,-0.011,-0.025,0.034,0.117,0.023,0.038,-0.01
-0.076,-0.166,0.997,1.0,-0.004,0.005,-0.011,-0.025,0.034,0.117,0.023,0.038,-0.01
-0.079,-0.169,1.0,1.0,-0.005,0.005,-0.011,-0.119,-0.037,0.152,-0.025,0.046,-0.006
-0.079,-0.167,1.0,1.0,-0.004,0.005,-0.011,-0.013,0.046,0.003,0.021,0.016,0.007
-0.079,-0.167,1.0,1.0,-0.004,0.005,-0.011,-0.013,0.046,0.003,0.021,0.016,0.007
-0.082,-0.169,1.0,1.0,-0.005,0.005,-0.01,-0.034,-0.001,0.048,-0.013,0.018,-0.003
-0.085,-0.17,1.005,1.0,-0.005,0.006,-0.01,-0.083,-0.031,0.155,-0.012,0.04,0.003
-0.085,-0.17,1.005,1.0,-0.005,0.006,-0.01,-0.083,-0.031,0.155,-0.012,0.04,0.003
-0.083,-0.171,1.001,1.0,-0.005,0.005,-0.01,0.066,-0.029,-0.11,-0.019,-0.051,0.006
-0.082,-0.171,1.002,1.0,-0.005,0.005,-0.01,0.014,-0.023,0.011,-0.01,0.002,-0.002
-0.091,-0.173,1.004,1.0,-0.005,0.006,-0.01,-0.042,-0.037,-0.04,-0.007,0.005,0.004
-0.091,-0.173,1.004,1.0,-0.005,0.006,-0.01,-0.042,-0.037,-0.04,-0.007,0.005,0.004
-0.097,-0.177,1.006,1.0,-0.006,0.007,-0.01,-0.09,-0.028,-0.113,-0.014,-0.016,-0.009
-0.097,-0.177,1.006,1.0,-0.006,0.007,-0.01,-0.09,-0.028,-0.113,-0.014,-0.016,-0.009
-0.101,-0.181,1.013,1.0,-0.006,0.008,-0.01,-0.032,-0.089,0.043,-0.01,0.037,0.013
-0.101,-0.181,1.013,1.0,-0.006,0.008,-0.01,-0.032,-0.089,0.043,-0.01,0.037,0.013
-0.104,-0.185,1.013,1.0,-0.007,0.008,-0.01,0.024,-0.096,-0.018,0.011,-0.008,0.021
-0.104,-0.185,1.013,1.0,-0.007,0.008,-0.01,0.024,-0.096,-0.018,0.011,-0.008,0.021
-0.11,-0.189,1.031,1.0,-0.008,0.01,-0.01,-0.109,-0.022,0.219,-0.02,0.06,-0.003
-0.111,-0.189,1.039,1.0,-0.008,0.01,-0.01,-0.037,-0.021,0.245,-0.037,0.01,-0.013
-0.111,-0.189,1.039,1.0,-0.008,0.01,-0.01,-0.037,-0.021,0.245,-0.037,0.01,-0.013
-0.109,-0.19,1.034,1.0,-0.008,0.009,-0.01,0.08,-0.023,-0.152,-0.009,-0.087,0.006
-0.109,-0.194,1.038,1.0,-0.009,0.009,-0.01,-0.002,-0.107,0.128,-0.041,0.022,0.01
-0.109,-0.192,1.037,1.0,-0.01,0.008,-0.01,0.002,0.049,-0.033,-0.051,-0.047,-0.014
-0.106,-0.195,1.043,1.0,-0.01,0.008,-0.01,0.074,-0.099,0.165,-0.003,-0.006,0.028
-0.108,-0.193,1.048,1.0,-0.01,0.008,-0.01,-0.053,0.069,0.152,-0.031,-0.012,-0.026
-0.114,-0.195,1.058,1.0,-0.01,0.008,-0.01,-0.137,0.017,0.082,-0.013,0.012,-0.009
-0.114,-0.195,1.058,1.0,-0.01,0.008,-0.01,-0.137,0.017,0.082,-0.013,0.012,-0.009
-0.11,-0.197,1.055,1.0,-0.01,0.007,-0.009,0.127,-0.048,-0.105,0.002,-0.073,0.027
-0.105,-0.193,1.052,1.0,-0.01,0.004,-0.009,0.04,0.096,-0.113,-0.001,-0.039,-0.018
-0.109,-0.193,1.052,1.0,-0.009,0.006,-0.009,-0.117,0.012,0.024,0.045,0.062,0.012
-0.112,-0.192,1.052,1.0,-0.009,0.006,-0.009,-0.081,0.024,0.003,0.034,0.047,0.006
-0.115,-0.185,1.056,1.0,-0.009,0.007,-0.009,-0.104,0.196,0.112,0.011,0.062,-0.03
-0.121,-0.178,1.052,1.0,-0.008,0.009,-0.01,-0.031,0.139,0.056,0.053,0.016,-0.03
-0.121,-0.178,1.052,1.0,-0.008,0.009,-0.01,-0.031,0.139,0.056,0.053,0.016,-0.03
-0.121,-0.175,1.05,1.0,-0.007,0.008,-0.01,-0.037,0.003,-0.101,-0.004,-0.016,0.006
-0.121,-0.175,1.05,1.0,-0.007,0.008,-0.01,-0.037,0.003,-0.101,-0.004,-0.016,0.006
-0.124,-0.166,1.055,1.0,-0.005,0.009,-0.01,0.032,0.116,0.003,0.057,-0.008,-0.007
-0.124,-0.166,1.055,1.0,-0.005,0.009,-0.01,0.032,0.116,0.003,0.057,-0.008,-0.007
-0.123,-0.16,1.056,1.0,-0.004,0.01,-0.01,0.055,0.107,-0.15,0.025,-0.024,-0.01
-0.126,-0.159,1.057,1.0,-0.004,0.01,-0.011,-0.084,0.036,0.03,-0.013,0.032,-0.011
-0.126,-0.159,1.057,1.0,-0.004,0.01,-0.011,-0.084,0.036,0.03,-0.013,0.032,-0.011
-0.124,-0.158,1.055,1.0,-0.005,0.01,-0.01,0.046,0.008,-0.069,-0.004,0.006,0.007
-0.124,-0.156,1.061,1.0,-0.005,0.01,-0.011,0.0,0.062,0.093,-0.017,-0.003,-0.016
-0.124,-0.156,1.061,1.0,-0.005,0.01,-0.011,0.0,0.062,0.093,-0.017,-0.003,-0.016
-0.12,-0.155,1.06,1.0,-0.004,0.008,-0.011,0.075,0.017,0.006,-0.018,-0.064,-0.005
-0.12,-0.154,1.063,1.0,-0.005,0.008,-0.011,0.013,0.024,0.084,-0.034,0.027,-0.016
-0.12,-0.154,1.063,1.0,-0.005,0.008,-0.011,0.013,0.024,0.084,-0.034,0.027,-0.016
-0.122,-0.152,1.066,1.0,-0.005,0.009,-0.011,-0.072,0.056,0.08,0.014,0.03,-0.01
-0.12,-0.152,1.071,1.0,-0.004,0.008,-0.011,0.025,0.009,0.122,0.018,-0.004,0.012
-0.12,-0.152,1.071,1.0,-0.004,0.008,-0.011,0.025,0.009,0.122,0.018,-0.004,0.012
-0.117,-0.152,1.068,1.0,-0.004,0.007,-0.011,0.073,-0.007,-0.079,0.005,-0.06,0.007
-0.116,-0.152,1.073,1.0,-0.004,0.007,-0.011,0.018,0.034,-0.005,-0.01,-0.016,-0.014
-0.116,-0.152,1.073,1.0,-0.004,0.007,-0.011,0.018,0.034,-0.005,-0.01,-0.016,-0.014
-0.116,-0.152,1.072,1.0,-0.004,0.007,-0.011,0.021,-0.007,-0.021,0.007,-0.003,0.009
-0.116,-0.151,1.074,1.0,-0.004,0.008,-0.011,0.024,0.067,-0.033,-0.01,-0.01,-0.024
-0.116,-0.151,1.074,1.0,-0.004,0.008,-0.011,0.024,0.067,-0.033,-0.01,-0.01,-0.024
-0.115,-0.151,1.077,1.0,-0.004,0.008,-0.011,0.018,-0.01,0.072,-0.01,0.011,0.001
-0.115,-0.153,1.078,1.0,-0.004,0.008,-0.011,0.097,-0.048,-0.022,-0.014,-0.005,0.004
-0.115,-0.153,1.078,1.0,-0.004,0.008,-0.011,0.097,-0.048,-0.022,-0.014,-0.005,0.004
-0.116,-0.153,1.079,1.0,-0.004,0.008,-0.011,-0.031,0.014,0.115,0.004,0.028,-0.012
-0.113,-0.155,1.077,1.0,-0.004,0.007,-0.011,0.077,-0.055,-0.053,-0.002,-0.035,0.014
-0.113,-0.155,1.077,1.0,-0.004,0.007,-0.011,0.077,-0.055,-0.053,-0.002,-0.035,0.014
-0.11,-0.156,1.075,1.0,-0.005,0.007,-0.011,0.038,-0.097,-0.044,-0.012,-0.008,0.013
-0.11,-0.158,1.08,1.0,-0.005,0.007,-0.01,0.012,-0.043,0.167,-0.01,0.001,0.017
-0.11,-0.158,1.08,1.0,-0.005,0.007,-0.01,0.012,-0.043,0.167,-0.01,0.001,0.017
-0.107,-0.159,1.075,1.0,-0.006,0.006,-0.011,0.012,-0.045,-0.013,-0.016,0.021,0.01
-0.107,-0.159,1.075,1.0,-0.006,0.006,-0.011,0.012,-0.045,-0.013,-0.016,0.021,0.01
-0.107,-0.16,1.076,1.0,-0.007,0.006,-0.011,0.04,0.054,-0.053,-0.03,-0.019,-0.015
-0.107,-0.16,1.076,1.0,-0.007,0.006,-0.011,0.04,0.054,-0.053,-0.03,-0.019,-0.015
-0.107,-0.16,1.076,1.0,-0.007,0.006,-0.011,0.04,0.054,-0.053,-0.03,-0.019,-0.015
-0.105,-0.16,1.076,1.0,-0.007,0.005,-0.011,0.056,0.01,0.008,-0.013,-0.017,-0.005
-0.105,-0.163,1.068,1.0,-0.008,0.005,-0.011,0.012,0.002,-0.068,-0.007,0.017,-0.0
-0.105,-0.163,1.068,1.0,-0.008,0.005,-0.011,0.012,0.002,-0.068,-0.007,0.017,-0.0
-0.103,-0.166,1.067,1.0,-0.008,0.005,-0.01,0.038,-0.101,-0.027,-0.002,0.004,0.014
-0.107,-0.159,1.067,1.0,-0.007,0.005,-0.011,-0.013,0.029,-0.012,0.052,-0.006,-0.01
-0.107,-0.159,1.067,1.0,-0.007,0.005,-0.011,-0.013,0.029,-0.012,0.052,-0.006,-0.01
-0.106,-0.161,1.064,1.0,-0.007,0.005,-0.011,0.029,-0.062,-0.089,0.02,-0.022,0.013
-0.108,-0.159,1.066,1.0,-0.007,0.005,-0.011,-0.06,-0.046,0.004,-0.003,0.006,0.007
-0.108,-0.159,1.066,1.0,-0.007,0.005,-0.011,-0.06,-0.046,0.004,-0.003,0.006,0.007
-0.11,-0.16,1.068,1.0,-0.007,0.005,-0.012,-0.05,0.013,0.004,-0.015,0.004,-0.006
-0.11,-0.16,1.068,1.0,-0.007,0.005,-0.012,-0.05,0.013,0.004,-0.015,0.004,-0.006
-0.111,-0.161,1.062,1.0,-0.007,0.004,-0.011,-0.078,0.07,-0.038,-0.0,0.007,-0.013
-0.112,-0.161,1.064,1.0,-0.008,0.005,-0.012,-0.027,0.01,0.078,-0.035,0.028,-0.019
-0.112,-0.161,1.064,1.0,-0.008,0.005,-0.012,-0.027,0.01,0.078,-0.035,0.028,-0.019
-0.117,-0.163,1.065,1.0,-0.008,0.006,-0.012,-0.06,0.065,-0.017,-0.022,0.017,-0.031
-0.119,-0.164,1.066,1.0,-0.008,0.006,-0.011,-0.06,-0.031,0.044,0.017,0.033,0.011
-0.119,-0.164,1.066,1.0,-0.008,0.006,-0.011,-0.06,-0.031,0.044,0.017,0.033,0.011
-0.123,-0.161,1.067,1.0,-0.008,0.007,-0.012,-0.112,0.098,0.027,0.016,0.047,-0.004
-0.123,-0.164,1.068,1.0,-0.007,0.007,-0.011,-0.018,0.025,0.038,0.009,-0.011,0.002
-0.123,-0.164,1.068,1.0,-0.007,0.007,-0.011,-0.018,0.025,0.038,0.009,-0.011,0.002
-0.127,-0.159,1.068,1.0,-0.007,0.007,-0.012,-0.065,0.036,-0.065,0.019,-0.015,0.002
-0.126,-0.16,1.068,1.0,-0.007,0.007,-0.011,0.006,-0.04,-0.005,0.003,0.028,0.015
-0.126,-0.16,1.068,1.0,-0.007,0.007,-0.011,0.006,-0.04,-0.005,0.003,0.028,0.015
-0.129,-0.16,1.069,1.0,-0.006,0.008,-0.012,-0.068,0.009,0.039,0.004,0.024,-0.008
-0.131,-0.157,1.073,1.0,-0.006,0.008,-0.012,0.0,0.116,-0.018,-0.003,-0.008,-0.03
-0.131,-0.157,1.073,1.0,-0.006,0.008,-0.012,0.0,0.116,-0.018,-0.003,-0.008,-0.03
-0.135,-0.161,1.074,1.0,-0.006,0.009,-0.011,-0.112,-0.095,0.031,0.012,0.01,0.031
-0.137,-0.161,1.078,1.0,-0.006,0.009,-0.011,-0.077,-0.012,0.099,0.009,0.03,-0.001
-0.139,-0.158,1.085,1.0,-0.005,0.009,-0.012,-0.015,0.124,0.111,0.023,0.015,-0.029
-0.139,-0.158,1.085,1.0,-0.005,0.009,-0.012,-0.015,0.124,0.111,0.023,0.015,-0.029
-0.14,-0.158,1.083,1.0,-0.005,0.008,-0.012,-0.02,0.058,0.028,0.013,0.001,-0.01
-0.139,-0.157,1.083,1.0,-0.004,0.008,-0.012,0.026,0.013,0.002,0.041,0.006,0.013
-0.139,-0.157,1.083,1.0,-0.004,0.008,-0.012,0.026,0.013,0.002,0.041,0.006,0.013
-0.143,-0.159,1.089,1.0,-0.004,0.009,-0.012,-0.124,-0.048,0.192,-0.0,0.057,0.012
-0.143,-0.157,1.091,1.0,-0.004,0.01,-0.012,-0.001,0.031,0.062,0.012,0.009,-0.013
-0.143,-0.157,1.091,1.0,-0.004,0.01,-0.012,-0.001,0.031,0.062,0.012,0.009,-0.013
-0.144,-0.159,1.09,1.0,-0.004,0.009,-0.011,0.015,-0.096,-0.058,0.01,-0.028,0.03
-0.141,-0.159,1.089,1.0,-0.004,0.009,-0.012,0.061,-0.018,-0.036,-0.002,-0.036,-0.015
-0.145,-0.158,1.085,1.0,-0.005,0.008,-0.012,-0.131,0.027,0.065,-0.022,0.021,-0.003
-0.145,-0.158,1.085,1.0,-0.005,0.008,-0.012,-0.131,0.027,0.065,-0.022,0.021,-0.003
-0.143,-0.16,1.086,1.0,-0.005,0.008,-0.012,0.078,-0.057,0.025,-0.009,0.014,0.0
-0.149,-0.169,1.085,1.0,-0.006,0.009,-0.011,-0.035,-0.265,0.217,0.006,0.079,0.068
-0.149,-0.167,1.083,1.0,-0.006,0.009,-0.012,-0.002,0.049,-0.058,-0.004,0.029,-0.021
-0.149,-0.167,1.083,1.0,-0.006,0.009,-0.012,-0.002,0.049,-0.058,-0.004,0.029,-0.021
-0.154,-0.17,1.074,1.0,-0.006,0.01,-0.012,0.051,0.004,-0.033,0.024,0.009,-0.009
-0.154,-0.17,1.074,1.0,-0.006,0.01,-0.012,0.051,0.004,-0.033,0.024,0.009,-0.009
-0.156,-0.172,1.073,1.0,-0.008,0.01,-0.012,-0.061,-0.001,0.02,-0.054,0.02,-0.018
-0.157,-0.175,1.068,1.0,-0.008,0.009,-0.012,-0.045,-0.079,-0.154,-0.011,-0.023,0.017
-0.157,-0.175,1.068,1.0,-0.008,0.01,-0.012,-0.013,0.056,0.043,-0.003,0.017,-0.029
-0.158,-0.176,1.067,1.0,-0.008,0.009,-0.012,-0.027,-0.036,-0.024,-0.0,-0.04,0.002
-0.158,-0.176,1.067,1.0,-0.008,0.009,-0.012,-0.027,-0.036,-0.024,-0.0,-0.04,0.002
-0.153,-0.175,1.054,1.0,-0.008,0.007,-0.012,-0.035,0.034,-0.057,0.011,-0.024,-0.019
-0.152,-0.178,1.051,1.0,-0.008,0.008,-0.012,0.037,-0.067,-0.086,0.017,0.027,0.018
-0.152,-0.178,1.051,1.0,-0.008,0.008,-0.012,0.037,-0.067,-0.086,0.017,0.027,0.018
-0.153,-0.175,1.05,1.0,-0.008,0.008,-0.012,0.013,0.06,-0.106,0.003,-0.022,-0.017
-0.153,-0.175,1.05,1.0,-0.008,0.008,-0.012,0.013,0.06,-0.106,0.003,-0.022,-0.017
-0.153,-0.179,1.045,1.0,-0.008,0.008,-0.012,-0.0,-0.018,-0.007,-0.002,0.009,0.004
-0.153,-0.179,1.045,1.0,-0.008,0.008,-0.012,-0.0,-0.018,-0.007,-0.002,0.009,0.004
-0.155,-0.182,1.054,1.0,-0.008,0.009,-0.011,-0.068,-0.091,0.259,-0.022,0.052,0.018
-0.152,-0.177,1.047,1.0,-0.008,0.008,-0.012,0.089,0.142,-0.205,-0.003,-0.085,-0.05
-0.154,-0.179,1.059,1.0,-0.007,0.008,-0.012,0.005,0.01,0.091,0.025,-0.006,0.001
-0.149,-0.179,1.059,1.0,-0.007,0.008,-0.012,0.124,-0.017,0.006,0.018,-0.022,0.019
-0.149,-0.179,1.059,1.0,-0.007,0.008,-0.012,0.124,-0.017,0.006,0.018,-0.022,0.019
-0.149,-0.179,1.065,1.0,-0.008,0.008,-0.012,0.027,-0.072,0.104,-0.021,0.016,0.008
-0.149,-0.179,1.065,1.0,-0.008,0.008,-0.012,0.027,-0.072,0.104,-0.021,0.016,0.008
-0.148,-0.177,1.076,1.0,-0.007,0.007,-0.012,-0.025,-0.017,0.199,-0.008,-0.017,-0.0
-0.148,-0.177,1.076,1.0,-0.007,0.007,-0.012,-0.025,-0.017,0.199,-0.008,-0.017,-0.0
-0.142,-0.174,1.082,1.0,-0.007,0.006,-0.012,0.126,0.058,0.083,0.009,-0.041,-0.016
-0.144,-0.175,1.089,1.0,-0.008,0.007,-0.012,-0.071,-0.043,0.207,-0.009,0.01,0.018
-0.144,-0.175,1.089,1.0,-0.008,0.007,-0.012,-0.071,-0.043,0.207,-0.009,0.01,0.018
-0.14,-0.176,1.088,1.0,-0.008,0.006,-0.012,0.126,-0.037,-0.029,-0.03,-0.06,-0.008
-0.143,-0.176,1.091,1.0,-0.008,0.005,-0.012,-0.077,0.011,0.099,0.001,-0.003,-0.0
-0.143,-0.176,1.091,1.0,-0.008,0.005,-0.012,-0.077,0.011,0.099,0.001,-0.003,-0.0
-0.144,-0.176,1.09,1.0,-0.008,0.006,-0.012,-0.027,0.034,-0.138,0.007,0.004,-0.008
-0.144,-0.176,1.09,1.0,-0.008,0.006,-0.012,-0.027,0.034,-0.138,0.007,0.004,-0.008
-0.145,-0.174,1.087,1.0,-0.008,0.006,-0.012,-0.018,-0.023,-0.085,-0.012,0.007,0.006
-0.145,-0.174,1.087,1.0,-0.008,0.006,-0.012,-0.018,-0.023,-0.085,-0.012,0.007,0.006
-0.15,-0.173,1.084,1.0,-0.008,0.007,-0.012,-0.142,-0.018,-0.025,0.02,0.037,0.007
-0.15,-0.173,1.08,1.0,-0.008,0.008,-0.012,0.007,-0.014,-0.108,0.004,0.033,0.005
-0.15,-0.173,1.08,1.0,-0.008,0.008,-0.012,0.007,-0.014,-0.108,0.004,0.033,0.005
-0.153,-0.167,1.08,1.0,-0.007,0.008,-0.012,0.001,0.137,0.162,0.008,0.006,-0.024
-0.153,-0.167,1.08,1.0,-0.007,0.008,-0.012,0.001,0.137,0.162,0.008,0.006,-0.024
-0.153,-0.167,1.076,1.0,-0.007,0.009,-0.012,-0.018,0.105,0.001,-0.006,-0.001,-0.023
-0.153,-0.167,1.076,1.0,-0.007,0.009,-0.012,-0.018,0.105,0.001,-0.006,-0.001,-0.023
-0.157,-0.165,1.084,1.0,-0.007,0.009,-0.013,-0.124,0.059,0.225,-0.007,0.045,-0.018
-0.155,-0.161,1.089,1.0,-0.007,0.009,-0.013,0.014,0.087,0.138,0.018,-0.006,-0.024
-0.155,-0.161,1.089,1.0,-0.007,0.009,-0.013,0.014,0.087,0.138,0.018,-0.006,-0.024
-0.152,-0.158,1.088,1.0,-0.005,0.008,-0.012,0.068,0.077,-0.04,0.051,-0.017,0.008
-0.152,-0.158,1.088,1.0,-0.005,0.008,-0.012,0.068,0.077,-0.04,0.051,-0.017,0.008
-0.151,-0.149,1.08,1.0,-0.003,0.007,-0.013,0.006,0.151,-0.073,0.025,-0.014,-0.028
-0.151,-0.149,1.08,1.0,-0.003,0.007,-0.013,0.006,0.151,-0.073,0.025,-0.014,-0.028
-0.154,-0.15,1.081,1.0,-0.003,0.008,-0.013,-0.056,0.012,-0.038,0.016,0.047,0.005
-0.154,-0.151,1.082,1.0,-0.002,0.008,-0.013,0.008,-0.012,0.052,0.016,0.012,-0.007
-0.151,-0.152,1.079,1.0,-0.002,0.008,-0.013,0.026,0.045,-0.013,0.016,-0.032,-0.022
-0.152,-0.152,1.077,1.0,-0.002,0.007,-0.013,-0.034,0.016,-0.039,0.013,-0.019,0.002
-0.152,-0.152,1.077,1.0,-0.002,0.007,-0.013,-0.034,0.016,-0.039,0.013,-0.019,0.002
-0.151,-0.152,1.071,1.0,-0.002,0.007,-0.013,0.005,-0.07,-0.101,0.011,-0.027,0.001
-0.151,-0.154,1.069,1.0,-0.002,0.007,-0.013,0.009,-0.039,-0.054,-0.009,0.012,0.009
-0.151,-0.155,1.071,1.0,-0.003,0.008,-0.013,0.039,-0.042,0.054,-0.02,0.011,0.01
-0.153,-0.16,1.072,1.0,-0.003,0.008,-0.013,-0.053,-0.148,0.016,-0.019,0.049,0.016
-0.153,-0.16,1.072,1.0,-0.003,0.008,-0.013,-0.053,-0.148,0.016,-0.019,0.049,0.016
-0.152,-0.163,1.064,1.0,-0.004,0.008,-0.013,0.001,-0.025,-0.075,-0.029,-0.002,-0.002
-0.152,-0.165,1.064,1.0,-0.005,0.008,-0.013,0.001,-0.058,-0.015,-0.057,0.02,-0.01
-0.151,-0.166,1.06,1.0,-0.005,0.008,-0.013,0.022,-0.031,-0.122,-0.017,-0.025,0.002
-0.154,-0.175,1.07,1.0,-0.006,0.009,-0.012,-0.106,-0.155,0.213,-0.039,0.06,0.017
-0.154,-0.175,1.07,1.0,-0.006,0.009,-0.012,-0.106,-0.155,0.213,-0.039,0.06,0.017
-0.149,-0.176,1.064,1.0,-0.007,0.009,-0.013,0.074,-0.101,-0.108,0.002,-0.038,0.032
-0.149,-0.176,1.064,1.0,-0.007,0.009,-0.013,0.074,-0.101,-0.108,0.002,-0.038,0.032
-0.148,-0.175,1.067,1.0,-0.007,0.009,-0.013,0.051,0.039,0.073,-0.015,0.008,-0.018
-0.148,-0.179,1.067,1.0,-0.008,0.008,-0.013,-0.002,-0.113,-0.001,-0.02,-0.025,0.009
-0.148,-0.184,1.067,1.0,-0.01,0.009,-0.013,0.042,-0.04,-0.038,-0.056,0.021,0.005
-0.146,-0.183,1.067,1.0,-0.01,0.009,-0.013,0.036,0.023,-0.001,-0.036,-0.001,-0.026
-0.146,-0.183,1.067,1.0,-0.01,0.009,-0.013,0.036,0.023,-0.001,-0.036,-0.001,-0.026
-0.146,-0.185,1.067,1.0,-0.011,0.009,-0.013,0.024,-0.062,0.006,-0.054,0.017,0.007
-0.141,-0.187,1.066,1.0,-0.011,0.008,-0.013,0.083,0.001,0.009,-0.009,-0.034,-0.005
-0.141,-0.187,1.066,1.0,-0.011,0.008,-0.013,0.083,0.001,0.009,-0.009,-0.034,-0.005
-0.138,-0.191,1.067,1.0,-0.011,0.008,-0.013,0.062,-0.102,0.03,0.048,0.005,0.018
-0.138,-0.189,1.068,1.0,-0.01,0.008,-0.013,-0.011,0.058,0.029,0.021,-0.019,0.006
-0.138,-0.189,1.068,1.0,-0.01,0.008,-0.013,-0.011,0.058,0.029,0.021,-0.019,0.006
-0.136,-0.184,1.068,1.0,-0.01,0.007,-0.013,0.054,0.146,-0.022,0.018,-0.042,-0.024
-0.135,-0.191,1.072,1.0,-0.01,0.007,-0.012,0.037,-0.205,0.131,0.004,0.019,0.04
-0.131,-0.189,1.075,1.0,-0.01,0.006,-0.013,0.094,-0.021,-0.015,-0.003,-0.044,0.003
-0.13,-0.187,1.077,1.0,-0.01,0.006,-0.013,0.007,0.038,0.081,-0.001,0.016,0.004
-0.13,-0.187,1.077,1.0,-0.01,0.006,-0.013,0.007,0.038,0.081,-0.001,0.016,0.004
-0.13,-0.186,1.083,1.0,-0.009,0.007,-0.013,-0.005,-0.003,0.189,0.053,0.031,0.018
-0.13,-0.186,1.083,1.0,-0.009,0.007,-0.013,-0.005,-0.003,0.189,0.053,0.031,0.018
-0.132,-0.18,1.091,1.0,-0.009,0.007,-0.013,-0.114,0.058,0.283,0.003,0.059,-0.005
-0.132,-0.18,1.091,1.0,-0.009,0.007,-0.013,-0.114,0.058,0.283,0.003,0.059,-0.005
-0.131,-0.178,1.091,1.0,-0.009,0.007,-0.013,0.048,0.077,-0.014,0.019,-0.016,-0.003
-0.125,-0.179,1.084,1.0,-0.009,0.006,-0.013,0.17,-0.034,-0.202,0.022,-0.06,0.014
-0.127,-0.175,1.084,1.0,-0.009,0.006,-0.013,-0.053,0.129,0.009,-0.008,-0.022,-0.028
-0.13,-0.169,1.072,1.0,-0.008,0.006,-0.013,-0.016,0.078,-0.276,-0.027,-0.027,-0.009
-0.133,-0.171,1.071,1.0,-0.008,0.007,-0.013,-0.088,-0.045,-0.018,0.022,0.061,0.017
-0.133,-0.169,1.06,1.0,-0.007,0.007,-0.013,0.018,0.05,-0.345,0.043,-0.034,-0.002
-0.134,-0.165,1.055,1.0,-0.007,0.007,-0.014,-0.031,0.126,-0.149,0.019,0.003,-0.028
-0.132,-0.163,1.045,1.0,-0.006,0.006,-0.014,0.048,0.046,-0.28,0.05,-0.029,-0.004
-0.133,-0.157,1.024,1.0,-0.005,0.006,-0.014,-0.026,0.07,-0.083,0.027,0.063,-0.009
-0.133,-0.157,1.024,1.0,-0.005,0.006,-0.014,-0.026,0.07,-0.083,0.027,0.063,-0.009
-0.136,-0.154,1.019,1.0,-0.004,0.006,-0.014,-0.099,-0.019,0.016,-0.016,0.034,0.011
-0.137,-0.151,1.02,1.0,-0.004,0.006,-0.015,0.004,-0.014,-0.001,0.011,-0.033,0.002
-0.137,-0.151,1.024,1.0,-0.004,0.006,-0.014,-0.006,0.001,0.11,0.005,0.024,0.011
-0.137,-0.151,1.024,1.0,-0.004,0.006,-0.014,-0.006,0.001,0.11,0.005,0.024,0.011
-0.14,-0.151,1.033,1.0,-0.004,0.006,-0.014,-0.171,0.056,0.194,0.003,0.021,-0.009
-0.139,-0.151,1.032,1.0,-0.004,0.006,-0.014,0.037,0.005,-0.018,0.004,-0.023,0.001
-0.139,-0.151,1.032,1.0,-0.004,0.006,-0.014,0.037,0.005,-0.018,0.004,-0.023,0.001
-0.141,-0.153,1.037,1.0,-0.005,0.007,-0.014,-0.011,-0.076,0.002,-0.033,0.0,0.013
-0.141,-0.15,1.044,1.0,-0.005,0.007,-0.014,0.002,0.093,0.221,-0.006,0.0,-0.019
-0.141,-0.15,1.044,1.0,-0.005,0.007,-0.014,0.002,0.093,0.221,-0.006,0.0,-0.019
-0.147,-0.154,1.058,1.0,-0.005,0.008,-0.014,-0.057,-0.089,0.29,0.015,0.04,0.011
-0.147,-0.154,1.058,1.0,-0.005,0.008,-0.014,-0.057,-0.089,0.29,0.015,0.04,0.011
-0.147,-0.154,1.06,1.0,-0.005,0.008,-0.014,0.023,0.011,0.066,-0.026,-0.017,-0.009
-0.147,-0.155,1.067,1.0,-0.005,0.008,-0.014,-0.044,-0.051,0.103,0.01,-0.004,0.009
-0.147,-0.155,1.067,1.0,-0.005,0.008,-0.014,-0.044,-0.051,0.103,0.01,-0.004,0.009
-0.146,-0.156,1.065,1.0,-0.005,0.007,-0.014,0.009,-0.071,-0.056,-0.007,-0.03,0.007
-0.146,-0.156,1.065,1.0,-0.005,0.007,-0.014,0.009,-0.071,-0.056,-0.007,-0.03,0.007
-0.148,-0.158,1.067,1.0,-0.005,0.007,-0.014,-0.064,-0.032,0.047,-0.03,0.02,0.001
-0.148,-0.163,1.063,1.0,-0.006,0.008,-0.014,-0.015,-0.08,-0.038,-0.021,0.014,0.005
-0.148,-0.163,1.063,1.0,-0.006,0.008,-0.014,-0.015,-0.08,-0.038,-0.021,0.014,0.005
-0.153,-0.166,1.062,1.0,-0.007,0.009,-0.014,-0.081,-0.026,0.051,-0.002,0.044,-0.008
-0.153,-0.166,1.062,1.0,-0.007,0.009,-0.014,-0.081,-0.026,0.051,-0.002,0.044,-0.008
-0.154,-0.168,1.063,1.0,-0.007,0.009,-0.014,-0.034,-0.067,0.016,-0.007,0.015,0.017
-0.157,-0.171,1.064,1.0,-0.007,0.01,-0.014,-0.081,-0.077,0.025,-0.026,0.034,0.015
-0.155,-0.172,1.06,1.0,-0.009,0.009,-0.014,-0.106,0.045,0.069,-0.019,0.046,-0.015
-0.155,-0.172,1.06,1.0,-0.009,0.009,-0.014,-0.106,0.045,0.069,-0.019,0.046,-0.015
-0.158,-0.178,1.061,1.0,-0.009,0.01,-0.014,-0.081,-0.037,0.006,-0.023,0.022,-0.007
-0.158,-0.176,1.06,1.0,-0.009,0.01,-0.014,0.01,0.044,-0.026,-0.002,0.0,-0.012
-0.158,-0.176,1.06,1.0,-0.009,0.01,-0.014,-0.004,-0.007,0.002,-0.004,0.007,0.003
-0.158,-0.178,1.06,1.0,-0.01,0.01,-0.014,-0.013,-0.034,0.021,-0.02,0.016,0.001
-0.157,-0.179,1.058,1.0,-0.009,0.01,-0.014,0.03,-0.083,0.0,0.017,0.014,0.018
-0.158,-0.179,1.061,1.0,-0.009,0.011,-0.014,-0.02,-0.0,0.094,0.007,0.025,-0.001
-0.158,-0.179,1.061,1.0,-0.009,0.011,-0.014,-0.02,-0.0,0.094,0.007,0.025,-0.001
-0.153,-0.175,1.057,1.0,-0.009,0.01,-0.014,0.061,0.059,-0.1,0.005,-0.066,-0.006
-0.153,-0.175,1.057,1.0,-0.009,0.01,-0.014,0.061,0.059,-0.1,0.005,-0.066,-0.006
-0.151,-0.178,1.066,1.0,-0.009,0.011,-0.014,0.068,0.001,0.174,-0.037,0.027,-0.013
-0.151,-0.179,1.068,1.0,-0.009,0.01,-0.014,0.01,-0.031,0.048,0.017,-0.043,0.009
-0.151,-0.179,1.068,1.0,-0.009,0.01,-0.014,0.01,-0.031,0.048,0.017,-0.043,0.009
-0.146,-0.177,1.071,1.0,-0.009,0.01,-0.014,0.035,0.007,0.033,-0.0,0.008,-0.004
-0.146,-0.177,1.071,1.0,-0.009,0.01,-0.014,0.035,0.007,0.033,-0.0,0.008,-0.004
-0.146,-0.174,1.074,1.0,-0.008,0.01,-0.014,-0.004,0.092,0.09,0.038,0.023,-0.012
-0.143,-0.17,1.076,1.0,-0.008,0.01,-0.015,0.07,0.117,0.047,0.015,-0.028,-0.018
-0.138,-0.168,1.076,1.0,-0.008,0.009,-0.015,0.171,0.058,0.018,0.01,-0.028,-0.007
-0.138,-0.172,1.079,1.0,-0.008,0.009,-0.014,-0.009,-0.12,0.075,-0.002,-0.016,0.033
-0.13,-0.168,1.08,1.0,-0.008,0.008,-0.014,0.059,0.039,-0.022,-0.001,-0.036,-0.002
-0.129,-0.165,1.084,1.0,-0.008,0.009,-0.015,0.031,0.08,0.139,0.026,0.001,-0.014
-0.126,-0.164,1.081,1.0,-0.008,0.008,-0.015,0.107,0.036,-0.086,0.021,-0.027,0.0
-0.126,-0.162,1.086,1.0,-0.007,0.008,-0.015,-0.021,0.062,0.13,0.019,0.02,-0.0
-0.12,-0.16,1.094,1.0,-0.006,0.008,-0.015,0.043,0.061,0.246,0.02,-0.001,-0.003
-0.119,-0.16,1.096,1.0,-0.006,0.007,-0.015,0.032,-0.001,0.046,0.012,-0.017,0.005
-0.114,-0.16,1.093,1.0,-0.006,0.007,-0.014,0.01,0.029,0.08,0.002,-0.01,0.004
-0.111,-0.158,1.093,1.0,-0.006,0.006,-0.015,0.091,0.047,0.005,0.029,-0.017,-0.009
-0.103,-0.151,1.091,1.0,-0.006,0.005,-0.015,0.116,0.023,-0.077,0.019,-0.031,0.007
-0.103,-0.151,1.091,1.0,-0.006,0.005,-0.015,0.116,0.023,-0.077,0.019,-0.031,0.007
-0.105,-0.152,1.093,1.0,-0.005,0.005,-0.015,-0.05,-0.034,0.069,0.011,0.015,0.01
-0.104,-0.149,1.092,1.0,-0.005,0.005,-0.015,0.014,0.088,-0.025,0.006,0.003,-0.011
-0.102,-0.15,1.088,1.0,-0.005,0.005,-0.015,0.059,-0.015,-0.132,-0.005,-0.015,0.01
-0.101,-0.149,1.079,1.0,-0.005,0.005,-0.015,0.055,0.002,-0.002,0.004,-0.012,0.006
-0.101,-0.149,1.079,1.0,-0.005,0.005,-0.015,0.055,0.002,-0.002,0.004,-0.012,0.006
-0.1,-0.145,1.076,1.0,-0.005,0.004,-0.015,0.042,0.118,-0.08,0.006,-0.035,-0.023
-0.099,-0.145,1.073,1.0,-0.005,0.003,-0.015,0.028,-0.004,-0.089,0.006,-0.036,0.012
-0.1,-0.146,1.073,1.0,-0.005,0.004,-0.015,-0.038,-0.031,0.001,-0.009,0.009,-0.004
-0.102,-0.149,1.067,1.0,-0.006,0.004,-0.015,-0.085,-0.049,0.01,-0.018,0.03,0.009
-0.105,-0.144,1.064,1.0,-0.006,0.004,-0.016,-0.106,0.053,0.136,0.019,0.031,-0.012
-0.105,-0.144,1.064,1.0,-0.006,0.004,-0.016,-0.106,0.053,0.136,0.019,0.031,-0.012
-0.107,-0.14,1.056,1.0,-0.005,0.002,-0.016,-0.086,0.087,-0.031,0.002,-0.019,-0.021
-0.107,-0.14,1.056,1.0,-0.005,0.002,-0.016,-0.086,0.087,-0.031,0.002,-0.019,-0.021
-0.111,-0.143,1.057,1.0,-0.005,0.003,-0.016,-0.018,-0.009,-0.032,-0.021,0.002,-0.004
-0.111,-0.139,1.053,1.0,-0.005,0.003,-0.017,-0.023,0.129,-0.111,-0.009,0.005,-0.028
-0.111,-0.139,1.053,1.0,-0.005,0.003,-0.017,-0.023,0.129,-0.111,-0.009,0.005,-0.028
-0.127,-0.143,1.053,1.0,-0.005,0.006,-0.016,-0.132,0.058,-0.074,0.02,0.037,-0.004
-0.127,-0.143,1.053,1.0,-0.005,0.006,-0.016,-0.132,0.058,-0.074,0.02,0.037,-0.004
-0.134,-0.148,1.044,1.0,-0.004,0.007,-0.015,-0.096,-0.049,-0.147,0.031,0.027,0.019
-0.138,-0.143,1.04,1.0,-0.003,0.007,-0.016,-0.116,0.138,-0.127,0.028,0.002,-0.048
-0.138,-0.143,1.04,1.0,-0.003,0.007,-0.016,-0.116,0.138,-0.127,0.028,0.002,-0.048
-0.14,-0.141,1.04,1.0,-0.003,0.007,-0.016,-0.046,0.059,-0.019,0.041,0.013,-0.013
-0.143,-0.146,1.042,1.0,-0.002,0.008,-0.016,-0.144,-0.057,0.076,0.011,0.024,0.01
-0.143,-0.146,1.042,1.0,-0.002,0.008,-0.016,-0.144,-0.057,0.076,0.011,0.024,0.01
-0.149,-0.148,1.04,1.0,-0.002,0.008,-0.016,-0.088,-0.045,0.113,-0.018,0.044,-0.001
-0.153,-0.153,1.04,1.0,-0.002,0.009,-0.015,-0.116,-0.132,-0.009,-0.009,0.029,0.019
-0.153,-0.153,1.04,1.0,-0.002,0.009,-0.015,-0.116,-0.132,-0.009,-0.009,0.029,0.019
-0.158,-0.155,1.047,1.0,-0.002,0.01,-0.015,-0.031,-0.107,-0.051,-0.019,-0.037,0.021
-0.158,-0.155,1.047,1.0,-0.002,0.01,-0.015,-0.031,-0.107,-0.051,-0.019,-0.037,0.021
-0.162,-0.158,1.052,1.0,-0.003,0.01,-0.015,-0.13,-0.083,0.161,-0.029,0.049,0.007
-0.168,-0.163,1.061,1.0,-0.004,0.011,-0.016,-0.122,-0.056,0.186,-0.051,0.033,-0.022
-0.168,-0.163,1.061,1.0,-0.004,0.011,-0.016,-0.122,-0.056,0.186,-0.051,0.033,-0.022
-0.168,-0.165,1.059,1.0,-0.005,0.011,-0.016,-0.011,-0.063,-0.074,-0.065,0.008,-0.004
-0.173,-0.171,1.066,1.0,-0.006,0.013,-0.015,-0.146,-0.165,0.218,-0.062,0.084,0.024
-0.174,-0.172,1.069,1.0,-0.007,0.013,-0.016,-0.043,-0.033,0.088,-0.072,-0.008,-0.031
-0.173,-0.176,1.071,1.0,-0.008,0.013,-0.015,0.038,-0.112,0.078,-0.04,-0.008,0.015
-0.175,-0.189,1.079,1.0,-0.009,0.013,-0.015,0.019,-0.114,0.033,-0.002,0.019,0.016
-0.175,-0.189,1.079,1.0,-0.009,0.013,-0.015,0.019,-0.114,0.033,-0.002,0.019,0.016
-0.176,-0.195,1.083,1.0,-0.01,0.013,-0.015,-0.008,-0.09,0.002,-0.015,0.019,0.021
-0.175,-0.195,1.081,1.0,-0.01,0.013,-0.015,0.057,-0.011,-0.044,0.016,-0.012,0.013
-0.172,-0.198,1.094,1.0,-0.011,0.013,-0.015,0.042,-0.035,0.263,-0.029,0.003,-0.001
-0.172,-0.198,1.094,1.0,-0.011,0.013,-0.015,0.042,-0.035,0.263,-0.029,0.003,-0.001
-0.169,-0.202,1.096,1.0,-0.012,0.012,-0.015,0.093,-0.05,0.015,-0.011,-0.012,0.002
-0.166,-0.201,1.096,1.0,-0.012,0.012,-0.015,0.104,0.011,0.013,-0.007,-0.041,-0.005
-0.166,-0.201,1.096,1.0,-0.012,0.012,-0.015,0.104,0.011,0.013,-0.007,-0.041,-0.005
-0.159,-0.205,1.098,1.0,-0.012,0.011,-0.015,0.064,-0.069,0.075,-0.02,-0.02,0.005
-0.157,-0.202,1.099,1.0,-0.012,0.01,-0.015,0.062,0.094,0.025,-0.014,-0.033,-0.011
-0.157,-0.202,1.099,1.0,-0.012,0.01,-0.015,0.062,0.094,0.025,-0.014,-0.033,-0.011
-0.154,-0.198,1.099,1.0,-0.012,0.01,-0.015,0.092,0.049,-0.055,0.026,-0.011,-0.004
-0.152,-0.199,1.1,1.0,-0.011,0.01,-0.015,0.065,-0.003,0.011,0.014,-0.017,0.004
-0.149,-0.195,1.102,1.0,-0.011,0.009,-0.015,0.092,0.105,0.069,0.009,-0.039,-0.02
-0.147,-0.196,1.1,1.0,-0.011,0.008,-0.015,0.07,-0.019,-0.057,0.012,-0.041,0.005
-0.142,-0.194,1.1,1.0,-0.011,0.008,-0.015,0.141,0.039,-0.008,0.026,-0.031,-0.005
-0.142,-0.194,1.1,1.0,-0.011,0.008,-0.015,0.141,0.039,-0.008,0.026,-0.031,-0.005
-0.141,-0.19,1.099,1.0,-0.01,0.008,-0.016,0.042,0.122,-0.016,0.051,-0.004,-0.015
-0.14,-0.187,1.102,1.0,-0.009,0.008,-0.016,-0.04,-0.022,0.153,0.005,0.016,0.005
-0.14,-0.187,1.102,1.0,-0.009,0.008,-0.016,-0.04,-0.022,0.153,0.005,0.016,0.005
-0.135,-0.183,1.1,1.0,-0.008,0.007,-0.016,0.045,0.036,-0.028,0.022,-0.034,-0.005
-0.131,-0.184,1.097,1.0,-0.008,0.006,-0.016,0.118,-0.023,-0.102,0.019,-0.025,0.008
-0.131,-0.184,1.097,1.0,-0.008,0.006,-0.016,0.118,-0.023,-0.102,0.019,-0.025,0.008
-0.131,-0.18,1.098,1.0,-0.007,0.006,-0.016,0.059,0.029,-0.079,0.028,-0.025,0.008
-0.128,-0.178,1.094,1.0,-0.007,0.006,-0.016,0.078,0.076,-0.134,0.021,-0.018,0.003
-0.128,-0.178,1.094,1.0,-0.007,0.006,-0.016,0.078,0.076,-0.134,0.021,-0.018,0.003
-0.127,-0.178,1.089,1.0,-0.007,0.006,-0.016,0.103,-0.011,-0.163,0.001,-0.017,0.008
-0.127,-0.179,1.084,1.0,-0.007,0.006,-0.015,-0.003,-0.017,-0.151,-0.011,0.004,0.013
-0.127,-0.179,1.084,1.0,-0.007,0.006,-0.015,-0.003,-0.017,-0.151,-0.011,0.004,0.013
-0.125,-0.175,1.079,1.0,-0.007,0.006,-0.016,0.022,0.043,-0.022,0.01,0.007,-0.006
-0.124,-0.172,1.078,1.0,-0.007,0.005,-0.016,0.035,0.08,-0.023,-0.009,-0.019,-0.01
-0.124,-0.172,1.078,1.0,-0.007,0.005,-0.016,0.035,0.08,-0.023,-0.009,-0.019,-0.01
-0.125,-0.171,1.079,1.0,-0.007,0.005,-0.016,-0.042,0.02,0.027,0.018,-0.001,-0.002
-0.125,-0.17,1.081,1.0,-0.007,0.005,-0.016,-0.004,-0.003,0.012,-0.003,-0.002,0.004
-0.125,-0.17,1.081,1.0,-0.007,0.005,-0.016,-0.004,-0.003,0.012,-0.003,-0.002,0.004
-0.122,-0.17,1.079,1.0,-0.007,0.005,-0.016,0.094,0.028,-0.049,-0.011,-0.018,0.002
-0.123,-0.166,1.077,1.0,-0.006,0.005,-0.016,0.033,0.04,-0.114,0.03,-0.029,0.001
-0.123,-0.166,1.077,1.0,-0.006,0.005,-0.016,0.033,0.04,-0.114,0.03,-0.029,0.001
-0.124,-0.163,1.076,1.0,-0.006,0.005,-0.016,-0.032,0.071,-0.03,0.012,-0.0,-0.007
-0.129,-0.161,1.08,1.0,-0.006,0.006,-0.016,-0.084,0.098,0.04,0.003,0.015,-0.012
-0.129,-0.161,1.08,1.0,-0.006,0.006,-0.016,-0.084,0.098,0.04,0.003,0.015,-0.012
-0.129,-0.156,1.079,1.0,-0.006,0.006,-0.016,-0.001,0.147,-0.023,-0.003,-0.011,-0.028
-0.136,-0.15,1.088,1.0,-0.005,0.005,-0.017,-0.126,0.165,0.166,0.012,0.002,-0.031
-0.135,-0.151,1.086,1.0,-0.005,0.005,-0.016,0.035,-0.004,-0.049,0.033,-0.018,0.015
-0.135,-0.151,1.086,1.0,-0.005,0.005,-0.016,0.035,-0.004,-0.049,0.033,-0.018,0.015
-0.15,-0.146,1.094,1.0,-0.004,0.007,-0.017,-0.204,0.17,0.185,0.016,0.056,-0.03
-0.15,-0.146,1.094,1.0,-0.004,0.007,-0.017,-0.204,0.17,0.185,0.016,0.056,-0.03
-0.148,-0.146,1.089,1.0,-0.003,0.006,-0.017,0.067,0.009,-0.158,0.038,-0.028,0.021
-0.156,-0.143,1.09,1.0,-0.002,0.007,-0.017,-0.077,0.035,-0.063,0.045,0.014,-0.015
-0.156,-0.143,1.09,1.0,-0.002,0.007,-0.017,-0.077,0.035,-0.063,0.045,0.014,-0.015
-0.163,-0.143,1.095,1.0,-0.002,0.008,-0.017,-0.138,0.047,0.089,-0.007,0.015,-0.029
-0.167,-0.142,1.096,1.0,-0.002,0.008,-0.017,-0.129,0.028,0.03,-0.002,0.034,0.002
-0.167,-0.142,1.096,1.0,-0.002,0.008,-0.017,-0.129,0.028,0.03,-0.002,0.034,0.002
-0.174,-0.148,1.093,1.0,-0.002,0.009,-0.016,-0.031,0.026,-0.091,-0.015,-0.005,-0.017
-0.179,-0.151,1.094,1.0,-0.002,0.01,-0.016,-0.164,-0.1,0.033,0.002,0.047,0.02
-0.179,-0.151,1.094,1.0,-0.002,0.01,-0.016,-0.164,-0.1,0.033,0.002,0.047,0.02
-0.184,-0.15,1.095,1.0,-0.002,0.01,-0.016,-0.068,-0.04,0.021,-0.01,0.026,0.018
-0.189,-0.15,1.094,1.0,-0.002,0.01,-0.016,-0.125,0.003,-0.013,-0.016,0.02,-0.017
-0.196,-0.155,1.099,1.0,-0.003,0.011,-0.017,-0.114,-0.077,0.122,-0.014,0.026,0.002
-0.197,-0.157,1.094,1.0,-0.003,0.011,-0.017,-0.05,-0.074,-0.141,-0.032,-0.012,-0.002
-0.197,-0.157,1.094,1.0,-0.003,0.011,-0.017,-0.05,-0.074,-0.141,-0.032,-0.012,-0.002
-0.206,-0.166,1.095,1.0,-0.005,0.012,-0.016,-0.026,-0.057,0.051,-0.031,0.021,0.006
-0.206,-0.166,1.095,1.0,-0.005,0.012,-0.016,-0.026,-0.057,0.051,-0.031,0.021,0.006
-0.216,-0.171,1.097,1.0,-0.006,0.013,-0.017,-0.156,0.028,0.031,-0.023,0.021,-0.033
-0.216,-0.171,1.097,1.0,-0.006,0.013,-0.017,-0.156,0.028,0.031,-0.023,0.021,-0.033
-0.216,-0.176,1.093,1.0,-0.008,0.013,-0.017,-0.014,-0.036,-0.103,-0.032,-0.022,-0.001
-0.218,-0.179,1.1,1.0,-0.008,0.013,-0.016,-0.058,-0.102,0.207,-0.003,0.013,0.026
-0.22,-0.177,1.103,1.0,-0.008,0.013,-0.017,-0.073,0.05,0.08,-0.005,-0.011,-0.03
-0.221,-0.182,1.106,1.0,-0.008,0.013,-0.016,-0.011,-0.136,0.08,-0.008,-0.014,0.007
-0.222,-0.183,1.104,1.0,-0.008,0.013,-0.016,-0.052,-0.045,-0.049,-0.016,-0.015,-0.001
-0.225,-0.183,1.106,1.0,-0.008,0.013,-0.017,-0.092,0.022,0.065,0.025,0.025,-0.008
-0.226,-0.192,1.105,1.0,-0.009,0.012,-0.017,-0.021,-0.07,-0.043,-0.001,-0.008,0.001
-0.226,-0.192,1.105,1.0,-0.009,0.012,-0.017,-0.021,-0.07,-0.043,-0.001,-0.008,0.001
-0.224,-0.193,1.101,1.0,-0.009,0.013,-0.017,-0.004,-0.009,-0.069,-0.003,0.003,-0.006
-0.227,-0.193,1.101,1.0,-0.009,0.013,-0.017,-0.085,-0.007,-0.012,-0.03,0.018,-0.006
-0.227,-0.193,1.101,1.0,-0.009,0.013,-0.017,-0.085,-0.007,-0.012,-0.03,0.018,-0.006
-0.226,-0.197,1.098,1.0,-0.009,0.013,-0.016,0.023,-0.106,-0.079,-0.007,-0.016,0.02
-0.228,-0.198,1.097,1.0,-0.01,0.013,-0.016,-0.039,-0.049,-0.031,-0.007,0.015,0.003
-0.229,-0.199,1.096,1.0,-0.01,0.013,-0.016,-0.024,-0.002,-0.054,-0.002,0.002,-0.001
-0.228,-0.199,1.093,1.0,-0.01,0.013,-0.016,0.02,-0.0,-0.075,-0.015,-0.006,-0.001
-0.226,-0.204,1.09,1.0,-0.01,0.013,-0.016,-0.022,-0.08,0.033,-0.009,0.035,0.008
-0.223,-0.204,1.088,1.0,-0.01,0.013,-0.016,0.08,0.005,-0.046,-0.017,-0.013,-0.006
-0.223,-0.204,1.088,1.0,-0.01,0.013,-0.016,0.08,0.005,-0.046,-0.017,-0.013,-0.006
-0.224,-0.204,1.091,1.0,-0.01,0.013,-0.016,-0.012,-0.003,0.073,-0.002,0.008,0.013
-0.221,-0.203,1.092,1.0,-0.01,0.013,-0.016,0.02,0.063,0.059,-0.004,-0.005,-0.012
-0.221,-0.203,1.092,1.0,-0.01,0.013,-0.016,0.02,0.063,0.059,-0.004,-0.005,-0.012
-0.218,-0.204,1.09,1.0,-0.01,0.013,-0.016,0.1,-0.033,-0.046,0.006,-0.02,0.008
-0.212,-0.201,1.087,1.0,-0.01,0.011,-0.016,0.075,0.084,-0.06,0.004,-0.038,-0.013
-0.212,-0.201,1.087,1.0,-0.01,0.011,-0.016,0.075,0.084,-0.06,0.004,-0.038,-0.013
-0.212,-0.203,1.093,1.0,-0.01,0.012,-0.016,-0.002,-0.073,0.174,-0.008,0.021,0.011
-0.204,-0.2,1.1,1.0,-0.009,0.011,-0.016,0.101,0.021,-0.039,0.007,-0.025,0.01
-0.2,-0.196,1.097,1.0,-0.009,0.01,-0.016,0.14,0.127,-0.084,0.03,-0.056,-0.031
-0.2,-0.196,1.097,1.0,-0.009,0.01,-0.016,0.14,0.127,-0.084,0.03,-0.056,-0.031
-0.194,-0.194,1.108,1.0,-0.007,0.01,-0.016,0.098,0.033,0.018,0.006,-0.021,-0.001
-0.194,-0.194,1.108,1.0,-0.007,0.01,-0.016,0.098,0.033,0.018,0.006,-0.021,-0.001
-0.186,-0.19,1.1,1.0,-0.007,0.008,-0.016,0.055,0.066,0.053,0.0,-0.016,-0.028
-0.183,-0.193,1.104,1.0,-0.007,0.008,-0.016,0.088,-0.107,0.117,0.032,0.003,0.043
-0.183,-0.193,1.104,1.0,-0.007,0.008,-0.016,0.088,-0.107,0.117,0.032,0.003,0.043
-0.174,-0.183,1.116,1.0,-0.006,0.007,-0.017,0.19,0.092,0.062,0.004,-0.059,-0.013
-0.174,-0.183,1.116,1.0,-0.006,0.007,-0.017,0.19,0.092,0.062,0.004,-0.059,-0.013
-0.173,-0.184,1.12,1.0,-0.005,0.006,-0.016,0.01,0.024,-0.027,-0.02,-0.027,-0.004
-0.173,-0.184,1.12,1.0,-0.005,0.006,-0.016,0.01,0.024,-0.027,-0.02,-0.027,-0.004
-0.171,-0.189,1.119,1.0,-0.006,0.006,-0.016,0.002,-0.054,-0.01,-0.038,0.013,0.01
-0.17,-0.19,1.119,1.0,-0.006,0.006,-0.016,0.017,-0.016,-0.0,-0.002,-0.002,0.009
-0.17,-0.19,1.119,1.0,-0.006,0.006,-0.016,0.017,-0.016,-0.0,-0.002,-0.002,0.009
-0.168,-0.188,1.118,1.0,-0.006,0.004,-0.015,-0.052,0.045,-0.007,0.014,0.016,-0.004
-0.166,-0.186,1.109,1.0,-0.006,0.004,-0.016,0.07,0.061,-0.271,0.005,-0.033,-0.01
-0.168,-0.184,1.109,1.0,-0.006,0.004,-0.016,-0.053,0.063,0.008,-0.025,0.038,-0.025
-0.172,-0.184,1.098,1.0,-0.007,0.005,-0.016,-0.042,0.102,-0.189,-0.002,0.001,-0.017
-0.172,-0.184,1.098,1.0,-0.007,0.005,-0.016,-0.042,0.102,-0.189,-0.002,0.001,-0.017
-0.176,-0.185,1.1,1.0,-0.007,0.007,-0.016,-0.124,-0.029,0.059,-0.002,0.083,0.005
-0.176,-0.183,1.092,1.0,-0.007,0.007,-0.016,0.006,0.08,-0.243,0.01,0.003,-0.004
-0.183,-0.183,1.084,1.0,-0.005,0.007,-0.016,-0.091,0.009,0.034,0.038,0.041,0.003
-0.183,-0.183,1.084,1.0,-0.005,0.007,-0.016,-0.091,0.009,0.034,0.038,0.041,0.003
-0.187,-0.176,1.078,1.0,-0.005,0.007,-0.017,-0.062,0.105,-0.078,0.034,-0.005,-0.031
-0.192,-0.18,1.081,1.0,-0.005,0.008,-0.016,-0.126,-0.115,0.085,-0.007,0.028,0.023
-0.192,-0.18,1.081,1.0,-0.005,0.008,-0.016,-0.126,-0.115,0.085,-0.007,0.028,0.023
-0.197,-0.182,1.085,1.0,-0.005,0.009,-0.016,-0.213,-0.092,0.278,0.012,0.093,0.025
-0.194,-0.184,1.082,1.0,-0.005,0.008,-0.016,0.084,-0.066,-0.09,-0.016,-0.042,0.002
-0.194,-0.184,1.082,1.0,-0.005,0.008,-0.016,0.084,-0.066,-0.09,-0.016,-0.042,0.002
-0.198,-0.183,1.089,1.0,-0.005,0.009,-0.016,-0.127,0.039,0.212,-0.019,0.045,-0.012
-0.202,-0.181,1.087,1.0,-0.005,0.009,-0.016,-0.103,0.052,-0.066,0.019,0.005,0.004
-0.209,-0.191,1.09,1.0,-0.008,0.012,-0.016,-0.127,-0.098,0.175,-0.077,0.074,0.01
-0.209,-0.191,1.09,1.0,-0.008,0.012,-0.016,-0.127,-0.098,0.175,-0.077,0.074,0.01
-0.209,-0.195,1.089,1.0,-0.009,0.011,-0.015,0.092,-0.081,0.002,-0.023,-0.006,0.018
-0.214,-0.193,1.088,1.0,-0.009,0.011,-0.015,-0.146,0.056,-0.02,-0.02,0.001,-0.015
-0.214,-0.193,1.088,1.0,-0.009,0.011,-0.015,-0.146,0.056,-0.02,-0.02,0.001,-0.015
-0.215,-0.19,1.08,1.0,-0.009,0.012,-0.016,-0.041,0.05,0.025,0.003,0.022,-0.011
-0.215,-0.19,1.08,1.0,-0.009,0.012,-0.016,-0.041,0.05,0.025,0.003,0.022,-0.011
-0.215,-0.19,1.08,1.0,-0.009,0.012,-0.016,-0.041,0.05,0.025,0.003,0.022,-0.011
-0.216,-0.194,1.082,1.0,-0.01,0.012,-0.016,-0.009,-0.066,-0.018,-0.017,-0.006,-0.0
-0.218,-0.192,1.083,1.0,-0.009,0.012,-0.016,-0.046,0.044,0.013,0.011,0.015,0.002
-0.218,-0.192,1.083,1.0,-0.009,0.012,-0.016,-0.046,0.044,0.013,0.011,0.015,0.002
-0.22,-0.189,1.078,1.0,-0.009,0.013,-0.016,0.051,0.082,-0.093,0.027,-0.001,-0.013
-0.222,-0.19,1.08,1.0,-0.008,0.014,-0.016,-0.063,-0.044,0.042,0.025,0.042,0.015
-0.222,-0.19,1.08,1.0,-0.008,0.014,-0.016,-0.063,-0.044,0.042,0.025,0.042,0.015
-0.221,-0.189,1.079,1.0,-0.008,0.014,-0.016,0.03,0.04,-0.022,0.015,-0.0,-0.003
-0.22,-0.187,1.079,1.0,-0.008,0.014,-0.016,0.055,0.085,-0.078,0.001,-0.014,-0.017
-0.22,-0.187,1.079,1.0,-0.008,0.014,-0.016,0.055,0.085,-0.078,0.001,-0.014,-0.017
-0.214,-0.186,1.073,1.0,-0.008,0.013,-0.016,0.123,0.076,-0.116,0.016,-0.042,-0.007
-0.213,-0.189,1.078,1.0,-0.007,0.013,-0.016,0.04,-0.084,0.149,0.015,-0.004,0.016
-0.213,-0.189,1.078,1.0,-0.007,0.013,-0.016,0.04,-0.084,0.149,0.015,-0.004,0.016
-0.21,-0.188,1.079,1.0,-0.008,0.013,-0.016,0.033,-0.003,0.008,-0.007,-0.001,0.009
-0.206,-0.188,1.081,1.0,-0.007,0.012,-0.016,0.131,-0.016,0.053,0.02,-0.019,0.002
-0.206,-0.188,1.081,1.0,-0.007,0.012,-0.016,0.131,-0.016,0.053,0.02,-0.019,0.002
-0.199,-0.182,1.088,1.0,-0.007,0.011,-0.016,0.079,-0.016,0.136,0.008,-0.026,0.021
-0.199,-0.182,1.088,1.0,-0.007,0.011,-0.016,0.079,-0.016,0.136,0.008,-0.026,0.021
-0.197,-0.183,1.092,1.0,-0.007,0.011,-0.016,0.063,-0.043,0.095,-0.015,-0.009,0.005
-0.184,-0.182,1.104,1.0,-0.009,0.009,-0.016,-0.002,0.046,0.182,0.002,-0.015,-0.01
-0.184,-0.182,1.104,1.0,-0.009,0.009,-0.016,-0.002,0.046,0.182,0.002,-0.015,-0.01
-0.177,-0.178,1.099,1.0,-0.009,0.008,-0.016,0.146,0.116,-0.093,-0.011,-0.032,-0.021
-0.173,-0.18,1.097,1.0,-0.009,0.008,-0.016,0.118,-0.054,-0.034,0.008,-0.022,0.024
-0.173,-0.18,1.097,1.0,-0.009,0.008,-0.016,0.118,-0.054,-0.034,0.008,-0.022,0.024
-0.168,-0.176,1.091,1.0,-0.009,0.007,-0.017,0.138,0.126,-0.2,-0.022,-0.054,-0.032
-0.169,-0.178,1.091,1.0,-0.009,0.007,-0.016,-0.027,-0.069,0.011,-0.002,0.004,0.024
-0.167,-0.172,1.079,1.0,-0.008,0.007,-0.016,0.001,0.023,-0.034,0.037,0.026,0.003
-0.163,-0.17,1.068,1.0,-0.008,0.006,-0.016,0.132,0.084,-0.33,0.026,-0.054,-0.003
-0.163,-0.17,1.068,1.0,-0.008,0.006,-0.016,0.132,0.084,-0.33,0.026,-0.054,-0.003
-0.163,-0.17,1.067,1.0,-0.008,0.006,-0.016,0.001,-0.015,-0.024,-0.004,0.01,0.01
-0.162,-0.166,1.068,1.0,-0.008,0.007,-0.016,-0.06,0.024,0.004,0.001,0.012,-0.014
-0.162,-0.166,1.068,1.0,-0.008,0.007,-0.016,-0.06,0.024,0.004,0.001,0.012,-0.014
-0.156,-0.16,1.041,1.0,-0.008,0.005,-0.017,0.252,0.151,-0.831,0.009,-0.146,-0.029
-0.155,-0.156,1.031,1.0,-0.008,0.004,-0.017,0.023,0.104,-0.286,0.004,-0.027,-0.022
-0.155,-0.156,1.031,1.0,-0.008,0.004,-0.017,0.023,0.104,-0.286,0.004,-0.027,-0.022
-0.144,-0.146,0.952,1.0,-0.007,0.002,-0.017,-0.032,-0.028,0.032,0.029,0.031,0.034
-0.142,-0.141,0.941,1.0,-0.008,0.001,-0.017,0.034,0.16,-0.316,-0.006,-0.064,-0.043
-0.142,-0.141,0.937,1.0,-0.008,0.001,-0.017,0.016,-0.002,-0.131,-0.008,0.02,0.013
-0.142,-0.138,0.934,1.0,-0.007,0.001,-0.017,-0.002,0.069,-0.08,0.046,-0.0,-0.007
-0.144,-0.133,0.933,1.0,-0.006,0.001,-0.017,-0.052,0.005,0.013,0.028,0.027,0.012
-0.143,-0.13,0.926,1.0,-0.005,0.001,-0.018,0.054,0.09,-0.215,0.036,-0.016,-0.008
-0.156,-0.132,0.971,1.0,-0.003,0.005,-0.018,0.002,0.023,-0.118,0.015,-0.0,-0.004
-0.156,-0.132,0.971,1.0,-0.003,0.005,-0.018,0.002,0.023,-0.118,0.015,-0.0,-0.004
-0.162,-0.132,0.961,1.0,-0.003,0.005,-0.017,-0.093,-0.046,-0.009,0.012,0.043,0.015
-0.162,-0.132,0.961,1.0,-0.003,0.005,-0.017,-0.093,-0.046,-0.009,0.012,0.043,0.015
-0.165,-0.133,0.943,1.0,-0.003,0.005,-0.017,0.093,-0.01,-0.304,0.007,-0.042,-0.0
-0.165,-0.133,0.943,1.0,-0.003,0.005,-0.017,0.093,-0.01,-0.304,0.007,-0.042,-0.0
-0.166,-0.132,0.939,1.0,-0.003,0.006,-0.017,-0.035,0.029,-0.121,-0.001,0.023,-0.006
-0.166,-0.132,0.929,1.0,-0.003,0.005,-0.017,0.001,0.024,-0.299,-0.004,-0.037,-0.016
-0.171,-0.136,0.903,1.0,-0.004,0.006,-0.017,-0.042,-0.052,-0.336,-0.023,0.002,0.008
-0.171,-0.137,0.888,1.0,-0.004,0.006,-0.017,0.009,-0.024,-0.475,-0.031,-0.035,-0.014
-0.172,-0.138,0.869,1.0,-0.005,0.006,-0.017,0.103,-0.0,-0.384,-0.019,-0.039,-0.005
-0.174,-0.139,0.86,1.0,-0.005,0.006,-0.017,-0.047,-0.049,-0.281,0.016,0.001,0.007
-0.18,-0.145,0.827,1.0,-0.005,0.006,-0.016,-0.05,-0.067,-0.301,0.006,0.036,0.021
-0.18,-0.145,0.827,1.0,-0.005,0.006,-0.016,-0.05,-0.067,-0.301,0.006,0.036,0.021
-0.182,-0.147,0.803,1.0,-0.005,0.008,-0.016,-0.157,-0.069,-0.105,0.003,0.125,0.02
-0.185,-0.148,0.788,1.0,-0.006,0.007,-0.017,-0.067,-0.01,-0.404,-0.028,-0.029,-0.023
-0.182,-0.151,0.783,1.0,-0.006,0.008,-0.016,0.086,-0.104,-0.158,0.009,0.033,0.032
-0.18,-0.147,0.766,1.0,-0.006,0.007,-0.017,0.038,0.126,-0.519,-0.002,-0.066,-0.037
-0.186,-0.156,0.735,1.0,-0.007,0.008,-0.016,-0.072,-0.06,-0.217,-0.037,0.057,-0.012
-0.185,-0.156,0.725,1.0,-0.008,0.009,-0.016,0.04,0.0,-0.304,-0.011,0.024,0.003
-0.185,-0.156,0.725,1.0,-0.008,0.009,-0.016,0.04,0.0,-0.304,-0.011,0.024,0.003
-0.182,-0.16,0.708,1.0,-0.008,0.008,-0.016,0.08,-0.121,-0.497,-0.018,-0.036,0.023
-0.178,-0.161,0.664,1.0,-0.009,0.008,-0.016,0.03,0.062,-0.518,0.027,-0.031,-0.021
-0.178,-0.161,0.664,1.0,-0.009,0.008,-0.016,0.03,0.062,-0.518,0.027,-0.031,-0.021
-0.177,-0.164,0.653,1.0,-0.009,0.008,-0.016,0.034,-0.081,-0.354,-0.009,-0.004,0.005
-0.176,-0.165,0.643,1.0,-0.009,0.008,-0.016,0.024,-0.026,-0.284,-0.003,0.004,0.008
-0.176,-0.165,0.643,1.0,-0.009,0.008,-0.016,0.024,-0.026,-0.284,-0.003,0.004,0.008
-0.171,-0.165,0.612,1.0,-0.009,0.008,-0.016,0.163,0.065,-0.473,-0.007,-0.033,-0.024
-0.171,-0.165,0.612,1.0,-0.009,0.008,-0.016,0.163,0.065,-0.473,-0.007,-0.033,-0.024
-0.167,-0.167,0.595,1.0,-0.008,0.007,-0.016,0.026,-0.05,-0.16,-0.009,0.015,0.021
-0.166,-0.166,0.586,1.0,-0.008,0.007,-0.017,0.042,0.039,-0.258,-0.01,-0.025,-0.03
-0.166,-0.166,0.586,1.0,-0.008,0.007,-0.017,0.042,0.039,-0.258,-0.01,-0.025,-0.03
-0.165,-0.167,0.582,1.0,-0.008,0.007,-0.016,0.035,-0.03,-0.132,-0.002,-0.004,0.017
-0.161,-0.167,0.572,1.0,-0.009,0.006,-0.016,0.114,-0.017,-0.273,-0.019,-0.031,-0.003
-0.158,-0.171,0.569,1.0,-0.008,0.006,-0.016,0.083,-0.118,-0.105,0.033,-0.007,0.021
-0.154,-0.168,0.563,1.0,-0.008,0.005,-0.017,0.123,0.105,-0.164,0.012,-0.069,-0.042
-0.139,-0.174,0.551,1.0,-0.008,0.004,-0.016,0.137,-0.085,-0.075,0.013,-0.014,0.014
-0.139,-0.175,0.549,1.0,-0.008,0.004,-0.016,0.013,-0.041,-0.075,-0.004,0.016,0.005
-0.135,-0.175,0.548,1.0,-0.008,0.005,-0.016,0.104,0.01,-0.012,-0.009,0.018,0.004
-0.131,-0.177,0.542,1.0,-0.008,0.004,-0.016,0.137,-0.066,-0.191,-0.023,-0.056,-0.004
-0.131,-0.177,0.542,1.0,-0.008,0.004,-0.016,0.137,-0.066,-0.191,-0.023,-0.056,-0.004
-0.129,-0.178,0.544,1.0,-0.008,0.004,-0.016,0.044,-0.008,0.054,0.0,0.006,-0.004
-0.118,-0.178,0.538,1.0,-0.008,0.002,-0.016,0.032,-0.006,-0.031,0.0,-0.012,0.006
-0.114,-0.18,0.535,1.0,-0.008,0.003,-0.016,0.12,-0.061,-0.069,0.001,0.006,0.019
-0.109,-0.18,0.533,1.0,-0.008,0.002,-0.016,0.169,0.012,-0.065,0.005,-0.02,-0.019
-0.105,-0.181,0.53,1.0,-0.008,0.002,-0.016,0.119,-0.022,-0.087,-0.01,-0.029,0.006
-0.107,-0.182,0.531,1.0,-0.009,0.002,-0.016,-0.068,-0.043,0.026,-0.023,0.007,-0.005
-0.103,-0.182,0.528,1.0,-0.009,0.001,-0.016,0.115,-0.014,-0.077,-0.009,-0.035,-0.013
-0.1,-0.181,0.526,1.0,-0.009,0.001,-0.016,0.105,0.037,-0.072,-0.0,-0.012,-0.002
-0.079,-0.183,0.507,1.0,-0.009,-0.002,-0.016,0.063,-0.008,-0.001,-0.004,-0.006,0.002
-0.079,-0.18,0.506,1.0,-0.009,-0.002,-0.016,0.011,0.081,-0.051,-0.004,-0.03,-0.029
-0.08,-0.182,0.504,1.0,-0.009,-0.002,-0.016,-0.029,-0.045,-0.04,-0.005,-0.006,0.011
-0.077,-0.182,0.501,1.0,-0.01,-0.002,-0.016,0.079,-0.021,-0.112,-0.013,0.003,0.005
-0.077,-0.182,0.501,1.0,-0.01,-0.002,-0.016,0.079,-0.021,-0.112,-0.013,0.003,0.005
-0.074,-0.181,0.492,1.0,-0.009,-0.002,-0.016,0.102,0.037,-0.262,0.017,-0.011,-0.01
-0.073,-0.179,0.487,1.0,-0.009,-0.003,-0.016,0.026,0.078,-0.136,0.004,-0.01,-0.009
-0.07,-0.176,0.468,1.0,-0.008,-0.002,-0.016,0.133,0.152,-0.261,-0.013,-0.023,-0.032
-0.068,-0.178,0.462,1.0,-0.008,-0.002,-0.016,0.078,-0.038,-0.185,-0.009,0.001,0.012
-0.068,-0.175,0.459,1.0,-0.008,-0.002,-0.017,0.003,0.071,-0.102,0.006,-0.006,-0.022
-0.072,-0.179,0.463,1.0,-0.008,-0.001,-0.016,-0.115,-0.11,0.139,-0.004,0.056,0.011
-0.07,-0.176,0.459,1.0,-0.008,-0.001,-0.017,0.037,0.091,-0.126,0.008,-0.032,-0.015
-0.069,-0.176,0.453,1.0,-0.008,-0.002,-0.016,0.044,-0.008,-0.181,0.003,-0.037,0.007
-0.067,-0.175,0.45,1.0,-0.007,-0.002,-0.017,0.047,0.049,-0.082,0.073,-0.013,-0.006
-0.067,-0.174,0.451,1.0,-0.006,-0.002,-0.017,0.006,0.01,0.011,0.034,-0.008,-0.001
-0.067,-0.173,0.452,1.0,-0.006,-0.002,-0.017,0.001,0.036,0.036,0.012,0.007,-0.009
-0.066,-0.173,0.452,1.0,-0.006,-0.002,-0.017,0.039,-0.005,0.009,0.042,0.006,0.015
-0.068,-0.173,0.453,1.0,-0.005,-0.002,-0.017,-0.055,0.003,0.013,0.005,0.012,-0.01
-0.068,-0.172,0.456,1.0,-0.005,-0.001,-0.017,-0.02,0.042,0.102,0.001,0.038,0.002
-0.069,-0.171,0.455,1.0,-0.006,-0.001,-0.017,-0.024,0.02,-0.019,-0.006,0.001,-0.029
-0.07,-0.17,0.458,1.0,-0.005,-0.001,-0.017,-0.034,0.03,0.087,0.025,0.034,-0.008
-0.072,-0.171,0.462,1.0,-0.005,0.001,-0.017,0.043,-0.065,-0.051,-0.001,-0.032,0.017
-0.071,-0.172,0.462,1.0,-0.005,-0.0,-0.017,0.022,-0.019,0.012,-0.006,-0.041,-0.003
-0.075,-0.172,0.471,1.0,-0.006,0.002,-0.017,-0.034,-0.029,0.052,0.02,0.035,0.014
-0.075,-0.172,0.471,1.0,-0.006,0.002,-0.017,-0.034,-0.029,0.052,0.02,0.035,0.014
-0.078,-0.177,0.467,1.0,-0.005,0.002,-0.017,-0.06,-0.065,-0.044,0.007,0.023,0.013
-0.078,-0.177,0.467,1.0,-0.005,0.002,-0.017,-0.06,-0.065,-0.044,0.007,0.023,0.013
-0.078,-0.178,0.464,1.0,-0.006,0.003,-0.017,-0.083,-0.057,0.021,-0.011,0.019,0.008
-0.078,-0.178,0.464,1.0,-0.006,0.003,-0.017,-0.083,-0.057,0.021,-0.011,0.019,0.008
-0.079,-0.176,0.466,1.0,-0.007,0.004,-0.017,-0.027,0.05,0.082,-0.023,0.066,-0.016
-0.08,-0.179,0.463,1.0,-0.007,0.004,-0.017,-0.034,-0.09,-0.091,-0.055,-0.004,0.026
-0.081,-0.178,0.465,1.0,-0.008,0.005,-0.017,-0.027,0.029,0.051,-0.012,0.055,-0.018
-0.077,-0.18,0.46,1.0,-0.008,0.004,-0.017,0.107,-0.04,-0.158,-0.027,-0.023,0.003
-0.078,-0.188,0.456,1.0,-0.009,0.004,-0.016,-0.031,-0.268,-0.126,-0.038,-0.031,0.064
-0.078,-0.185,0.455,1.0,-0.009,0.004,-0.017,0.005,0.089,-0.02,-0.018,0.035,-0.036
-0.08,-0.185,0.454,1.0,-0.009,0.005,-0.017,-0.04,-0.007,-0.038,-0.004,0.036,-0.004
-0.069,-0.184,0.436,1.0,-0.009,0.006,-0.017,0.079,-0.015,-0.079,0.023,-0.051,-0.009
-0.069,-0.184,0.436,1.0,-0.009,0.006,-0.017,0.079,-0.015,-0.079,0.023,-0.051,-0.009
-0.067,-0.185,0.437,1.0,-0.009,0.005,-0.017,0.063,-0.035,0.038,-0.005,-0.008,0.008
-0.066,-0.187,0.436,1.0,-0.009,0.005,-0.017,0.054,-0.034,-0.037,0.0,-0.03,0.005
-0.063,-0.186,0.434,1.0,-0.009,0.005,-0.017,0.007,-0.009,0.011,0.009,0.022,-0.008
-0.06,-0.186,0.434,1.0,-0.009,0.005,-0.017,0.076,0.011,0.013,-0.0,0.005,-0.005
-0.06,-0.186,0.434,1.0,-0.009,0.005,-0.017,0.076,0.011,0.013,-0.0,0.005,-0.005
-0.052,-0.181,0.429,1.0,-0.009,0.004,-0.018,0.158,0.072,-0.117,0.007,-0.04,-0.001
-0.05,-0.182,0.43,1.0,-0.009,0.004,-0.018,0.076,-0.022,0.012,-0.003,-0.035,0.015
-0.05,-0.182,0.43,1.0,-0.009,0.004,-0.018,0.076,-0.022,0.012,-0.003,-0.035,0.015
-0.043,-0.18,0.427,1.0,-0.009,0.003,-0.018,0.168,-0.008,-0.057,-0.001,-0.03,0.014
-0.04,-0.179,0.425,1.0,-0.009,0.002,-0.018,0.088,0.034,-0.06,0.01,-0.043,0.001
-0.04,-0.177,0.425,1.0,-0.009,0.002,-0.017,-0.007,0.066,-0.006,0.011,0.015,0.006
-0.036,-0.175,0.422,1.0,-0.009,0.001,-0.018,0.112,0.046,-0.091,0.023,-0.064,-0.008
-0.034,-0.176,0.426,1.0,-0.009,0.002,-0.017,0.058,-0.02,0.119,-0.001,0.046,0.006
-0.033,-0.177,0.426,1.0,-0.008,0.002,-0.017,0.041,-0.023,0.003,0.013,-0.022,0.01
-0.027,-0.178,0.426,1.0,-0.008,0.002,-0.017,0.044,-0.036,0.075,0.011,0.029,0.004
-0.027,-0.178,0.426,1.0,-0.008,0.002,-0.017,0.044,-0.036,0.075,0.011,0.029,0.004
-0.022,-0.175,0.416,1.0,-0.008,-0.0,-0.017,0.153,0.093,-0.297,0.029,-0.1,-0.02
-0.013,-0.17,0.404,1.0,-0.007,-0.001,-0.017,0.189,0.007,-0.167,0.031,-0.036,0.004
-0.013,-0.17,0.404,1.0,-0.007,-0.001,-0.017,0.189,0.007,-0.167,0.031,-0.036,0.004
-0.012,-0.17,0.402,1.0,-0.008,-0.002,-0.017,0.043,0.021,-0.075,-0.017,-0.034,0.004
-0.011,-0.171,0.4,1.0,-0.008,-0.002,-0.017,0.012,-0.029,-0.056,-0.002,-0.014,0.013
-0.007,-0.165,0.384,1.0,-0.008,-0.003,-0.018,-0.051,0.066,-0.063,-0.001,0.005,-0.007
-0.007,-0.165,0.384,1.0,-0.008,-0.003,-0.018,-0.051,0.066,-0.063,-0.001,0.005,-0.007
-0.001,-0.165,0.369,1.0,-0.008,-0.005,-0.018,0.004,-0.017,-0.077,-0.009,-0.021,0.008
-0.001,-0.165,0.369,1.0,-0.008,-0.005,-0.018,0.004,-0.017,-0.077,-0.009,-0.021,0.008
-0.002,-0.163,0.364,1.0,-0.008,-0.005,-0.018,-0.02,0.059,-0.175,0.019,-0.007,-0.001
-0.002,-0.162,0.359,1.0,-0.008,-0.005,-0.017,-0.024,0.032,-0.136,0.013,0.01,0.002
-0.006,-0.159,0.333,1.0,-0.006,-0.003,-0.017,-0.075,-0.016,-0.093,0.021,0.079,0.007
-0.006,-0.159,0.333,1.0,-0.006,-0.003,-0.017,-0.075,-0.016,-0.093,0.021,0.079,0.007
-0.007,-0.16,0.325,1.0,-0.006,-0.002,-0.017,-0.049,-0.032,-0.23,0.013,0.025,0.015
-0.005,-0.156,0.31,1.0,-0.006,-0.003,-0.017,0.079,0.119,-0.45,-0.002,-0.027,-0.015
-0.011,-0.157,0.276,1.0,-0.006,-0.001,-0.018,-0.046,-0.022,-0.264,-0.022,0.041,-0.002
-0.011,-0.157,0.276,1.0,-0.006,-0.001,-0.018,-0.046,-0.022,-0.264,-0.022,0.041,-0.002
-0.012,-0.158,0.265,1.0,-0.006,-0.001,-0.017,-0.037,-0.034,-0.344,-0.023,-0.003,0.012
-0.011,-0.155,0.248,1.0,-0.006,-0.002,-0.018,0.032,0.086,-0.482,-0.005,-0.055,-0.028
-0.015,-0.155,0.221,1.0,-0.007,0.0,-0.018,-0.029,-0.019,-0.342,-0.032,0.013,0.014
-0.015,-0.154,0.207,1.0,-0.007,-0.0,-0.018,0.001,0.024,-0.414,0.008,-0.055,-0.019
-0.02,-0.154,0.173,1.0,-0.007,0.0,-0.018,-0.06,0.052,-0.282,-0.028,0.001,-0.006
-0.02,-0.154,0.173,1.0,-0.007,0.0,-0.018,-0.06,0.052,-0.282,-0.028,0.001,-0.006
-0.021,-0.153,0.156,1.0,-0.006,0.001,-0.018,-0.014,-0.074,-0.17,0.031,0.014,0.029
-0.021,-0.153,0.156,1.0,-0.006,0.001,-0.018,-0.014,-0.074,-0.17,0.031,0.014,0.029
-0.024,-0.155,0.138,1.0,-0.005,0.001,-0.018,0.036,0.08,-0.375,0.035,-0.07,-0.022
-0.024,-0.155,0.138,1.0,-0.005,0.001,-0.018,0.036,0.08,-0.375,0.035,-0.07,-0.022
-0.023,-0.156,0.131,1.0,-0.005,0.002,-0.018,0.002,-0.057,-0.127,0.02,0.016,0.0
-0.024,-0.156,0.127,1.0,-0.005,0.002,-0.018,-0.03,-0.009,-0.105,0.012,0.022,0.012
-0.024,-0.156,0.127,1.0,-0.005,0.002,-0.018,-0.03,-0.009,-0.105,0.012,0.022,0.012
-0.025,-0.159,0.119,1.0,-0.006,0.003,-0.018,0.001,-0.031,-0.142,-0.017,0.003,0.008
-0.025,-0.161,0.118,1.0,-0.005,0.003,-0.018,-0.013,-0.05,-0.01,0.013,0.026,0.005
-0.023,-0.165,0.111,1.0,-0.005,0.002,-0.018,-0.01,-0.069,-0.057,-0.024,-0.0,0.021
-0.023,-0.165,0.111,1.0,-0.005,0.002,-0.018,-0.01,-0.069,-0.057,-0.024,-0.0,0.021
-0.027,-0.168,0.102,1.0,-0.006,0.002,-0.018,-0.009,-0.065,-0.091,0.001,0.002,0.008
-0.027,-0.168,0.102,1.0,-0.006,0.002,-0.018,-0.009,-0.065,-0.091,0.001,0.002,0.008
-0.026,-0.17,0.093,1.0,-0.006,0.001,-0.018,0.013,-0.032,-0.137,-0.006,-0.023,0.003
-0.022,-0.172,0.081,1.0,-0.007,0.002,-0.018,0.041,-0.024,-0.175,-0.018,0.027,0.005
-0.022,-0.172,0.081,1.0,-0.007,0.002,-0.018,0.041,-0.024,-0.175,-0.018,0.027,0.005
-0.022,-0.175,0.076,1.0,-0.007,0.001,-0.017,-0.004,-0.08,-0.171,-0.042,-0.014,0.013
-0.019,-0.178,0.061,1.0,-0.008,0.001,-0.017,0.08,-0.018,-0.237,-0.047,-0.017,-0.019
-0.019,-0.178,0.061,1.0,-0.008,0.001,-0.017,0.08,-0.018,-0.237,-0.047,-0.017,-0.019
-0.022,-0.182,0.054,1.0,-0.009,0.002,-0.017,-0.086,-0.069,-0.084,-0.055,0.05,0.001
-0.022,-0.182,0.054,1.0,-0.009,0.002,-0.017,-0.086,-0.069,-0.084,-0.055,0.05,0.001
-0.019,-0.184,0.041,1.0,-0.008,0.001,-0.017,0.103,0.002,-0.191,0.009,-0.024,-0.015
-0.019,-0.186,0.036,1.0,-0.008,0.001,-0.017,-0.014,-0.078,-0.152,0.004,0.019,0.001
-0.019,-0.186,0.036,1.0,-0.008,0.001,-0.017,-0.014,-0.078,-0.152,0.004,0.019,0.001
-0.019,-0.189,0.033,1.0,-0.007,0.002,-0.017,0.006,-0.067,-0.111,0.062,0.024,0.022
-0.018,-0.192,0.025,1.0,-0.006,0.001,-0.017,0.031,-0.1,-0.101,0.01,-0.021,0.031
-0.018,-0.196,0.023,1.0,-0.007,0.001,-0.017,-0.015,-0.106,-0.066,-0.046,0.028,-0.014
-0.014,-0.196,0.019,1.0,-0.007,0.001,-0.017,0.123,-0.018,-0.114,0.004,-0.011,-0.018
-0.012,-0.198,0.017,1.0,-0.007,0.001,-0.018,0.07,-0.045,-0.084,0.005,-0.001,-0.005
-0.012,-0.198,0.017,1.0,-0.007,0.001,-0.018,0.07,-0.045,-0.084,0.005,-0.001,-0.005
-0.011,-0.203,0.014,1.0,-0.007,0.001,-0.017,0.041,-0.076,-0.036,-0.014,-0.011,0.009
-0.007,-0.204,0.011,1.0,-0.007,0.0,-0.017,0.119,-0.028,-0.094,-0.017,-0.046,0.007
-0.005,-0.212,0.009,1.0,-0.009,-0.002,-0.017,0.063,-0.04,-0.038,-0.036,-0.084,0.015
-0.005,-0.212,0.009,1.0,-0.009,-0.002,-0.017,0.063,-0.04,-0.038,-0.036,-0.084,0.015
-0.003,-0.214,0.008,1.0,-0.01,-0.003,-0.017,0.047,-0.06,-0.029,-0.026,-0.036,0.002
0.003,-0.221,0.002,1.0,-0.011,-0.004,-0.017,0.011,-0.053,-0.038,-0.023,-0.04,0.004
0.003,-0.226,-0.001,1.0,-0.011,-0.003,-0.016,-0.059,-0.093,-0.029,-0.012,0.021,0.024
0.003,-0.226,-0.001,1.0,-0.011,-0.003,-0.016,-0.059,-0.093,-0.029,-0.012,0.021,0.024
0.004,-0.228,-0.001,1.0,-0.008,-0.001,-0.016,0.045,-0.042,-0.015,0.196,0.128,0.003
0.008,-0.23,-0.004,1.0,-0.003,0.006,-0.016,0.095,-0.004,-0.026,0.103,0.248,-0.035
0.008,-0.23,-0.004,1.0,-0.003,0.006,-0.016,0.095,-0.004,-0.026,0.103,0.248,-0.035
0.01,-0.235,-0.006,1.0,-0.001,0.012,-0.016,0.104,-0.037,-0.038,0.022,0.208,0.001
0.01,-0.235,-0.006,1.0,-0.001,0.012,-0.016,0.104,-0.037,-0.038,0.022,0.208,0.001
0.01,-0.235,-0.006,1.0,-0.001,0.012,-0.016,0.104,-0.037,-0.038,0.022,0.208,0.001
0.017,-0.238,-0.007,1.0,-0.0,0.014,-0.016,0.155,-0.048,-0.02,0.002,0.088,0.018
