Step,u0,u1,u2,u3,px,py,pz,rw,rx,ry,rz,vx,vy,vz,wx,wy,wz,sp_px,sp_py,sp_pz,sp_rw,sp_rx,sp_ry,sp_rz,sp_vx,sp_vy,sp_vz,sp_wx,sp_wy,sp_wz,err_z,aug_u
1,-0.099,0.1,-0.487,0.004,-0.39,-0.028,0.173,1.0,0.023,-0.012,0.008,0.0,-0.001,-0.013,0.284,0.034,0.013,0.0,0.0,0.034482758620689655,1.0,0.0,0.0,0.0,0.0,0.0,1.0344827586206897,0.0,0.0,0.0,0.0,0.0
2,-0.09,0.1,-0.54,-0.001,-0.39,-0.028,0.173,1.0,0.021,-0.011,0.007,0.002,-0.005,0.01,0.239,0.039,-0.107,0.0,0.0,0.06896551724137931,1.0,0.0,0.0,0.0,0.0,0.0,1.0344827586206897,0.0,0.0,0.0,0.0,0.0
3,0.075,0.1,-0.513,0.01,-0.389,-0.028,0.174,1.0,0.004,-0.014,0.007,0.01,0.009,0.037,-0.949,-0.118,-0.02,0.0,0.0,0.10344827586206896,1.0,0.0,0.0,0.0,0.0,0.0,1.0344827586206897,0.0,0.0,0.0,0.0,0.0
4,0.1,-0.03,-0.499,0.007,-0.388,-0.027,0.18,1.0,-0.009,0.012,0.008,0.025,0.012,0.14,-0.978,1.196,-0.021,0.0,0.0,0.13793103448275862,1.0,0.0,0.0,0.0,0.0,0.0,1.03448275862069,0.0,0.0,0.0,0.0,0.0
5,0.09,-0.054,-0.471,0.008,-0.387,-0.026,0.185,0.999,-0.018,0.025,0.009,0.051,0.017,0.188,-0.397,0.964,0.058,0.0,0.0,0.1724137931034483,1.0,0.0,0.0,0.0,0.0,0.0,1.0344827586206897,0.0,0.0,0.0,0.0,0.0
6,0.044,0.095,-0.449,-0.006,-0.385,-0.026,0.192,1.0,-0.011,0.027,0.005,0.062,0.024,0.216,-0.108,-0.681,-0.1,0.0,0.0,0.20689655172413793,1.0,0.0,0.0,0.0,0.0,0.0,1.0344827586206893,0.0,0.0,0.0,0.0,0.0
7,-0.063,0.091,-0.464,-0.006,-0.383,-0.025,0.2,1.0,0.001,0.026,0.004,0.068,0.025,0.272,0.6,-0.613,-0.108,0.0,0.0,0.24137931034482757,1.0,0.0,0.0,0.0,0.0,0.0,1.0344827586206897,0.0,0.0,0.0,0.0,0.0
8,-0.01,0.028,-0.472,-0.001,-0.379,-0.025,0.211,1.0,0.004,0.026,0.003,0.105,0.027,0.324,-0.005,-0.112,-0.034,0.0,0.0,0.27586206896551724,1.0,0.0,0.0,0.0,0.0,0.0,1.0344827586206902,0.0,0.0,0.0,0.0,0.0
9,0.071,-0.032,-0.467,0.002,-0.373,-0.022,0.226,0.999,-0.002,0.032,0.003,0.16,0.056,0.403,-0.54,0.117,0.019,0.0,0.0,0.3103448275862069,1.0,0.0,0.0,0.0,0.0,0.0,1.0344827586206902,0.0,0.0,0.0,0.0,0.0
10,0.022,-0.064,-0.49,-0.001,-0.367,-0.021,0.243,0.999,-0.003,0.041,0.003,0.197,0.054,0.487,-0.021,0.025,-0.048,0.0,0.0,0.3448275862068966,1.0,0.0,0.0,0.0,0.0,0.0,1.0344827586206893,0.0,0.0,0.0,0.0,0.0
11,0.001,0.015,-0.502,-0.004,-0.359,-0.019,0.262,0.999,-0.002,0.038,0.002,0.235,0.04,0.548,0.117,-0.822,-0.077,0.0,0.0,0.3793103448275862,1.0,0.0,0.0,0.0,0.0,0.0,1.0344827586206893,0.0,0.0,0.0,0.0,0.0
12,-0.043,-0.005,-0.508,-0.011,-0.35,-0.018,0.283,0.999,0.007,0.035,-0.0,0.271,0.04,0.619,0.312,-0.697,-0.194,0.0,0.0,0.41379310344827586,1.0,0.0,0.0,0.0,0.0,0.0,1.0344827586206902,0.0,0.0,0.0,0.0,0.0
13,0.003,-0.036,-0.52,-0.003,-0.339,-0.015,0.304,0.999,0.006,0.031,0.001,0.312,0.065,0.648,-0.028,-0.453,-0.046,0.0,0.0,0.4482758620689655,1.0,0.0,0.0,0.0,0.0,0.0,1.0344827586206893,0.0,0.0,0.0,0.0,0.0
14,0.02,-0.1,-0.589,0.02,-0.327,-0.013,0.328,0.999,0.005,0.045,0.005,0.369,0.055,0.713,-0.204,0.855,0.309,0.0,0.0,0.48275862068965514,1.0,0.0,0.0,0.0,0.0,0.0,1.0344827586206902,0.0,0.0,0.0,0.0,0.0
15,-0.016,-0.1,-0.531,0.009,-0.315,-0.011,0.35,0.999,0.006,0.039,0.004,0.384,0.075,0.696,0.216,0.228,0.107,0.0,0.0,0.5172413793103449,1.0,0.0,0.0,0.0,0.0,0.0,1.0344827586206902,0.0,0.0,0.0,0.0,0.0
16,-0.006,-0.008,-0.525,-0.012,-0.301,-0.009,0.373,1.0,0.006,0.022,-0.0,0.402,0.058,0.692,0.072,-0.953,-0.2,0.0,0.0,0.5517241379310345,1.0,0.0,0.0,0.0,0.0,0.0,1.0344827586206884,0.0,0.0,0.0,0.0,0.0
17,-0.008,0.041,-0.507,0.001,-0.288,-0.006,0.394,1.0,0.009,0.011,-0.001,0.421,0.075,0.648,0.074,-1.239,0.019,0.0,0.0,0.5862068965517241,1.0,0.0,0.0,0.0,0.0,0.0,1.0344827586206902,0.0,0.0,0.0,0.0,0.0
18,0.048,-0.009,-0.465,-0.002,-0.273,-0.004,0.414,1.0,0.004,0.006,0.0,0.437,0.087,0.598,-0.287,-0.707,-0.019,0.0,0.0,0.6206896551724138,1.0,0.0,0.0,0.0,0.0,0.0,1.0344827586206902,0.0,0.0,0.0,0.0,0.0
19,0.004,-0.1,-0.519,0.013,-0.257,-0.002,0.436,1.0,0.006,0.021,0.001,0.481,0.068,0.642,0.019,0.782,0.143,0.0,0.0,0.6551724137931034,1.0,0.0,0.0,0.0,0.0,0.0,1.0344827586206902,0.0,0.0,0.0,0.0,0.0
20,0.017,-0.023,-0.492,-0.006,-0.241,0.0,0.456,1.0,0.006,0.011,-0.001,0.479,0.073,0.624,-0.071,-0.987,-0.091,0.0,0.0,0.6896551724137931,1.0,0.0,0.0,0.0,0.0,0.0,1.0344827586206902,0.0,0.0,0.0,0.0,0.0
21,0.011,-0.001,-0.472,0.007,-0.225,0.003,0.479,1.0,0.009,0.004,-0.0,0.473,0.072,0.66,-0.087,-1.055,0.108,0.0,0.0,0.7241379310344828,1.0,0.0,0.0,0.0,0.0,0.0,1.0344827586206884,0.0,0.0,0.0,0.0,0.0
22,-0.022,-0.061,-0.492,0.005,-0.209,0.004,0.501,1.0,0.012,0.0,-0.001,0.497,0.059,0.695,0.126,-0.42,0.089,0.0,0.0,0.7586206896551724,1.0,0.0,0.0,0.0,0.0,0.0,1.0344827586206902,0.0,0.0,0.0,0.0,0.0
23,-0.028,-0.1,-0.523,-0.011,-0.194,0.006,0.522,1.0,0.014,0.003,-0.004,0.512,0.062,0.716,0.165,0.098,-0.148,0.0,0.0,0.7931034482758621,1.0,0.0,0.0,0.0,0.0,0.0,1.0344827586206902,0.0,0.0,0.0,0.0,0.0
24,0.005,-0.1,-0.57,-0.005,-0.174,0.009,0.55,1.0,0.013,0.004,-0.003,0.519,0.062,0.75,-0.112,0.164,-0.032,0.0,0.0,0.8275862068965517,1.0,0.0,0.0,0.0,0.0,0.0,1.0344827586206884,0.0,0.0,0.0,0.0,0.0
25,0.004,-0.05,-0.584,0.002,-0.157,0.01,0.576,1.0,0.011,-0.01,-0.003,0.522,0.062,0.79,-0.063,-0.447,0.048,0.0,0.0,0.8620689655172413,1.0,0.0,0.0,0.0,0.0,0.0,1.0344827586206902,0.0,0.0,0.0,0.0,0.0
26,-0.0,0.019,-0.585,-0.0,-0.14,0.012,0.602,1.0,0.008,-0.024,-0.002,0.514,0.057,0.797,0.046,-0.907,0.009,0.0,0.0,0.896551724137931,1.0,0.0,0.0,0.0,0.0,0.0,1.0344827586206902,0.0,0.0,0.0,0.0,0.0
27,-0.015,-0.014,-0.744,-0.004,-0.123,0.014,0.627,1.0,0.01,-0.029,-0.003,0.509,0.055,0.746,0.157,-0.413,-0.046,0.0,0.0,0.9310344827586207,1.0,0.0,0.0,0.0,0.0,0.0,1.0344827586206884,0.0,0.0,0.0,0.0,0.0
28,-0.018,-0.018,-0.75,-0.011,-0.106,0.016,0.651,0.999,0.011,-0.033,-0.004,0.523,0.051,0.723,0.182,-0.453,-0.163,0.0,0.0,0.9655172413793103,1.0,0.0,0.0,0.0,0.0,0.0,1.0344827586206902,0.0,0.0,0.0,0.0,0.0
29,0.011,-0.1,-0.736,-0.003,-0.089,0.017,0.672,1.0,0.008,-0.022,-0.003,0.498,0.054,0.617,-0.067,0.631,-0.019,0.0,0.0,1.0,1.0,0.0,0.0,0.0,0.0,0.0,1.0344827586206917,0.0,0.0,0.0,0.0,0.0
30,0.033,-0.072,-0.721,0.001,-0.073,0.019,0.689,1.0,0.005,-0.026,-0.002,0.51,0.049,0.515,-0.244,-0.074,0.028,0.0,0.0,1.0,1.0,0.0,0.0,0.0,0.0,0.0,0.0,0.0,0.0,0.0,0.0,0.0
31,0.013,-0.026,-0.659,0.013,-0.057,0.02,0.699,0.999,0.005,-0.032,0.001,0.475,0.041,0.315,-0.057,-0.332,0.204,0.0,0.0,1.0,1.0,0.0,0.0,0.0,0.0,0.0,0.0,0.0,0.0,0.0,0.0,0.0
32,-0.014,0.063,-0.594,-0.004,-0.042,0.022,0.703,0.999,0.009,-0.049,-0.002,0.458,0.052,0.143,0.17,-0.788,-0.056,0.0,0.0,1.0,1.0,0.0,0.0,0.0,0.0,0.0,0.0,0.0,0.0,0.0,0.0,0.0
33,-0.034,0.045,-0.538,0.002,-0.026,0.023,0.703,0.998,0.014,-0.054,-0.001,0.476,0.038,-0.005,0.179,-0.496,0.042,0.0,0.0,1.0,1.0,0.0,0.0,0.0,0.0,0.0,0.0,0.0,0.0,0.0,0.0,0.0
34,-0.035,0.017,-0.49,-0.006,-0.012,0.024,0.697,0.998,0.016,-0.053,-0.003,0.45,0.046,-0.15,0.147,-0.13,-0.076,0.0,0.0,1.0,1.0,0.0,0.0,0.0,0.0,0.0,0.0,0.0,0.0,0.0,0.0,0.0
35,0.001,-0.07,-0.463,-0.01,0.003,0.025,0.689,0.999,0.011,-0.041,-0.003,0.441,0.03,-0.218,-0.144,0.424,-0.13,0.0,0.0,1.0,1.0,0.0,0.0,0.0,0.0,0.0,0.0,0.0,0.0,0.0,0.0,0.0
36,0.025,-0.04,-0.455,-0.003,0.015,0.027,0.681,0.999,0.008,-0.039,-0.003,0.417,0.054,-0.27,-0.203,0.101,-0.023,0.0,0.0,1.0,1.0,0.0,0.0,0.0,0.0,0.0,0.0,0.0,0.0,0.0,0.0,0.0
37,0.001,0.004,-0.456,0.002,0.03,0.028,0.672,0.999,0.006,-0.041,-0.001,0.392,0.034,-0.241,0.035,-0.275,0.034,0.0,0.0,1.0,1.0,0.0,0.0,0.0,0.0,0.0,0.0,0.0,0.0,0.0,0.0,0.0
38,-0.002,0.062,-0.452,0.005,0.041,0.029,0.665,0.999,0.007,-0.051,-0.0,0.348,0.036,-0.226,0.041,-0.46,0.08,0.0,0.0,1.0,1.0,0.0,0.0,0.0,0.0,0.0,0.0,0.0,0.0,0.0,0.0,0.0
39,-0.036,0.052,-0.474,-0.007,0.052,0.03,0.661,0.999,0.012,-0.053,-0.001,0.323,0.036,-0.139,0.245,-0.278,-0.097,0.0,0.0,1.0,1.0,0.0,0.0,0.0,0.0,0.0,0.0,0.0,0.0,0.0,0.0,0.0
40,-0.009,0.012,-0.501,-0.012,0.063,0.032,0.66,0.999,0.011,-0.049,-0.003,0.319,0.036,-0.039,0.022,-0.042,-0.185,0.0,0.0,1.0,1.0,0.0,0.0,0.0,0.0,0.0,0.0,0.0,0.0,0.0,0.0,0.0
41,0.038,-0.069,-0.527,-0.002,0.072,0.033,0.661,0.999,0.007,-0.038,-0.002,0.286,0.034,0.035,-0.346,0.539,-0.02,0.0,0.0,1.0,1.0,0.0,0.0,0.0,0.0,0.0,0.0,0.0,0.0,0.0,0.0,0.0
42,0.042,-0.035,-0.564,0.003,0.08,0.034,0.665,0.999,0.003,-0.035,-0.001,0.262,0.026,0.105,-0.312,0.149,0.06,0.0,0.0,1.0,1.0,0.0,0.0,0.0,0.0,0.0,0.0,0.0,0.0,0.0,0.0,0.0
43,-0.041,0.041,-0.575,-0.001,0.088,0.035,0.67,0.999,0.01,-0.041,-0.001,0.231,0.028,0.148,0.382,-0.417,-0.002,0.0,0.0,1.0,1.0,0.0,0.0,0.0,0.0,0.0,0.0,0.0,0.0,0.0,0.0,0.0
44,-0.05,-0.001,-0.573,-0.0,0.095,0.035,0.675,0.999,0.015,-0.042,-0.002,0.212,0.022,0.147,0.315,0.099,0.018,0.0,0.0,1.0,1.0,0.0,0.0,0.0,0.0,0.0,0.0,0.0,0.0,0.0,0.0,0.0
45,-0.033,0.073,-0.568,-0.003,0.1,0.036,0.678,0.999,0.017,-0.049,-0.003,0.197,0.023,0.117,0.087,-0.454,-0.049,0.0,0.0,1.0,1.0,0.0,0.0,0.0,0.0,0.0,0.0,0.0,0.0,0.0,0.0,0.0
46,0.027,-0.065,-0.555,0.001,0.107,0.037,0.681,0.999,0.012,-0.038,-0.003,0.192,0.033,0.106,-0.376,0.704,0.038,0.0,0.0,1.0,1.0,0.0,0.0,0.0,0.0,0.0,0.0,0.0,0.0,0.0,0.0,0.0
47,0.054,-0.074,-0.561,0.009,0.112,0.038,0.683,0.999,0.004,-0.035,-0.001,0.173,0.013,0.071,-0.5,0.772,0.153,0.0,0.0,1.0,1.0,0.0,0.0,0.0,0.0,0.0,0.0,0.0,0.0,0.0,0.0,0.0
48,-0.017,0.043,-0.546,-0.004,0.117,0.038,0.684,0.999,0.007,-0.041,-0.002,0.143,0.013,0.024,0.167,-0.218,-0.045,0.0,0.0,1.0,1.0,0.0,0.0,0.0,0.0,0.0,0.0,0.0,0.0,0.0,0.0,0.0
49,-0.072,0.098,-0.529,-0.007,0.121,0.038,0.683,0.999,0.016,-0.05,-0.003,0.107,0.009,-0.028,0.466,-0.472,-0.086,0.0,0.0,1.0,1.0,0.0,0.0,0.0,0.0,0.0,0.0,0.0,0.0,0.0,0.0,0.0
50,-0.066,0.076,-0.528,-0.0,0.124,0.039,0.681,0.998,0.019,-0.056,-0.003,0.106,0.004,-0.039,0.309,-0.014,0.017,0.0,0.0,1.0,1.0,0.0,0.0,0.0,0.0,0.0,0.0,0.0,0.0,0.0,0.0,0.0
51,-0.003,0.038,-0.517,-0.007,0.127,0.039,0.679,0.999,0.015,-0.05,-0.006,0.095,0.012,-0.052,-0.215,0.258,-0.087,0.0,0.0,1.0,1.0,0.0,0.0,0.0,0.0,0.0,0.0,0.0,0.0,0.0,0.0,0.0
52,0.076,-0.066,-0.504,0.01,0.129,0.04,0.677,1.0,0.003,-0.031,-0.002,0.064,0.011,-0.066,-0.702,0.907,0.156,0.0,0.0,1.0,1.0,0.0,0.0,0.0,0.0,0.0,0.0,0.0,0.0,0.0,0.0,0.0
53,0.069,-0.027,-0.512,0.009,0.131,0.04,0.674,1.0,-0.002,-0.029,-0.002,0.049,0.012,-0.083,-0.481,0.482,0.161,0.0,0.0,1.0,1.0,0.0,0.0,0.0,0.0,0.0,0.0,0.0,0.0,0.0,0.0,0.0
54,-0.024,-0.006,-0.518,-0.003,0.132,0.04,0.672,1.0,0.004,-0.026,-0.003,0.03,0.007,-0.049,0.298,0.23,-0.02,0.0,0.0,1.0,1.0,0.0,0.0,0.0,0.0,0.0,0.0,0.0,0.0,0.0,0.0,0.0
55,-0.08,0.073,-0.521,-0.005,0.132,0.04,0.671,0.999,0.015,-0.033,-0.005,0.013,-0.002,-0.038,0.542,-0.338,-0.055,0.0,0.0,1.0,1.0,0.0,0.0,0.0,0.0,0.0,0.0,0.0,0.0,0.0,0.0,0.0
56,-0.04,0.065,-0.531,-0.0,0.132,0.04,0.671,0.999,0.017,-0.035,-0.005,0.004,0.0,-0.017,0.076,-0.169,0.016,0.0,0.0,1.0,1.0,0.0,0.0,0.0,0.0,0.0,0.0,0.0,0.0,0.0,0.0,0.0
57,0.002,0.013,-0.532,-0.003,0.132,0.04,0.671,0.999,0.013,-0.029,-0.005,-0.002,0.009,0.003,-0.217,0.219,-0.022,0.0,0.0,1.0,1.0,0.0,0.0,0.0,0.0,0.0,0.0,0.0,0.0,0.0,0.0,0.0
58,0.03,0.001,-0.535,-0.008,0.132,0.041,0.672,1.0,0.006,-0.024,-0.007,-0.003,0.014,0.013,-0.288,0.211,-0.089,0.0,0.0,1.0,1.0,0.0,0.0,0.0,0.0,0.0,0.0,0.0,0.0,0.0,0.0,0.0
59,0.006,0.003,-0.539,-0.007,0.132,0.041,0.672,1.0,0.005,-0.02,-0.006,-0.012,0.003,0.018,-0.051,0.104,-0.082,0.0,0.0,1.0,1.0,0.0,0.0,0.0,0.0,0.0,0.0,0.0,0.0,0.0,0.0,0.0
60,-0.048,0.031,-0.538,-0.001,0.131,0.041,0.673,1.0,0.011,-0.022,-0.006,-0.022,0.002,0.01,0.352,-0.096,0.023,0.0,0.0,1.0,1.0,0.0,0.0,0.0,0.0,0.0,0.0,0.0,0.0,0.0,0.0,0.0
61,-0.032,0.023,-0.539,0.001,0.13,0.041,0.673,1.0,0.013,-0.022,-0.005,-0.028,0.002,0.013,0.123,0.016,0.055,0.0,0.0,1.0,1.0,0.0,0.0,0.0,0.0,0.0,0.0,0.0,0.0,0.0,0.0,0.0
62,0.014,-0.002,-0.539,-0.002,0.129,0.041,0.674,1.0,0.008,-0.019,-0.005,-0.024,0.002,0.017,-0.218,0.186,-0.011,0.0,0.0,1.0,1.0,0.0,0.0,0.0,0.0,0.0,0.0,0.0,0.0,0.0,0.0,0.0
63,0.036,-0.021,-0.539,-0.002,0.129,0.041,0.674,1.0,0.003,-0.014,-0.005,-0.02,0.007,0.014,-0.292,0.225,-0.008,0.0,0.0,1.0,1.0,0.0,0.0,0.0,0.0,0.0,0.0,0.0,0.0,0.0,0.0,0.0
64,0.023,-0.031,-0.54,0.001,0.128,0.041,0.674,1.0,-0.0,-0.01,-0.004,-0.023,0.003,0.007,-0.079,0.23,0.047,0.0,0.0,1.0,1.0,0.0,0.0,0.0,0.0,0.0,0.0,0.0,0.0,0.0,0.0,0.0
65,-0.021,-0.021,-0.539,-0.0,0.127,0.041,0.674,1.0,0.005,-0.008,-0.004,-0.031,0.001,0.002,0.225,0.104,0.019,0.0,0.0,1.0,1.0,0.0,0.0,0.0,0.0,0.0,0.0,0.0,0.0,0.0,0.0,0.0
66,-0.035,0.002,-0.54,0.001,0.126,0.041,0.674,1.0,0.01,-0.012,-0.004,-0.025,0.004,0.01,0.247,-0.04,0.032,0.0,0.0,1.0,1.0,0.0,0.0,0.0,0.0,0.0,0.0,0.0,0.0,0.0,0.0,0.0
67,-0.03,0.046,-0.537,-0.009,0.125,0.042,0.674,1.0,0.011,-0.02,-0.005,-0.022,0.014,0.003,0.2,-0.284,-0.117,0.0,0.0,1.0,1.0,0.0,0.0,0.0,0.0,0.0,0.0,0.0,0.0,0.0,0.0,0.0
68,0.007,0.036,-0.531,-0.003,0.125,0.042,0.674,1.0,0.006,-0.022,-0.005,-0.02,0.016,-0.011,-0.041,-0.131,-0.03,0.0,0.0,1.0,1.0,0.0,0.0,0.0,0.0,0.0,0.0,0.0,0.0,0.0,0.0,0.0
69,0.02,0.006,-0.531,-0.005,0.124,0.043,0.674,1.0,0.003,-0.02,-0.005,-0.019,0.017,-0.011,-0.084,0.132,-0.057,0.0,0.0,1.0,1.0,0.0,0.0,0.0,0.0,0.0,0.0,0.0,0.0,0.0,0.0,0.0
70,0.024,-0.041,-0.531,-0.005,0.124,0.043,0.673,1.0,0.001,-0.014,-0.005,-0.019,0.015,-0.012,-0.074,0.45,-0.054,0.0,0.0,1.0,1.0,0.0,0.0,0.0,0.0,0.0,0.0,0.0,0.0,0.0,0.0,0.0
71,0.009,-0.044,-0.532,0.002,0.123,0.044,0.673,1.0,0.002,-0.008,-0.004,-0.023,0.015,-0.019,0.054,0.332,0.052,0.0,0.0,1.0,1.0,0.0,0.0,0.0,0.0,0.0,0.0,0.0,0.0,0.0,0.0,0.0
72,-0.001,0.026,-0.532,0.002,0.122,0.044,0.672,1.0,0.006,-0.015,-0.004,-0.025,0.013,-0.014,0.038,-0.189,0.058,0.0,0.0,1.0,1.0,0.0,0.0,0.0,0.0,0.0,0.0,0.0,0.0,0.0,0.0,0.0
73,0.001,0.051,-0.534,-0.003,0.121,0.045,0.672,1.0,0.007,-0.02,-0.004,-0.023,0.019,-0.003,0.019,-0.321,-0.03,0.0,0.0,1.0,1.0,0.0,0.0,0.0,0.0,0.0,0.0,0.0,0.0,0.0,0.0,0.0
74,-0.001,0.008,-0.532,-0.002,0.121,0.045,0.672,1.0,0.009,-0.018,-0.004,-0.023,0.018,-0.004,-0.024,0.078,-0.011,0.0,0.0,1.0,1.0,0.0,0.0,0.0,0.0,0.0,0.0,0.0,0.0,0.0,0.0,0.0
75,-0.001,-0.052,-0.532,0.006,0.12,0.046,0.672,1.0,0.008,-0.01,-0.003,-0.016,0.014,-0.002,-0.0,0.459,0.114,0.0,0.0,1.0,1.0,0.0,0.0,0.0,0.0,0.0,0.0,0.0,0.0,0.0,0.0,0.0
76,0.01,-0.016,-0.535,0.001,0.119,0.047,0.672,1.0,0.007,-0.009,-0.003,-0.02,0.015,-0.007,-0.085,0.067,0.043,0.0,0.0,1.0,1.0,0.0,0.0,0.0,0.0,0.0,0.0,0.0,0.0,0.0,0.0,0.0
77,-0.001,0.022,-0.535,0.0,0.119,0.048,0.672,1.0,0.009,-0.013,-0.004,-0.018,0.018,-0.003,-0.006,-0.223,0.028,0.0,0.0,1.0,1.0,0.0,0.0,0.0,0.0,0.0,0.0,0.0,0.0,0.0,0.0,0.0
78,-0.0,0.078,-0.532,0.002,0.118,0.048,0.671,1.0,0.009,-0.022,-0.004,-0.014,0.019,-0.005,-0.014,-0.562,0.047,0.0,0.0,1.0,1.0,0.0,0.0,0.0,0.0,0.0,0.0,0.0,0.0,0.0,0.0,0.0
79,-0.004,-0.053,-0.529,-0.004,0.118,0.048,0.671,1.0,0.01,-0.013,-0.005,-0.017,0.006,0.001,-0.049,0.566,-0.034,0.0,0.0,1.0,1.0,0.0,0.0,0.0,0.0,0.0,0.0,0.0,0.0,0.0,0.0,0.0
80,-0.016,-0.021,-0.531,-0.005,0.117,0.049,0.671,1.0,0.012,-0.012,-0.007,-0.007,0.012,-0.016,0.041,0.169,-0.048,0.0,0.0,1.0,1.0,0.0,0.0,0.0,0.0,0.0,0.0,0.0,0.0,0.0,0.0,0.0
81,0.012,-0.057,-0.525,-0.002,0.117,0.049,0.67,1.0,0.01,-0.005,-0.007,-0.01,0.011,-0.029,-0.196,0.357,0.02,0.0,0.0,1.0,1.0,0.0,0.0,0.0,0.0,0.0,0.0,0.0,0.0,0.0,0.0,0.0
82,-0.016,0.02,-0.531,-0.003,0.117,0.05,0.67,1.0,0.012,-0.01,-0.006,-0.013,0.01,-0.017,0.036,-0.293,-0.014,0.0,0.0,1.0,1.0,0.0,0.0,0.0,0.0,0.0,0.0,0.0,0.0,0.0,0.0,0.0
83,-0.009,0.029,-0.527,0.0,0.116,0.05,0.669,1.0,0.011,-0.014,-0.006,-0.007,0.012,-0.019,0.002,-0.294,0.04,0.0,0.0,1.0,1.0,0.0,0.0,0.0,0.0,0.0,0.0,0.0,0.0,0.0,0.0,0.0
84,-0.004,-0.049,-0.528,-0.004,0.117,0.05,0.669,1.0,0.011,-0.007,-0.006,0.004,0.003,-0.008,-0.081,0.281,-0.027,0.0,0.0,1.0,1.0,0.0,0.0,0.0,0.0,0.0,0.0,0.0,0.0,0.0,0.0,0.0
85,-0.0,-0.027,-0.531,-0.008,0.117,0.05,0.668,1.0,0.009,-0.006,-0.007,0.009,0.011,-0.015,-0.032,0.013,-0.085,0.0,0.0,1.0,1.0,0.0,0.0,0.0,0.0,0.0,0.0,0.0,0.0,0.0,0.0,0.0
86,-0.004,-0.031,-0.536,-0.004,0.117,0.05,0.669,1.0,0.008,-0.003,-0.006,0.01,0.005,-0.001,0.018,-0.044,-0.031,0.0,0.0,1.0,1.0,0.0,0.0,0.0,0.0,0.0,0.0,0.0,0.0,0.0,0.0,0.0
87,0.004,0.002,-0.537,0.004,0.118,0.05,0.669,1.0,0.007,-0.008,-0.004,0.01,0.004,0.004,-0.051,-0.246,0.091,0.0,0.0,1.0,1.0,0.0,0.0,0.0,0.0,0.0,0.0,0.0,0.0,0.0,0.0,0.0
88,0.004,0.015,-0.533,-0.002,0.118,0.051,0.669,1.0,0.008,-0.011,-0.005,0.01,0.008,-0.001,-0.053,-0.293,-0.001,0.0,0.0,1.0,1.0,0.0,0.0,0.0,0.0,0.0,0.0,0.0,0.0,0.0,0.0,0.0
89,-0.001,-0.011,-0.534,0.001,0.119,0.051,0.669,1.0,0.008,-0.012,-0.004,0.018,0.008,0.004,-0.005,-0.027,0.041,0.0,0.0,1.0,1.0,0.0,0.0,0.0,0.0,0.0,0.0,0.0,0.0,0.0,0.0,0.0
90,-0.023,-0.004,-0.534,-0.007,0.119,0.051,0.669,1.0,0.009,-0.013,-0.005,0.026,0.01,0.002,0.199,-0.097,-0.081,0.0,0.0,1.0,1.0,0.0,0.0,0.0,0.0,0.0,0.0,0.0,0.0,0.0,0.0,0.0
91,-0.018,0.017,-0.529,-0.004,0.12,0.051,0.669,1.0,0.009,-0.016,-0.005,0.025,0.01,-0.01,0.146,-0.231,-0.038,0.0,0.0,1.0,1.0,0.0,0.0,0.0,0.0,0.0,0.0,0.0,0.0,0.0,0.0,0.0
92,0.002,0.01,-0.532,-0.003,0.121,0.051,0.669,1.0,0.008,-0.018,-0.006,0.023,0.003,0.001,-0.048,-0.102,-0.022,0.0,0.0,1.0,1.0,0.0,0.0,0.0,0.0,0.0,0.0,0.0,0.0,0.0,0.0,0.0
93,0.02,-0.023,-0.533,0.0,0.122,0.052,0.669,1.0,0.005,-0.015,-0.006,0.026,0.008,0.007,-0.133,0.141,0.038,0.0,0.0,1.0,1.0,0.0,0.0,0.0,0.0,0.0,0.0,0.0,0.0,0.0,0.0,0.0
94,0.013,-0.074,-0.536,0.003,0.123,0.052,0.669,1.0,0.004,-0.008,-0.005,0.027,0.005,0.004,-0.044,0.472,0.073,0.0,0.0,1.0,1.0,0.0,0.0,0.0,0.0,0.0,0.0,0.0,0.0,0.0,0.0,0.0
95,-0.001,-0.018,-0.542,-0.002,0.124,0.052,0.67,1.0,0.006,-0.011,-0.005,0.037,0.002,0.009,0.033,-0.066,0.003,0.0,0.0,1.0,1.0,0.0,0.0,0.0,0.0,0.0,0.0,0.0,0.0,0.0,0.0,0.0
96,-0.022,0.055,-0.537,-0.004,0.125,0.052,0.67,1.0,0.008,-0.02,-0.005,0.023,0.006,0.012,0.214,-0.53,-0.036,0.0,0.0,1.0,1.0,0.0,0.0,0.0,0.0,0.0,0.0,0.0,0.0,0.0,0.0,0.0
97,-0.019,0.049,-0.534,-0.011,0.125,0.052,0.67,1.0,0.011,-0.025,-0.007,0.025,0.003,0.01,0.089,-0.341,-0.13,0.0,0.0,1.0,1.0,0.0,0.0,0.0,0.0,0.0,0.0,0.0,0.0,0.0,0.0,0.0
98,0.005,-0.005,-0.527,-0.006,0.126,0.052,0.67,1.0,0.009,-0.02,-0.007,0.025,0.004,-0.006,-0.107,0.086,-0.051,0.0,0.0,1.0,1.0,0.0,0.0,0.0,0.0,0.0,0.0,0.0,0.0,0.0,0.0,0.0
99,0.006,-0.076,-0.526,0.007,0.127,0.052,0.669,1.0,0.008,-0.01,-0.005,0.035,0.007,-0.015,-0.078,0.518,0.146,0.0,0.0,1.0,1.0,0.0,0.0,0.0,0.0,0.0,0.0,0.0,0.0,0.0,0.0,0.0
100,-0.01,-0.032,-0.534,0.001,0.128,0.053,0.669,1.0,0.008,-0.01,-0.005,0.028,0.008,-0.016,0.093,0.07,0.051,0.0,0.0,1.0,1.0,0.0,0.0,0.0,0.0,0.0,0.0,0.0,0.0,0.0,0.0,0.0
101,-0.002,0.029,-0.529,0.001,0.129,0.053,0.668,1.0,0.007,-0.016,-0.004,0.017,0.003,-0.013,0.021,-0.364,0.041,0.0,0.0,1.0,1.0,0.0,0.0,0.0,0.0,0.0,0.0,0.0,0.0,0.0,0.0,0.0
102,0.037,0.069,-0.523,0.0,0.129,0.053,0.667,1.0,0.004,-0.026,-0.004,0.016,0.007,-0.025,-0.288,-0.489,0.02,0.0,0.0,1.0,1.0,0.0,0.0,0.0,0.0,0.0,0.0,0.0,0.0,0.0,0.0,0.0
103,-0.002,-0.004,-0.523,-0.007,0.13,0.054,0.667,1.0,0.006,-0.023,-0.005,0.025,0.01,-0.017,0.078,0.149,-0.075,0.0,0.0,1.0,1.0,0.0,0.0,0.0,0.0,0.0,0.0,0.0,0.0,0.0,0.0,0.0
104,-0.004,-0.065,-0.526,0.001,0.131,0.054,0.667,1.0,0.008,-0.012,-0.005,0.028,-0.001,-0.009,0.01,0.464,0.047,0.0,0.0,1.0,1.0,0.0,0.0,0.0,0.0,0.0,0.0,0.0,0.0,0.0,0.0,0.0
105,-0.039,-0.077,-0.533,-0.001,0.132,0.053,0.666,1.0,0.013,-0.007,-0.005,0.032,-0.004,-0.013,0.22,0.429,0.013,0.0,0.0,1.0,1.0,0.0,0.0,0.0,0.0,0.0,0.0,0.0,0.0,0.0,0.0,0.0
106,-0.002,-0.009,-0.535,-0.001,0.132,0.054,0.666,1.0,0.012,-0.009,-0.005,0.017,0.003,-0.005,-0.11,-0.174,0.011,0.0,0.0,1.0,1.0,0.0,0.0,0.0,0.0,0.0,0.0,0.0,0.0,0.0,0.0,0.0
107,0.01,0.027,-0.531,0.002,0.133,0.054,0.666,1.0,0.009,-0.019,-0.004,0.01,0.0,-0.0,-0.167,-0.254,0.061,0.0,0.0,1.0,1.0,0.0,0.0,0.0,0.0,0.0,0.0,0.0,0.0,0.0,0.0,0.0
108,-0.011,-0.008,-0.529,-0.002,0.133,0.054,0.666,1.0,0.009,-0.02,-0.005,0.021,-0.002,0.0,0.047,0.104,-0.007,0.0,0.0,1.0,1.0,0.0,0.0,0.0,0.0,0.0,0.0,0.0,0.0,0.0,0.0,0.0
109,-0.031,-0.032,-0.53,-0.007,0.134,0.054,0.666,1.0,0.012,-0.016,-0.006,0.023,-0.007,-0.001,0.157,0.239,-0.08,0.0,0.0,1.0,1.0,0.0,0.0,0.0,0.0,0.0,0.0,0.0,0.0,0.0,0.0,0.0
110,-0.021,-0.062,-0.532,-0.006,0.135,0.054,0.666,1.0,0.013,-0.012,-0.007,0.025,-0.008,-0.002,0.019,0.425,-0.045,0.0,0.0,1.0,1.0,0.0,0.0,0.0,0.0,0.0,0.0,0.0,0.0,0.0,0.0,0.0
111,0.002,0.003,-0.532,0.002,0.136,0.053,0.665,1.0,0.01,-0.018,-0.006,0.013,-0.006,-0.001,-0.132,-0.051,0.072,0.0,0.0,1.0,1.0,0.0,0.0,0.0,0.0,0.0,0.0,0.0,0.0,0.0,0.0,0.0
112,0.014,0.036,-0.528,-0.001,0.136,0.054,0.665,1.0,0.006,-0.024,-0.006,0.002,-0.0,-0.004,-0.124,-0.184,0.01,0.0,0.0,1.0,1.0,0.0,0.0,0.0,0.0,0.0,0.0,0.0,0.0,0.0,0.0,0.0
113,0.021,0.07,-0.526,-0.002,0.135,0.054,0.664,0.999,0.003,-0.032,-0.006,-0.004,-0.005,-0.012,-0.133,-0.291,-0.006,0.0,0.0,1.0,1.0,0.0,0.0,0.0,0.0,0.0,0.0,0.0,0.0,0.0,0.0,0.0
114,-0.007,0.03,-0.525,-0.006,0.135,0.054,0.664,1.0,0.005,-0.03,-0.007,-0.003,0.0,-0.012,0.119,0.073,-0.056,0.0,0.0,1.0,1.0,0.0,0.0,0.0,0.0,0.0,0.0,0.0,0.0,0.0,0.0,0.0
115,-0.035,-0.023,-0.527,-0.006,0.135,0.053,0.664,1.0,0.009,-0.022,-0.007,-0.003,-0.012,0.004,0.256,0.399,-0.048,0.0,0.0,1.0,1.0,0.0,0.0,0.0,0.0,0.0,0.0,0.0,0.0,0.0,0.0,0.0
116,-0.035,-0.055,-0.526,-0.006,0.135,0.053,0.664,1.0,0.011,-0.011,-0.006,-0.011,-0.003,-0.009,0.239,0.444,-0.05,0.0,0.0,1.0,1.0,0.0,0.0,0.0,0.0,0.0,0.0,0.0,0.0,0.0,0.0,0.0
117,-0.022,-0.028,-0.534,-0.006,0.134,0.053,0.664,1.0,0.011,-0.008,-0.006,-0.014,0.004,0.002,0.128,0.089,-0.056,0.0,0.0,1.0,1.0,0.0,0.0,0.0,0.0,0.0,0.0,0.0,0.0,0.0,0.0,0.0
118,0.048,0.094,-0.524,0.002,0.133,0.053,0.664,1.0,0.002,-0.019,-0.004,-0.029,0.011,-0.012,-0.332,-0.817,0.046,0.0,0.0,1.0,1.0,0.0,0.0,0.0,0.0,0.0,0.0,0.0,0.0,0.0,0.0,0.0
119,0.048,0.061,-0.534,0.004,0.132,0.053,0.664,1.0,-0.002,-0.023,-0.003,-0.026,0.007,0.003,-0.228,-0.362,0.075,0.0,0.0,1.0,1.0,0.0,0.0,0.0,0.0,0.0,0.0,0.0,0.0,0.0,0.0,0.0
120,0.027,0.034,-0.537,-0.005,0.132,0.054,0.664,1.0,-0.002,-0.025,-0.004,-0.016,0.01,0.015,-0.005,-0.059,-0.055,0.0,0.0,1.0,1.0,0.0,0.0,0.0,0.0,0.0,0.0,0.0,0.0,0.0,0.0,0.0
121,-0.041,-0.04,-0.532,-0.01,0.132,0.054,0.665,1.0,0.007,-0.013,-0.006,-0.012,0.001,0.019,0.43,0.366,-0.124,0.0,0.0,1.0,1.0,0.0,0.0,0.0,0.0,0.0,0.0,0.0,0.0,0.0,0.0,0.0
122,-0.042,-0.071,-0.54,-0.004,0.131,0.054,0.666,1.0,0.012,-0.005,-0.006,-0.018,0.0,0.019,0.3,0.485,-0.025,0.0,0.0,1.0,1.0,0.0,0.0,0.0,0.0,0.0,0.0,0.0,0.0,0.0,0.0,0.0
123,-0.025,-0.017,-0.538,-0.004,0.131,0.054,0.666,1.0,0.014,-0.006,-0.006,-0.013,0.007,0.007,0.083,-0.071,-0.034,0.0,0.0,1.0,1.0,0.0,0.0,0.0,0.0,0.0,0.0,0.0,0.0,0.0,0.0,0.0
124,0.018,0.014,-0.532,0.004,0.13,0.054,0.666,1.0,0.01,-0.009,-0.004,-0.021,0.011,0.002,-0.236,-0.283,0.087,0.0,0.0,1.0,1.0,0.0,0.0,0.0,0.0,0.0,0.0,0.0,0.0,0.0,0.0,0.0
125,0.039,0.067,-0.525,0.005,0.129,0.055,0.665,1.0,0.003,-0.021,-0.003,-0.024,0.013,-0.018,-0.254,-0.482,0.103,0.0,0.0,1.0,1.0,0.0,0.0,0.0,0.0,0.0,0.0,0.0,0.0,0.0,0.0,0.0
126,0.007,-0.032,-0.52,-0.003,0.129,0.055,0.665,1.0,0.003,-0.014,-0.003,-0.008,0.004,-0.023,0.047,0.303,-0.027,0.0,0.0,1.0,1.0,0.0,0.0,0.0,0.0,0.0,0.0,0.0,0.0,0.0,0.0,0.0
127,-0.043,-0.04,-0.52,-0.013,0.129,0.055,0.663,1.0,0.009,-0.01,-0.006,-0.007,0.005,-0.035,0.403,0.277,-0.186,0.0,0.0,1.0,1.0,0.0,0.0,0.0,0.0,0.0,0.0,0.0,0.0,0.0,0.0,0.0
128,-0.023,-0.051,-0.523,-0.008,0.128,0.055,0.663,1.0,0.011,-0.005,-0.007,-0.007,0.001,-0.031,0.135,0.246,-0.086,0.0,0.0,1.0,1.0,0.0,0.0,0.0,0.0,0.0,0.0,0.0,0.0,0.0,0.0,0.0
129,0.026,0.037,-0.526,0.001,0.128,0.055,0.662,1.0,0.007,-0.012,-0.006,-0.011,0.012,-0.014,-0.228,-0.456,0.043,0.0,0.0,1.0,1.0,0.0,0.0,0.0,0.0,0.0,0.0,0.0,0.0,0.0,0.0,0.0
130,0.026,0.022,-0.527,-0.0,0.128,0.055,0.662,1.0,0.004,-0.015,-0.005,-0.011,0.006,-0.006,-0.167,-0.214,0.028,0.0,0.0,1.0,1.0,0.0,0.0,0.0,0.0,0.0,0.0,0.0,0.0,0.0,0.0,0.0
131,0.016,0.074,-0.525,-0.004,0.127,0.055,0.661,1.0,0.003,-0.022,-0.004,-0.009,0.006,-0.013,-0.038,-0.567,-0.032,0.0,0.0,1.0,1.0,0.0,0.0,0.0,0.0,0.0,0.0,0.0,0.0,0.0,0.0,0.0
132,-0.039,-0.016,-0.525,-0.007,0.127,0.055,0.662,1.0,0.01,-0.014,-0.005,0.001,-0.001,0.001,0.314,0.108,-0.067,0.0,0.0,1.0,1.0,0.0,0.0,0.0,0.0,0.0,0.0,0.0,0.0,0.0,0.0,0.0
133,-0.027,-0.047,-0.53,-0.004,0.127,0.055,0.662,1.0,0.012,-0.009,-0.005,0.004,0.0,-0.0,0.145,0.286,-0.034,0.0,0.0,1.0,1.0,0.0,0.0,0.0,0.0,0.0,0.0,0.0,0.0,0.0,0.0,0.0
134,-0.002,-0.055,-0.538,-0.005,0.128,0.055,0.662,1.0,0.011,-0.002,-0.005,0.008,-0.002,0.017,-0.095,0.147,-0.04,0.0,0.0,1.0,1.0,0.0,0.0,0.0,0.0,0.0,0.0,0.0,0.0,0.0,0.0,0.0
135,0.046,0.007,-0.537,0.003,0.128,0.055,0.662,1.0,0.005,-0.007,-0.004,-0.001,0.0,0.014,-0.422,-0.323,0.08,0.0,0.0,1.0,1.0,0.0,0.0,0.0,0.0,0.0,0.0,0.0,0.0,0.0,0.0,0.0
136,0.018,0.04,-0.535,0.001,0.128,0.055,0.663,1.0,0.005,-0.015,-0.003,0.002,0.001,0.013,-0.125,-0.453,0.037,0.0,0.0,1.0,1.0,0.0,0.0,0.0,0.0,0.0,0.0,0.0,0.0,0.0,0.0,0.0
137,-0.011,0.035,-0.53,-0.0,0.128,0.055,0.663,1.0,0.007,-0.02,-0.003,0.005,-0.003,0.004,0.107,-0.269,0.015,0.0,0.0,1.0,1.0,0.0,0.0,0.0,0.0,0.0,0.0,0.0,0.0,0.0,0.0,0.0
138,-0.027,-0.05,-0.524,-0.003,0.128,0.055,0.663,1.0,0.012,-0.012,-0.004,0.015,-0.007,-0.007,0.115,0.357,-0.015,0.0,0.0,1.0,1.0,0.0,0.0,0.0,0.0,0.0,0.0,0.0,0.0,0.0,0.0,0.0
139,-0.006,-0.065,-0.528,-0.0,0.129,0.055,0.663,1.0,0.011,-0.007,-0.004,0.016,-0.006,-0.017,-0.072,0.369,0.025,0.0,0.0,1.0,1.0,0.0,0.0,0.0,0.0,0.0,0.0,0.0,0.0,0.0,0.0,0.0
140,-0.009,-0.026,-0.531,-0.003,0.13,0.054,0.662,1.0,0.01,-0.007,-0.004,0.016,-0.008,-0.012,-0.026,-0.048,-0.02,0.0,0.0,1.0,1.0,0.0,0.0,0.0,0.0,0.0,0.0,0.0,0.0,0.0,0.0,0.0
141,0.004,0.066,-0.527,-0.002,0.13,0.054,0.662,1.0,0.008,-0.018,-0.003,0.018,-0.012,-0.006,-0.12,-0.697,-0.015,0.0,0.0,1.0,1.0,0.0,0.0,0.0,0.0,0.0,0.0,0.0,0.0,0.0,0.0,0.0
142,0.014,0.039,-0.519,-0.0,0.131,0.053,0.661,1.0,0.007,-0.022,-0.003,0.011,-0.015,-0.024,-0.209,-0.282,0.017,0.0,0.0,1.0,1.0,0.0,0.0,0.0,0.0,0.0,0.0,0.0,0.0,0.0,0.0,0.0
143,0.002,0.004,-0.523,-0.002,0.131,0.053,0.662,1.0,0.008,-0.021,-0.004,0.017,-0.017,-0.01,-0.122,0.036,0.002,0.0,0.0,1.0,1.0,0.0,0.0,0.0,0.0,0.0,0.0,0.0,0.0,0.0,0.0,0.0
144,-0.032,-0.07,-0.522,-0.006,0.132,0.052,0.661,1.0,0.01,-0.01,-0.005,0.027,-0.019,-0.012,0.172,0.458,-0.069,0.0,0.0,1.0,1.0,0.0,0.0,0.0,0.0,0.0,0.0,0.0,0.0,0.0,0.0,0.0
145,-0.026,-0.098,-0.542,-0.0,0.133,0.051,0.662,1.0,0.011,0.0,-0.003,0.028,-0.026,0.012,0.054,0.48,0.026,0.0,0.0,1.0,1.0,0.0,0.0,0.0,0.0,0.0,0.0,0.0,0.0,0.0,0.0,0.0
146,-0.027,-0.011,-0.542,-0.002,0.134,0.051,0.662,1.0,0.012,-0.007,-0.004,0.027,-0.021,0.008,0.059,-0.253,-0.023,0.0,0.0,1.0,1.0,0.0,0.0,0.0,0.0,0.0,0.0,0.0,0.0,0.0,0.0,0.0
147,0.038,0.005,-0.533,0.007,0.135,0.05,0.662,1.0,0.004,-0.013,-0.001,0.023,-0.03,0.011,-0.441,-0.248,0.128,0.0,0.0,1.0,1.0,0.0,0.0,0.0,0.0,0.0,0.0,0.0,0.0,0.0,0.0,0.0
148,0.008,0.01,-0.531,-0.001,0.135,0.049,0.662,1.0,0.005,-0.018,-0.002,0.023,-0.021,0.007,-0.126,-0.156,0.003,0.0,0.0,1.0,1.0,0.0,0.0,0.0,0.0,0.0,0.0,0.0,0.0,0.0,0.0,0.0
149,-0.006,-0.027,-0.526,-0.001,0.136,0.049,0.661,1.0,0.005,-0.019,-0.003,0.026,-0.028,-0.004,-0.002,0.248,-0.003,0.0,0.0,1.0,1.0,0.0,0.0,0.0,0.0,0.0,0.0,0.0,0.0,0.0,0.0,0.0
150,-0.027,-0.026,-0.523,-0.004,0.137,0.048,0.661,1.0,0.008,-0.017,-0.004,0.029,-0.027,-0.018,0.133,0.166,-0.041,0.0,0.0,1.0,1.0,0.0,0.0,0.0,0.0,0.0,0.0,0.0,0.0,0.0,0.0,0.0
151,-0.01,0.032,-0.52,-0.001,0.138,0.047,0.66,1.0,0.008,-0.022,-0.005,0.017,-0.03,-0.025,-0.061,-0.256,0.004,0.0,0.0,1.0,1.0,0.0,0.0,0.0,0.0,0.0,0.0,0.0,0.0,0.0,0.0,0.0
152,-0.01,0.042,-0.519,-0.001,0.138,0.046,0.659,1.0,0.007,-0.026,-0.004,0.004,-0.018,-0.022,0.007,-0.201,0.01,0.0,0.0,1.0,1.0,0.0,0.0,0.0,0.0,0.0,0.0,0.0,0.0,0.0,0.0,0.0
153,0.022,0.022,-0.521,-0.001,0.138,0.046,0.659,1.0,0.003,-0.025,-0.004,0.002,-0.016,-0.009,-0.201,-0.02,0.008,0.0,0.0,1.0,1.0,0.0,0.0,0.0,0.0,0.0,0.0,0.0,0.0,0.0,0.0,0.0
154,0.019,-0.012,-0.526,-0.009,0.138,0.045,0.659,1.0,0.001,-0.021,-0.005,0.012,-0.016,0.004,-0.123,0.189,-0.121,0.0,0.0,1.0,1.0,0.0,0.0,0.0,0.0,0.0,0.0,0.0,0.0,0.0,0.0,0.0
155,0.002,-0.062,-0.532,0.0,0.138,0.044,0.66,1.0,0.002,-0.012,-0.005,0.005,-0.022,0.017,0.003,0.486,0.03,0.0,0.0,1.0,1.0,0.0,0.0,0.0,0.0,0.0,0.0,0.0,0.0,0.0,0.0,0.0
156,-0.024,-0.022,-0.535,-0.002,0.139,0.044,0.66,1.0,0.006,-0.014,-0.005,0.0,-0.015,0.014,0.191,0.13,-0.008,0.0,0.0,1.0,1.0,0.0,0.0,0.0,0.0,0.0,0.0,0.0,0.0,0.0,0.0,0.0
157,-0.005,0.042,-0.539,0.006,0.138,0.043,0.662,1.0,0.006,-0.018,-0.004,-0.006,-0.015,0.032,-0.016,-0.402,0.118,0.0,0.0,1.0,1.0,0.0,0.0,0.0,0.0,0.0,0.0,0.0,0.0,0.0,0.0,0.0
158,0.013,0.075,-0.541,0.006,0.138,0.043,0.663,1.0,0.007,-0.027,-0.004,-0.002,-0.013,0.041,-0.228,-0.51,0.122,0.0,0.0,1.0,1.0,0.0,0.0,0.0,0.0,0.0,0.0,0.0,0.0,0.0,0.0,0.0
159,0.012,-0.018,-0.534,-0.003,0.138,0.043,0.664,1.0,0.005,-0.021,-0.005,-0.004,-0.01,0.027,-0.152,0.309,-0.012,0.0,0.0,1.0,1.0,0.0,0.0,0.0,0.0,0.0,0.0,0.0,0.0,0.0,0.0,0.0
160,0.005,-0.019,-0.532,-0.005,0.138,0.042,0.664,1.0,0.005,-0.016,-0.006,-0.003,-0.008,0.008,-0.07,0.178,-0.04,0.0,0.0,1.0,1.0,0.0,0.0,0.0,0.0,0.0,0.0,0.0,0.0,0.0,0.0,0.0
161,-0.02,-0.061,-0.533,-0.001,0.138,0.042,0.664,1.0,0.007,-0.007,-0.005,-0.008,-0.015,0.009,0.108,0.371,0.023,0.0,0.0,1.0,1.0,0.0,0.0,0.0,0.0,0.0,0.0,0.0,0.0,0.0,0.0,0.0
162,0.006,-0.018,-0.536,0.002,0.137,0.041,0.664,1.0,0.006,-0.009,-0.005,-0.014,-0.019,0.004,-0.145,0.002,0.062,0.0,0.0,1.0,1.0,0.0,0.0,0.0,0.0,0.0,0.0,0.0,0.0,0.0,0.0,0.0
163,-0.013,0.029,-0.533,0.001,0.137,0.041,0.665,1.0,0.008,-0.015,-0.005,-0.006,-0.014,0.004,0.006,-0.346,0.045,0.0,0.0,1.0,1.0,0.0,0.0,0.0,0.0,0.0,0.0,0.0,0.0,0.0,0.0,0.0
164,0.003,0.018,-0.531,-0.004,0.137,0.04,0.665,1.0,0.006,-0.017,-0.006,-0.008,-0.016,0.006,-0.113,-0.167,-0.024,0.0,0.0,1.0,1.0,0.0,0.0,0.0,0.0,0.0,0.0,0.0,0.0,0.0,0.0,0.0
165,-0.006,-0.002,-0.53,-0.003,0.137,0.04,0.665,1.0,0.007,-0.017,-0.006,0.003,-0.013,0.003,-0.031,0.005,-0.012,0.0,0.0,1.0,1.0,0.0,0.0,0.0,0.0,0.0,0.0,0.0,0.0,0.0,0.0,0.0
166,-0.003,-0.016,-0.53,-0.005,0.137,0.039,0.665,1.0,0.006,-0.015,-0.007,0.004,-0.015,0.001,-0.044,0.093,-0.042,0.0,0.0,1.0,1.0,0.0,0.0,0.0,0.0,0.0,0.0,0.0,0.0,0.0,0.0,0.0
167,-0.009,-0.016,-0.532,-0.002,0.137,0.039,0.665,1.0,0.007,-0.014,-0.007,0.001,-0.016,0.003,-0.013,0.072,0.014,0.0,0.0,1.0,1.0,0.0,0.0,0.0,0.0,0.0,0.0,0.0,0.0,0.0,0.0,0.0
168,-0.001,-0.004,-0.533,-0.004,0.137,0.038,0.665,1.0,0.006,-0.015,-0.007,0.0,-0.015,0.005,-0.075,-0.022,-0.018,0.0,0.0,1.0,1.0,0.0,0.0,0.0,0.0,0.0,0.0,0.0,0.0,0.0,0.0,0.0
169,0.003,0.036,-0.529,-0.003,0.137,0.038,0.665,1.0,0.005,-0.019,-0.007,-0.002,-0.012,-0.003,-0.081,-0.318,-0.005,0.0,0.0,1.0,1.0,0.0,0.0,0.0,0.0,0.0,0.0,0.0,0.0,0.0,0.0,0.0
170,0.005,0.019,-0.534,-0.002,0.137,0.038,0.666,1.0,0.003,-0.02,-0.007,0.001,-0.008,0.014,-0.031,-0.127,0.002,0.0,0.0,1.0,1.0,0.0,0.0,0.0,0.0,0.0,0.0,0.0,0.0,0.0,0.0,0.0
171,-0.002,-0.054,-0.533,0.001,0.137,0.037,0.666,1.0,0.004,-0.012,-0.006,0.004,-0.011,0.016,0.002,0.402,0.049,0.0,0.0,1.0,1.0,0.0,0.0,0.0,0.0,0.0,0.0,0.0,0.0,0.0,0.0,0.0
172,0.004,-0.03,-0.538,-0.007,0.138,0.037,0.667,1.0,0.004,-0.011,-0.007,0.013,-0.008,0.008,-0.05,0.089,-0.066,0.0,0.0,1.0,1.0,0.0,0.0,0.0,0.0,0.0,0.0,0.0,0.0,0.0,0.0,0.0
173,-0.027,-0.027,-0.543,-0.003,0.138,0.037,0.668,1.0,0.008,-0.009,-0.006,0.01,-0.008,0.027,0.17,0.016,-0.011,0.0,0.0,1.0,1.0,0.0,0.0,0.0,0.0,0.0,0.0,0.0,0.0,0.0,0.0,0.0
174,-0.015,0.025,-0.54,-0.003,0.138,0.036,0.669,1.0,0.008,-0.016,-0.006,0.005,-0.009,0.018,0.033,-0.315,-0.02,0.0,0.0,1.0,1.0,0.0,0.0,0.0,0.0,0.0,0.0,0.0,0.0,0.0,0.0,0.0
175,-0.002,0.022,-0.537,-0.003,0.139,0.036,0.669,1.0,0.007,-0.02,-0.007,0.012,-0.008,0.018,-0.075,-0.197,0.0,0.0,0.0,1.0,1.0,0.0,0.0,0.0,0.0,0.0,0.0,0.0,0.0,0.0,0.0,0.0
176,0.013,-0.021,-0.538,0.0,0.139,0.036,0.67,1.0,0.004,-0.017,-0.006,0.021,-0.005,0.023,-0.137,0.136,0.043,0.0,0.0,1.0,1.0,0.0,0.0,0.0,0.0,0.0,0.0,0.0,0.0,0.0,0.0,0.0
177,0.001,-0.057,-0.536,0.003,0.14,0.036,0.67,1.0,0.004,-0.012,-0.006,0.026,-0.009,0.005,-0.022,0.354,0.091,0.0,0.0,1.0,1.0,0.0,0.0,0.0,0.0,0.0,0.0,0.0,0.0,0.0,0.0,0.0
178,-0.016,-0.02,-0.537,-0.001,0.141,0.036,0.67,1.0,0.006,-0.014,-0.006,0.02,-0.009,0.0,0.099,0.034,0.027,0.0,0.0,1.0,1.0,0.0,0.0,0.0,0.0,0.0,0.0,0.0,0.0,0.0,0.0,0.0
179,-0.009,0.029,-0.53,-0.003,0.141,0.036,0.669,1.0,0.006,-0.02,-0.006,0.013,0.001,-0.009,0.053,-0.283,-0.021,0.0,0.0,1.0,1.0,0.0,0.0,0.0,0.0,0.0,0.0,0.0,0.0,0.0,0.0,0.0
180,0.014,0.041,-0.527,-0.002,0.141,0.036,0.669,1.0,0.004,-0.023,-0.006,0.008,0.001,-0.013,-0.122,-0.303,-0.008,0.0,0.0,1.0,1.0,0.0,0.0,0.0,0.0,0.0,0.0,0.0,0.0,0.0,0.0,0.0
181,0.003,-0.024,-0.524,-0.0,0.142,0.036,0.669,1.0,0.004,-0.017,-0.005,0.014,0.004,-0.016,0.003,0.184,0.028,0.0,0.0,1.0,1.0,0.0,0.0,0.0,0.0,0.0,0.0,0.0,0.0,0.0,0.0,0.0
182,0.009,-0.033,-0.524,0.0,0.142,0.036,0.668,1.0,0.003,-0.013,-0.005,0.018,0.012,-0.027,-0.007,0.149,0.032,0.0,0.0,1.0,1.0,0.0,0.0,0.0,0.0,0.0,0.0,0.0,0.0,0.0,0.0,0.0
183,-0.0,-0.02,-0.529,-0.001,0.143,0.036,0.667,1.0,0.004,-0.013,-0.005,0.014,0.005,-0.015,0.038,0.019,0.007,0.0,0.0,1.0,1.0,0.0,0.0,0.0,0.0,0.0,0.0,0.0,0.0,0.0,0.0,0.0
184,0.009,0.025,-0.529,-0.004,0.143,0.037,0.667,1.0,0.004,-0.018,-0.006,0.012,0.009,-0.01,-0.039,-0.299,-0.024,0.0,0.0,1.0,1.0,0.0,0.0,0.0,0.0,0.0,0.0,0.0,0.0,0.0,0.0,0.0
185,-0.028,0.032,-0.529,-0.011,0.144,0.037,0.667,1.0,0.008,-0.022,-0.008,0.008,0.007,-0.004,0.223,-0.244,-0.126,0.0,0.0,1.0,1.0,0.0,0.0,0.0,0.0,0.0,0.0,0.0,0.0,0.0,0.0,0.0
186,-0.019,0.031,-0.532,-0.002,0.144,0.037,0.667,1.0,0.008,-0.024,-0.007,0.016,0.006,0.009,0.126,-0.207,0.001,0.0,0.0,1.0,1.0,0.0,0.0,0.0,0.0,0.0,0.0,0.0,0.0,0.0,0.0,0.0
187,0.033,-0.014,-0.528,0.0,0.144,0.038,0.667,1.0,0.004,-0.02,-0.006,0.005,0.012,-0.0,-0.276,0.183,0.039,0.0,0.0,1.0,1.0,0.0,0.0,0.0,0.0,0.0,0.0,0.0,0.0,0.0,0.0,0.0
188,0.024,-0.05,-0.535,-0.002,0.144,0.038,0.667,1.0,0.002,-0.015,-0.006,0.005,0.017,0.011,-0.113,0.417,0.003,0.0,0.0,1.0,1.0,0.0,0.0,0.0,0.0,0.0,0.0,0.0,0.0,0.0,0.0,0.0
189,0.051,-0.067,-0.544,0.009,0.144,0.038,0.667,1.0,-0.002,-0.009,-0.004,0.011,0.012,0.024,-0.299,0.407,0.178,0.0,0.0,1.0,1.0,0.0,0.0,0.0,0.0,0.0,0.0,0.0,0.0,0.0,0.0,0.0
190,-0.033,-0.006,-0.543,-0.003,0.144,0.039,0.668,1.0,0.007,-0.013,-0.006,0.002,0.008,0.019,0.32,-0.087,-0.019,0.0,0.0,1.0,1.0,0.0,0.0,0.0,0.0,0.0,0.0,0.0,0.0,0.0,0.0,0.0
191,-0.049,0.052,-0.536,-0.004,0.144,0.039,0.668,1.0,0.012,-0.022,-0.007,-0.004,0.013,0.013,0.359,-0.416,-0.028,0.0,0.0,1.0,1.0,0.0,0.0,0.0,0.0,0.0,0.0,0.0,0.0,0.0,0.0,0.0
192,-0.038,0.097,-0.533,-0.009,0.144,0.04,0.668,0.999,0.015,-0.03,-0.009,-0.01,0.012,0.001,0.158,-0.647,-0.098,0.0,0.0,1.0,1.0,0.0,0.0,0.0,0.0,0.0,0.0,0.0,0.0,0.0,0.0,0.0
193,0.004,0.02,-0.53,-0.001,0.144,0.04,0.668,1.0,0.011,-0.028,-0.008,0.003,0.017,0.008,-0.151,0.061,0.021,0.0,0.0,1.0,1.0,0.0,0.0,0.0,0.0,0.0,0.0,0.0,0.0,0.0,0.0,0.0
194,0.043,-0.053,-0.523,-0.003,0.144,0.041,0.668,1.0,0.004,-0.015,-0.007,0.005,0.026,-0.01,-0.324,0.456,-0.005,0.0,0.0,1.0,1.0,0.0,0.0,0.0,0.0,0.0,0.0,0.0,0.0,0.0,0.0,0.0
195,-0.006,-0.037,-0.533,-0.004,0.144,0.041,0.668,1.0,0.006,-0.012,-0.008,-0.004,0.011,-0.008,0.075,0.228,-0.025,0.0,0.0,1.0,1.0,0.0,0.0,0.0,0.0,0.0,0.0,0.0,0.0,0.0,0.0,0.0
196,-0.021,-0.011,-0.533,0.003,0.143,0.041,0.668,1.0,0.009,-0.009,-0.006,-0.01,-0.003,-0.004,0.108,-0.103,0.092,0.0,0.0,1.0,1.0,0.0,0.0,0.0,0.0,0.0,0.0,0.0,0.0,0.0,0.0,0.0
197,-0.027,0.088,-0.525,0.002,0.143,0.041,0.667,1.0,0.012,-0.021,-0.007,-0.023,0.006,-0.021,0.114,-0.754,0.064,0.0,0.0,1.0,1.0,0.0,0.0,0.0,0.0,0.0,0.0,0.0,0.0,0.0,0.0,0.0
198,-0.01,0.025,-0.527,-0.012,0.142,0.042,0.667,1.0,0.011,-0.022,-0.008,-0.009,0.01,-0.004,-0.018,-0.107,-0.145,0.0,0.0,1.0,1.0,0.0,0.0,0.0,0.0,0.0,0.0,0.0,0.0,0.0,0.0,0.0
199,0.033,-0.053,-0.519,0.001,0.142,0.042,0.666,1.0,0.006,-0.014,-0.007,-0.014,0.014,-0.026,-0.31,0.508,0.057,0.0,0.0,1.0,1.0,0.0,0.0,0.0,0.0,0.0,0.0,0.0,0.0,0.0,0.0,0.0
200,0.025,-0.063,-0.53,-0.001,0.142,0.043,0.666,1.0,0.004,-0.006,-0.007,-0.003,0.013,-0.018,-0.172,0.339,0.027,0.0,0.0,1.0,1.0,0.0,0.0,0.0,0.0,0.0,0.0,0.0,0.0,0.0,0.0,0.0
201,-0.037,-0.013,-0.536,0.0,0.141,0.043,0.666,1.0,0.008,-0.008,-0.007,-0.014,0.0,-0.001,0.314,-0.093,0.042,0.0,0.0,1.0,1.0,0.0,0.0,0.0,0.0,0.0,0.0,0.0,0.0,0.0,0.0,0.0
202,-0.063,0.054,-0.534,-0.007,0.141,0.042,0.666,1.0,0.014,-0.018,-0.008,-0.013,-0.003,0.004,0.403,-0.511,-0.074,0.0,0.0,1.0,1.0,0.0,0.0,0.0,0.0,0.0,0.0,0.0,0.0,0.0,0.0,0.0
203,-0.044,0.065,-0.532,-0.006,0.14,0.043,0.666,0.999,0.016,-0.026,-0.009,-0.013,0.004,0.0,0.179,-0.398,-0.057,0.0,0.0,1.0,1.0,0.0,0.0,0.0,0.0,0.0,0.0,0.0,0.0,0.0,0.0,0.0
204,0.049,-0.033,-0.525,-0.0,0.14,0.043,0.666,1.0,0.005,-0.018,-0.008,-0.004,0.007,0.005,-0.472,0.379,0.039,0.0,0.0,1.0,1.0,0.0,0.0,0.0,0.0,0.0,0.0,0.0,0.0,0.0,0.0,0.0
205,0.044,-0.062,-0.536,-0.002,0.14,0.043,0.666,1.0,-0.0,-0.01,-0.008,0.002,0.006,0.007,-0.288,0.435,0.011,0.0,0.0,1.0,1.0,0.0,0.0,0.0,0.0,0.0,0.0,0.0,0.0,0.0,0.0,0.0
206,0.028,-0.065,-0.539,-0.0,0.14,0.043,0.666,1.0,-0.001,-0.004,-0.008,-0.005,-0.0,0.001,-0.103,0.317,0.039,0.0,0.0,1.0,1.0,0.0,0.0,0.0,0.0,0.0,0.0,0.0,0.0,0.0,0.0,0.0
207,-0.004,0.051,-0.534,0.002,0.14,0.043,0.666,1.0,0.004,-0.014,-0.007,-0.013,-0.001,-0.0,0.086,-0.592,0.076,0.0,0.0,1.0,1.0,0.0,0.0,0.0,0.0,0.0,0.0,0.0,0.0,0.0,0.0,0.0
208,-0.029,0.035,-0.531,-0.002,0.139,0.043,0.666,1.0,0.008,-0.019,-0.007,-0.01,-0.004,0.005,0.218,-0.289,0.018,0.0,0.0,1.0,1.0,0.0,0.0,0.0,0.0,0.0,0.0,0.0,0.0,0.0,0.0,0.0
209,-0.041,0.033,-0.526,-0.005,0.139,0.043,0.666,1.0,0.012,-0.025,-0.009,-0.009,0.004,-0.015,0.257,-0.099,-0.023,0.0,0.0,1.0,1.0,0.0,0.0,0.0,0.0,0.0,0.0,0.0,0.0,0.0,0.0,0.0
210,-0.008,-0.047,-0.523,-0.006,0.139,0.043,0.666,1.0,0.009,-0.016,-0.009,-0.002,0.006,-0.01,0.01,0.457,-0.035,0.0,0.0,1.0,1.0,0.0,0.0,0.0,0.0,0.0,0.0,0.0,0.0,0.0,0.0,0.0
211,0.031,-0.037,-0.53,0.0,0.139,0.043,0.665,1.0,0.004,-0.013,-0.009,-0.001,0.002,-0.006,-0.271,0.268,0.058,0.0,0.0,1.0,1.0,0.0,0.0,0.0,0.0,0.0,0.0,0.0,0.0,0.0,0.0,0.0
212,0.006,-0.009,-0.533,-0.004,0.139,0.044,0.665,1.0,0.002,-0.011,-0.008,-0.004,0.007,0.001,0.068,-0.068,-0.01,0.0,0.0,1.0,1.0,0.0,0.0,0.0,0.0,0.0,0.0,0.0,0.0,0.0,0.0,0.0
213,0.014,0.027,-0.528,-0.001,0.138,0.044,0.665,1.0,0.0,-0.015,-0.007,-0.016,0.004,-0.012,0.029,-0.292,0.024,0.0,0.0,1.0,1.0,0.0,0.0,0.0,0.0,0.0,0.0,0.0,0.0,0.0,0.0,0.0
214,-0.01,0.03,-0.53,-0.006,0.138,0.044,0.665,1.0,0.004,-0.02,-0.007,-0.008,0.006,0.0,0.167,-0.202,-0.052,0.0,0.0,1.0,1.0,0.0,0.0,0.0,0.0,0.0,0.0,0.0,0.0,0.0,0.0,0.0
215,-0.014,0.01,-0.529,-0.007,0.138,0.044,0.665,1.0,0.007,-0.02,-0.009,-0.004,0.009,0.001,0.136,-0.012,-0.061,0.0,0.0,1.0,1.0,0.0,0.0,0.0,0.0,0.0,0.0,0.0,0.0,0.0,0.0,0.0
216,0.019,-0.027,-0.526,0.003,0.138,0.045,0.665,1.0,0.005,-0.015,-0.007,-0.007,0.017,-0.007,-0.123,0.244,0.084,0.0,0.0,1.0,1.0,0.0,0.0,0.0,0.0,0.0,0.0,0.0,0.0,0.0,0.0,0.0
217,0.006,-0.006,-0.533,-0.007,0.138,0.045,0.665,1.0,0.006,-0.014,-0.009,0.001,0.013,0.006,-0.021,-0.035,-0.068,0.0,0.0,1.0,1.0,0.0,0.0,0.0,0.0,0.0,0.0,0.0,0.0,0.0,0.0,0.0
218,0.008,-0.016,-0.531,-0.001,0.138,0.045,0.665,1.0,0.003,-0.013,-0.007,-0.007,0.015,0.001,0.05,0.071,0.03,0.0,0.0,1.0,1.0,0.0,0.0,0.0,0.0,0.0,0.0,0.0,0.0,0.0,0.0,0.0
219,-0.012,0.009,-0.535,-0.003,0.138,0.046,0.665,1.0,0.006,-0.015,-0.007,-0.007,0.01,0.013,0.161,-0.132,-0.011,0.0,0.0,1.0,1.0,0.0,0.0,0.0,0.0,0.0,0.0,0.0,0.0,0.0,0.0,0.0
220,-0.006,-0.015,-0.537,-0.001,0.137,0.046,0.666,1.0,0.007,-0.015,-0.007,-0.004,0.009,0.022,0.061,0.114,0.033,0.0,0.0,1.0,1.0,0.0,0.0,0.0,0.0,0.0,0.0,0.0,0.0,0.0,0.0,0.0
221,0.006,-0.007,-0.537,-0.003,0.137,0.047,0.667,1.0,0.007,-0.015,-0.007,-0.005,0.013,0.018,-0.05,0.026,-0.002,0.0,0.0,1.0,1.0,0.0,0.0,0.0,0.0,0.0,0.0,0.0,0.0,0.0,0.0,0.0
222,0.027,0.002,-0.534,-0.003,0.137,0.047,0.667,1.0,0.005,-0.016,-0.007,-0.008,0.012,0.009,-0.217,-0.029,-0.004,0.0,0.0,1.0,1.0,0.0,0.0,0.0,0.0,0.0,0.0,0.0,0.0,0.0,0.0,0.0
223,0.002,0.018,-0.537,-0.001,0.137,0.048,0.668,1.0,0.007,-0.018,-0.007,-0.008,0.018,0.015,0.018,-0.139,0.034,0.0,0.0,1.0,1.0,0.0,0.0,0.0,0.0,0.0,0.0,0.0,0.0,0.0,0.0,0.0
224,-0.038,-0.023,-0.534,-0.006,0.137,0.048,0.668,1.0,0.011,-0.014,-0.007,-0.005,0.017,0.011,0.323,0.173,-0.055,0.0,0.0,1.0,1.0,0.0,0.0,0.0,0.0,0.0,0.0,0.0,0.0,0.0,0.0,0.0
225,-0.022,-0.014,-0.534,-0.004,0.136,0.049,0.668,1.0,0.012,-0.015,-0.007,-0.004,0.012,0.003,0.112,0.099,-0.016,0.0,0.0,1.0,1.0,0.0,0.0,0.0,0.0,0.0,0.0,0.0,0.0,0.0,0.0,0.0
226,0.022,-0.003,-0.526,0.002,0.136,0.049,0.668,1.0,0.008,-0.014,-0.006,-0.005,0.024,-0.015,-0.197,-0.032,0.069,0.0,0.0,1.0,1.0,0.0,0.0,0.0,0.0,0.0,0.0,0.0,0.0,0.0,0.0,0.0
227,0.044,0.038,-0.532,0.001,0.136,0.05,0.668,1.0,0.002,-0.02,-0.006,-0.009,0.013,-0.003,-0.292,-0.275,0.049,0.0,0.0,1.0,1.0,0.0,0.0,0.0,0.0,0.0,0.0,0.0,0.0,0.0,0.0,0.0
228,-0.003,0.013,-0.529,-0.005,0.136,0.05,0.667,1.0,0.005,-0.02,-0.006,-0.01,0.006,-0.006,0.086,-0.014,-0.034,0.0,0.0,1.0,1.0,0.0,0.0,0.0,0.0,0.0,0.0,0.0,0.0,0.0,0.0,0.0
229,-0.05,-0.002,-0.53,-0.008,0.135,0.05,0.668,1.0,0.012,-0.019,-0.008,-0.007,0.006,-0.002,0.38,0.108,-0.082,0.0,0.0,1.0,1.0,0.0,0.0,0.0,0.0,0.0,0.0,0.0,0.0,0.0,0.0,0.0
230,-0.04,-0.036,-0.531,-0.002,0.135,0.05,0.668,1.0,0.015,-0.013,-0.007,-0.008,0.005,-0.0,0.196,0.295,0.017,0.0,0.0,1.0,1.0,0.0,0.0,0.0,0.0,0.0,0.0,0.0,0.0,0.0,0.0,0.0
231,0.003,-0.063,-0.537,-0.004,0.135,0.051,0.668,1.0,0.011,-0.009,-0.008,-0.01,0.014,0.011,-0.112,0.466,-0.01,0.0,0.0,1.0,1.0,0.0,0.0,0.0,0.0,0.0,0.0,0.0,0.0,0.0,0.0,0.0
232,0.065,0.025,-0.529,0.002,0.134,0.051,0.667,1.0,0.002,-0.014,-0.006,-0.016,0.021,-0.013,-0.478,-0.279,0.074,0.0,0.0,1.0,1.0,0.0,0.0,0.0,0.0,0.0,0.0,0.0,0.0,0.0,0.0,0.0
233,0.053,0.04,-0.533,0.001,0.134,0.052,0.667,1.0,-0.002,-0.02,-0.006,-0.02,0.011,-0.007,-0.275,-0.257,0.064,0.0,0.0,1.0,1.0,0.0,0.0,0.0,0.0,0.0,0.0,0.0,0.0,0.0,0.0,0.0
234,-0.036,0.007,-0.525,-0.002,0.134,0.052,0.667,1.0,0.007,-0.02,-0.006,-0.01,0.002,-0.015,0.369,0.061,0.022,0.0,0.0,1.0,1.0,0.0,0.0,0.0,0.0,0.0,0.0,0.0,0.0,0.0,0.0,0.0
235,-0.063,-0.012,-0.527,-0.009,0.134,0.052,0.667,1.0,0.015,-0.018,-0.008,-0.002,-0.004,-0.01,0.409,0.164,-0.089,0.0,0.0,1.0,1.0,0.0,0.0,0.0,0.0,0.0,0.0,0.0,0.0,0.0,0.0,0.0
236,-0.074,0.003,-0.533,-0.011,0.134,0.052,0.666,1.0,0.021,-0.017,-0.009,0.002,-0.002,-0.002,0.364,-0.031,-0.127,0.0,0.0,1.0,1.0,0.0,0.0,0.0,0.0,0.0,0.0,0.0,0.0,0.0,0.0,0.0
237,0.033,-0.043,-0.522,0.006,0.133,0.052,0.666,1.0,0.011,-0.011,-0.006,-0.008,0.009,-0.018,-0.446,0.32,0.14,0.0,0.0,1.0,1.0,0.0,0.0,0.0,0.0,0.0,0.0,0.0,0.0,0.0,0.0,0.0
238,0.059,-0.031,-0.53,0.003,0.133,0.052,0.665,1.0,0.002,-0.01,-0.005,-0.001,0.007,-0.013,-0.457,0.141,0.076,0.0,0.0,1.0,1.0,0.0,0.0,0.0,0.0,0.0,0.0,0.0,0.0,0.0,0.0,0.0
239,0.057,-0.006,-0.531,0.0,0.133,0.052,0.665,1.0,-0.004,-0.01,-0.004,-0.006,0.003,-0.017,-0.29,-0.098,0.03,0.0,0.0,1.0,1.0,0.0,0.0,0.0,0.0,0.0,0.0,0.0,0.0,0.0,0.0,0.0
240,-0.041,0.099,-0.524,-0.011,0.133,0.052,0.664,1.0,0.006,-0.023,-0.006,-0.009,-0.004,-0.019,0.434,-0.851,-0.118,0.0,0.0,1.0,1.0,0.0,0.0,0.0,0.0,0.0,0.0,0.0,0.0,0.0,0.0,0.0
241,-0.074,0.029,-0.525,-0.004,0.133,0.052,0.664,1.0,0.015,-0.022,-0.006,-0.004,-0.004,-0.011,0.519,-0.134,-0.012,0.0,0.0,1.0,1.0,0.0,0.0,0.0,0.0,0.0,0.0,0.0,0.0,0.0,0.0,0.0
242,-0.044,-0.032,-0.528,-0.001,0.133,0.052,0.664,1.0,0.018,-0.017,-0.006,0.002,-0.008,-0.003,0.111,0.338,0.033,0.0,0.0,1.0,1.0,0.0,0.0,0.0,0.0,0.0,0.0,0.0,0.0,0.0,0.0,0.0
243,0.081,-0.08,-0.529,0.004,0.133,0.052,0.664,1.0,0.004,-0.006,-0.004,0.009,0.006,0.006,-0.756,0.506,0.104,0.0,0.0,1.0,1.0,0.0,0.0,0.0,0.0,0.0,0.0,0.0,0.0,0.0,0.0,0.0
244,0.067,-0.034,-0.544,-0.001,0.133,0.052,0.664,1.0,-0.001,-0.005,-0.004,0.0,0.007,0.01,-0.461,0.027,0.014,0.0,0.0,1.0,1.0,0.0,0.0,0.0,0.0,0.0,0.0,0.0,0.0,0.0,0.0,0.0
245,0.017,0.028,-0.538,-0.001,0.133,0.052,0.665,1.0,-0.001,-0.012,-0.004,-0.008,-0.002,0.008,0.036,-0.403,0.01,0.0,0.0,1.0,1.0,0.0,0.0,0.0,0.0,0.0,0.0,0.0,0.0,0.0,0.0,0.0
246,-0.064,0.067,-0.532,-0.004,0.133,0.052,0.665,1.0,0.011,-0.023,-0.005,-0.004,-0.018,0.008,0.488,-0.511,-0.025,0.0,0.0,1.0,1.0,0.0,0.0,0.0,0.0,0.0,0.0,0.0,0.0,0.0,0.0,0.0
247,-0.033,-0.01,-0.527,-0.002,0.133,0.052,0.665,1.0,0.015,-0.02,-0.005,0.0,-0.008,-0.002,0.077,0.201,0.001,0.0,0.0,1.0,1.0,0.0,0.0,0.0,0.0,0.0,0.0,0.0,0.0,0.0,0.0,0.0
248,-0.005,-0.037,-0.523,-0.004,0.133,0.052,0.664,1.0,0.014,-0.016,-0.006,0.005,0.001,-0.017,-0.151,0.353,-0.02,0.0,0.0,1.0,1.0,0.0,0.0,0.0,0.0,0.0,0.0,0.0,0.0,0.0,0.0,0.0
249,0.058,-0.018,-0.524,0.001,0.133,0.052,0.664,1.0,0.005,-0.013,-0.005,0.002,0.0,-0.017,-0.565,0.078,0.05,0.0,0.0,1.0,1.0,0.0,0.0,0.0,0.0,0.0,0.0,0.0,0.0,0.0,0.0,0.0
250,0.021,0.028,-0.525,-0.007,0.133,0.052,0.663,1.0,0.004,-0.017,-0.006,-0.007,0.001,-0.019,-0.146,-0.259,-0.073,0.0,0.0,1.0,1.0,0.0,0.0,0.0,0.0,0.0,0.0,0.0,0.0,0.0,0.0,0.0
251,-0.02,0.01,-0.523,-0.002,0.133,0.052,0.662,1.0,0.007,-0.017,-0.005,-0.006,-0.006,-0.016,0.172,-0.07,0.001,0.0,0.0,1.0,1.0,0.0,0.0,0.0,0.0,0.0,0.0,0.0,0.0,0.0,0.0,0.0
252,-0.08,-0.015,-0.526,-0.004,0.133,0.051,0.662,1.0,0.017,-0.015,-0.006,-0.003,-0.018,-0.007,0.478,0.121,-0.023,0.0,0.0,1.0,1.0,0.0,0.0,0.0,0.0,0.0,0.0,0.0,0.0,0.0,0.0,0.0
253,-0.022,-0.004,-0.525,-0.007,0.133,0.051,0.662,1.0,0.015,-0.015,-0.007,-0.0,-0.005,-0.017,-0.035,-0.003,-0.073,0.0,0.0,1.0,1.0,0.0,0.0,0.0,0.0,0.0,0.0,0.0,0.0,0.0,0.0,0.0
254,0.026,0.004,-0.527,-0.002,0.132,0.05,0.662,1.0,0.009,-0.014,-0.006,-0.005,-0.007,-0.001,-0.371,-0.096,0.006,0.0,0.0,1.0,1.0,0.0,0.0,0.0,0.0,0.0,0.0,0.0,0.0,0.0,0.0,0.0
255,0.021,0.003,-0.531,0.001,0.132,0.05,0.662,1.0,0.005,-0.016,-0.005,-0.007,-0.011,0.007,-0.224,-0.025,0.041,0.0,0.0,1.0,1.0,0.0,0.0,0.0,0.0,0.0,0.0,0.0,0.0,0.0,0.0,0.0
256,-0.017,0.029,-0.527,-0.002,0.132,0.049,0.662,1.0,0.006,-0.02,-0.005,-0.009,-0.016,-0.006,0.123,-0.172,0.006,0.0,0.0,1.0,1.0,0.0,0.0,0.0,0.0,0.0,0.0,0.0,0.0,0.0,0.0,0.0
257,-0.024,0.006,-0.525,-0.004,0.132,0.049,0.662,1.0,0.009,-0.02,-0.006,-0.011,-0.02,-0.007,0.1,0.079,-0.023,0.0,0.0,1.0,1.0,0.0,0.0,0.0,0.0,0.0,0.0,0.0,0.0,0.0,0.0,0.0
258,0.009,-0.017,-0.525,0.002,0.131,0.048,0.662,1.0,0.008,-0.016,-0.005,-0.01,-0.013,-0.006,-0.196,0.2,0.069,0.0,0.0,1.0,1.0,0.0,0.0,0.0,0.0,0.0,0.0,0.0,0.0,0.0,0.0,0.0
259,0.002,-0.008,-0.532,-0.004,0.131,0.048,0.662,1.0,0.006,-0.014,-0.005,-0.0,-0.018,0.01,-0.079,0.014,-0.027,0.0,0.0,1.0,1.0,0.0,0.0,0.0,0.0,0.0,0.0,0.0,0.0,0.0,0.0,0.0
260,0.031,0.001,-0.528,0.007,0.131,0.047,0.662,1.0,0.002,-0.014,-0.004,-0.007,-0.019,-0.002,-0.279,-0.049,0.133,0.0,0.0,1.0,1.0,0.0,0.0,0.0,0.0,0.0,0.0,0.0,0.0,0.0,0.0,0.0
261,-0.023,-0.025,-0.531,-0.004,0.131,0.046,0.662,1.0,0.007,-0.012,-0.005,-0.006,-0.02,0.008,0.133,0.159,-0.032,0.0,0.0,1.0,1.0,0.0,0.0,0.0,0.0,0.0,0.0,0.0,0.0,0.0,0.0,0.0
262,-0.046,-0.057,-0.532,-0.006,0.13,0.046,0.662,1.0,0.01,-0.007,-0.005,-0.005,-0.015,0.002,0.317,0.354,-0.07,0.0,0.0,1.0,1.0,0.0,0.0,0.0,0.0,0.0,0.0,0.0,0.0,0.0,0.0,0.0
263,-0.047,-0.027,-0.535,-0.004,0.13,0.045,0.662,1.0,0.013,-0.007,-0.005,-0.003,-0.017,0.002,0.231,0.029,-0.036,0.0,0.0,1.0,1.0,0.0,0.0,0.0,0.0,0.0,0.0,0.0,0.0,0.0,0.0,0.0
264,0.025,0.034,-0.532,-0.0,0.13,0.045,0.663,1.0,0.006,-0.015,-0.005,-0.007,-0.012,0.008,-0.308,-0.37,0.019,0.0,0.0,1.0,1.0,0.0,0.0,0.0,0.0,0.0,0.0,0.0,0.0,0.0,0.0,0.0
265,0.046,0.095,-0.528,-0.005,0.13,0.045,0.662,1.0,-0.001,-0.029,-0.006,-0.011,-0.007,-0.004,-0.314,-0.595,-0.056,0.0,0.0,1.0,1.0,0.0,0.0,0.0,0.0,0.0,0.0,0.0,0.0,0.0,0.0,0.0
266,0.044,0.036,-0.528,-0.001,0.13,0.044,0.662,1.0,-0.005,-0.027,-0.005,-0.011,-0.011,-0.007,-0.205,-0.029,0.011,0.0,0.0,1.0,1.0,0.0,0.0,0.0,0.0,0.0,0.0,0.0,0.0,0.0,0.0,0.0
267,-0.046,-0.089,-0.521,-0.002,0.13,0.044,0.662,1.0,0.003,-0.012,-0.005,0.001,-0.019,-0.004,0.495,0.808,0.005,0.0,0.0,1.0,1.0,0.0,0.0,0.0,0.0,0.0,0.0,0.0,0.0,0.0,0.0,0.0
268,-0.047,-0.059,-0.532,-0.005,0.13,0.043,0.662,1.0,0.009,-0.007,-0.006,0.001,-0.011,-0.011,0.35,0.354,-0.048,0.0,0.0,1.0,1.0,0.0,0.0,0.0,0.0,0.0,0.0,0.0,0.0,0.0,0.0,0.0
269,-0.028,-0.016,-0.529,-0.001,0.129,0.043,0.661,1.0,0.013,-0.008,-0.006,-0.009,-0.005,-0.014,0.064,-0.033,0.011,0.0,0.0,1.0,1.0,0.0,0.0,0.0,0.0,0.0,0.0,0.0,0.0,0.0,0.0,0.0
270,0.041,0.024,-0.526,0.003,0.129,0.043,0.661,1.0,0.004,-0.013,-0.004,-0.012,0.001,-0.005,-0.382,-0.301,0.068,0.0,0.0,1.0,1.0,0.0,0.0,0.0,0.0,0.0,0.0,0.0,0.0,0.0,0.0,0.0
271,0.032,0.053,-0.528,-0.006,0.129,0.043,0.661,1.0,0.001,-0.021,-0.005,-0.003,0.0,-0.005,-0.209,-0.4,-0.059,0.0,0.0,1.0,1.0,0.0,0.0,0.0,0.0,0.0,0.0,0.0,0.0,0.0,0.0,0.0
272,0.013,-0.001,-0.525,-0.003,0.129,0.043,0.661,1.0,0.001,-0.017,-0.005,-0.001,0.0,-0.005,-0.008,0.043,-0.018,0.0,0.0,1.0,1.0,0.0,0.0,0.0,0.0,0.0,0.0,0.0,0.0,0.0,0.0,0.0
273,-0.016,-0.075,-0.525,0.002,0.129,0.043,0.661,1.0,0.006,-0.008,-0.004,0.005,-0.016,-0.008,0.093,0.542,0.059,0.0,0.0,1.0,1.0,0.0,0.0,0.0,0.0,0.0,0.0,0.0,0.0,0.0,0.0,0.0
274,-0.035,-0.037,-0.53,-0.004,0.129,0.043,0.66,1.0,0.01,-0.007,-0.005,0.007,0.001,-0.014,0.244,0.105,-0.037,0.0,0.0,1.0,1.0,0.0,0.0,0.0,0.0,0.0,0.0,0.0,0.0,0.0,0.0,0.0
275,-0.005,-0.025,-0.529,-0.0,0.129,0.043,0.66,1.0,0.009,-0.008,-0.005,-0.0,-0.006,-0.008,-0.064,0.031,0.025,0.0,0.0,1.0,1.0,0.0,0.0,0.0,0.0,0.0,0.0,0.0,0.0,0.0,0.0,0.0
276,0.022,0.021,-0.53,-0.001,0.13,0.043,0.66,1.0,0.006,-0.014,-0.005,0.004,0.005,0.005,-0.227,-0.293,0.01,0.0,0.0,1.0,1.0,0.0,0.0,0.0,0.0,0.0,0.0,0.0,0.0,0.0,0.0,0.0
277,0.016,0.027,-0.527,-0.003,0.13,0.043,0.66,1.0,0.003,-0.02,-0.005,0.008,0.004,-0.002,-0.081,-0.205,-0.019,0.0,0.0,1.0,1.0,0.0,0.0,0.0,0.0,0.0,0.0,0.0,0.0,0.0,0.0,0.0
278,-0.016,-0.017,-0.524,-0.0,0.13,0.043,0.66,1.0,0.006,-0.016,-0.005,0.008,-0.001,-0.006,0.152,0.149,0.027,0.0,0.0,1.0,1.0,0.0,0.0,0.0,0.0,0.0,0.0,0.0,0.0,0.0,0.0,0.0
279,-0.014,-0.03,-0.527,-0.003,0.131,0.043,0.66,1.0,0.007,-0.013,-0.005,0.014,-0.005,-0.003,0.088,0.173,-0.01,0.0,0.0,1.0,1.0,0.0,0.0,0.0,0.0,0.0,0.0,0.0,0.0,0.0,0.0,0.0
280,-0.008,-0.037,-0.53,-0.0,0.131,0.043,0.66,1.0,0.008,-0.01,-0.005,0.01,-0.001,0.002,0.005,0.172,0.032,0.0,0.0,1.0,1.0,0.0,0.0,0.0,0.0,0.0,0.0,0.0,0.0,0.0,0.0,0.0
281,-0.004,-0.005,-0.532,-0.001,0.131,0.043,0.66,1.0,0.007,-0.012,-0.005,0.008,0.005,0.008,0.013,-0.1,0.008,0.0,0.0,1.0,1.0,0.0,0.0,0.0,0.0,0.0,0.0,0.0,0.0,0.0,0.0,0.0
282,0.011,0.03,-0.532,-0.003,0.131,0.043,0.66,1.0,0.005,-0.018,-0.006,0.002,0.002,0.014,-0.09,-0.276,-0.02,0.0,0.0,1.0,1.0,0.0,0.0,0.0,0.0,0.0,0.0,0.0,0.0,0.0,0.0,0.0
283,-0.007,0.026,-0.534,-0.003,0.131,0.043,0.661,1.0,0.006,-0.02,-0.006,0.002,0.006,0.022,0.076,-0.181,-0.004,0.0,0.0,1.0,1.0,0.0,0.0,0.0,0.0,0.0,0.0,0.0,0.0,0.0,0.0,0.0
284,-0.012,0.021,-0.534,-0.009,0.131,0.043,0.662,1.0,0.006,-0.021,-0.007,0.003,0.008,0.022,0.134,-0.103,-0.107,0.0,0.0,1.0,1.0,0.0,0.0,0.0,0.0,0.0,0.0,0.0,0.0,0.0,0.0,0.0
285,-0.017,-0.027,-0.537,0.001,0.131,0.044,0.663,1.0,0.007,-0.017,-0.006,0.007,0.013,0.033,0.187,0.272,0.065,0.0,0.0,1.0,1.0,0.0,0.0,0.0,0.0,0.0,0.0,0.0,0.0,0.0,0.0,0.0
286,0.022,-0.015,-0.535,0.005,0.131,0.044,0.663,1.0,0.003,-0.015,-0.005,-0.002,0.011,0.018,-0.118,0.121,0.119,0.0,0.0,1.0,1.0,0.0,0.0,0.0,0.0,0.0,0.0,0.0,0.0,0.0,0.0,0.0
287,0.015,-0.008,-0.534,0.001,0.131,0.045,0.663,1.0,0.004,-0.015,-0.005,-0.005,0.016,0.01,-0.058,0.058,0.047,0.0,0.0,1.0,1.0,0.0,0.0,0.0,0.0,0.0,0.0,0.0,0.0,0.0,0.0,0.0
288,0.001,0.019,-0.536,-0.001,0.131,0.045,0.664,1.0,0.005,-0.018,-0.005,-0.009,0.015,0.018,0.058,-0.124,0.01,0.0,0.0,1.0,1.0,0.0,0.0,0.0,0.0,0.0,0.0,0.0,0.0,0.0,0.0,0.0
289,-0.019,0.02,-0.534,-0.004,0.131,0.045,0.665,1.0,0.009,-0.02,-0.007,-0.001,0.007,0.015,0.13,-0.107,-0.028,0.0,0.0,1.0,1.0,0.0,0.0,0.0,0.0,0.0,0.0,0.0,0.0,0.0,0.0,0.0
290,-0.006,-0.015,-0.535,-0.006,0.131,0.046,0.665,1.0,0.009,-0.018,-0.007,-0.001,0.015,0.023,0.025,0.209,-0.061,0.0,0.0,1.0,1.0,0.0,0.0,0.0,0.0,0.0,0.0,0.0,0.0,0.0,0.0,0.0
291,0.001,-0.048,-0.536,-0.002,0.131,0.046,0.666,1.0,0.009,-0.012,-0.007,0.003,0.018,0.017,-0.03,0.373,0.015,0.0,0.0,1.0,1.0,0.0,0.0,0.0,0.0,0.0,0.0,0.0,0.0,0.0,0.0,0.0
292,0.021,-0.02,-0.54,0.004,0.131,0.047,0.666,1.0,0.005,-0.012,-0.005,0.004,0.013,0.021,-0.151,0.075,0.102,0.0,0.0,1.0,1.0,0.0,0.0,0.0,0.0,0.0,0.0,0.0,0.0,0.0,0.0,0.0
293,0.019,0.035,-0.534,0.0,0.131,0.048,0.666,1.0,0.005,-0.018,-0.005,-0.008,0.016,0.007,-0.11,-0.291,0.039,0.0,0.0,1.0,1.0,0.0,0.0,0.0,0.0,0.0,0.0,0.0,0.0,0.0,0.0,0.0
294,0.008,0.015,-0.533,0.002,0.13,0.048,0.667,1.0,0.006,-0.019,-0.005,-0.012,0.008,0.008,-0.05,-0.04,0.058,0.0,0.0,1.0,1.0,0.0,0.0,0.0,0.0,0.0,0.0,0.0,0.0,0.0,0.0,0.0
295,-0.027,-0.013,-0.53,-0.006,0.13,0.048,0.667,1.0,0.011,-0.018,-0.006,-0.001,0.011,0.0,0.184,0.185,-0.052,0.0,0.0,1.0,1.0,0.0,0.0,0.0,0.0,0.0,0.0,0.0,0.0,0.0,0.0,0.0
296,-0.017,-0.027,-0.528,-0.003,0.13,0.049,0.666,1.0,0.013,-0.014,-0.006,0.002,0.012,-0.007,0.025,0.214,-0.01,0.0,0.0,1.0,1.0,0.0,0.0,0.0,0.0,0.0,0.0,0.0,0.0,0.0,0.0,0.0
297,0.009,-0.026,-0.529,0.004,0.13,0.049,0.666,1.0,0.01,-0.013,-0.005,-0.006,0.014,-0.007,-0.158,0.202,0.098,0.0,0.0,1.0,1.0,0.0,0.0,0.0,0.0,0.0,0.0,0.0,0.0,0.0,0.0,0.0
298,0.002,0.018,-0.532,-0.006,0.13,0.05,0.666,1.0,0.008,-0.015,-0.006,-0.003,0.01,0.0,-0.037,-0.208,-0.065,0.0,0.0,1.0,1.0,0.0,0.0,0.0,0.0,0.0,0.0,0.0,0.0,0.0,0.0,0.0
299,0.015,0.058,-0.525,-0.003,0.129,0.05,0.665,1.0,0.006,-0.02,-0.006,-0.013,0.012,-0.015,-0.106,-0.454,-0.018,0.0,0.0,1.0,1.0,0.0,0.0,0.0,0.0,0.0,0.0,0.0,0.0,0.0,0.0,0.0
300,-0.021,0.021,-0.527,-0.007,0.129,0.05,0.665,1.0,0.01,-0.021,-0.007,-0.006,0.006,-0.007,0.137,-0.055,-0.067,0.0,0.0,1.0,1.0,0.0,0.0,0.0,0.0,0.0,0.0,0.0,0.0,0.0,0.0,0.0
301,0.0,-0.057,-0.524,0.001,0.129,0.05,0.665,1.0,0.009,-0.012,-0.006,-0.002,0.001,-0.009,-0.075,0.491,0.055,0.0,0.0,1.0,1.0,0.0,0.0,0.0,0.0,0.0,0.0,0.0,0.0,0.0,0.0,0.0
302,-0.036,-0.059,-0.534,-0.006,0.129,0.05,0.665,1.0,0.013,-0.006,-0.007,0.004,0.005,-0.002,0.202,0.319,-0.06,0.0,0.0,1.0,1.0,0.0,0.0,0.0,0.0,0.0,0.0,0.0,0.0,0.0,0.0,0.0
303,-0.013,0.022,-0.533,-0.003,0.129,0.05,0.665,1.0,0.011,-0.011,-0.006,-0.011,0.005,0.001,0.026,-0.34,-0.017,0.0,0.0,1.0,1.0,0.0,0.0,0.0,0.0,0.0,0.0,0.0,0.0,0.0,0.0,0.0
304,0.005,0.06,-0.53,-0.001,0.129,0.051,0.665,1.0,0.009,-0.02,-0.006,-0.011,0.006,0.001,-0.1,-0.484,0.019,0.0,0.0,1.0,1.0,0.0,0.0,0.0,0.0,0.0,0.0,0.0,0.0,0.0,0.0,0.0
305,0.015,0.046,-0.531,-0.001,0.128,0.051,0.666,1.0,0.005,-0.025,-0.006,-0.006,0.008,0.004,-0.088,-0.211,0.014,0.0,0.0,1.0,1.0,0.0,0.0,0.0,0.0,0.0,0.0,0.0,0.0,0.0,0.0,0.0
306,0.005,-0.045,-0.529,-0.002,0.129,0.051,0.666,1.0,0.005,-0.016,-0.006,0.007,-0.0,0.007,-0.015,0.449,-0.004,0.0,0.0,1.0,1.0,0.0,0.0,0.0,0.0,0.0,0.0,0.0,0.0,0.0,0.0,0.0
307,-0.009,-0.074,-0.532,-0.003,0.129,0.051,0.665,1.0,0.007,-0.008,-0.006,0.01,-0.005,-0.003,0.059,0.508,-0.009,0.0,0.0,1.0,1.0,0.0,0.0,0.0,0.0,0.0,0.0,0.0,0.0,0.0,0.0,0.0
308,-0.02,-0.051,-0.536,-0.005,0.129,0.051,0.665,1.0,0.01,-0.004,-0.007,0.01,-0.002,-0.004,0.106,0.157,-0.033,0.0,0.0,1.0,1.0,0.0,0.0,0.0,0.0,0.0,0.0,0.0,0.0,0.0,0.0,0.0
309,-0.003,0.073,-0.527,-0.004,0.129,0.051,0.665,1.0,0.008,-0.017,-0.006,-0.006,0.006,-0.012,0.012,-0.717,-0.039,0.0,0.0,1.0,1.0,0.0,0.0,0.0,0.0,0.0,0.0,0.0,0.0,0.0,0.0,0.0
310,0.01,0.073,-0.524,-0.0,0.129,0.051,0.664,1.0,0.006,-0.026,-0.006,-0.002,0.003,-0.018,-0.079,-0.477,0.024,0.0,0.0,1.0,1.0,0.0,0.0,0.0,0.0,0.0,0.0,0.0,0.0,0.0,0.0,0.0
311,0.008,0.002,-0.522,-0.0,0.129,0.051,0.664,1.0,0.006,-0.023,-0.005,0.006,0.005,-0.014,-0.049,0.159,0.023,0.0,0.0,1.0,1.0,0.0,0.0,0.0,0.0,0.0,0.0,0.0,0.0,0.0,0.0,0.0
312,0.001,-0.038,-0.522,-0.007,0.13,0.051,0.664,1.0,0.006,-0.016,-0.007,0.025,0.004,-0.018,0.013,0.302,-0.074,0.0,0.0,1.0,1.0,0.0,0.0,0.0,0.0,0.0,0.0,0.0,0.0,0.0,0.0,0.0
313,-0.03,-0.066,-0.529,-0.004,0.131,0.051,0.663,1.0,0.009,-0.005,-0.006,0.017,0.002,-0.009,0.256,0.308,-0.021,0.0,0.0,1.0,1.0,0.0,0.0,0.0,0.0,0.0,0.0,0.0,0.0,0.0,0.0,0.0
314,-0.003,-0.015,-0.533,0.005,0.131,0.051,0.663,1.0,0.009,-0.008,-0.005,0.013,0.004,-0.007,-0.027,-0.119,0.109,0.0,0.0,1.0,1.0,0.0,0.0,0.0,0.0,0.0,0.0,0.0,0.0,0.0,0.0,0.0
315,0.003,0.007,-0.529,0.002,0.131,0.051,0.663,1.0,0.008,-0.012,-0.005,0.01,0.004,-0.005,-0.061,-0.234,0.058,0.0,0.0,1.0,1.0,0.0,0.0,0.0,0.0,0.0,0.0,0.0,0.0,0.0,0.0,0.0
316,0.024,0.054,-0.529,0.0,0.131,0.052,0.662,1.0,0.005,-0.021,-0.005,0.015,0.008,0.002,-0.179,-0.482,0.03,0.0,0.0,1.0,1.0,0.0,0.0,0.0,0.0,0.0,0.0,0.0,0.0,0.0,0.0,0.0
317,-0.011,0.003,-0.527,-0.01,0.132,0.052,0.662,1.0,0.007,-0.017,-0.007,0.013,0.004,0.003,0.12,-0.061,-0.114,0.0,0.0,1.0,1.0,0.0,0.0,0.0,0.0,0.0,0.0,0.0,0.0,0.0,0.0,0.0
318,-0.02,0.003,-0.523,-0.008,0.132,0.052,0.662,1.0,0.009,-0.015,-0.007,0.011,0.012,-0.014,0.179,-0.106,-0.081,0.0,0.0,1.0,1.0,0.0,0.0,0.0,0.0,0.0,0.0,0.0,0.0,0.0,0.0,0.0
319,-0.001,-0.048,-0.527,-0.0,0.133,0.052,0.662,1.0,0.009,-0.01,-0.006,0.019,0.004,-0.002,-0.045,0.247,0.041,0.0,0.0,1.0,1.0,0.0,0.0,0.0,0.0,0.0,0.0,0.0,0.0,0.0,0.0,0.0
320,0.028,0.014,-0.53,0.007,0.133,0.052,0.662,1.0,0.005,-0.015,-0.004,0.02,0.006,-0.003,-0.224,-0.259,0.142,0.0,0.0,1.0,1.0,0.0,0.0,0.0,0.0,0.0,0.0,0.0,0.0,0.0,0.0,0.0
321,0.008,0.028,-0.529,-0.005,0.134,0.052,0.662,1.0,0.005,-0.018,-0.005,0.014,0.007,-0.0,-0.01,-0.309,-0.049,0.0,0.0,1.0,1.0,0.0,0.0,0.0,0.0,0.0,0.0,0.0,0.0,0.0,0.0,0.0
322,-0.027,0.02,-0.528,-0.004,0.134,0.052,0.662,1.0,0.008,-0.021,-0.005,0.018,-0.0,0.002,0.238,-0.151,-0.023,0.0,0.0,1.0,1.0,0.0,0.0,0.0,0.0,0.0,0.0,0.0,0.0,0.0,0.0,0.0
323,-0.033,-0.055,-0.528,-0.009,0.135,0.052,0.662,1.0,0.012,-0.013,-0.007,0.028,-0.006,0.009,0.176,0.37,-0.101,0.0,0.0,1.0,1.0,0.0,0.0,0.0,0.0,0.0,0.0,0.0,0.0,0.0,0.0,0.0
324,-0.023,-0.053,-0.534,-0.0,0.136,0.052,0.662,1.0,0.013,-0.009,-0.007,0.021,0.004,0.004,0.08,0.258,0.04,0.0,0.0,1.0,1.0,0.0,0.0,0.0,0.0,0.0,0.0,0.0,0.0,0.0,0.0,0.0
325,0.016,-0.015,-0.532,0.004,0.137,0.053,0.662,1.0,0.007,-0.011,-0.006,0.018,0.005,0.001,-0.152,-0.082,0.105,0.0,0.0,1.0,1.0,0.0,0.0,0.0,0.0,0.0,0.0,0.0,0.0,0.0,0.0,0.0
326,0.048,0.046,-0.532,0.012,0.137,0.053,0.662,1.0,0.002,-0.021,-0.003,0.018,-0.003,0.009,-0.382,-0.432,0.22,0.0,0.0,1.0,1.0,0.0,0.0,0.0,0.0,0.0,0.0,0.0,0.0,0.0,0.0,0.0
327,0.011,0.017,-0.525,0.002,0.138,0.053,0.662,1.0,0.003,-0.024,-0.004,0.023,-0.004,-0.009,-0.019,-0.06,0.062,0.0,0.0,1.0,1.0,0.0,0.0,0.0,0.0,0.0,0.0,0.0,0.0,0.0,0.0,0.0
328,-0.047,-0.041,-0.528,-0.014,0.139,0.052,0.662,1.0,0.009,-0.018,-0.007,0.039,-0.021,0.011,0.355,0.316,-0.178,0.0,0.0,1.0,1.0,0.0,0.0,0.0,0.0,0.0,0.0,0.0,0.0,0.0,0.0,0.0
329,-0.058,-0.044,-0.524,-0.013,0.14,0.052,0.66,1.0,0.016,-0.013,-0.009,0.025,-0.004,-0.022,0.325,0.254,-0.16,0.0,0.0,1.0,1.0,0.0,0.0,0.0,0.0,0.0,0.0,0.0,0.0,0.0,0.0,0.0
330,0.065,0.013,-0.521,0.006,0.14,0.052,0.66,1.0,0.006,-0.016,-0.007,0.019,0.001,-0.015,-0.652,-0.234,0.134,0.0,0.0,1.0,1.0,0.0,0.0,0.0,0.0,0.0,0.0,0.0,0.0,0.0,0.0,0.0
331,0.044,0.024,-0.523,0.006,0.141,0.052,0.659,1.0,0.003,-0.019,-0.005,0.014,0.002,-0.016,-0.349,-0.252,0.127,0.0,0.0,1.0,1.0,0.0,0.0,0.0,0.0,0.0,0.0,0.0,0.0,0.0,0.0,0.0
332,0.021,0.041,-0.522,-0.001,0.141,0.053,0.658,1.0,0.001,-0.027,-0.005,0.012,0.004,-0.015,-0.048,-0.204,0.016,0.0,0.0,1.0,1.0,0.0,0.0,0.0,0.0,0.0,0.0,0.0,0.0,0.0,0.0,0.0
333,-0.041,-0.004,-0.52,-0.006,0.141,0.052,0.658,1.0,0.007,-0.023,-0.005,0.015,-0.006,-0.007,0.396,0.145,-0.061,0.0,0.0,1.0,1.0,0.0,0.0,0.0,0.0,0.0,0.0,0.0,0.0,0.0,0.0,0.0
334,-0.029,-0.025,-0.524,-0.004,0.142,0.052,0.658,1.0,0.011,-0.019,-0.007,0.018,-0.01,-0.002,0.143,0.24,-0.025,0.0,0.0,1.0,1.0,0.0,0.0,0.0,0.0,0.0,0.0,0.0,0.0,0.0,0.0,0.0
335,-0.001,-0.034,-0.529,0.001,0.143,0.052,0.658,1.0,0.01,-0.013,-0.006,0.017,-0.004,0.01,-0.101,0.157,0.055,0.0,0.0,1.0,1.0,0.0,0.0,0.0,0.0,0.0,0.0,0.0,0.0,0.0,0.0,0.0
336,0.019,-0.003,-0.533,-0.002,0.143,0.052,0.659,1.0,0.007,-0.014,-0.006,0.004,0.003,0.014,-0.196,-0.087,0.011,0.0,0.0,1.0,1.0,0.0,0.0,0.0,0.0,0.0,0.0,0.0,0.0,0.0,0.0,0.0
337,-0.018,0.019,-0.533,-0.008,0.143,0.052,0.659,1.0,0.008,-0.018,-0.007,0.007,-0.001,0.019,0.146,-0.22,-0.095,0.0,0.0,1.0,1.0,0.0,0.0,0.0,0.0,0.0,0.0,0.0,0.0,0.0,0.0,0.0
338,-0.026,0.04,-0.533,-0.005,0.143,0.051,0.66,1.0,0.009,-0.022,-0.007,0.007,-0.005,0.023,0.188,-0.327,-0.034,0.0,0.0,1.0,1.0,0.0,0.0,0.0,0.0,0.0,0.0,0.0,0.0,0.0,0.0,0.0
339,0.039,-0.05,-0.529,0.003,0.143,0.051,0.661,1.0,0.004,-0.014,-0.006,0.004,0.001,0.019,-0.331,0.404,0.077,0.0,0.0,1.0,1.0,0.0,0.0,0.0,0.0,0.0,0.0,0.0,0.0,0.0,0.0,0.0
340,0.016,-0.041,-0.539,-0.005,0.143,0.052,0.662,1.0,0.002,-0.012,-0.007,0.009,0.004,0.021,-0.027,0.23,-0.04,0.0,0.0,1.0,1.0,0.0,0.0,0.0,0.0,0.0,0.0,0.0,0.0,0.0,0.0,0.0
341,0.024,-0.021,-0.538,-0.001,0.144,0.052,0.662,1.0,0.001,-0.011,-0.006,0.004,0.002,0.019,-0.087,0.009,0.017,0.0,0.0,1.0,1.0,0.0,0.0,0.0,0.0,0.0,0.0,0.0,0.0,0.0,0.0,0.0
342,-0.024,0.065,-0.534,-0.004,0.143,0.052,0.663,1.0,0.007,-0.021,-0.007,-0.005,0.003,0.014,0.252,-0.575,-0.026,0.0,0.0,1.0,1.0,0.0,0.0,0.0,0.0,0.0,0.0,0.0,0.0,0.0,0.0,0.0
343,-0.03,0.039,-0.528,-0.005,0.143,0.052,0.663,1.0,0.01,-0.024,-0.007,-0.007,0.006,0.003,0.233,-0.212,-0.031,0.0,0.0,1.0,1.0,0.0,0.0,0.0,0.0,0.0,0.0,0.0,0.0,0.0,0.0,0.0
344,0.001,0.0,-0.523,0.0,0.143,0.052,0.663,1.0,0.011,-0.023,-0.006,-0.003,0.001,-0.008,-0.132,0.157,0.044,0.0,0.0,1.0,1.0,0.0,0.0,0.0,0.0,0.0,0.0,0.0,0.0,0.0,0.0,0.0
345,0.016,-0.053,-0.521,0.002,0.143,0.053,0.662,1.0,0.008,-0.014,-0.005,0.005,0.015,-0.015,-0.151,0.429,0.067,0.0,0.0,1.0,1.0,0.0,0.0,0.0,0.0,0.0,0.0,0.0,0.0,0.0,0.0,0.0
346,0.014,-0.027,-0.527,0.001,0.143,0.053,0.662,1.0,0.006,-0.012,-0.005,-0.001,0.011,-0.016,-0.086,0.123,0.056,0.0,0.0,1.0,1.0,0.0,0.0,0.0,0.0,0.0,0.0,0.0,0.0,0.0,0.0,0.0
347,0.042,0.029,-0.524,-0.002,0.143,0.053,0.661,1.0,0.003,-0.016,-0.006,-0.009,0.015,-0.017,-0.282,-0.318,0.002,0.0,0.0,1.0,1.0,0.0,0.0,0.0,0.0,0.0,0.0,0.0,0.0,0.0,0.0,0.0
348,-0.014,0.018,-0.527,-0.001,0.143,0.054,0.661,1.0,0.008,-0.019,-0.006,-0.008,0.006,0.0,0.138,-0.123,0.03,0.0,0.0,1.0,1.0,0.0,0.0,0.0,0.0,0.0,0.0,0.0,0.0,0.0,0.0,0.0
349,-0.048,-0.012,-0.525,-0.004,0.142,0.054,0.661,1.0,0.012,-0.018,-0.006,-0.005,0.005,-0.005,0.374,0.152,-0.016,0.0,0.0,1.0,1.0,0.0,0.0,0.0,0.0,0.0,0.0,0.0,0.0,0.0,0.0,0.0
350,-0.027,-0.014,-0.525,-0.001,0.142,0.054,0.661,1.0,0.014,-0.016,-0.005,-0.005,0.001,-0.008,0.084,0.116,0.022,0.0,0.0,1.0,1.0,0.0,0.0,0.0,0.0,0.0,0.0,0.0,0.0,0.0,0.0,0.0
351,0.034,-0.024,-0.529,0.007,0.143,0.054,0.661,1.0,0.008,-0.014,-0.004,0.005,0.006,0.009,-0.37,0.127,0.142,0.0,0.0,1.0,1.0,0.0,0.0,0.0,0.0,0.0,0.0,0.0,0.0,0.0,0.0,0.0
352,0.033,-0.005,-0.531,0.001,0.142,0.055,0.661,1.0,0.004,-0.015,-0.004,-0.002,0.008,0.005,-0.23,-0.023,0.038,0.0,0.0,1.0,1.0,0.0,0.0,0.0,0.0,0.0,0.0,0.0,0.0,0.0,0.0,0.0
353,0.012,0.021,-0.531,-0.001,0.142,0.055,0.661,1.0,0.004,-0.018,-0.004,-0.005,0.002,0.007,-0.036,-0.194,0.006,0.0,0.0,1.0,1.0,0.0,0.0,0.0,0.0,0.0,0.0,0.0,0.0,0.0,0.0,0.0
354,-0.026,0.016,-0.527,-0.006,0.142,0.054,0.661,1.0,0.009,-0.019,-0.006,-0.013,-0.006,0.002,0.193,-0.085,-0.059,0.0,0.0,1.0,1.0,0.0,0.0,0.0,0.0,0.0,0.0,0.0,0.0,0.0,0.0,0.0
355,-0.044,-0.0,-0.529,-0.006,0.142,0.054,0.662,1.0,0.013,-0.018,-0.007,-0.001,-0.005,0.007,0.266,0.012,-0.057,0.0,0.0,1.0,1.0,0.0,0.0,0.0,0.0,0.0,0.0,0.0,0.0,0.0,0.0,0.0
356,-0.014,-0.062,-0.533,0.003,0.142,0.054,0.662,1.0,0.013,-0.012,-0.006,-0.002,-0.006,0.017,-0.05,0.495,0.088,0.0,0.0,1.0,1.0,0.0,0.0,0.0,0.0,0.0,0.0,0.0,0.0,0.0,0.0,0.0
357,0.034,-0.02,-0.538,0.009,0.142,0.054,0.663,1.0,0.008,-0.012,-0.004,-0.001,0.002,0.022,-0.385,0.054,0.184,0.0,0.0,1.0,1.0,0.0,0.0,0.0,0.0,0.0,0.0,0.0,0.0,0.0,0.0,0.0
358,0.004,0.024,-0.535,-0.003,0.141,0.054,0.663,1.0,0.007,-0.015,-0.006,-0.012,0.002,0.015,-0.041,-0.29,-0.019,0.0,0.0,1.0,1.0,0.0,0.0,0.0,0.0,0.0,0.0,0.0,0.0,0.0,0.0,0.0
359,-0.007,0.072,-0.531,-0.008,0.141,0.054,0.664,1.0,0.007,-0.024,-0.007,-0.017,-0.007,0.004,0.047,-0.518,-0.096,0.0,0.0,1.0,1.0,0.0,0.0,0.0,0.0,0.0,0.0,0.0,0.0,0.0,0.0,0.0
360,-0.034,0.011,-0.521,-0.012,0.14,0.054,0.663,1.0,0.011,-0.021,-0.008,-0.013,-0.002,-0.016,0.227,0.036,-0.146,0.0,0.0,1.0,1.0,0.0,0.0,0.0,0.0,0.0,0.0,0.0,0.0,0.0,0.0,0.0
361,-0.012,-0.05,-0.524,-0.004,0.14,0.054,0.663,1.0,0.01,-0.014,-0.008,-0.0,-0.006,-0.007,0.015,0.423,-0.009,0.0,0.0,1.0,1.0,0.0,0.0,0.0,0.0,0.0,0.0,0.0,0.0,0.0,0.0,0.0
362,0.015,-0.068,-0.527,0.001,0.14,0.053,0.662,1.0,0.007,-0.007,-0.007,-0.004,-0.003,-0.016,-0.169,0.434,0.06,0.0,0.0,1.0,1.0,0.0,0.0,0.0,0.0,0.0,0.0,0.0,0.0,0.0,0.0,0.0
363,0.044,-0.014,-0.526,0.012,0.139,0.053,0.661,1.0,0.004,-0.01,-0.005,-0.023,-0.007,-0.022,-0.407,0.014,0.233,0.0,0.0,1.0,1.0,0.0,0.0,0.0,0.0,0.0,0.0,0.0,0.0,0.0,0.0,0.0
364,0.01,0.075,-0.525,0.0,0.139,0.053,0.661,1.0,0.005,-0.02,-0.005,-0.018,-0.002,-0.015,-0.067,-0.644,0.044,0.0,0.0,1.0,1.0,0.0,0.0,0.0,0.0,0.0,0.0,0.0,0.0,0.0,0.0,0.0
365,-0.022,0.071,-0.521,-0.003,0.138,0.053,0.66,1.0,0.007,-0.027,-0.005,-0.03,-0.012,-0.025,0.178,-0.361,-0.009,0.0,0.0,1.0,1.0,0.0,0.0,0.0,0.0,0.0,0.0,0.0,0.0,0.0,0.0,0.0
366,-0.025,-0.024,-0.516,-0.007,0.138,0.053,0.66,1.0,0.011,-0.019,-0.006,-0.008,-0.006,-0.02,0.115,0.328,-0.066,0.0,0.0,1.0,1.0,0.0,0.0,0.0,0.0,0.0,0.0,0.0,0.0,0.0,0.0,0.0
367,-0.026,-0.09,-0.525,-0.002,0.138,0.053,0.66,1.0,0.013,-0.005,-0.006,0.003,-0.002,-0.008,0.093,0.587,0.009,0.0,0.0,1.0,1.0,0.0,0.0,0.0,0.0,0.0,0.0,0.0,0.0,0.0,0.0,0.0
368,0.024,-0.061,-0.537,-0.002,0.138,0.053,0.66,1.0,0.008,-0.001,-0.006,-0.002,0.001,0.002,-0.283,0.189,0.015,0.0,0.0,1.0,1.0,0.0,0.0,0.0,0.0,0.0,0.0,0.0,0.0,0.0,0.0,0.0
369,0.007,0.051,-0.534,0.002,0.137,0.052,0.66,1.0,0.007,-0.012,-0.005,-0.022,-0.004,0.011,-0.094,-0.605,0.056,0.0,0.0,1.0,1.0,0.0,0.0,0.0,0.0,0.0,0.0,0.0,0.0,0.0,0.0,0.0
370,-0.013,0.08,-0.532,-0.006,0.137,0.052,0.661,1.0,0.006,-0.024,-0.006,-0.014,-0.009,0.013,0.126,-0.594,-0.06,0.0,0.0,1.0,1.0,0.0,0.0,0.0,0.0,0.0,0.0,0.0,0.0,0.0,0.0,0.0
371,-0.017,0.019,-0.526,-0.003,0.136,0.052,0.661,1.0,0.009,-0.024,-0.006,-0.007,-0.01,0.002,0.076,0.025,-0.0,0.0,0.0,1.0,1.0,0.0,0.0,0.0,0.0,0.0,0.0,0.0,0.0,0.0,0.0,0.0
372,0.009,-0.037,-0.522,-0.004,0.137,0.052,0.661,1.0,0.008,-0.016,-0.006,0.006,-0.006,-0.006,-0.15,0.338,-0.024,0.0,0.0,1.0,1.0,0.0,0.0,0.0,0.0,0.0,0.0,0.0,0.0,0.0,0.0,0.0
373,0.009,-0.063,-0.531,-0.004,0.137,0.052,0.661,1.0,0.007,-0.009,-0.007,0.007,-0.004,0.003,-0.116,0.401,-0.022,0.0,0.0,1.0,1.0,0.0,0.0,0.0,0.0,0.0,0.0,0.0,0.0,0.0,0.0,0.0
374,0.008,-0.012,-0.529,-0.003,0.137,0.051,0.66,1.0,0.005,-0.01,-0.006,-0.004,-0.006,-0.008,-0.057,-0.062,-0.014,0.0,0.0,1.0,1.0,0.0,0.0,0.0,0.0,0.0,0.0,0.0,0.0,0.0,0.0,0.0
375,-0.011,0.022,-0.527,0.003,0.137,0.051,0.66,1.0,0.006,-0.016,-0.005,-0.004,-0.007,-0.006,0.103,-0.249,0.086,0.0,0.0,1.0,1.0,0.0,0.0,0.0,0.0,0.0,0.0,0.0,0.0,0.0,0.0,0.0
376,-0.015,0.013,-0.524,0.001,0.136,0.051,0.66,1.0,0.008,-0.018,-0.004,-0.002,-0.012,-0.009,0.07,-0.101,0.043,0.0,0.0,1.0,1.0,0.0,0.0,0.0,0.0,0.0,0.0,0.0,0.0,0.0,0.0,0.0
377,-0.01,-0.019,-0.518,-0.004,0.136,0.05,0.659,1.0,0.009,-0.015,-0.005,-0.003,-0.006,-0.025,0.009,0.156,-0.033,0.0,0.0,1.0,1.0,0.0,0.0,0.0,0.0,0.0,0.0,0.0,0.0,0.0,0.0,0.0
378,-0.016,-0.043,-0.521,-0.008,0.137,0.05,0.658,1.0,0.009,-0.01,-0.006,0.003,-0.003,-0.019,0.078,0.234,-0.092,0.0,0.0,1.0,1.0,0.0,0.0,0.0,0.0,0.0,0.0,0.0,0.0,0.0,0.0,0.0
379,0.005,-0.018,-0.525,-0.004,0.137,0.05,0.658,1.0,0.006,-0.011,-0.006,-0.0,-0.004,-0.013,-0.051,0.019,-0.03,0.0,0.0,1.0,1.0,0.0,0.0,0.0,0.0,0.0,0.0,0.0,0.0,0.0,0.0,0.0
380,0.004,0.026,-0.527,-0.001,0.137,0.05,0.658,1.0,0.006,-0.016,-0.006,-0.004,-0.006,-0.0,-0.05,-0.29,0.016,0.0,0.0,1.0,1.0,0.0,0.0,0.0,0.0,0.0,0.0,0.0,0.0,0.0,0.0,0.0
381,0.005,0.005,-0.528,0.003,0.136,0.05,0.658,1.0,0.005,-0.018,-0.005,-0.004,-0.004,0.009,-0.028,-0.009,0.073,0.0,0.0,1.0,1.0,0.0,0.0,0.0,0.0,0.0,0.0,0.0,0.0,0.0,0.0,0.0
382,0.006,0.008,-0.529,-0.001,0.136,0.05,0.659,1.0,0.005,-0.021,-0.005,-0.005,0.001,0.011,-0.021,0.051,0.01,0.0,0.0,1.0,1.0,0.0,0.0,0.0,0.0,0.0,0.0,0.0,0.0,0.0,0.0,0.0
383,0.007,-0.006,-0.532,-0.004,0.136,0.05,0.659,1.0,0.005,-0.018,-0.006,-0.0,-0.003,0.019,-0.043,0.088,-0.023,0.0,0.0,1.0,1.0,0.0,0.0,0.0,0.0,0.0,0.0,0.0,0.0,0.0,0.0,0.0
384,-0.014,0.025,-0.533,-0.002,0.136,0.05,0.66,1.0,0.007,-0.02,-0.006,-0.008,0.003,0.018,0.136,-0.152,0.011,0.0,0.0,1.0,1.0,0.0,0.0,0.0,0.0,0.0,0.0,0.0,0.0,0.0,0.0,0.0
385,-0.006,0.015,-0.536,-0.0,0.136,0.05,0.661,1.0,0.007,-0.02,-0.005,-0.008,-0.0,0.033,0.044,-0.044,0.024,0.0,0.0,1.0,1.0,0.0,0.0,0.0,0.0,0.0,0.0,0.0,0.0,0.0,0.0,0.0
386,-0.002,0.012,-0.537,-0.003,0.135,0.05,0.662,1.0,0.008,-0.019,-0.005,-0.01,0.006,0.03,-0.002,-0.037,-0.011,0.0,0.0,1.0,1.0,0.0,0.0,0.0,0.0,0.0,0.0,0.0,0.0,0.0,0.0,0.0
387,-0.011,-0.055,-0.539,-0.005,0.135,0.05,0.664,1.0,0.01,-0.011,-0.007,-0.006,-0.003,0.037,0.001,0.424,-0.035,0.0,0.0,1.0,1.0,0.0,0.0,0.0,0.0,0.0,0.0,0.0,0.0,0.0,0.0,0.0
388,0.003,-0.026,-0.545,0.004,0.135,0.05,0.665,1.0,0.008,-0.01,-0.005,-0.001,-0.006,0.039,-0.098,0.086,0.103,0.0,0.0,1.0,1.0,0.0,0.0,0.0,0.0,0.0,0.0,0.0,0.0,0.0,0.0,0.0
389,-0.017,-0.015,-0.543,-0.002,0.135,0.05,0.666,1.0,0.009,-0.011,-0.006,-0.007,-0.0,0.03,0.11,0.018,-0.002,0.0,0.0,1.0,1.0,0.0,0.0,0.0,0.0,0.0,0.0,0.0,0.0,0.0,0.0,0.0
390,-0.027,0.019,-0.536,-0.01,0.135,0.05,0.666,1.0,0.009,-0.016,-0.006,-0.011,-0.001,0.015,0.206,-0.191,-0.125,0.0,0.0,1.0,1.0,0.0,0.0,0.0,0.0,0.0,0.0,0.0,0.0,0.0,0.0,0.0
391,0.034,0.018,-0.531,0.007,0.134,0.049,0.666,1.0,0.005,-0.018,-0.005,-0.006,-0.006,0.006,-0.343,-0.13,0.136,0.0,0.0,1.0,1.0,0.0,0.0,0.0,0.0,0.0,0.0,0.0,0.0,0.0,0.0,0.0
392,0.013,0.012,-0.529,-0.004,0.134,0.05,0.666,1.0,0.006,-0.019,-0.007,-0.006,0.001,-0.006,-0.127,-0.043,-0.013,0.0,0.0,1.0,1.0,0.0,0.0,0.0,0.0,0.0,0.0,0.0,0.0,0.0,0.0,0.0
393,-0.036,-0.025,-0.524,-0.008,0.134,0.049,0.666,1.0,0.009,-0.015,-0.008,-0.004,-0.006,-0.017,0.275,0.232,-0.077,0.0,0.0,1.0,1.0,0.0,0.0,0.0,0.0,0.0,0.0,0.0,0.0,0.0,0.0,0.0
394,-0.031,-0.015,-0.527,-0.007,0.134,0.049,0.665,1.0,0.012,-0.013,-0.009,-0.0,-0.008,-0.013,0.132,0.053,-0.056,0.0,0.0,1.0,1.0,0.0,0.0,0.0,0.0,0.0,0.0,0.0,0.0,0.0,0.0,0.0
395,-0.012,-0.002,-0.528,-0.005,0.134,0.049,0.665,1.0,0.012,-0.014,-0.009,-0.003,-0.008,-0.013,-0.066,-0.045,-0.022,0.0,0.0,1.0,1.0,0.0,0.0,0.0,0.0,0.0,0.0,0.0,0.0,0.0,0.0,0.0
396,0.045,0.021,-0.518,0.003,0.133,0.049,0.664,1.0,0.005,-0.017,-0.007,-0.016,-0.001,-0.032,-0.442,-0.141,0.095,0.0,0.0,1.0,1.0,0.0,0.0,0.0,0.0,0.0,0.0,0.0,0.0,0.0,0.0,0.0
397,0.016,0.027,-0.527,-0.002,0.133,0.049,0.664,1.0,0.004,-0.02,-0.007,-0.004,-0.005,-0.006,-0.128,-0.166,0.01,0.0,0.0,1.0,1.0,0.0,0.0,0.0,0.0,0.0,0.0,0.0,0.0,0.0,0.0,0.0
398,-0.013,-0.009,-0.525,-0.004,0.133,0.049,0.663,1.0,0.006,-0.017,-0.007,-0.004,-0.013,-0.01,0.099,0.127,-0.025,0.0,0.0,1.0,1.0,0.0,0.0,0.0,0.0,0.0,0.0,0.0,0.0,0.0,0.0,0.0
399,-0.039,-0.027,-0.526,-0.007,0.133,0.048,0.663,1.0,0.011,-0.014,-0.008,-0.001,-0.011,-0.009,0.224,0.213,-0.065,0.0,0.0,1.0,1.0,0.0,0.0,0.0,0.0,0.0,0.0,0.0,0.0,0.0,0.0,0.0
400,-0.014,-0.011,-0.527,-0.005,0.133,0.048,0.663,1.0,0.011,-0.012,-0.008,-0.001,-0.004,-0.007,-0.003,-0.014,-0.031,0.0,0.0,1.0,1.0,0.0,0.0,0.0,0.0,0.0,0.0,0.0,0.0,0.0,0.0,0.0
401,0.004,0.004,-0.531,-0.0,0.133,0.048,0.663,1.0,0.009,-0.014,-0.007,-0.003,-0.006,0.002,-0.146,-0.104,0.039,0.0,0.0,1.0,1.0,0.0,0.0,0.0,0.0,0.0,0.0,0.0,0.0,0.0,0.0,0.0
402,0.013,0.02,-0.527,-0.001,0.133,0.048,0.663,1.0,0.006,-0.017,-0.006,-0.002,-0.004,-0.004,-0.145,-0.182,0.022,0.0,0.0,1.0,1.0,0.0,0.0,0.0,0.0,0.0,0.0,0.0,0.0,0.0,0.0,0.0
403,0.001,-0.006,-0.529,-0.001,0.133,0.048,0.663,1.0,0.005,-0.016,-0.006,0.004,-0.003,0.006,0.01,0.038,0.013,0.0,0.0,1.0,1.0,0.0,0.0,0.0,0.0,0.0,0.0,0.0,0.0,0.0,0.0,0.0
404,-0.009,-0.044,-0.537,-0.002,0.133,0.048,0.663,1.0,0.006,-0.012,-0.006,0.012,-0.005,0.021,0.076,0.287,0.013,0.0,0.0,1.0,1.0,0.0,0.0,0.0,0.0,0.0,0.0,0.0,0.0,0.0,0.0,0.0
405,0.014,-0.01,-0.534,0.002,0.134,0.048,0.664,1.0,0.005,-0.012,-0.005,0.006,0.002,0.008,-0.106,-0.052,0.062,0.0,0.0,1.0,1.0,0.0,0.0,0.0,0.0,0.0,0.0,0.0,0.0,0.0,0.0,0.0
406,0.004,-0.048,-0.537,-0.002,0.134,0.048,0.664,1.0,0.005,-0.01,-0.005,0.009,0.003,0.022,-0.002,0.266,-0.004,0.0,0.0,1.0,1.0,0.0,0.0,0.0,0.0,0.0,0.0,0.0,0.0,0.0,0.0,0.0
407,-0.001,0.002,-0.538,-0.002,0.134,0.048,0.665,1.0,0.006,-0.014,-0.005,0.005,0.001,0.012,0.019,-0.12,-0.0,0.0,0.0,1.0,1.0,0.0,0.0,0.0,0.0,0.0,0.0,0.0,0.0,0.0,0.0,0.0
408,-0.016,0.035,-0.533,-0.006,0.134,0.048,0.665,1.0,0.008,-0.019,-0.007,0.008,-0.002,0.01,0.108,-0.337,-0.057,0.0,0.0,1.0,1.0,0.0,0.0,0.0,0.0,0.0,0.0,0.0,0.0,0.0,0.0,0.0
409,-0.009,0.023,-0.524,-0.003,0.134,0.048,0.665,1.0,0.009,-0.02,-0.007,0.0,0.006,-0.01,0.035,-0.152,-0.006,0.0,0.0,1.0,1.0,0.0,0.0,0.0,0.0,0.0,0.0,0.0,0.0,0.0,0.0,0.0
410,-0.011,0.011,-0.526,-0.003,0.135,0.048,0.665,1.0,0.009,-0.021,-0.007,0.007,0.005,-0.013,0.056,-0.036,-0.003,0.0,0.0,1.0,1.0,0.0,0.0,0.0,0.0,0.0,0.0,0.0,0.0,0.0,0.0,0.0
411,-0.002,-0.068,-0.525,-0.003,0.135,0.048,0.664,1.0,0.008,-0.013,-0.007,0.012,0.006,-0.003,-0.001,0.54,0.005,0.0,0.0,1.0,1.0,0.0,0.0,0.0,0.0,0.0,0.0,0.0,0.0,0.0,0.0,0.0
412,0.025,-0.032,-0.529,-0.002,0.135,0.048,0.664,1.0,0.005,-0.012,-0.006,0.004,0.005,-0.008,-0.203,0.17,0.012,0.0,0.0,1.0,1.0,0.0,0.0,0.0,0.0,0.0,0.0,0.0,0.0,0.0,0.0,0.0
413,0.012,-0.001,-0.535,-0.004,0.135,0.049,0.664,1.0,0.005,-0.013,-0.006,0.001,0.006,0.003,-0.066,-0.122,-0.022,0.0,0.0,1.0,1.0,0.0,0.0,0.0,0.0,0.0,0.0,0.0,0.0,0.0,0.0,0.0
414,-0.008,0.021,-0.534,0.001,0.135,0.049,0.665,1.0,0.007,-0.018,-0.005,-0.003,0.0,0.013,0.073,-0.202,0.048,0.0,0.0,1.0,1.0,0.0,0.0,0.0,0.0,0.0,0.0,0.0,0.0,0.0,0.0,0.0
415,0.005,0.0,-0.534,0.001,0.135,0.049,0.666,1.0,0.009,-0.019,-0.006,-0.002,-0.003,0.023,-0.135,0.04,0.053,0.0,0.0,1.0,1.0,0.0,0.0,0.0,0.0,0.0,0.0,0.0,0.0,0.0,0.0,0.0
416,-0.01,-0.027,-0.537,-0.004,0.135,0.049,0.666,1.0,0.011,-0.015,-0.006,-0.002,0.005,0.012,0.002,0.238,-0.028,0.0,0.0,1.0,1.0,0.0,0.0,0.0,0.0,0.0,0.0,0.0,0.0,0.0,0.0,0.0
417,-0.017,-0.024,-0.582,-0.006,0.135,0.049,0.666,1.0,0.01,-0.013,-0.006,-0.005,0.003,0.009,0.099,0.156,-0.068,0.0,0.0,1.0,1.0,0.0,0.0,0.0,0.0,0.0,0.0,0.0,0.0,0.0,0.0,0.0
418,-0.003,-0.01,-0.626,0.001,0.135,0.049,0.667,1.0,0.01,-0.013,-0.005,-0.013,-0.006,0.004,-0.083,0.026,0.053,0.0,0.0,1.0,1.0,0.0,0.0,0.0,0.0,0.0,0.0,0.0,0.0,0.0,0.0,0.0
419,0.001,0.016,-0.631,0.002,0.134,0.049,0.667,1.0,0.009,-0.019,-0.005,-0.018,-0.002,0.002,-0.086,-0.082,0.055,0.0,0.0,1.0,1.0,0.0,0.0,0.0,0.0,0.0,0.0,0.0,0.0,0.0,0.0,0.0
420,-0.006,-0.008,-0.623,-0.004,0.134,0.049,0.666,1.0,0.009,-0.019,-0.007,-0.01,-0.003,-0.034,-0.008,0.149,-0.024,0.0,0.0,1.0,1.0,0.0,0.0,0.0,0.0,0.0,-0.16853932584269704,0.0,0.0,0.0,0.0,0.0
421,-0.015,0.081,-0.606,-0.008,0.133,0.048,0.662,0.999,0.009,-0.029,-0.008,-0.018,-0.007,-0.107,0.06,-0.501,-0.084,0.0,0.0,0.9887640449438202,1.0,0.0,0.0,0.0,0.0,0.0,-0.3370786516853941,0.0,0.0,0.0,0.0,0.0
422,-0.021,0.036,-0.585,-0.007,0.132,0.048,0.656,1.0,0.01,-0.025,-0.008,-0.018,-0.013,-0.18,0.075,-0.106,-0.052,0.0,0.0,0.9775280898876404,1.0,0.0,0.0,0.0,0.0,0.0,-0.3370786516853924,0.0,0.0,0.0,0.0,0.0
423,-0.026,-0.1,-0.549,-0.006,0.132,0.048,0.646,1.0,0.01,-0.011,-0.007,-0.014,-0.005,-0.283,0.151,1.045,-0.04,0.0,0.0,0.9662921348314607,1.0,0.0,0.0,0.0,0.0,0.0,-0.3370786516853924,0.0,0.0,0.0,0.0,0.0
424,-0.001,-0.082,-0.536,-0.0,0.131,0.048,0.635,1.0,0.008,-0.005,-0.007,-0.021,-0.002,-0.366,-0.049,0.622,0.045,0.0,0.0,0.9550561797752809,1.0,0.0,0.0,0.0,0.0,0.0,-0.3370786516853941,0.0,0.0,0.0,0.0,0.0
425,0.04,-0.042,-0.521,0.012,0.13,0.047,0.621,1.0,0.002,-0.006,-0.004,-0.023,-0.006,-0.409,-0.331,0.228,0.232,0.0,0.0,0.9438202247191011,1.0,0.0,0.0,0.0,0.0,0.0,-0.3370786516853924,0.0,0.0,0.0,0.0,0.0
426,0.014,0.1,-0.506,-0.005,0.129,0.048,0.606,1.0,0.002,-0.026,-0.005,-0.043,0.001,-0.429,-0.023,-0.847,-0.028,0.0,0.0,0.9325842696629214,1.0,0.0,0.0,0.0,0.0,0.0,-0.3370786516853924,0.0,0.0,0.0,0.0,0.0
427,-0.035,0.1,-0.503,-0.015,0.128,0.047,0.591,0.999,0.005,-0.031,-0.007,-0.026,-0.014,-0.445,0.338,-0.555,-0.18,0.0,0.0,0.9213483146067416,1.0,0.0,0.0,0.0,0.0,0.0,-0.3370786516853941,0.0,0.0,0.0,0.0,0.0
428,-0.028,-0.026,-0.488,-0.006,0.127,0.047,0.576,1.0,0.009,-0.024,-0.007,-0.038,0.0,-0.466,0.197,0.653,-0.045,0.0,0.0,0.9101123595505618,1.0,0.0,0.0,0.0,0.0,0.0,-0.3370786516853941,0.0,0.0,0.0,0.0,0.0
429,0.059,-0.1,-0.493,0.001,0.126,0.047,0.562,1.0,0.003,-0.01,-0.006,-0.032,-0.005,-0.441,-0.54,1.11,0.066,0.0,0.0,0.898876404494382,1.0,0.0,0.0,0.0,0.0,0.0,-0.3370786516853941,0.0,0.0,0.0,0.0,0.0
430,0.032,0.005,-0.519,-0.006,0.125,0.047,0.549,1.0,0.001,-0.011,-0.006,-0.025,-0.001,-0.386,-0.197,-0.082,-0.057,0.0,0.0,0.8876404494382022,1.0,0.0,0.0,0.0,0.0,0.0,-0.3370786516853924,0.0,0.0,0.0,0.0,0.0
431,-0.001,0.099,-0.52,-0.004,0.124,0.047,0.537,1.0,0.003,-0.021,-0.005,-0.044,0.004,-0.367,0.099,-0.82,-0.033,0.0,0.0,0.8764044943820225,1.0,0.0,0.0,0.0,0.0,0.0,-0.3370786516853924,0.0,0.0,0.0,0.0,0.0
432,-0.009,0.071,-0.529,0.006,0.122,0.047,0.525,1.0,0.006,-0.024,-0.003,-0.037,-0.001,-0.339,0.092,-0.365,0.129,0.0,0.0,0.8651685393258427,1.0,0.0,0.0,0.0,0.0,0.0,-0.3370786516853941,0.0,0.0,0.0,0.0,0.0
433,-0.021,-0.05,-0.53,0.003,0.121,0.047,0.515,1.0,0.01,-0.012,-0.003,-0.033,0.003,-0.317,0.111,0.549,0.073,0.0,0.0,0.8539325842696629,1.0,0.0,0.0,0.0,0.0,0.0,-0.3370786516853924,0.0,0.0,0.0,0.0,0.0
434,0.018,-0.099,-0.538,-0.006,0.121,0.048,0.505,1.0,0.008,0.001,-0.004,-0.016,0.015,-0.318,-0.193,0.791,-0.068,0.0,0.0,0.8426966292134832,1.0,0.0,0.0,0.0,0.0,0.0,-0.3370786516853924,0.0,0.0,0.0,0.0,0.0
435,0.009,-0.035,-0.545,-0.005,0.12,0.048,0.495,1.0,0.006,0.001,-0.004,-0.031,0.007,-0.316,-0.069,0.02,-0.062,0.0,0.0,0.8314606741573034,1.0,0.0,0.0,0.0,0.0,0.0,-0.3370786516853941,0.0,0.0,0.0,0.0,0.0
436,0.025,0.061,-0.536,-0.001,0.118,0.048,0.484,1.0,0.004,-0.012,-0.004,-0.048,0.001,-0.322,-0.199,-0.555,0.001,0.0,0.0,0.8202247191011236,1.0,0.0,0.0,0.0,0.0,0.0,-0.3370786516853941,0.0,0.0,0.0,0.0,0.0
437,-0.042,0.058,-0.548,-0.006,0.118,0.048,0.475,1.0,0.01,-0.019,-0.004,-0.027,-0.002,-0.286,0.326,-0.403,-0.058,0.0,0.0,0.8089887640449438,1.0,0.0,0.0,0.0,0.0,0.0,-0.3370786516853941,0.0,0.0,0.0,0.0,0.0
438,-0.027,-0.051,-0.534,-0.002,0.117,0.049,0.464,1.0,0.011,-0.014,-0.004,-0.011,0.003,-0.317,0.158,0.555,-0.004,0.0,0.0,0.797752808988764,1.0,0.0,0.0,0.0,0.0,0.0,-0.3370786516853924,0.0,0.0,0.0,0.0,0.0
439,0.025,-0.034,-0.54,0.001,0.117,0.049,0.454,1.0,0.009,-0.01,-0.004,-0.003,0.007,-0.313,-0.315,0.236,0.04,0.0,0.0,0.7865168539325843,1.0,0.0,0.0,0.0,0.0,0.0,-0.3370786516853924,0.0,0.0,0.0,0.0,0.0
440,0.056,0.001,-0.53,0.004,0.117,0.049,0.442,1.0,0.004,-0.007,-0.003,-0.007,0.015,-0.348,-0.475,-0.202,0.087,0.0,0.0,0.7752808988764045,1.0,0.0,0.0,0.0,0.0,0.0,-0.3370786516853941,0.0,0.0,0.0,0.0,0.0
441,-0.037,-0.011,-0.523,-0.011,0.116,0.049,0.43,1.0,0.009,-0.006,-0.005,-0.024,-0.001,-0.368,0.301,-0.036,-0.144,0.0,0.0,0.7640449438202247,1.0,0.0,0.0,0.0,0.0,0.0,-0.3370786516853924,0.0,0.0,0.0,0.0,0.0
442,-0.059,-0.034,-0.522,-0.003,0.116,0.049,0.418,1.0,0.015,-0.009,-0.005,-0.012,-0.0,-0.374,0.366,0.24,-0.013,0.0,0.0,0.752808988764045,1.0,0.0,0.0,0.0,0.0,0.0,-0.3370786516853924,0.0,0.0,0.0,0.0,0.0
443,-0.059,-0.023,-0.527,0.002,0.116,0.049,0.406,1.0,0.02,-0.01,-0.005,-0.007,0.001,-0.362,0.222,0.14,0.068,0.0,0.0,0.7415730337078652,1.0,0.0,0.0,0.0,0.0,0.0,-0.3370786516853941,0.0,0.0,0.0,0.0,0.0
444,0.048,0.048,-0.525,0.003,0.116,0.048,0.394,1.0,0.009,-0.017,-0.004,-0.005,-0.002,-0.345,-0.591,-0.41,0.068,0.0,0.0,0.7303370786516854,1.0,0.0,0.0,0.0,0.0,0.0,-0.3370786516853941,0.0,0.0,0.0,0.0,0.0
445,0.05,0.073,-0.526,-0.002,0.116,0.049,0.382,1.0,0.003,-0.021,-0.004,0.006,0.003,-0.351,-0.421,-0.597,-0.017,0.0,0.0,0.7191011235955056,1.0,0.0,0.0,0.0,0.0,0.0,-0.3370786516853941,0.0,0.0,0.0,0.0,0.0
446,0.014,0.026,-0.525,-0.004,0.116,0.048,0.371,1.0,0.001,-0.02,-0.005,0.01,-0.006,-0.349,-0.021,-0.153,-0.027,0.0,0.0,0.7078651685393258,1.0,0.0,0.0,0.0,0.0,0.0,-0.3370786516853924,0.0,0.0,0.0,0.0,0.0
447,-0.005,-0.091,-0.518,0.009,0.116,0.048,0.359,1.0,0.006,-0.007,-0.003,0.002,-0.009,-0.363,0.027,0.731,0.175,0.0,0.0,0.6966292134831461,1.0,0.0,0.0,0.0,0.0,0.0,-0.3370786516853924,0.0,0.0,0.0,0.0,0.0
448,-0.034,-0.094,-0.536,-0.001,0.117,0.047,0.348,1.0,0.012,0.0,-0.005,0.017,-0.017,-0.347,0.124,0.513,0.01,0.0,0.0,0.6853932584269663,1.0,0.0,0.0,0.0,0.0,0.0,-0.3370786516853941,0.0,0.0,0.0,0.0,0.0
449,-0.016,0.034,-0.537,-0.007,0.118,0.047,0.337,1.0,0.014,-0.008,-0.007,0.021,-0.006,-0.332,-0.083,-0.616,-0.09,0.0,0.0,0.6741573033707865,1.0,0.0,0.0,0.0,0.0,0.0,-0.3370786516853924,0.0,0.0,0.0,0.0,0.0
450,0.036,-0.005,-0.527,0.004,0.118,0.047,0.326,1.0,0.008,-0.011,-0.006,0.002,-0.011,-0.342,-0.468,-0.075,0.09,0.0,0.0,0.6629213483146068,1.0,0.0,0.0,0.0,0.0,0.0,-0.3370786516853924,0.0,0.0,0.0,0.0,0.0
451,0.004,0.039,-0.532,-0.01,0.118,0.047,0.315,1.0,0.007,-0.02,-0.007,0.016,-0.014,-0.329,-0.131,-0.311,-0.122,0.0,0.0,0.651685393258427,1.0,0.0,0.0,0.0,0.0,0.0,-0.3370786516853941,0.0,0.0,0.0,0.0,0.0
452,-0.015,-0.032,-0.523,0.0,0.119,0.046,0.304,1.0,0.007,-0.013,-0.006,0.029,-0.004,-0.348,0.113,0.175,0.034,0.0,0.0,0.6404494382022472,1.0,0.0,0.0,0.0,0.0,0.0,-0.3370786516853941,0.0,0.0,0.0,0.0,0.0
453,-0.011,-0.012,-0.525,0.008,0.12,0.046,0.292,1.0,0.009,-0.015,-0.005,0.024,-0.009,-0.356,-0.003,0.061,0.163,0.0,0.0,0.6292134831460674,1.0,0.0,0.0,0.0,0.0,0.0,-0.3370786516853941,0.0,0.0,0.0,0.0,0.0
454,-0.003,-0.01,-0.531,-0.001,0.121,0.045,0.281,1.0,0.009,-0.011,-0.006,0.029,-0.016,-0.334,-0.117,-0.111,0.033,0.0,0.0,0.6179775280898876,1.0,0.0,0.0,0.0,0.0,0.0,-0.3370786516853924,0.0,0.0,0.0,0.0,0.0
455,-0.015,0.023,-0.521,-0.016,0.122,0.045,0.269,1.0,0.009,-0.016,-0.008,0.021,0.007,-0.362,0.083,-0.287,-0.217,0.0,0.0,0.6067415730337079,1.0,0.0,0.0,0.0,0.0,0.0,-0.3370786516853924,0.0,0.0,0.0,0.0,0.0
456,0.013,0.006,-0.531,-0.009,0.123,0.044,0.258,1.0,0.005,-0.016,-0.008,0.028,-0.023,-0.325,-0.185,-0.149,-0.115,0.0,0.0,0.5955056179775281,1.0,0.0,0.0,0.0,0.0,0.0,-0.3370786516853941,0.0,0.0,0.0,0.0,0.0
457,-0.007,-0.034,-0.529,-0.004,0.124,0.044,0.247,1.0,0.007,-0.014,-0.007,0.029,-0.01,-0.336,-0.0,0.219,-0.032,0.0,0.0,0.5842696629213483,1.0,0.0,0.0,0.0,0.0,0.0,-0.3370786516853924,0.0,0.0,0.0,0.0,0.0
458,0.008,-0.006,-0.545,0.003,0.125,0.043,0.238,1.0,0.005,-0.014,-0.005,0.034,-0.008,-0.294,-0.095,-0.09,0.077,0.0,0.0,0.5730337078651686,1.0,0.0,0.0,0.0,0.0,0.0,-0.3370786516853924,0.0,0.0,0.0,0.0,0.0
459,0.005,-0.05,-0.548,-0.001,0.126,0.043,0.228,1.0,0.005,-0.012,-0.005,0.034,-0.03,-0.286,-0.145,0.297,0.015,0.0,0.0,0.5617977528089888,1.0,0.0,0.0,0.0,0.0,0.0,-0.3370786516853941,0.0,0.0,0.0,0.0,0.0
460,0.012,-0.001,-0.554,0.002,0.127,0.042,0.219,1.0,0.005,-0.017,-0.004,0.032,-0.009,-0.276,-0.147,-0.051,0.051,0.0,0.0,0.550561797752809,1.0,0.0,0.0,0.0,0.0,0.0,-0.3370786516853941,0.0,0.0,0.0,0.0,0.0
461,-0.041,-0.042,-0.554,-0.006,0.129,0.042,0.21,1.0,0.009,-0.014,-0.005,0.038,-0.018,-0.268,0.26,0.25,-0.062,0.0,0.0,0.5393258426966292,1.0,0.0,0.0,0.0,0.0,0.0,-0.3370786516853941,0.0,0.0,0.0,0.0,0.0
462,-0.021,0.014,-0.546,-0.013,0.129,0.042,0.199,1.0,0.009,-0.023,-0.008,0.028,-0.002,-0.302,0.127,-0.038,-0.187,0.0,0.0,0.5280898876404494,1.0,0.0,0.0,0.0,0.0,0.0,-0.3370786516853924,0.0,0.0,0.0,0.0,0.0
463,-0.031,0.076,-0.541,-0.006,0.13,0.041,0.19,1.0,0.009,-0.025,-0.005,0.024,0.002,-0.312,0.233,-0.642,-0.087,0.0,0.0,0.5168539325842697,1.0,0.0,0.0,0.0,0.0,0.0,-0.3370786516853924,0.0,0.0,0.0,0.0,0.0
464,0.035,0.099,-0.545,-0.003,0.131,0.041,0.18,1.0,0.002,-0.031,-0.005,0.012,0.003,-0.304,-0.251,-0.717,-0.059,0.0,0.0,0.5056179775280899,1.0,0.0,0.0,0.0,0.0,0.0,-0.3370786516853941,0.0,0.0,0.0,0.0,0.0
465,-0.016,-0.064,-0.536,-0.001,0.132,0.041,0.17,1.0,0.003,-0.016,-0.004,0.029,-0.006,-0.31,0.199,0.519,-0.006,0.0,0.0,0.4943820224719101,1.0,0.0,0.0,0.0,0.0,0.0,-0.3370786516853924,0.0,0.0,0.0,0.0,0.0
466,0.034,-0.09,-0.554,-0.005,0.133,0.041,0.16,1.0,-0.002,-0.006,-0.004,0.037,0.004,-0.299,-0.125,0.557,-0.058,0.0,0.0,0.4831460674157304,1.0,0.0,0.0,0.0,0.0,0.0,-0.3370786516853924,0.0,0.0,0.0,0.0,0.0
467,-0.026,-0.053,-0.555,-0.007,0.135,0.041,0.15,1.0,0.005,-0.002,-0.005,0.036,0.004,-0.318,0.281,0.052,-0.114,0.0,0.0,0.4719101123595506,1.0,0.0,0.0,0.0,0.0,0.0,-0.3370786516853941,0.0,0.0,0.0,0.0,0.0
468,0.005,-0.067,-0.56,0.018,0.135,0.041,0.14,1.0,0.005,-0.002,-0.002,0.018,0.001,-0.3,-0.03,0.241,0.3,0.0,0.0,0.4606741573033708,1.0,0.0,0.0,0.0,0.0,0.0,-0.3370786516853941,0.0,0.0,0.0,0.0,0.0
469,0.007,0.03,-0.558,-0.001,0.136,0.041,0.131,1.0,0.007,-0.015,-0.003,0.032,0.014,-0.294,-0.08,-0.461,0.037,0.0,0.0,0.449438202247191,1.0,0.0,0.0,0.0,0.0,0.0,-0.3370786516853941,0.0,0.0,0.0,0.0,0.0
470,0.038,0.005,-0.552,0.016,0.137,0.042,0.121,1.0,0.002,-0.017,-0.001,0.024,0.016,-0.293,-0.26,-0.161,0.271,0.0,0.0,0.4382022471910112,1.0,0.0,0.0,0.0,0.0,0.0,-0.3370786516853924,0.0,0.0,0.0,0.0,0.0
471,-0.036,-0.047,-0.554,-0.007,0.139,0.042,0.111,1.0,0.009,-0.016,-0.005,0.049,0.013,-0.295,0.3,0.285,-0.057,0.0,0.0,0.4269662921348315,1.0,0.0,0.0,0.0,0.0,0.0,-0.3370786516853924,0.0,0.0,0.0,0.0,0.0
472,-0.027,-0.004,-0.563,-0.016,0.14,0.042,0.102,1.0,0.01,-0.02,-0.008,0.04,0.008,-0.275,0.201,0.0,-0.228,0.0,0.0,0.4157303370786517,1.0,0.0,0.0,0.0,0.0,0.0,-0.3370786516853941,0.0,0.0,0.0,0.0,0.0
473,-0.051,-0.075,-0.563,-0.007,0.142,0.042,0.093,1.0,0.015,-0.013,-0.008,0.032,0.011,-0.269,0.324,0.551,-0.081,0.0,0.0,0.4044943820224719,1.0,0.0,0.0,0.0,0.0,0.0,-0.3370786516853924,0.0,0.0,0.0,0.0,0.0
474,-0.036,-0.1,-0.6,0.011,0.142,0.043,0.087,1.0,0.013,-0.011,-0.004,0.024,0.013,-0.2,0.254,1.119,0.213,0.0,0.0,0.3932584269662922,1.0,0.0,0.0,0.0,0.0,0.0,-0.3370786516853924,0.0,0.0,0.0,0.0,0.0
475,0.041,0.006,-0.671,-0.001,0.139,0.044,0.089,1.0,0.006,-0.015,-0.005,-0.083,0.029,0.037,-0.298,0.201,0.029,0.0,0.0,0.3820224719101124,1.0,0.0,0.0,0.0,0.0,0.0,-0.3370786516853941,0.0,0.0,0.0,0.0,0.0
476,0.055,0.1,-0.702,-0.006,0.136,0.044,0.092,0.999,-0.001,-0.033,-0.006,-0.104,0.023,0.093,-0.366,-0.874,-0.057,0.0,0.0,0.3707865168539326,1.0,0.0,0.0,0.0,0.0,0.0,-0.3370786516853941,0.0,0.0,0.0,0.0,0.0
477,-0.027,0.061,-0.703,-0.005,0.132,0.045,0.095,0.999,0.004,-0.034,-0.005,-0.109,0.01,0.068,0.358,0.068,-0.032,0.0,0.0,0.3595505617977528,1.0,0.0,0.0,0.0,0.0,0.0,-0.3370786516853941,0.0,0.0,0.0,0.0,0.0
478,-0.025,0.078,-0.681,-0.006,0.129,0.045,0.094,0.999,0.009,-0.03,-0.005,-0.1,0.016,-0.02,0.272,-0.205,-0.077,0.0,0.0,0.348314606741573,1.0,0.0,0.0,0.0,0.0,0.0,-0.3370786516853924,0.0,0.0,0.0,0.0,0.0
479,-0.044,-0.07,-0.645,0.002,0.125,0.045,0.09,1.0,0.013,-0.014,-0.004,-0.1,0.003,-0.116,0.318,1.028,0.055,0.0,0.0,0.3370786516853933,1.0,0.0,0.0,0.0,0.0,0.0,-0.3370786516853924,0.0,0.0,0.0,0.0,0.0
