0.04,-0.003,0.177,0.998,0.004,-0.048,0.051,0.18,0.106,0.033,-0.276,-2.765,3.858
0.04,-0.003,0.177,0.998,-0.004,-0.044,0.052,0.078,0.06,0.074,-1.521,-1.068,1.979
0.038,-0.005,0.176,0.999,0.012,-0.028,0.028,0.019,0.013,-0.02,0.087,0.093,-0.142
0.038,-0.005,0.176,0.999,0.013,-0.028,0.028,-0.008,-0.015,-0.028,-0.267,0.807,0.064
0.038,-0.005,0.175,0.999,0.009,-0.017,0.028,0.02,-0.013,-0.033,0.074,0.837,0.12
0.038,-0.005,0.183,0.999,0.009,-0.029,0.026,-0.014,0.06,0.248,1.888,-1.709,1.052
0.037,-0.005,0.192,0.999,0.003,-0.02,0.024,0.003,0.009,0.326,-0.705,-0.643,0.2
0.037,-0.002,0.209,0.999,0.006,-0.033,0.04,0.051,0.132,0.489,-0.07,-0.816,1.786
0.039,-0.002,0.23,0.998,-0.0,-0.044,0.05,-0.148,0.001,0.624,2.286,3.102,-0.915
0.039,-0.003,0.251,0.999,0.011,-0.035,0.031,-0.025,0.06,0.606,0.262,1.729,-0.721
0.037,-0.004,0.28,1.0,0.007,-0.018,0.021,-0.011,-0.0,0.9,-0.162,1.595,-0.971
0.037,-0.003,0.32,1.0,0.007,-0.015,0.023,-0.185,-0.017,1.243,-1.719,1.792,-2.428
0.039,-0.002,0.357,0.999,0.033,-0.005,0.033,-0.265,-0.761,-0.708,19.72,30.846,-13.608
0.04,0.003,0.404,0.999,-0.005,-0.015,0.041,0.016,0.039,0.989,1.429,6.229,-1.689
0.037,-0.001,0.442,0.999,0.019,-0.01,0.024,-0.1,-0.132,1.119,2.314,5.197,-3.096
0.038,0.001,0.496,1.0,0.009,-0.011,0.026,-0.005,-0.011,1.566,0.421,-0.955,-1.177
0.038,0.002,0.547,0.999,0.011,-0.03,0.026,-0.029,-0.029,1.466,0.819,-0.561,-0.569
0.04,0.011,0.593,0.999,0.035,-0.017,0.012,0.027,0.411,1.623,3.322,1.822,-2.859
0.037,0.004,0.639,0.996,0.007,-0.081,0.023,0.002,-0.209,1.025,-60.454,17.087,-20.592
0.04,0.001,0.695,1.0,-0.003,-0.014,0.012,0.111,-0.071,1.456,-7.19,2.957,-3.8
0.039,0.005,0.739,0.999,0.011,-0.024,0.023,-0.037,0.002,1.545,-0.888,2.027,-0.69
0.039,0.004,0.792,0.999,0.011,-0.019,0.026,-0.006,-0.069,1.393,-0.242,0.443,-0.395
0.042,0.019,0.875,0.364,0.931,0.023,-0.026,0.047,0.611,2.137,19.463,-2.447,-3.469
0.04,0.006,0.878,0.999,0.009,-0.031,0.017,-0.023,-0.047,1.007,-11.678,-4.242,-1.72
0.029,0.004,0.909,0.863,0.01,-0.504,0.02,-0.634,-0.079,0.681,-2.83,-56.14,0.474
0.042,0.005,0.95,1.0,0.011,-0.012,0.018,0.119,-0.094,0.957,-0.211,1.789,-0.957
0.04,0.007,0.986,0.999,0.011,-0.023,0.022,0.013,0.015,1.044,0.079,-0.742,-0.158
0.04,0.008,1.013,0.999,0.017,0.002,0.029,-0.036,0.014,0.814,0.856,1.312,0.032
0.04,0.007,1.038,1.0,0.008,-0.013,0.021,-0.036,-0.075,0.703,-0.332,-0.166,-0.191
0.042,0.016,1.065,0.995,0.015,-0.046,0.092,0.06,0.352,0.862,0.607,-3.232,6.098
0.04,0.008,1.075,0.999,0.009,-0.023,0.02,-0.069,-0.042,0.523,-0.831,-0.61,-0.504
0.04,0.009,1.09,0.999,0.012,-0.021,0.034,-0.042,-0.08,0.29,0.482,0.252,-0.337
0.043,0.012,1.095,0.998,-0.017,-0.035,0.05,0.088,0.082,0.503,-2.428,-1.02,1.397
0.041,0.011,1.103,0.998,-0.002,-0.041,0.048,0.088,0.051,0.204,-2.014,-3.531,3.084
0.04,0.009,1.103,1.0,0.003,-0.024,0.013,-0.021,-0.129,-0.006,-4.656,-0.232,-1.876
0.04,0.009,1.103,1.0,0.003,-0.024,0.013,-0.021,-0.129,-0.006,-4.656,-0.232,-1.876
0.039,0.006,1.091,1.0,0.001,-0.016,0.016,-0.048,-0.124,-0.287,-0.648,1.512,-1.814
0.042,0.0,1.122,0.367,-0.93,0.011,0.025,0.13,-0.335,1.548,-87.874,4.886,1.993
0.042,0.0,1.122,0.367,-0.93,0.011,0.025,0.13,-0.335,1.548,-87.874,4.886,1.993
0.041,0.009,1.057,1.0,0.009,-0.024,0.012,0.123,0.064,-0.347,0.709,0.315,-1.726
0.037,0.006,1.021,0.999,0.011,-0.026,0.027,-0.032,-0.017,-0.536,0.037,-0.567,0.013
0.036,0.006,1.007,0.999,0.002,-0.03,0.015,-0.029,-0.021,-0.597,-1.109,-0.055,-0.762
0.035,0.004,0.978,0.999,0.01,-0.021,0.025,-0.029,-0.069,-0.496,0.205,0.541,-0.005
0.031,0.001,0.942,0.999,0.012,-0.032,0.023,-0.075,-0.097,-0.419,0.264,-0.446,-0.11
0.031,0.001,0.942,0.999,0.012,-0.032,0.023,-0.075,-0.097,-0.419,0.264,-0.446,-0.11
0.03,0.002,0.921,0.999,0.008,-0.042,0.021,-0.075,-0.016,-0.485,0.432,-1.649,-0.081
0.028,0.002,0.908,0.998,0.007,-0.053,0.024,-0.085,0.024,-0.472,-0.027,-1.977,-0.134
0.027,-0.0,0.885,0.996,0.013,-0.067,0.05,0.028,-0.095,-0.447,-0.149,-2.463,1.896
0.022,-0.002,0.883,0.999,0.012,-0.04,0.023,-0.537,-0.057,-0.288,-0.8,-26.208,-0.067
0.018,-0.002,0.867,0.999,0.02,-0.017,0.028,-0.202,-0.028,-0.36,1.48,-1.808,-0.031
0.013,-0.004,0.858,0.999,0.011,-0.037,0.028,-0.159,-0.099,-0.271,-0.248,-0.645,0.343
0.005,-0.005,0.86,0.999,0.006,-0.039,0.021,-0.15,-0.064,0.011,-0.209,-0.42,-1.199
0.007,-0.017,0.896,0.36,-0.93,0.019,0.076,0.044,-0.884,1.276,-2.555,9.436,-0.336
-0.008,-0.009,0.865,0.999,-0.024,-0.001,0.046,-0.24,-0.126,0.033,4.429,1.689,0.441
-0.009,-0.005,0.881,1.0,-0.005,-0.015,0.024,-0.119,0.103,0.427,0.745,0.67,-1.031
-0.009,-0.005,0.881,1.0,-0.005,-0.015,0.024,-0.119,0.103,0.427,0.745,0.67,-1.031
-0.022,-0.011,0.9,1.0,0.009,-0.018,0.024,-0.232,-0.099,0.328,0.5,1.467,-0.012
-0.024,-0.009,0.912,0.998,-0.001,-0.039,0.042,-0.127,-0.039,0.438,-0.677,-0.872,2.295
-0.024,-0.009,0.912,0.998,-0.001,-0.039,0.042,-0.127,-0.039,0.438,-0.677,-0.872,2.295
-0.041,-0.013,0.947,0.999,0.018,-0.009,0.031,-0.054,-0.102,0.288,2.213,1.122,4.705
-0.048,-0.014,0.961,1.0,0.016,-0.016,0.02,-0.243,-0.142,0.416,1.602,0.042,-1.008
-0.049,-0.014,0.968,0.999,0.007,-0.02,0.024,-0.195,-0.194,0.427,0.027,-0.346,0.169
-0.062,-0.016,0.997,1.0,0.008,-0.015,0.022,-0.186,-0.134,0.501,0.658,-2.121,1.174
-0.063,-0.017,1.001,1.0,0.01,-0.013,0.02,-0.205,-0.122,0.513,0.7,-1.137,0.671
-0.073,-0.016,1.028,1.0,0.008,-0.01,0.024,-0.207,-0.039,0.501,1.841,-0.544,-0.171
-0.078,-0.015,1.039,1.0,0.013,0.004,0.028,-0.277,-0.0,0.393,1.792,2.148,0.997
-0.082,-0.017,1.04,0.999,-0.01,0.02,0.042,-0.328,-0.085,0.314,-0.858,2.888,1.979
-0.084,-0.016,1.061,1.0,-0.001,0.028,0.013,-0.17,-0.045,0.304,0.619,3.914,-2.138
-0.091,-0.017,1.075,1.0,-0.003,0.013,0.017,-0.109,-0.016,0.308,-0.621,1.486,-0.81
-0.093,-0.02,1.077,1.0,0.006,-0.004,0.017,-0.195,-0.136,0.341,0.38,-0.481,-0.575
-0.099,-0.018,1.094,1.0,0.006,0.005,0.018,-0.159,-0.118,0.191,1.384,2.293,-0.966
-0.101,-0.014,1.102,0.999,-0.003,-0.016,0.034,-0.077,0.021,0.217,-0.354,-0.871,0.714
-0.101,-0.014,1.102,0.999,-0.003,-0.016,0.034,-0.077,0.021,0.217,-0.354,-0.871,0.714
-0.109,-0.019,1.111,1.0,0.013,0.013,0.014,-0.146,-0.195,0.021,1.598,1.189,-1.513
-0.108,-0.013,1.119,1.0,0.006,0.005,0.015,0.082,0.155,0.148,0.159,0.875,-0.779
-0.112,-0.016,1.118,1.0,0.001,0.007,0.01,-0.088,-0.255,-0.09,0.282,2.769,-2.906
-0.112,-0.014,1.123,0.999,0.004,0.011,0.033,-0.004,-0.021,0.064,0.121,0.644,0.414
-0.112,-0.014,1.123,0.999,0.004,0.011,0.033,-0.004,-0.021,0.064,0.121,0.644,0.414
-0.112,-0.014,1.123,1.0,0.004,0.005,0.026,0.014,0.009,0.026,-0.059,-0.117,-0.07
-0.11,-0.014,1.123,1.0,0.01,0.011,0.021,0.048,-0.005,-0.02,0.129,0.078,-0.279
-0.11,-0.014,1.123,1.0,0.01,0.011,0.021,0.048,-0.005,-0.02,0.129,0.078,-0.279
-0.106,-0.012,1.12,1.0,0.005,0.015,0.015,0.063,0.013,-0.052,0.125,-1.044,-0.146
-0.098,0.008,1.158,0.388,0.92,-0.002,-0.057,0.248,0.829,1.582,77.908,-2.296,-6.587
-0.099,0.006,1.157,0.389,0.921,-0.0,-0.036,0.157,0.579,1.196,62.203,0.508,-4.531
-0.091,-0.013,1.121,0.999,0.011,0.031,0.015,0.176,-0.162,-0.07,-1.107,1.8,-0.898
-0.085,-0.011,1.123,0.998,0.005,0.062,0.007,0.165,-0.055,-0.012,0.136,6.368,-2.347
-0.085,-0.011,1.123,0.998,0.005,0.062,0.007,0.165,-0.055,-0.012,0.136,6.368,-2.347
-0.074,-0.011,1.127,0.996,0.006,-0.082,0.022,0.091,-0.012,-0.011,-0.241,-10.066,0.431
-0.054,-0.01,1.135,0.999,-0.005,-0.033,0.002,0.355,-0.038,-0.019,-0.152,-1.334,2.328
-0.032,-0.007,1.151,0.999,0.014,0.013,0.041,0.302,-0.05,0.229,1.64,-0.743,0.992
-0.032,-0.007,1.151,0.999,0.014,0.013,0.041,0.302,-0.05,0.229,1.64,-0.743,0.992
-0.01,-0.008,1.162,1.0,0.009,0.004,0.027,0.423,-0.166,0.224,-2.054,-0.238,-1.482
0.001,-0.008,1.167,1.0,-0.019,-0.013,0.017,0.294,-0.039,0.157,-1.813,-1.21,-0.573
0.032,-0.001,1.186,0.999,0.013,0.048,0.007,0.437,0.292,0.318,0.96,2.547,-0.69
0.044,-0.007,1.19,0.999,0.009,-0.011,0.033,0.439,-0.039,0.246,0.451,-2.435,1.633
0.061,-0.009,1.197,1.0,0.008,0.016,0.012,0.399,-0.046,0.126,0.727,1.6,-1.384
0.072,-0.012,1.203,1.0,0.015,0.017,0.017,0.41,-0.133,0.237,0.432,0.736,-0.552
0.11,-0.008,1.215,0.999,-0.001,0.005,0.033,0.516,0.008,0.127,-0.477,0.512,0.459
0.141,-0.01,1.22,0.999,0.002,-0.015,0.042,0.565,0.032,0.078,0.633,-1.698,1.343
0.141,-0.01,1.22,0.999,0.002,-0.015,0.042,0.565,0.032,0.078,0.633,-1.698,1.343
0.156,-0.009,1.221,0.999,-0.014,-0.013,0.051,0.575,0.072,0.121,-1.849,-1.04,2.222
0.185,-0.011,1.216,0.999,0.004,-0.018,0.03,0.518,-0.056,-0.083,-1.198,-2.156,0.698
0.196,-0.011,1.215,0.999,-0.002,-0.004,0.033,0.593,0.026,-0.005,-1.199,-0.127,1.174
0.203,-0.014,1.213,1.0,0.01,0.004,0.017,0.489,-0.106,-0.072,0.329,0.394,-0.157
0.225,-0.013,1.21,1.0,0.008,-0.006,0.022,0.489,-0.117,-0.12,-0.482,-0.382,0.248
0.254,-0.013,1.21,0.999,0.003,-0.021,0.036,0.625,0.028,0.024,-0.14,-1.25,1.352
0.259,-0.012,1.209,1.0,0.014,-0.007,0.026,0.541,0.032,-0.025,1.034,0.33,0.049
0.29,-0.014,1.211,1.0,0.003,-0.005,0.021,0.522,-0.051,0.034,0.321,1.147,-0.513
0.305,-0.014,1.21,0.999,-0.023,0.016,0.035,0.371,-0.15,-0.169,-2.628,3.133,1.173
0.314,-0.011,1.216,0.998,-0.042,-0.016,0.047,0.556,0.024,0.068,-3.911,0.859,1.272
0.35,-0.012,1.222,1.0,-0.003,-0.017,0.017,0.511,0.014,0.071,-0.37,-0.237,-0.666
0.35,-0.012,1.222,1.0,-0.003,-0.017,0.017,0.511,0.014,0.071,-0.37,-0.237,-0.666
0.371,-0.003,1.236,0.999,0.017,-0.028,0.014,0.527,0.377,0.405,2.859,-0.108,-2.956
0.396,-0.004,1.242,0.997,0.017,-0.064,0.033,0.639,0.236,0.324,0.862,-5.02,1.382
0.426,-0.009,1.244,1.0,0.007,0.004,0.015,0.499,-0.045,0.033,-0.928,3.13,-1.195
0.435,-0.01,1.249,0.999,-0.006,-0.029,0.03,0.585,-0.026,0.236,-0.012,-2.115,-0.436
0.47,-0.011,1.262,0.999,0.002,-0.034,0.016,0.445,-0.063,0.191,0.485,-0.797,-0.92
0.481,-0.008,1.268,0.999,0.008,-0.029,0.027,0.506,0.035,0.269,0.475,-0.299,0.295
0.505,-0.008,1.285,0.999,-0.001,-0.031,0.021,0.408,-0.148,0.239,-0.826,-0.975,0.824
0.512,-0.008,1.292,0.999,-0.012,-0.04,0.027,0.48,-0.094,0.4,-1.416,-1.074,1.09
0.537,-0.007,1.322,0.999,0.002,-0.027,0.017,0.346,-0.091,0.444,0.938,1.994,-1.265
0.55,-0.004,1.336,0.999,-0.004,-0.038,0.024,0.441,0.04,0.554,-0.317,-0.224,0.086
0.552,-0.003,1.339,1.0,0.003,-0.014,0.02,0.427,0.081,0.475,0.366,2.389,-0.378
0.578,0.015,1.413,0.314,0.948,-0.029,-0.038,0.422,0.599,1.786,67.868,-3.532,-3.259
0.58,-0.013,1.414,0.375,-0.925,0.011,0.064,0.46,-1.029,1.502,-16.144,1.583,2.919
0.601,0.002,1.414,0.999,0.009,-0.034,0.024,0.342,0.018,0.42,4.659,-0.924,-0.049
0.613,0.01,1.434,1.0,0.009,-0.004,0.005,0.384,0.373,0.657,1.15,2.01,-1.649
0.613,0.01,1.434,1.0,0.009,-0.004,0.005,0.384,0.373,0.657,1.15,2.01,-1.649
0.625,0.015,1.448,0.999,0.012,-0.044,0.018,0.355,0.396,0.525,0.384,-1.975,0.085
0.631,0.005,1.453,1.0,0.001,-0.009,0.013,0.18,-0.178,0.267,-0.875,1.646,-0.646
0.663,0.011,1.479,0.999,0.009,-0.017,0.026,0.349,-0.003,0.261,0.339,-0.052,0.971
0.675,0.013,1.488,1.0,0.01,-0.009,0.02,0.296,0.037,0.204,0.281,0.448,-0.037
0.69,0.02,1.497,1.0,-0.017,0.015,-0.016,0.242,-0.05,0.146,-3.585,2.471,-2.859
0.704,0.026,1.503,0.999,0.027,-0.02,0.021,0.346,0.278,0.2,2.472,-0.75,1.017
0.704,0.026,1.503,0.999,0.027,-0.02,0.021,0.346,0.278,0.2,2.472,-0.75,1.017
0.72,0.018,1.502,1.0,0.012,-0.001,0.014,0.222,-0.185,-0.03,0.635,0.847,-0.334
0.741,0.033,1.512,1.0,0.017,-0.007,0.013,0.455,0.297,0.317,-1.392,-2.768,1.757
0.744,0.032,1.512,1.0,-0.004,0.003,0.017,0.317,0.105,0.118,-2.857,0.043,1.367
0.75,0.021,1.507,1.0,0.026,0.007,0.013,0.186,-0.009,-0.554,27.261,-1.184,-2.459
0.769,0.027,1.511,1.0,0.014,-0.015,0.016,0.284,-0.165,-0.15,3.609,-2.584,0.512
0.775,0.035,1.518,1.0,0.018,0.001,0.01,0.381,0.319,0.2,2.883,0.271,-0.766
0.78,0.025,1.515,0.999,0.02,0.008,0.024,0.196,-0.246,-0.091,1.874,0.906,1.013
0.805,0.038,1.53,1.0,0.012,0.005,0.007,0.312,0.24,0.002,13.729,-2.177,-2.039
0.818,0.035,1.534,0.999,0.039,0.01,0.0,0.351,0.189,0.214,4.251,0.773,-2.087
0.836,0.03,1.539,1.0,0.015,-0.001,0.016,0.292,0.044,0.157,0.674,0.22,-0.315
0.85,0.031,1.544,1.0,0.005,-0.01,0.01,0.391,0.039,0.1,-0.164,-1.361,-0.611
0.87,0.033,1.553,1.0,0.0,0.007,0.01,0.299,-0.116,-0.735,32.513,3.256,-4.922
0.892,0.034,1.566,1.0,0.01,0.021,0.019,0.329,0.12,-0.263,24.689,1.525,-2.938
0.907,0.044,1.58,1.0,0.007,-0.008,0.012,0.491,0.453,0.426,1.507,-0.242,-0.163
0.911,0.036,1.576,1.0,0.0,0.006,0.013,0.366,-0.084,0.05,5.849,1.039,-2.697
0.921,0.045,1.588,1.0,-0.003,-0.0,0.012,0.49,0.403,0.567,-6.855,0.706,4.263
0.946,0.04,1.597,1.0,-0.008,-0.008,0.017,0.436,0.035,0.242,-0.501,-0.38,0.207
0.963,0.042,1.609,1.0,-0.005,-0.016,0.021,0.422,0.094,0.286,0.825,-1.396,0.539
0.988,0.047,1.626,1.0,-0.019,-0.009,0.022,0.41,0.072,0.289,-0.2,-0.756,0.627
1.005,0.061,1.643,1.0,-0.009,-0.006,0.011,0.404,0.415,0.443,0.564,0.175,-0.153
1.015,0.063,1.649,1.0,-0.023,0.002,0.012,0.399,0.232,0.354,-1.26,0.294,0.483
1.037,0.063,1.664,1.0,-0.014,-0.009,0.026,0.338,0.115,0.298,0.564,0.276,0.903
1.05,0.069,1.674,0.999,-0.016,-0.016,0.026,0.318,0.142,0.237,4.059,1.326,1.793
1.05,0.069,1.674,0.999,-0.016,-0.016,0.026,0.318,0.142,0.237,4.059,1.326,1.793
1.076,0.082,1.692,0.999,-0.019,-0.021,0.02,0.371,0.204,0.278,0.362,0.099,0.09
1.088,0.089,1.7,0.999,-0.021,-0.013,0.023,0.349,0.184,0.238,-0.098,0.608,0.487
1.088,0.089,1.7,0.999,-0.021,-0.013,0.023,0.349,0.184,0.238,-0.098,0.608,0.487
1.1,0.101,1.711,1.0,-0.009,-0.004,0.0,0.374,0.366,0.311,2.204,1.994,-1.895
1.124,0.115,1.727,0.999,-0.02,-0.023,0.017,0.329,0.275,0.218,2.109,-0.128,1.569
1.124,0.115,1.727,0.999,-0.02,-0.023,0.017,0.329,0.275,0.218,2.109,-0.128,1.569
1.144,0.133,1.742,0.999,-0.02,-0.027,0.017,0.346,0.32,0.255,-0.132,0.15,0.051
1.158,0.145,1.752,0.999,-0.021,-0.023,0.011,0.335,0.304,0.252,-0.118,0.329,-0.358
1.16,0.149,1.755,0.999,-0.018,-0.021,0.02,0.296,0.34,0.274,0.201,0.406,0.47
1.175,0.166,1.767,1.0,-0.016,-0.019,0.016,0.311,0.368,0.226,0.155,0.837,-0.068
1.186,0.181,1.777,0.999,-0.014,-0.028,0.014,0.289,0.414,0.251,0.109,-0.2,-0.232
1.189,0.182,1.778,0.999,-0.018,-0.029,0.011,0.322,0.329,0.206,-0.381,-0.147,-0.573
1.198,0.193,1.785,0.999,-0.017,-0.03,0.007,0.315,0.32,0.204,-0.308,-0.105,-0.777
1.214,0.221,1.801,0.999,-0.01,-0.039,0.017,0.27,0.394,0.212,0.112,-0.73,-0.015
1.214,0.221,1.801,0.999,-0.01,-0.039,0.017,0.27,0.394,0.212,0.112,-0.73,-0.015
1.241,0.27,1.828,0.999,-0.008,-0.033,0.018,0.186,0.467,0.25,0.124,-0.079,0.086
1.245,0.278,1.831,0.999,-0.01,-0.033,0.017,0.242,0.521,0.263,-0.306,0.186,0.137
1.258,0.307,1.847,0.999,-0.005,-0.032,0.02,0.163,0.471,0.263,-0.1,0.206,0.522
1.258,0.307,1.847,0.999,-0.005,-0.032,0.02,0.163,0.471,0.263,-0.1,0.206,0.522
1.264,0.323,1.855,0.999,-0.005,-0.038,0.016,0.162,0.492,0.248,0.09,0.038,0.131
1.27,0.34,1.863,0.999,-0.0,-0.032,0.014,0.153,0.457,0.221,0.057,0.692,-0.002
1.28,0.379,1.882,0.999,0.0,-0.043,0.016,0.123,0.479,0.196,-0.235,-0.29,-0.099
1.282,0.385,1.884,0.999,0.005,-0.031,0.012,0.135,0.487,0.194,0.326,0.923,-0.478
1.287,0.417,1.896,0.999,0.005,-0.043,0.015,0.057,0.496,0.195,0.126,-0.436,0.277
1.289,0.436,1.905,0.999,0.006,-0.046,0.015,0.074,0.537,0.22,-0.105,-1.759,-0.032
1.29,0.467,1.919,0.999,0.01,-0.049,0.017,0.009,0.489,0.231,0.311,-0.2,0.095
1.29,0.484,1.926,0.999,0.012,-0.047,0.015,-0.013,0.479,0.227,0.215,-0.019,0.091
1.288,0.508,1.935,0.998,0.018,-0.055,0.013,-0.066,0.483,0.175,0.632,-1.07,-0.293
1.284,0.534,1.943,0.999,0.017,-0.043,0.012,-0.07,0.418,0.101,0.059,0.601,-0.3
1.277,0.561,1.948,0.999,0.017,-0.046,0.014,-0.121,0.445,0.071,-0.133,0.517,0.05
1.276,0.568,1.95,0.998,0.017,-0.059,0.015,-0.098,0.459,0.131,-0.073,-0.961,0.165
1.269,0.585,1.949,0.999,0.018,-0.044,0.012,-0.08,0.441,-0.015,0.517,0.499,0.104
1.266,0.592,1.95,0.998,0.016,-0.057,0.018,-0.17,0.49,0.007,0.084,-0.717,0.646
1.253,0.62,1.946,0.998,0.016,-0.064,0.016,-0.208,0.387,-0.068,0.065,-1.249,0.124
1.253,0.62,1.946,0.998,0.016,-0.064,0.016,-0.208,0.387,-0.068,0.065,-1.249,0.124
1.245,0.634,1.944,0.998,0.014,-0.052,0.016,-0.217,0.368,-0.08,0.051,0.074,-0.008
1.229,0.657,1.938,0.998,0.013,-0.052,0.016,-0.254,0.398,-0.119,0.014,-0.366,0.093
1.229,0.657,1.938,0.998,0.013,-0.052,0.016,-0.254,0.398,-0.119,0.014,-0.366,0.093
1.215,0.675,1.931,0.998,0.007,-0.062,0.009,-0.264,0.308,-0.171,-0.656,-1.184,-0.346
1.198,0.693,1.923,0.999,0.005,-0.038,0.017,-0.354,0.358,-0.222,-0.406,1.525,0.362
1.198,0.693,1.923,0.999,0.005,-0.038,0.017,-0.354,0.358,-0.222,-0.406,1.525,0.362
1.189,0.704,1.921,0.998,0.002,-0.058,0.02,-0.325,0.382,-0.108,-0.084,-0.575,0.601
1.162,0.728,1.91,0.998,0.0,-0.057,0.01,-0.37,0.342,-0.149,-0.466,-0.064,-0.133
1.162,0.728,1.91,0.998,0.0,-0.057,0.01,-0.37,0.342,-0.149,-0.466,-0.064,-0.133
1.15,0.738,1.906,0.998,0.002,-0.055,0.016,-0.425,0.374,-0.151,0.168,0.043,0.268
1.118,0.762,1.895,0.999,-0.005,-0.045,0.013,-0.483,0.302,-0.137,-0.517,1.05,-0.196
1.118,0.762,1.895,0.999,-0.005,-0.045,0.013,-0.483,0.302,-0.137,-0.517,1.05,-0.196
1.1,0.776,1.888,0.999,-0.003,-0.049,0.018,-0.577,0.336,-0.234,0.305,1.634,0.372
1.069,0.799,1.875,0.998,-0.015,-0.056,0.006,-0.623,0.485,-0.333,-0.782,1.564,-0.391
1.069,0.799,1.875,0.998,-0.015,-0.056,0.006,-0.623,0.485,-0.333,-0.782,1.564,-0.391
1.052,0.811,1.865,0.998,-0.02,-0.058,0.006,-0.506,0.402,-0.321,-0.763,-0.492,-0.665
1.013,0.837,1.843,0.998,-0.024,-0.059,0.018,-0.565,0.377,-0.344,-0.714,0.079,0.321
1.013,0.837,1.843,0.998,-0.024,-0.059,0.018,-0.565,0.377,-0.344,-0.714,0.079,0.321
0.975,0.863,1.82,0.998,-0.023,-0.066,0.01,-0.698,0.497,-0.325,0.641,0.23,0.41
0.951,0.88,1.81,0.998,-0.014,-0.066,0.012,-0.691,0.499,-0.251,1.359,-0.9,0.167
0.951,0.88,1.81,0.998,-0.014,-0.066,0.012,-0.691,0.499,-0.251,1.359,-0.9,0.167
0.922,0.898,1.804,0.997,-0.023,-0.066,0.024,-0.761,0.454,-0.103,0.362,-0.621,1.38
0.881,0.928,1.799,0.997,-0.021,-0.069,0.017,-0.699,0.532,-0.03,0.377,-0.374,0.062
0.881,0.928,1.799,0.997,-0.021,-0.069,0.017,-0.699,0.532,-0.03,0.377,-0.374,0.062
0.83,0.961,1.792,0.998,-0.03,-0.061,0.008,-0.81,0.522,-0.103,0.05,0.611,-0.493
0.803,0.98,1.791,0.998,-0.012,-0.061,0.012,-0.895,0.637,-0.013,2.154,0.491,-0.216
0.803,0.98,1.791,0.998,-0.012,-0.061,0.012,-0.895,0.637,-0.013,2.154,0.491,-0.216
0.723,1.033,1.785,0.998,-0.022,-0.065,0.009,-0.884,0.587,-0.093,0.075,-0.591,-0.138
0.686,1.057,1.781,0.998,-0.021,-0.053,0.016,-0.899,0.619,-0.119,0.328,0.22,0.532
0.66,1.074,1.776,0.998,-0.021,-0.063,0.01,-1.649,1.432,-0.396,-0.139,1.43,2.558
0.622,1.1,1.769,0.998,-0.023,-0.056,0.006,-1.127,0.799,-0.202,-0.274,0.8,-0.684
0.587,1.121,1.761,0.998,-0.025,-0.053,0.001,-0.958,0.628,-0.206,-0.181,-0.09,-0.313
0.542,1.149,1.748,0.998,-0.019,-0.063,0.001,-1.002,0.567,-0.274,-0.161,-1.218,-0.517
0.507,1.174,1.738,0.999,-0.015,-0.038,0.003,-0.981,0.637,-0.315,0.141,1.126,-0.198
0.437,1.219,1.72,0.999,-0.006,-0.045,0.003,-1.011,0.639,-0.339,-0.751,0.117,-1.163
0.383,1.252,1.705,0.999,-0.005,-0.043,0.004,-1.055,0.635,-0.299,-0.946,0.092,-0.143
0.378,1.255,1.704,0.999,0.003,-0.038,0.004,-1.063,0.657,-0.316,-0.088,0.54,-0.087
0.327,1.286,1.691,0.999,0.011,-0.044,0.005,-1.033,0.649,-0.249,0.252,-0.522,0.091
0.301,1.302,1.685,0.999,0.02,-0.035,0.005,-0.988,0.635,-0.223,0.66,0.033,-0.117
0.231,1.341,1.667,0.999,0.016,-0.033,0.004,-1.065,0.612,-0.291,-0.098,0.185,0.094
0.231,1.341,1.667,0.999,0.016,-0.033,0.004,-1.065,0.612,-0.291,-0.098,0.185,0.094
0.165,1.376,1.657,0.999,0.032,-0.03,0.013,-1.148,0.611,-0.13,1.05,0.601,0.831
0.123,1.395,1.656,0.999,0.024,-0.033,-0.0,-1.098,0.516,-0.005,0.154,-0.119,0.099
0.066,1.423,1.664,0.999,0.023,-0.029,0.013,-1.08,0.495,0.158,0.069,0.232,0.891
0.022,1.443,1.679,1.0,0.027,-0.009,0.001,-1.053,0.5,0.344,-0.038,2.111,-0.652
0.022,1.443,1.679,1.0,0.027,-0.009,0.001,-1.053,0.5,0.344,-0.038,2.111,-0.652
-0.045,1.467,1.716,0.999,0.038,-0.03,0.007,-1.147,0.419,0.6,0.745,0.409,0.261
-0.084,1.48,1.735,0.998,0.036,-0.042,0.004,-1.09,0.37,0.569,0.606,-1.234,0.012
-0.084,1.48,1.735,0.998,0.036,-0.042,0.004,-1.09,0.37,0.569,0.606,-1.234,0.012
-0.153,1.502,1.769,0.998,0.036,-0.042,0.008,-1.027,0.31,0.527,0.585,-0.375,0.144
-0.19,1.513,1.788,0.999,0.038,-0.021,0.007,-1.045,0.306,0.571,0.461,0.704,-0.366
-0.19,1.513,1.788,0.999,0.038,-0.021,0.007,-1.045,0.306,0.571,0.461,0.704,-0.366
-0.271,1.533,1.832,0.999,0.042,-0.018,0.006,-1.132,0.222,0.577,-0.115,0.438,-0.312
-0.336,1.546,1.86,0.999,0.05,-0.009,0.015,-1.093,0.168,0.433,0.356,1.548,0.721
-0.36,1.553,1.867,0.998,0.045,-0.01,0.037,-1.211,0.262,0.34,-0.064,1.324,2.974
-0.456,1.567,1.894,0.999,0.046,-0.018,0.009,-0.976,0.159,0.159,0.102,0.505,-0.034
-0.474,1.569,1.899,0.998,0.051,-0.021,0.006,-1.039,0.119,0.232,0.647,0.056,-0.419
-0.518,1.573,1.908,0.999,0.049,-0.007,0.009,-1.051,0.095,0.2,0.168,0.87,-0.196
-0.538,1.574,1.911,0.999,0.05,-0.014,0.007,-0.987,0.05,0.162,0.032,0.129,-0.391
-0.589,1.577,1.924,0.998,0.066,-0.008,0.003,-1.06,0.119,0.293,1.082,0.873,-0.65
-0.653,1.574,1.938,0.999,0.049,-0.012,0.006,-0.967,-0.058,0.243,-0.158,-0.325,-0.2
-0.67,1.574,1.941,0.999,0.048,-0.011,0.008,-0.955,-0.03,0.207,-0.257,0.114,-0.024
-0.733,1.567,1.958,0.999,0.045,-0.008,0.01,-0.95,-0.1,0.2,-0.283,0.784,-0.202
-0.761,1.564,1.966,0.999,0.046,0.003,0.013,-1.199,-0.126,0.316,-0.059,2.505,0.486
-0.866,1.54,2.012,0.999,0.045,-0.023,0.012,-0.927,-0.274,0.455,-0.532,-0.472,-0.21
-0.891,1.534,2.025,0.999,0.049,-0.013,0.015,-0.852,-0.235,0.461,0.118,0.089,-0.066
-0.919,1.525,2.042,0.999,0.044,-0.015,0.018,-0.842,-0.25,0.515,0.103,-0.264,0.233
-0.968,1.508,2.071,0.999,0.034,-0.006,0.017,-0.835,-0.317,0.461,-0.078,0.052,0.06
-0.968,1.508,2.071,0.999,0.034,-0.006,0.017,-0.835,-0.317,0.461,-0.078,0.052,0.06
-0.997,1.498,2.087,0.999,0.034,-0.001,0.028,-0.87,-0.278,0.474,0.129,0.323,0.936
-1.033,1.482,2.105,0.999,0.039,-0.004,0.016,-0.813,-0.346,0.387,0.564,0.202,-0.293
-1.089,1.457,2.121,0.999,0.034,-0.016,0.022,-0.778,-0.366,0.191,-0.123,-0.786,0.228
-1.099,1.453,2.123,0.999,0.033,-0.012,0.023,-0.781,-0.361,0.137,-0.157,-0.413,0.278
-1.13,1.437,2.123,0.999,0.035,-0.004,0.02,-0.743,-0.374,-0.005,0.476,0.387,-0.059
-1.178,1.414,2.117,0.999,0.027,-0.013,0.024,-0.764,-0.367,-0.106,-0.181,-0.372,0.367
-1.203,1.4,2.112,0.999,0.028,-0.024,0.024,-0.74,-0.385,-0.135,0.275,-1.09,0.18
-1.203,1.4,2.112,0.999,0.028,-0.024,0.024,-0.74,-0.385,-0.135,0.275,-1.09,0.18
-1.248,1.374,2.101,1.0,0.021,-0.003,0.02,-0.731,-0.425,-0.2,-0.162,1.005,-0.165
-1.296,1.346,2.086,1.0,0.02,-0.014,0.02,-0.729,-0.456,-0.266,-0.058,0.069,-0.067
-1.343,1.319,2.068,0.999,0.026,-0.017,0.021,-0.729,-0.452,-0.3,0.566,0.172,-0.05
-1.375,1.299,2.055,0.999,0.021,-0.019,0.021,-0.796,-0.541,-0.385,0.084,0.57,-0.059
-1.392,1.288,2.047,0.999,0.028,-0.017,0.022,-1.052,-0.768,-0.532,1.668,1.906,0.816
-1.423,1.269,2.03,0.999,0.028,-0.027,0.023,-0.765,-0.489,-0.421,0.718,-0.268,0.321
-1.437,1.259,2.021,0.999,0.02,-0.024,0.019,-0.716,-0.492,-0.438,-0.258,0.24,-0.179
-1.48,1.231,1.993,0.999,0.022,-0.026,0.018,-0.682,-0.464,-0.46,-0.056,0.016,-0.234
-1.489,1.226,1.988,0.999,0.03,-0.025,0.021,-0.704,-0.449,-0.435,0.677,0.148,0.094
-1.5,1.218,1.981,0.999,0.029,-0.023,0.021,-0.707,-0.449,-0.424,0.591,0.332,0.029
-1.551,1.183,1.952,0.999,0.027,-0.022,0.022,-0.718,-0.495,-0.379,0.019,0.146,0.143
-1.551,1.183,1.952,0.999,0.027,-0.022,0.022,-0.718,-0.495,-0.379,0.019,0.146,0.143
-1.593,1.154,1.933,0.999,0.026,-0.024,0.019,-0.687,-0.49,-0.283,0.089,0.132,-0.086
-1.649,1.113,1.921,0.999,0.024,-0.022,0.019,-0.657,-0.49,-0.095,-0.23,-0.015,-0.085
-1.661,1.104,1.921,0.999,0.027,-0.022,0.019,-0.681,-0.512,-0.056,0.043,-0.115,-0.008
-1.705,1.07,1.922,0.999,0.029,-0.016,0.019,-0.656,-0.514,0.02,-0.025,0.146,0.012
-1.752,1.032,1.927,0.999,0.033,-0.017,0.02,-0.642,-0.535,0.072,0.128,-0.273,0.098
-1.752,1.032,1.927,0.999,0.033,-0.017,0.02,-0.642,-0.535,0.072,0.128,-0.273,0.098
-1.8,0.99,1.936,0.999,0.032,-0.013,0.018,-0.635,-0.563,0.135,-0.042,0.116,-0.058
-1.819,0.973,1.941,0.999,0.035,-0.007,0.02,-0.642,-0.577,0.169,0.17,0.518,0.126
-1.849,0.944,1.951,0.999,0.035,-0.002,0.02,-0.632,-0.604,0.221,0.024,0.378,0.124
-1.876,0.916,1.961,0.999,0.033,-0.005,0.018,-0.589,-0.61,0.219,-0.045,-0.066,-0.016
-1.876,0.916,1.961,0.999,0.033,-0.005,0.018,-0.589,-0.61,0.219,-0.045,-0.066,-0.016
-1.912,0.877,1.974,0.999,0.029,0.001,0.019,-0.559,-0.632,0.207,-0.173,-0.064,-0.035
-1.958,0.821,1.997,0.999,0.028,0.005,0.019,-0.506,-0.644,0.265,-0.124,0.16,0.001
-1.967,0.81,2.002,0.999,0.028,0.005,0.02,-0.506,-0.651,0.296,-0.105,0.007,0.033
-1.991,0.777,2.018,0.999,0.029,0.005,0.019,-0.461,-0.659,0.31,-0.006,-0.048,-0.072
-1.997,0.769,2.022,0.999,0.03,0.011,0.02,-0.484,-0.674,0.328,0.026,0.456,0.067
-2.021,0.732,2.041,0.999,0.029,0.005,0.018,-0.422,-0.669,0.344,-0.028,-0.325,-0.155
-2.047,0.689,2.063,0.999,0.027,0.007,0.019,-0.4,-0.695,0.359,-0.06,-0.365,-0.052
-2.051,0.681,2.067,0.999,0.025,0.013,0.019,-0.37,-0.682,0.337,-0.195,0.254,-0.057
-2.081,0.622,2.093,1.0,0.025,0.007,0.017,-0.345,-0.719,0.294,-0.067,-0.697,-0.192
-2.091,0.602,2.1,0.999,0.024,0.016,0.02,-0.324,-0.704,0.239,-0.079,0.08,0.018
-2.118,0.534,2.114,0.999,0.023,0.017,0.018,-0.264,-0.711,0.099,-0.042,-0.028,-0.164
-2.139,0.472,2.113,0.999,0.022,0.024,0.016,-0.227,-0.706,-0.029,-0.081,0.019,-0.243
-2.142,0.461,2.111,0.999,0.021,0.023,0.016,-0.204,-0.709,-0.065,-0.108,-0.1,-0.201
-2.152,0.423,2.105,0.999,0.021,0.027,0.02,-0.165,-0.7,-0.137,0.04,0.403,0.211
-2.152,0.417,2.103,0.999,0.022,0.022,0.018,-0.14,-0.696,-0.149,0.043,-0.099,0.041
-2.159,0.382,2.095,0.999,0.015,0.028,0.014,-0.132,-0.714,-0.186,-0.474,0.535,-0.231
-2.164,0.346,2.085,1.0,0.019,0.018,0.015,-0.106,-0.725,-0.191,-0.159,-0.386,-0.248
-2.166,0.324,2.077,0.999,0.02,0.019,0.019,-0.052,-0.695,-0.24,0.131,-0.179,0.158
-2.168,0.288,2.065,1.0,0.013,0.016,0.014,-0.042,-0.706,-0.238,-0.317,-0.28,-0.222
-2.168,0.277,2.061,1.0,0.011,0.018,0.013,-0.023,-0.706,-0.254,-0.567,0.012,-0.403
-2.168,0.231,2.043,1.0,0.015,0.005,0.015,-0.0,-0.702,-0.271,-0.027,-0.397,-0.091
-2.168,0.231,2.043,1.0,0.015,0.005,0.015,-0.0,-0.702,-0.271,-0.027,-0.397,-0.091
-2.167,0.2,2.028,1.0,0.011,0.009,0.015,0.029,-0.688,-0.321,-0.212,0.405,-0.125
-2.164,0.163,2.012,1.0,0.014,-0.004,0.02,0.069,-0.679,-0.3,-0.18,-0.528,0.339
-2.164,0.163,2.012,1.0,0.014,-0.004,0.02,0.069,-0.679,-0.3,-0.18,-0.528,0.339
-2.162,0.134,1.999,1.0,0.015,0.007,0.016,0.032,-0.704,-0.319,0.033,0.447,-0.045
-2.158,0.095,1.977,1.0,0.019,-0.006,0.018,0.047,-0.683,-0.353,0.466,-0.422,0.352
-2.158,0.095,1.977,1.0,0.019,-0.006,0.018,0.047,-0.683,-0.353,0.466,-0.422,0.352
-2.151,0.047,1.948,1.0,0.018,-0.01,0.017,0.091,-0.643,-0.413,0.356,-0.057,0.169
-2.148,0.016,1.929,1.0,0.015,-0.006,0.017,0.059,-0.684,-0.409,-0.071,0.521,-0.095
-2.147,0.008,1.925,1.0,0.016,-0.014,0.016,0.071,-0.689,-0.398,-0.05,-0.216,-0.069
-2.141,-0.039,1.897,1.0,0.018,-0.015,0.016,0.078,-0.673,-0.373,0.136,-0.118,-0.013
-2.141,-0.039,1.897,1.0,0.018,-0.015,0.016,0.078,-0.673,-0.373,0.136,-0.118,-0.013
-2.137,-0.072,1.879,1.0,0.017,-0.016,0.016,0.076,-0.691,-0.366,-0.144,-0.265,-0.101
-2.132,-0.105,1.86,1.0,0.015,-0.02,0.01,0.106,-0.678,-0.366,-0.035,-0.762,-0.506
-2.132,-0.105,1.86,1.0,0.015,-0.02,0.01,0.106,-0.678,-0.366,-0.035,-0.762,-0.506
-2.125,-0.165,1.831,1.0,0.019,-0.01,0.016,0.077,-0.649,-0.304,0.221,0.377,0.127
-2.12,-0.201,1.818,0.999,0.024,-0.022,0.017,0.116,-0.771,-0.269,-0.268,-0.323,-0.649
-2.119,-0.215,1.814,1.0,0.022,-0.011,0.016,0.059,-0.71,-0.205,-0.112,0.313,-0.272
-2.112,-0.267,1.804,1.0,0.017,-0.017,0.01,0.105,-0.653,-0.111,-0.302,-0.294,-0.493
-2.112,-0.278,1.803,1.0,0.02,-0.014,0.015,0.077,-0.663,-0.089,0.016,0.015,0.078
-2.105,-0.333,1.802,1.0,0.022,-0.007,0.015,0.079,-0.686,0.029,0.015,0.214,0.033
-2.102,-0.344,1.803,1.0,0.024,-0.005,0.014,0.096,-0.616,0.029,0.07,0.157,-0.063
-2.095,-0.398,1.81,0.999,0.03,-0.006,0.015,0.166,-1.097,0.178,-0.01,0.507,0.044
-2.093,-0.412,1.814,0.999,0.028,-0.007,0.014,0.12,-0.822,0.17,-0.146,0.259,-0.053
-2.088,-0.44,1.821,1.0,0.027,-0.002,0.012,0.119,-0.705,0.171,-0.219,0.314,-0.107
-2.081,-0.483,1.833,1.0,0.026,-0.001,0.013,0.134,-0.694,0.201,-0.183,0.05,-0.006
-2.076,-0.507,1.841,1.0,0.028,-0.001,0.014,0.13,-0.686,0.238,0.077,0.021,0.048
-2.076,-0.507,1.841,1.0,0.028,-0.001,0.014,0.13,-0.686,0.238,0.077,0.021,0.048
-2.065,-0.555,1.858,1.0,0.024,0.001,0.012,0.172,-0.683,0.246,-0.103,0.286,-0.029
-2.052,-0.604,1.875,1.0,0.018,0.004,0.013,0.173,-0.71,0.242,-0.218,-0.292,-0.055
-2.047,-0.618,1.881,1.0,0.019,0.013,0.014,0.233,-0.67,0.269,-0.072,0.522,0.073
-2.04,-0.645,1.891,1.0,0.018,0.007,0.013,0.192,-0.697,0.273,-0.08,-0.14,-0.008
-2.023,-0.686,1.91,1.0,0.015,0.01,0.007,0.31,-0.651,0.29,-0.163,-0.007,-0.462
-2.016,-0.709,1.919,1.0,0.014,0.014,0.012,0.265,-0.683,0.289,-0.114,0.304,-0.01
-2.013,-0.715,1.922,1.0,0.013,0.018,0.013,0.287,-0.659,0.291,-0.166,0.533,0.071
-1.998,-0.747,1.937,1.0,0.013,0.012,0.006,0.681,-1.289,0.605,-0.187,-0.92,-0.798
-1.986,-0.779,1.95,1.0,0.009,0.016,0.011,0.338,-0.72,0.312,-0.203,-0.032,-0.121
-1.986,-0.779,1.95,1.0,0.009,0.016,0.011,0.338,-0.72,0.312,-0.203,-0.032,-0.121
-1.95,-0.842,1.979,1.0,0.007,0.017,0.013,0.443,-0.66,0.327,0.032,0.571,0.041
-1.937,-0.866,1.991,1.0,0.008,0.017,0.011,0.376,-0.629,0.33,0.053,0.342,-0.218
-1.911,-0.905,2.012,1.0,0.014,0.011,0.018,0.45,-0.645,0.344,0.169,-0.513,0.632
-1.911,-0.905,2.012,1.0,0.014,0.011,0.018,0.45,-0.645,0.344,0.169,-0.513,0.632
-1.899,-0.922,2.023,1.0,0.006,0.012,0.014,0.434,-0.621,0.365,-0.535,-0.06,-0.112
-1.866,-0.963,2.043,1.0,0.006,0.018,0.012,0.487,-0.574,0.272,-0.353,0.134,-0.038
-1.866,-0.963,2.043,1.0,0.006,0.018,0.012,0.487,-0.574,0.272,-0.353,0.134,-0.038
-1.848,-0.987,2.051,1.0,0.014,0.018,0.004,0.396,-0.632,0.204,0.307,-2.763,-0.15
-1.8,-0.984,2.103,0.446,0.804,-0.012,-0.393,1.648,0.384,2.173,74.255,-9.399,-33.951
-1.785,-1.055,2.064,1.0,0.016,0.026,0.007,0.477,-0.58,0.038,-1.484,0.126,1.772
-1.761,-1.078,2.065,0.999,0.014,0.048,-0.011,0.578,-0.552,0.037,-0.035,1.327,-1.502
-1.737,-1.1,2.065,0.999,0.005,0.044,-0.004,0.635,-0.533,0.031,-0.941,1.569,-0.003
-1.706,-1.131,2.064,0.999,0.003,0.03,0.023,0.721,-0.537,0.057,0.109,1.459,0.983
-1.706,-1.131,2.064,0.999,0.003,0.03,0.023,0.721,-0.537,0.057,0.109,1.459,0.983
-1.664,-1.165,2.061,1.0,-0.002,0.029,-0.007,0.477,-0.355,-0.329,36.051,-0.154,8.861
-1.617,-1.2,2.062,1.0,-0.017,0.023,0.008,0.862,-0.346,0.109,1.603,4.594,6.402
-1.606,-1.208,2.063,0.999,-0.017,0.031,0.001,0.781,-0.386,0.106,0.041,3.155,2.295
-1.553,-1.249,2.065,1.0,-0.011,0.023,0.009,0.581,-0.515,0.019,0.379,-0.362,0.598
-1.53,-1.261,2.066,1.0,-0.021,0.001,0.007,0.609,-0.673,-0.232,-22.096,63.002,-25.701
-1.481,-1.288,2.068,0.999,-0.031,0.04,0.016,0.677,-0.569,0.011,-3.755,13.468,-16.192
-1.462,-1.297,2.068,1.0,-0.026,0.016,0.001,0.804,-0.426,0.012,-1.354,2.955,-5.585
-1.393,-1.327,2.072,1.0,-0.019,0.021,0.01,0.704,-0.276,0.046,-0.286,1.545,0.344
-1.381,-1.332,2.071,0.999,-0.029,-0.022,0.002,0.72,-0.237,-0.065,3.137,-4.267,-0.323
-1.346,-1.344,2.072,1.0,-0.023,-0.012,0.009,0.735,-0.264,0.019,0.171,-0.717,-0.213
-1.29,-1.362,2.073,0.999,-0.011,-0.038,-0.007,0.807,-0.32,0.076,-4.07,-4.329,3.817
-1.29,-1.362,2.073,0.999,-0.011,-0.038,-0.007,0.807,-0.32,0.076,-4.07,-4.329,3.817
-1.23,-1.375,2.074,1.0,-0.008,0.001,0.005,0.905,-0.073,-0.041,-1.367,7.221,-0.655
-1.201,-1.382,2.074,1.0,0.001,-0.028,0.006,0.972,-0.112,-0.01,0.335,-1.113,-0.257
-1.202,-1.387,2.066,0.923,-0.02,-0.383,0.01,2.506,0.282,-0.527,-2.531,32.019,-0.39
-1.143,-1.396,2.058,1.0,-0.001,0.005,0.009,0.693,0.018,-1.128,-7.327,20.934,7.412
-1.143,-1.396,2.058,1.0,-0.001,0.005,0.009,0.693,0.018,-1.128,-7.327,20.934,7.412
-1.098,-1.404,2.04,1.0,-0.005,-0.015,-0.005,0.716,-0.129,-0.456,4.674,0.982,-1.426
-1.072,-1.409,2.026,1.0,-0.003,-0.021,-0.006,0.698,-0.135,-0.418,0.325,-0.863,-0.517
-1.072,-1.409,2.026,1.0,-0.003,-0.021,-0.006,0.698,-0.135,-0.418,0.325,-0.863,-0.517
-1.046,-1.413,2.011,1.0,0.003,0.0,0.01,0.627,-0.136,-0.38,-0.037,0.5,0.777
-1.007,-1.42,1.983,1.0,0.004,-0.01,0.004,0.633,-0.139,-0.492,0.49,-0.133,0.358
-0.998,-1.422,1.978,1.0,-0.01,-0.01,-0.002,0.826,-0.193,-0.521,-1.162,0.156,-0.131
-0.968,-1.424,1.953,1.0,-0.001,-0.001,-0.004,0.725,-0.105,-0.585,0.017,1.193,-0.476
-0.945,-1.428,1.933,1.0,-0.008,-0.023,0.003,0.625,-0.12,-0.564,-0.252,-0.415,-0.056
-0.917,-1.431,1.907,1.0,-0.011,-0.018,0.002,0.772,-0.111,-0.628,-0.544,-0.289,-0.058
-0.883,-1.434,1.874,1.0,-0.008,0.003,-0.015,0.745,-0.068,-0.688,-0.618,1.569,-1.533
-0.819,-1.437,1.817,0.044,-0.184,-0.032,-0.981,1.079,0.012,-0.673,-18.54,13.562,-76.391
-0.795,-1.438,1.798,0.999,-0.006,0.041,-0.023,0.599,-0.127,-0.769,-3.294,25.65,-5.157
-0.79,-1.437,1.795,1.0,-0.004,0.031,-0.005,0.618,0.166,-1.104,-0.99,41.06,6.027
-0.777,-1.438,1.786,1.0,-0.002,-0.011,0.002,0.489,-0.037,-0.621,0.429,9.584,0.144
-0.729,-1.436,1.766,1.0,-0.016,-0.004,0.007,0.541,-0.018,-0.214,-0.989,-0.711,-0.072
-0.704,-1.435,1.767,1.0,-0.019,-0.015,-0.007,0.664,0.039,0.018,-0.884,-1.152,-1.017
-0.67,-1.428,1.777,1.0,-0.02,0.009,-0.012,0.762,0.079,0.337,1.949,1.914,-0.111
-0.644,-1.423,1.799,1.0,-0.008,0.001,0.003,0.61,0.108,0.533,0.011,0.7,-0.334
-0.595,-1.414,1.841,1.0,-0.007,0.018,-0.009,0.768,0.093,0.607,-0.379,3.668,-1.067
-0.591,-1.411,1.849,1.0,-0.007,-0.011,0.006,0.637,0.257,0.658,-0.878,-1.378,0.553
-0.562,-1.405,1.875,1.0,0.007,-0.004,0.004,0.578,0.238,0.359,-1.291,-16.849,-3.675
-0.544,-1.402,1.891,1.0,0.008,-0.02,0.009,0.611,0.117,0.548,-0.161,-6.161,0.81
-0.517,-1.393,1.912,1.0,-0.0,0.016,-0.022,0.629,0.166,0.451,-0.121,1.311,-1.906
-0.504,-1.389,1.923,1.0,0.002,0.004,0.006,0.561,0.174,0.379,-0.056,0.978,0.633
-0.494,-1.387,1.928,1.0,0.012,-0.002,0.01,0.633,0.153,0.348,0.832,-0.344,0.806
-0.454,-1.378,1.94,1.0,-0.009,0.016,-0.012,0.623,0.149,0.083,-1.839,1.788,-1.14
-0.454,-1.378,1.94,1.0,-0.009,0.016,-0.012,0.623,0.149,0.083,-1.839,1.788,-1.14
-0.421,-1.369,1.943,0.999,0.032,-0.012,0.021,0.735,0.09,-0.057,2.283,-1.681,1.855
-0.406,-1.363,1.944,1.0,0.015,0.016,-0.001,0.477,0.135,0.029,0.611,0.95,0.542
-0.361,-1.35,1.939,1.0,0.005,0.015,0.002,0.458,0.204,-0.06,-0.953,-5.557,0.591
-0.338,-1.343,1.943,1.0,0.003,0.002,-0.0,0.474,0.219,0.056,-0.77,-3.149,0.242
-0.324,-1.341,1.943,1.0,0.004,0.005,-0.01,0.707,0.155,0.012,-0.496,0.695,-0.917
-0.293,-1.333,1.947,1.0,0.011,0.013,-0.006,0.492,0.222,0.11,0.98,0.447,0.338
-0.256,-1.327,1.958,0.996,0.044,-0.075,-0.031,0.596,0.088,0.417,1.952,-6.606,-2.788
-0.246,-1.325,1.949,0.999,-0.011,0.01,-0.029,0.559,-0.062,-0.452,-2.677,16.506,-7.858
-0.176,-1.302,1.967,0.998,0.001,-0.068,-0.0,0.204,0.203,0.306,-0.721,-31.956,-0.555
-0.131,-1.294,1.969,1.0,-0.007,0.005,-0.021,0.409,0.118,0.003,-1.143,-3.109,-1.882
-0.07,-1.276,1.976,1.0,-0.007,-0.021,-0.002,0.534,0.223,0.388,14.433,-3.859,16.397
-0.039,-1.264,1.946,0.921,0.22,0.32,-0.018,0.418,0.242,-1.43,18.961,25.338,1.333
-0.022,-1.265,1.985,1.0,-0.009,0.005,0.008,0.875,0.11,0.381,-3.307,-2.813,3.242
0.004,-1.254,1.987,0.999,-0.023,-0.028,-0.014,0.745,0.377,0.108,-2.608,0.954,-2.617
0.025,-1.251,1.993,1.0,-0.01,0.004,0.007,0.416,0.092,0.117,-0.583,0.656,-0.26
0.047,-1.243,1.998,1.0,-0.014,-0.001,0.003,0.627,0.237,0.288,-0.654,-0.56,-1.48
0.08,-1.23,2.004,0.998,-0.021,-0.054,0.002,0.467,0.335,0.249,-1.863,-4.941,-1.646
0.093,-1.227,2.006,1.0,-0.018,0.011,0.004,0.648,0.332,0.29,-1.538,1.954,-1.646
0.126,-1.212,2.015,0.998,-0.026,-0.05,0.002,0.608,0.301,0.298,-0.113,-1.051,0.659
0.157,-1.201,2.028,1.0,-0.021,-0.006,0.002,0.695,0.188,0.493,1.658,-0.609,-1.465
0.157,-1.201,2.028,1.0,-0.021,-0.006,0.002,0.695,0.188,0.493,1.658,-0.609,-1.465
0.208,-1.177,2.043,0.999,-0.012,-0.012,0.032,1.201,0.825,-0.35,-3.822,-8.174,31.098
0.259,-1.149,2.065,1.0,-0.01,-0.02,0.017,0.574,0.292,0.19,0.812,-0.207,0.829
0.283,-1.134,2.07,0.997,0.011,-0.058,0.047,0.998,0.698,0.229,2.454,-3.874,3.143
0.325,-1.1,2.086,1.0,-0.007,0.002,-0.02,0.73,1.439,-0.78,-17.317,26.672,0.347
0.353,-1.068,2.118,0.453,0.89,-0.055,-0.002,0.754,1.523,1.313,81.535,-0.711,-2.681
0.398,-1.088,2.174,0.001,-0.367,0.826,-0.427,1.191,0.397,2.467,-116.695,85.474,5.357
0.416,-1.044,2.104,1.0,0.004,-0.017,0.013,0.741,1.318,-0.453,-38.687,-11.179,3.762
0.443,-1.026,2.118,0.998,0.029,-0.056,-0.004,0.411,0.493,0.183,-1.42,-2.295,-0.59
0.456,-1.019,2.127,1.0,0.017,-0.021,-0.006,0.73,0.351,0.479,-17.137,3.354,-11.419
0.481,-1.004,2.146,1.0,0.011,-0.006,-0.017,0.478,0.214,0.411,-1.487,0.482,-1.355
0.52,-0.975,2.166,1.0,0.025,-0.009,-0.012,0.63,0.464,0.317,1.193,1.825,0.557
0.537,-0.963,2.174,1.0,0.005,-0.021,-0.021,0.582,0.391,0.244,-0.12,0.036,-0.369
0.571,-0.937,2.175,0.984,0.017,-0.179,-0.011,0.324,0.418,-0.088,0.652,-15.442,0.42
0.598,-0.918,2.172,1.0,0.009,-0.006,-0.02,0.736,0.548,-0.006,-2.29,-3.668,0.693
0.62,-0.9,2.157,0.994,0.005,-0.11,-0.016,0.839,0.763,-0.499,0.157,-10.407,1.012
0.648,-0.883,2.147,1.0,0.002,-0.015,0.003,-0.015,0.885,-0.893,4.345,-31.757,32.766
0.681,-0.856,2.129,0.999,-0.027,-0.028,-0.006,0.527,0.425,-0.281,-2.798,-1.563,1.69
0.686,-0.853,2.124,1.0,-0.013,-0.026,0.007,0.383,0.26,-0.514,0.915,-8.015,3.33
0.697,-0.843,2.115,0.999,-0.001,-0.027,0.03,0.462,0.414,-1.331,-5.458,25.287,-34.97
0.722,-0.818,2.1,0.999,-0.016,-0.031,0.009,0.778,1.23,-0.391,-38.995,-35.173,-15.296
0.74,-0.794,2.092,0.999,-0.039,-0.008,-0.012,0.505,0.243,-0.701,-42.134,-16.975,-15.134
0.74,-0.794,2.092,0.999,-0.039,-0.008,-0.012,0.505,0.243,-0.701,-42.134,-16.975,-15.134
0.752,-0.779,2.087,0.999,-0.037,-0.019,0.01,0.496,0.407,-0.341,-9.992,-5.351,0.522
0.755,-0.787,2.123,0.333,-0.939,0.023,0.079,0.294,0.18,0.7,-31.69,0.128,3.135
0.755,-0.787,2.123,0.333,-0.939,0.023,0.079,0.007,0.004,0.016,-0.714,0.003,0.071
0.755,-0.787,2.123,0.333,-0.939,0.023,0.079,0.001,0.001,0.003,-0.12,0.0,0.012
0.82,-0.666,2.078,0.998,-0.055,-0.008,0.009,0.845,1.774,-1.343,5.587,25.945,10.439
0.797,-0.638,2.153,0.219,0.729,-0.593,0.262,-1.008,0.974,3.139,32.801,-31.062,18.482
0.853,-0.599,2.081,0.996,-0.075,-0.014,-0.049,-0.411,0.213,0.57,-85.745,58.871,-98.227
0.86,-0.564,2.086,0.998,-0.058,0.014,-0.01,0.057,0.894,0.244,-17.653,15.758,-21.014
0.88,-0.508,2.091,0.998,-0.045,-0.045,0.011,-0.081,0.644,-0.706,2.565,-8.335,14.251
0.896,-0.454,2.089,0.998,-0.05,-0.028,0.008,-0.064,0.739,-0.113,-2.003,7.285,0.983
0.909,-0.408,2.084,0.999,-0.038,-0.033,0.008,0.199,0.843,-0.148,-3.548,3.222,1.417
0.885,-0.436,2.048,0.999,-0.03,-0.021,0.003,-1.868,-0.962,-4.166,118.002,-6.172,-84.379
0.932,-0.327,2.104,0.339,-0.938,0.033,0.066,0.302,0.195,0.414,-17.81,3.723,1.898
0.926,-0.29,2.047,0.01,0.845,-0.05,-0.532,-0.276,0.869,-1.595,53.908,-1.253,-48.373
0.953,-0.208,2.043,1.0,-0.01,-0.027,0.003,0.161,0.865,-0.758,-33.266,-22.691,-14.936
0.953,-0.174,2.07,0.365,0.928,-0.07,-0.026,0.381,1.688,0.904,11.705,-73.11,-50.203
0.965,-0.126,2.056,0.362,0.929,-0.05,-0.057,0.227,1.563,1.031,23.145,-29.59,-34.222
0.983,-0.128,2.001,0.001,0.718,-0.006,0.696,1.169,0.686,-2.218,42.654,38.084,0.762
0.976,-0.057,1.993,0.999,0.011,-0.032,-0.002,0.121,1.522,-0.636,0.492,2.113,-2.75
0.983,0.005,1.971,0.997,0.012,-0.074,0.0,0.069,1.013,-0.429,0.046,-4.16,0.06
0.987,0.038,1.992,0.353,-0.935,0.018,0.013,0.036,0.025,0.256,-31.944,-1.762,1.069
0.989,0.068,1.954,0.999,0.012,-0.037,-0.012,0.063,0.829,-0.718,26.479,-2.234,-2.373
0.993,0.119,1.938,0.999,0.034,-0.029,0.0,0.045,0.781,-0.499,-5.997,1.039,0.362
0.995,0.166,1.93,0.999,0.03,-0.035,0.001,-0.458,1.762,-0.338,4.777,8.43,-4.287
0.995,0.195,1.926,0.999,0.022,-0.036,0.009,-0.398,-0.02,-0.728,-1.715,1.798,2.381
0.993,0.254,1.923,0.999,0.025,-0.031,0.007,-0.089,0.706,-0.028,-0.438,0.623,0.551
0.994,0.275,1.923,0.998,0.036,-0.045,-0.002,0.025,0.925,0.0,0.604,-1.867,-0.4
0.99,0.317,1.93,0.999,0.036,-0.037,0.002,-0.033,0.991,-0.167,21.599,1.242,13.217
0.989,0.326,1.933,0.998,0.033,-0.047,-0.001,-0.047,0.855,0.003,11.015,-0.194,6.708
0.982,0.374,1.952,0.999,0.032,-0.043,-0.006,-0.122,0.74,0.363,0.247,-0.771,0.02
0.974,0.411,1.968,0.999,0.027,-0.041,-0.002,-0.124,0.703,0.303,-0.037,-0.31,0.242
0.969,0.427,1.973,0.999,0.029,-0.04,-0.005,-0.177,0.674,0.232,0.267,-0.042,-0.023
0.953,0.482,1.998,0.999,0.028,-0.038,-0.005,-0.218,0.612,0.292,0.318,0.462,-0.282
0.94,0.517,2.011,0.999,0.023,-0.041,-0.003,-0.219,0.615,0.197,0.036,0.305,0.09
0.936,0.523,2.012,0.999,0.025,-0.033,-0.001,-0.259,0.567,0.137,-0.164,1.456,0.345
0.925,0.548,2.015,0.999,0.006,-0.031,0.008,-0.303,0.586,0.02,-1.358,0.869,1.199
0.909,0.583,2.014,0.999,0.005,-0.045,-0.016,-0.23,0.565,-0.024,-0.169,-1.449,-0.704
0.901,0.598,2.012,0.999,0.017,-0.044,-0.004,-0.287,0.551,-0.061,0.564,-1.384,0.142
0.882,0.635,2.005,0.999,0.016,-0.031,-0.004,-0.289,0.644,-0.048,-0.477,2.468,0.624
0.869,0.657,1.999,0.999,0.016,-0.042,-0.007,-0.327,0.585,-0.124,0.533,-0.23,0.379
0.846,0.691,1.986,0.999,0.012,-0.049,-0.005,-0.299,0.583,-0.169,0.987,-1.85,-0.178
0.839,0.702,1.982,0.999,0.005,-0.04,-0.004,-0.306,0.608,-0.112,0.451,-0.999,0.567
0.808,0.739,1.966,0.999,0.0,-0.046,-0.014,-0.516,0.484,-0.299,-1.024,-0.122,-0.677
0.797,0.754,1.961,0.999,-0.011,-0.042,-0.02,-0.454,0.448,-0.24,-1.769,0.454,-1.325
0.758,0.8,1.95,0.999,-0.016,-0.049,-0.017,-0.464,0.492,-0.092,-0.721,0.163,-0.828
0.75,0.811,1.95,0.998,0.004,-0.057,-0.005,-0.476,0.627,-0.029,1.245,-0.677,0.372
0.715,0.848,1.945,0.998,-0.022,-0.055,-0.004,-0.473,0.583,0.026,-0.68,-0.532,0.692
0.704,0.859,1.946,0.998,-0.023,-0.054,-0.003,-0.48,0.521,0.011,-0.41,-0.018,0.331
0.664,0.9,1.952,0.999,-0.014,-0.05,-0.002,-0.575,0.616,0.137,0.581,-0.204,0.477
0.642,0.924,1.965,0.991,-0.083,-0.107,0.018,-0.481,0.64,0.558,-4.442,-7.07,-0.267
0.603,0.957,1.967,0.999,-0.022,-0.047,-0.013,-0.639,0.615,0.184,-0.025,-0.476,-0.228
0.575,0.984,1.977,0.999,-0.025,-0.034,-0.014,-0.662,0.533,0.077,1.547,5.342,-1.61
0.534,1.024,1.986,0.999,-0.02,-0.032,-0.014,-0.609,0.551,0.052,0.725,1.296,-0.637
0.519,1.038,1.987,0.999,-0.014,-0.032,-0.011,-1.023,1.021,0.174,1.24,-0.675,0.456
0.467,1.088,1.983,0.999,-0.008,-0.034,-0.016,-0.679,0.629,-0.101,0.392,-0.4,-0.371
0.453,1.102,1.98,0.999,-0.009,-0.033,-0.013,-0.672,0.661,-0.127,0.135,-0.314,-0.009
0.425,1.127,1.967,1.0,-0.011,-0.021,-0.017,-0.666,0.607,-0.368,0.369,1.657,-0.688
0.396,1.155,1.949,1.0,-0.006,-0.017,-0.014,-0.701,0.638,-0.479,-0.167,0.476,0.044
0.359,1.189,1.919,1.0,0.006,-0.017,-0.018,-0.708,0.662,-0.609,0.475,-0.964,-0.109
0.336,1.211,1.897,1.0,0.003,-0.022,-0.013,-0.729,0.692,-0.706,-0.527,-0.532,0.452
0.305,1.239,1.867,1.0,0.005,-0.024,-0.014,-0.773,0.656,-0.755,-0.978,-0.778,-0.1
0.263,1.277,1.832,1.0,0.014,-0.011,-0.019,-0.678,0.6,-0.511,-0.057,-0.074,-0.232
0.252,1.286,1.825,1.0,0.009,-0.005,-0.019,-0.634,0.568,-0.456,-0.367,0.181,-0.96
0.202,1.328,1.809,1.0,0.008,-0.019,-0.018,-0.635,0.509,-0.124,-0.458,-0.31,-0.407
0.179,1.347,1.811,1.0,0.012,-0.021,-0.013,-0.667,0.592,0.05,0.207,-0.306,0.357
0.132,1.382,1.825,1.0,0.013,-0.023,-0.008,-0.625,0.474,0.261,0.106,-0.208,0.729
0.11,1.398,1.838,0.999,0.018,-0.029,-0.011,-0.737,0.574,0.383,0.544,-0.527,0.463
0.058,1.434,1.879,1.0,0.009,-0.025,-0.014,-0.671,0.449,0.518,-0.103,0.28,-0.051
0.044,1.441,1.892,0.999,0.01,-0.049,-0.015,-0.656,0.315,0.626,0.27,-2.634,-0.67
0.018,1.459,1.912,0.999,0.01,-0.052,-0.008,-0.657,0.381,0.525,0.205,-1.22,0.068
-0.012,1.48,1.93,0.999,0.005,-0.04,-0.009,-0.735,0.495,0.464,-0.172,0.535,-0.162
-0.05,1.503,1.948,0.999,0.007,-0.045,-0.009,-0.699,0.427,0.306,-0.193,-0.0,-0.057
-0.05,1.503,1.948,0.999,0.007,-0.045,-0.009,-0.699,0.427,0.306,-0.193,-0.0,-0.057
-0.072,1.516,1.957,0.999,0.006,-0.031,-0.013,-0.766,0.472,0.312,-0.42,1.242,-0.493
-0.122,1.544,1.973,0.999,0.009,-0.035,-0.009,-0.725,0.373,0.212,-0.095,0.503,-0.192
-0.122,1.544,1.973,0.999,0.009,-0.035,-0.009,-0.725,0.373,0.212,-0.095,0.503,-0.192
-0.164,1.568,1.982,0.999,0.01,-0.038,-0.004,-0.762,0.435,0.174,-0.131,0.13,0.03
-0.224,1.599,1.989,0.999,0.014,-0.032,-0.009,-0.776,0.39,0.077,0.099,0.027,-0.05
-0.246,1.609,1.991,0.999,0.011,-0.029,-0.009,-0.776,0.361,0.068,-0.368,0.285,-0.048
-0.299,1.635,1.999,0.999,0.013,-0.033,-0.003,-0.757,0.337,0.155,-0.391,-0.198,0.401
-0.328,1.647,2.005,0.999,0.015,-0.033,-0.002,-1.369,0.484,0.19,-2.398,0.442,-0.077
-0.345,1.654,2.009,0.999,0.022,-0.027,-0.007,-0.981,0.371,0.17,-0.332,0.702,-0.392
-0.4,1.676,2.026,0.999,0.022,-0.037,-0.005,-0.808,0.349,0.293,-0.193,-0.751,0.019
-0.426,1.684,2.033,0.999,0.03,-0.03,-0.002,-0.822,0.275,0.269,0.529,-0.254,0.28
-0.426,1.684,2.033,0.999,0.03,-0.03,-0.002,-0.822,0.275,0.269,0.529,-0.254,0.28
-0.476,1.7,2.053,0.999,0.028,-0.019,-0.008,-0.752,0.242,0.269,0.177,0.544,-0.092
-0.512,1.71,2.07,0.999,0.026,-0.044,-0.002,-0.819,0.251,0.395,-0.196,-1.786,0.326
-0.54,1.716,2.079,0.999,0.032,-0.021,-0.01,-0.843,0.186,0.284,-0.067,0.476,-0.34
-0.573,1.724,2.09,0.999,0.032,-0.025,-0.004,-0.804,0.19,0.238,-0.21,-0.323,0.112
-0.6,1.729,2.1,0.999,0.031,-0.028,-0.004,-0.853,0.164,0.27,0.11,0.292,0.3
-0.607,1.729,2.102,0.999,0.043,-0.025,-0.005,-0.869,0.117,0.278,1.151,0.325,0.03
-0.658,1.737,2.115,0.999,0.039,-0.011,-0.007,-0.847,0.091,0.196,-0.451,0.664,-0.143
-0.685,1.74,2.121,0.999,0.046,-0.011,-0.01,-1.219,0.068,0.323,1.098,-0.387,0.051
-0.694,1.742,2.122,0.999,0.045,-0.017,-0.003,-0.936,0.094,0.23,0.541,-0.788,0.685
-0.718,1.744,2.126,0.999,0.041,-0.004,-0.008,-0.939,0.087,0.123,0.622,1.521,-0.715
-0.78,1.746,2.137,0.999,0.04,-0.001,-0.007,-0.808,0.02,0.101,-0.689,1.117,0.084
-0.796,1.744,2.142,0.999,0.05,-0.014,-0.004,-0.806,-0.084,0.161,0.544,0.149,-0.005
-0.845,1.741,2.155,0.999,0.035,-0.013,-0.001,-0.761,-0.083,0.26,-0.532,0.135,0.133
-0.903,1.734,2.178,0.999,0.035,-0.014,-0.0,-0.787,-0.131,0.26,-0.248,1.023,-0.003
-0.903,1.734,2.178,0.999,0.035,-0.014,-0.0,-0.787,-0.131,0.26,-0.248,1.023,-0.003
-0.958,1.725,2.202,0.999,0.036,-0.021,0.008,-0.831,-0.119,0.272,0.412,0.798,0.888
-0.977,1.72,2.209,0.999,0.033,-0.029,0.003,-0.792,-0.172,0.252,0.198,0.125,0.175
-1.032,1.706,2.228,0.999,0.031,-0.025,-0.001,-0.776,-0.233,0.219,-0.082,0.567,-0.095
-1.058,1.7,2.236,0.999,0.035,-0.03,-0.003,-0.797,-0.2,0.246,0.063,-0.223,-0.455
-1.058,1.7,2.236,0.999,0.035,-0.03,-0.003,-0.797,-0.2,0.246,0.063,-0.223,-0.455
-1.112,1.683,2.243,0.999,0.028,-0.023,0.002,-0.805,-0.273,0.041,-0.273,0.272,-0.091
-1.166,1.666,2.237,1.0,0.023,-0.018,0.003,-0.846,-0.232,-0.016,-1.468,-0.093,-0.058
-1.185,1.659,2.231,0.999,0.028,-0.019,0.005,-0.794,-0.252,-0.175,-0.38,-0.654,0.29
-1.223,1.645,2.217,0.999,0.039,-0.013,0.001,-0.811,-0.275,-0.277,0.529,-0.054,0.001
-1.235,1.641,2.211,0.999,0.035,-0.011,0.003,-0.71,-0.241,-0.253,-0.131,-0.414,0.236
-1.274,1.623,2.191,0.999,0.042,-0.005,0.003,-0.728,-0.349,-0.396,0.381,0.613,-0.015
-1.317,1.603,2.173,0.999,0.042,-0.009,-0.001,-0.747,-0.356,-0.311,0.036,0.199,-0.419
-1.325,1.598,2.169,0.999,0.044,-0.007,0.002,-0.716,-0.382,-0.299,0.265,0.317,-0.081
-1.385,1.564,2.157,0.999,0.037,-0.007,0.003,-0.675,-0.409,-0.086,-0.165,0.242,0.078
-1.396,1.556,2.156,0.999,0.038,-0.015,0.006,-0.669,-0.434,-0.079,0.236,-0.735,0.489
-1.449,1.518,2.155,0.999,0.035,-0.004,-0.0,-0.634,-0.483,0.013,0.008,0.345,-0.299
-1.457,1.512,2.156,0.999,0.037,-0.007,0.004,-0.629,-0.476,0.049,0.361,-0.083,0.242
-1.514,1.464,2.17,0.999,0.037,-0.006,0.003,-0.591,-0.512,0.187,0.024,-0.009,0.063
-1.523,1.455,2.173,0.999,0.037,-0.008,0.005,-0.573,-0.512,0.204,0.15,-0.134,0.233
-1.573,1.407,2.198,0.999,0.033,-0.011,0.004,-0.567,-0.551,0.316,0.139,-0.163,0.18
-1.619,1.358,2.225,1.0,0.026,-0.012,0.005,-0.562,-0.567,0.323,0.395,-0.036,0.27
-1.63,1.345,2.23,1.0,0.018,-0.013,0.003,-0.532,-0.589,0.284,-0.31,-0.006,-0.002
-1.679,1.289,2.254,1.0,0.016,-0.016,0.003,-0.498,-0.579,0.217,-0.204,-0.107,-0.056
-1.717,1.246,2.267,1.0,0.021,-0.015,0.005,-0.517,-0.577,0.154,0.309,0.014,0.102
-1.73,1.231,2.27,1.0,0.014,-0.014,0.003,-0.501,-0.6,0.114,-0.228,0.045,-0.124
-1.772,1.181,2.274,1.0,0.013,-0.013,0.004,-0.483,-0.592,0.02,-0.197,0.096,-0.015
-1.78,1.171,2.274,1.0,0.013,-0.013,0.004,-0.478,-0.588,0.012,-0.207,0.071,-0.012
-1.831,1.108,2.265,1.0,0.011,-0.015,0.004,-0.478,-0.601,-0.15,-0.183,-0.036,0.076
-1.861,1.07,2.248,1.0,0.008,-0.017,0.005,-0.456,-0.581,-0.295,-0.222,-0.022,0.027
-1.873,1.056,2.239,1.0,0.006,-0.017,0.005,-0.459,-0.571,-0.351,-0.202,-0.013,0.036
-1.905,1.016,2.206,1.0,0.005,-0.018,0.004,-0.444,-0.553,-0.479,-0.05,-0.1,-0.026
-1.918,1.0,2.19,1.0,0.005,-0.017,0.006,-0.45,-0.559,-0.545,0.001,-0.01,0.035
-1.947,0.963,2.151,1.0,0.002,-0.019,0.006,-0.444,-0.55,-0.609,-0.08,0.006,0.059
-1.962,0.945,2.13,1.0,0.004,-0.019,0.005,-0.445,-0.55,-0.628,0.063,-0.015,-0.007
-1.994,0.906,2.085,1.0,0.006,-0.021,0.005,-0.42,-0.526,-0.616,0.005,-0.165,-0.053
-2.002,0.897,2.075,1.0,0.004,-0.021,0.005,-0.426,-0.529,-0.614,-0.208,-0.127,-0.036
-2.032,0.86,2.036,1.0,0.007,-0.015,0.006,-0.43,-0.517,-0.55,0.098,0.346,0.048
-2.054,0.835,2.011,1.0,0.008,-0.017,0.005,-0.441,-0.522,-0.49,0.115,0.166,-0.027
-2.071,0.814,1.993,1.0,0.008,-0.022,0.004,-0.398,-0.493,-0.427,-0.021,-0.228,-0.101
-2.075,0.81,1.991,1.0,0.009,-0.015,0.006,-0.435,-0.505,-0.396,0.082,0.373,0.088
-2.092,0.789,1.978,1.0,0.01,-0.017,0.005,-0.462,-0.564,-0.36,0.121,-0.053,0.026
-2.137,0.735,1.963,1.0,0.017,-0.011,0.004,-0.42,-0.509,-0.063,0.185,0.263,0.008
-2.166,0.7,1.965,1.0,0.02,-0.006,0.005,-0.402,-0.504,0.059,0.148,0.325,0.005
-2.172,0.691,1.967,1.0,0.02,-0.009,0.004,-0.405,-0.521,0.091,0.177,-0.025,-0.062
-2.203,0.65,1.98,1.0,0.025,-0.006,0.008,-0.367,-0.488,0.187,0.259,0.099,0.209
-2.207,0.644,1.983,1.0,0.024,-0.015,0.004,-0.462,-0.712,0.269,-1.091,-0.827,-1.544
-2.233,0.606,2.002,0.999,0.031,-0.002,0.008,-0.363,-0.552,0.297,0.336,0.388,0.222
-2.246,0.585,2.016,1.0,0.027,-0.005,0.001,-0.379,-0.585,0.393,-0.026,-0.101,-0.139
-2.266,0.549,2.042,0.999,0.032,-0.002,0.002,-0.336,-0.585,0.436,0.057,0.094,-0.097
-2.278,0.528,2.058,0.999,0.033,-0.0,0.002,-0.314,-0.589,0.459,0.098,0.074,-0.005
-2.302,0.477,2.098,1.0,0.03,0.0,0.001,-0.321,-0.656,0.539,0.063,1.268,0.071
-2.305,0.47,2.105,1.0,0.031,0.001,0.002,-0.297,-0.635,0.516,0.079,0.675,0.073
-2.324,0.425,2.138,1.0,0.028,0.005,0.002,-0.251,-0.629,0.467,-0.117,0.272,0.011
-2.334,0.395,2.159,1.0,0.028,0.005,0.002,-0.235,-0.637,0.439,-0.016,0.192,0.026
-2.349,0.351,2.186,1.0,0.028,0.007,0.002,-0.209,-0.663,0.387,-0.006,0.009,0.024
-2.35,0.343,2.189,1.0,0.026,-0.006,0.001,-0.175,-0.663,0.343,-0.159,-1.268,-0.083
-2.368,0.278,2.217,1.0,0.022,0.015,0.002,-0.174,-0.743,0.234,-0.294,0.397,-0.157
-2.369,0.273,2.219,1.0,0.024,0.013,0.003,-0.171,-0.724,0.239,-0.019,0.146,0.042
-2.376,0.238,2.227,1.0,0.022,0.008,0.003,-0.129,-0.687,0.162,-0.087,-0.694,0.064
-2.378,0.224,2.23,1.0,0.021,0.002,0.005,-0.107,-0.693,0.14,-0.143,-0.449,0.098
-2.381,0.201,2.234,1.0,0.021,0.003,0.007,-0.102,-0.693,0.121,-0.002,0.036,0.062
-2.384,0.175,2.237,1.0,0.02,0.001,0.006,-0.083,-0.797,0.107,-0.017,-0.652,0.052
-2.387,0.138,2.242,1.0,0.019,0.012,0.004,-0.052,-0.702,0.086,-0.009,0.057,-0.039
-2.388,0.112,2.244,1.0,0.017,0.012,0.004,-0.029,-0.71,0.065,-0.101,0.042,-0.0
-2.389,0.077,2.247,1.0,0.017,0.009,0.004,-0.0,-0.704,0.049,0.048,-0.14,-0.012
-2.388,0.065,2.247,1.0,0.016,0.009,0.005,0.007,-0.705,0.043,-0.008,-0.045,0.015
-2.386,0.019,2.249,1.0,0.015,0.006,0.004,0.035,-0.697,0.015,-0.073,-0.091,-0.038
-2.384,-0.007,2.249,1.0,0.016,0.004,0.005,0.053,-0.69,0.003,0.054,-0.065,0.022
-2.382,-0.03,2.249,1.0,0.016,0.001,0.004,0.065,-0.69,-0.002,0.052,-0.161,-0.019
-2.378,-0.061,2.249,1.0,0.019,-0.001,0.006,0.084,-0.686,-0.014,0.211,-0.128,0.119
-2.374,-0.098,2.247,1.0,0.016,-0.0,0.004,0.108,-0.805,-0.033,0.182,-0.347,-0.096
-2.374,-0.098,2.247,1.0,0.016,-0.0,0.004,0.108,-0.805,-0.033,0.182,-0.347,-0.096
-2.367,-0.138,2.243,1.0,0.02,-0.001,0.007,0.099,-0.717,-0.089,0.157,0.387,0.104
-2.361,-0.174,2.236,1.0,0.019,-0.006,0.003,0.118,-0.676,-0.142,0.034,0.3,0.031
-2.36,-0.183,2.235,1.0,0.019,-0.012,0.002,0.096,-0.689,-0.115,0.046,-0.251,-0.01
-2.352,-0.227,2.223,1.0,0.016,-0.004,0.0,0.116,-0.661,-0.183,-0.136,0.19,-0.077
-2.346,-0.261,2.21,1.0,0.018,-0.003,0.003,0.137,-0.721,-0.263,-0.109,-0.678,0.491
-2.344,-0.272,2.206,1.0,0.015,-0.006,0.001,0.152,-0.709,-0.284,-0.598,-1.275,0.331
-2.336,-0.314,2.187,1.0,0.02,-0.006,0.002,0.134,-0.668,-0.324,0.082,-0.547,0.219
-2.334,-0.322,2.182,1.0,0.02,-0.007,0.002,0.124,-0.669,-0.327,0.069,-0.291,0.107
-2.331,-0.342,2.172,1.0,0.016,-0.008,0.0,0.133,-0.668,-0.351,-0.403,-0.344,-0.223
-2.327,-0.367,2.159,1.0,0.01,-0.005,-0.002,0.104,-0.677,-0.342,-0.523,0.132,-0.145
-2.323,-0.386,2.148,1.0,0.014,-0.002,-0.006,0.097,-0.659,-0.373,-0.111,0.401,-0.675
-2.315,-0.431,2.125,1.0,0.019,-0.006,0.003,0.144,-0.73,-0.359,0.262,-0.206,0.574
-2.313,-0.44,2.122,1.0,0.012,-0.006,-0.001,0.13,-0.717,-0.319,-0.534,-0.153,-0.019
-2.311,-0.456,2.115,1.0,0.01,0.013,-0.004,-0.023,-0.714,-0.326,107.463,-54.928,53.55
-2.302,-0.494,2.101,0.999,0.031,0.004,-0.012,0.167,-0.635,-0.211,5.559,-2.419,1.58
-2.3,-0.512,2.095,1.0,0.015,0.007,-0.011,0.117,-0.7,-0.192,0.534,-0.25,0.21
-2.298,-0.516,2.094,1.0,0.028,-0.003,-0.007,0.143,-0.623,-0.182,1.321,-0.745,0.43
-2.29,-0.562,2.083,0.999,0.03,-0.002,-0.013,0.135,-0.655,-0.129,0.668,-0.124,-0.273
-2.289,-0.573,2.081,0.999,0.027,-0.006,-0.017,0.092,-0.696,-0.141,0.948,-1.208,-0.861
-2.285,-0.59,2.078,1.0,0.024,0.002,-0.011,0.132,-0.724,-0.1,0.159,-0.417,-0.35
-2.279,-0.621,2.075,0.999,0.031,0.003,-0.011,0.155,-0.671,-0.069,0.509,0.309,-0.136
-2.277,-0.643,2.075,1.0,0.015,0.01,-0.004,0.092,-0.721,-0.021,-0.645,0.699,0.077
-2.272,-0.666,2.075,1.0,0.013,-0.003,0.001,0.128,-0.72,0.022,-0.583,-0.924,0.246
-2.264,-0.705,2.078,1.0,0.011,0.017,-0.006,0.153,-0.67,0.1,-0.652,0.974,-0.478
-2.264,-0.705,2.078,1.0,0.011,0.017,-0.006,0.153,-0.67,0.1,-0.652,0.974,-0.478
-2.259,-0.728,2.08,0.999,0.014,0.029,-0.015,0.128,-0.675,0.085,-0.185,1.254,-0.764
-2.254,-0.748,2.082,1.0,0.019,0.01,0.003,0.183,-0.727,0.073,0.231,-0.954,1.128
-2.235,-0.816,2.092,1.0,0.016,0.023,-0.0,0.19,-0.697,0.11,0.168,-0.255,0.579
-2.223,-0.854,2.098,1.0,0.021,0.007,0.007,0.237,-0.717,0.093,0.535,-1.21,0.845
-2.221,-0.861,2.1,0.999,0.017,0.044,-0.015,0.235,-0.616,0.145,0.081,2.656,-1.467
-2.208,-0.896,2.108,1.0,0.015,0.02,0.002,0.227,-0.691,0.17,0.017,-0.627,0.454
-2.194,-0.924,2.114,0.999,0.016,0.033,0.003,0.344,-0.714,0.114,-0.069,-1.123,0.788
-2.19,-0.932,2.117,0.998,0.013,0.054,0.001,0.393,-0.719,0.233,-0.625,1.032,0.828
-2.177,-0.96,2.126,0.998,0.009,0.062,-0.001,0.303,-0.595,0.069,26.455,8.381,0.303
-2.168,-0.976,2.13,0.998,-0.003,0.061,-0.001,0.384,-0.638,0.137,5.473,3.6,-0.044
-2.147,-1.013,2.146,0.997,0.022,0.075,-0.006,0.354,-0.656,0.319,1.519,3.172,-0.311
-2.124,-1.043,2.161,0.998,0.01,0.057,-0.008,0.5,-0.634,0.33,-0.094,0.758,-0.402
-2.124,-1.043,2.161,0.998,0.01,0.057,-0.008,0.5,-0.634,0.33,-0.094,0.758,-0.402
-2.087,-1.095,2.193,0.998,0.013,0.054,0.004,0.513,-0.672,0.457,0.234,0.989,0.293
-2.055,-1.129,2.219,0.998,0.025,0.059,0.005,0.641,-0.678,0.505,1.376,0.355,0.512
-2.034,-1.151,2.238,0.998,0.018,0.058,0.001,0.544,-0.903,-0.003,-34.402,0.817,1.362
-1.966,-1.213,2.29,0.998,0.011,0.059,0.012,0.738,-0.682,0.592,-1.919,1.947,0.7
-1.961,-1.217,2.292,0.999,0.018,0.041,0.005,0.679,-0.624,0.498,-0.858,0.154,-0.125
-1.891,-1.274,2.331,0.999,0.005,0.033,0.009,0.803,-0.983,-0.352,-42.93,2.695,8.581
-1.829,-1.317,2.352,1.0,-0.001,0.026,0.004,1.914,-1.358,0.498,-6.323,-0.5,-0.187
-1.791,-1.343,2.362,0.999,0.017,0.035,0.01,1.06,-0.718,0.272,-0.009,0.572,0.321
-1.722,-1.378,2.354,0.006,0.765,-0.002,0.644,1.774,-0.706,-0.699,70.586,-0.708,61.601
-1.719,-1.369,2.408,0.355,0.929,-0.037,-0.097,0.543,0.069,1.358,1.907,-38.57,4.526
-1.635,-1.44,2.359,0.008,0.855,-0.036,-0.517,1.163,-0.678,-0.323,5.943,17.745,0.545
-1.612,-1.451,2.358,0.011,0.856,-0.034,-0.516,0.335,-0.36,-0.449,4.884,-4.434,-2.73
-1.558,-1.448,2.408,0.376,0.924,-0.046,-0.056,1.527,0.217,1.394,1.335,-34.349,-22.585
-1.539,-1.479,2.39,0.303,0.928,-0.143,0.163,0.111,0.021,0.895,-5.841,-74.309,-30.411
-1.437,-1.521,2.363,1.0,0.007,0.015,0.017,1.505,-1.319,-1.404,-95.89,-15.091,2.529
-1.409,-1.512,2.4,0.377,0.917,0.022,0.132,0.057,0.005,0.05,2.251,-0.105,0.47
-1.409,-1.512,2.4,0.377,0.917,0.022,0.132,0.023,0.002,0.02,0.922,-0.043,0.193
-1.409,-1.512,2.4,0.377,0.917,0.022,0.132,0.0,0.0,0.0,0.009,-0.0,0.002
-1.409,-1.512,2.4,0.377,0.917,0.022,0.132,0.0,0.0,0.0,0.004,-0.0,0.001
-1.202,-1.579,2.331,0.385,0.919,0.019,0.08,0.081,-0.026,-0.027,-0.005,-0.038,-0.014
-1.202,-1.579,2.331,0.385,0.919,0.019,0.08,0.004,-0.001,-0.002,-0.0,-0.002,-0.001
-1.202,-1.579,2.331,0.385,0.919,0.019,0.08,0.001,-0.0,-0.0,-0.0,-0.001,-0.0
-1.042,-1.634,2.172,0.991,-0.016,-0.12,-0.061,5.92,-2.063,-5.867,-68.546,-8.864,0.553
-1.042,-1.634,2.172,0.991,-0.016,-0.12,-0.061,3.031,-1.056,-3.004,-35.095,-4.538,0.283
-1.042,-1.634,2.172,0.991,-0.016,-0.12,-0.061,0.636,-0.221,-0.63,-7.36,-0.952,0.059
-0.94,-1.644,2.092,0.999,-0.034,-0.041,-0.011,1.144,-0.077,-1.019,-0.554,1.492,0.504
-0.919,-1.646,2.068,0.999,-0.033,-0.04,-0.012,0.871,-0.046,-0.918,-0.471,0.337,0.032
-0.865,-1.644,2.009,0.999,-0.022,-0.035,-0.009,0.963,0.144,-0.892,0.389,1.908,-1.233
-0.853,-1.645,1.997,0.999,-0.027,-0.042,-0.011,0.746,0.038,-0.712,-0.189,0.231,-0.646
-0.81,-1.638,1.955,0.999,-0.015,-0.03,-0.005,0.539,0.101,-0.498,0.247,0.329,0.277
-0.796,-1.636,1.943,1.0,-0.013,-0.024,-0.004,0.558,0.102,-0.501,0.536,0.854,0.291
-0.763,-1.627,1.924,0.999,-0.016,-0.047,-0.008,0.538,0.136,-0.232,-1.429,-1.091,0.479
-0.747,-1.621,1.92,0.999,-0.012,-0.032,-0.005,0.451,0.167,-0.086,-0.04,0.338,-0.208
-0.726,-1.613,1.919,0.999,-0.003,-0.05,-0.001,0.501,0.188,-0.1,-0.1,-1.56,0.652
-0.723,-1.611,1.921,0.999,-0.001,-0.041,-0.009,0.449,0.165,0.048,-0.093,-0.687,-0.434
-0.703,-1.6,1.932,1.0,0.002,-0.025,-0.005,0.402,0.162,0.197,0.765,-0.494,-0.773
-0.696,-1.592,1.94,1.0,-0.001,-0.005,0.022,0.156,0.246,0.192,-0.071,2.012,2.404
-0.689,-1.591,1.942,1.0,0.0,-0.027,-0.007,0.407,0.212,0.232,-0.059,-0.824,-0.781
-0.672,-1.58,1.953,1.0,0.01,-0.014,-0.003,0.461,0.23,0.264,1.145,0.948,-1.647
-0.665,-1.576,1.955,1.0,0.001,-0.017,-0.006,0.489,0.18,0.218,0.437,-1.268,-2.222
-0.653,-1.566,1.962,1.0,0.008,-0.023,-0.004,0.348,0.267,0.201,0.205,-0.532,-0.095
-0.641,-1.558,1.971,1.0,-0.002,-0.002,-0.014,0.248,0.163,0.201,-0.525,2.228,-1.087
-0.641,-1.558,1.971,1.0,-0.002,-0.002,-0.014,0.248,0.163,0.201,-0.525,2.228,-1.087
-0.633,-1.551,1.976,1.0,0.001,-0.007,-0.006,0.255,0.236,0.194,-0.786,-0.454,-0.891
-0.623,-1.542,1.981,1.0,0.006,0.004,0.001,0.207,0.245,0.131,-0.263,-0.156,-0.17
-0.61,-1.534,1.986,1.0,0.011,0.001,0.009,0.357,0.217,0.133,0.297,1.208,1.019
-0.604,-1.528,1.99,0.999,0.005,0.036,-0.002,0.322,0.236,0.213,0.32,4.349,0.367
-0.595,-1.521,1.997,1.0,0.006,-0.03,-0.004,0.409,0.237,0.175,0.409,5.054,0.489
-0.573,-1.508,2.017,1.0,0.01,-0.004,-0.004,0.425,0.191,0.352,0.563,3.787,0.376
-0.55,-1.497,2.038,0.991,0.011,0.131,-0.004,0.469,0.101,0.443,4.78,-8.48,30.246
-0.523,-1.478,2.082,0.124,-0.004,-0.935,0.333,1.145,0.576,1.53,20.284,-165.76,53.82
-0.521,-1.476,2.087,0.11,0.009,-0.937,0.331,1.024,0.536,1.499,14.769,-123.827,41.235
-0.526,-1.478,2.076,1.0,0.005,-0.028,-0.007,0.33,-0.164,-0.676,-99.043,-24.357,-29.847
-0.488,-1.456,2.127,0.999,0.032,0.029,-0.032,0.455,0.279,0.262,13.953,8.505,-7.829
-0.501,-1.456,2.156,0.077,0.152,0.227,0.959,-0.661,-0.26,-0.024,-10.414,19.529,30.199
-0.428,-1.378,2.181,0.083,0.578,0.763,-0.277,2.072,2.958,0.76,64.943,-3.79,38.814
-0.434,-1.433,2.174,1.0,0.004,0.01,0.0,0.572,-0.07,0.118,33.426,-1.768,-42.627
-0.393,-1.413,2.191,0.999,0.019,0.026,-0.027,0.24,0.101,-0.196,-43.747,21.696,45.369
-0.402,-1.408,2.171,0.899,0.2,0.37,-0.122,-0.505,0.23,-0.757,-0.053,21.643,21.857
-0.328,-1.386,2.203,0.999,-0.031,0.031,0.018,0.391,0.295,-0.036,-1.763,-2.141,1.211
-0.315,-1.381,2.204,0.996,-0.032,0.074,0.029,0.474,0.393,0.024,-0.743,0.934,2.31
-0.27,-1.381,2.21,0.125,0.233,0.056,0.963,0.962,0.021,0.15,14.522,4.987,94.629
-0.246,-1.351,2.215,0.997,-0.027,-0.064,0.015,0.664,0.505,0.21,-3.408,-9.746,-0.367
-0.227,-1.339,2.209,0.998,0.043,0.052,-0.0,0.639,0.03,-0.457,-50.079,5.704,9.719
-0.185,-1.326,2.216,1.0,-0.015,0.007,0.003,0.693,0.302,-0.063,16.014,-32.534,-2.283
-0.156,-1.313,2.219,0.999,-0.035,-0.006,0.019,0.908,0.283,0.266,-7.614,-3.394,-11.542
-0.156,-1.313,2.219,0.999,-0.035,-0.006,0.019,0.908,0.283,0.266,-7.614,-3.394,-11.542
-0.136,-1.305,2.212,1.0,-0.013,0.023,0.006,0.763,0.285,-0.047,-0.996,-0.123,-2.481
-0.096,-1.285,2.204,1.0,-0.017,0.005,0.0,0.685,0.163,-0.163,-4.32,-0.111,1.301
-0.052,-1.265,2.197,1.0,-0.016,0.004,-0.001,0.759,0.284,0.005,1.301,-4.357,-1.407
-0.037,-1.255,2.192,1.0,-0.023,-0.003,0.003,0.645,0.459,0.024,-0.609,-16.846,2.239
0.028,-1.225,2.224,0.316,-0.943,0.031,0.095,0.829,0.214,1.87,-92.873,-12.598,9.514
0.054,-1.211,2.188,0.999,-0.031,-0.009,-0.013,0.89,0.242,-0.068,-0.69,-2.452,-6.268
0.116,-1.176,2.192,1.0,-0.024,-0.009,-0.011,0.903,0.316,0.081,-0.22,4.656,19.264
0.129,-1.165,2.194,1.0,-0.009,-0.012,0.012,0.86,0.463,0.099,0.626,1.795,8.612
0.185,-1.12,2.2,0.998,0.012,-0.068,0.012,0.795,0.782,-0.608,-64.349,-2.166,9.932
0.234,-1.091,2.203,0.999,-0.011,-0.04,0.03,0.542,0.509,0.013,-4.039,2.251,-2.458
0.266,-1.069,2.201,0.996,-0.018,-0.064,0.056,0.885,0.321,-0.423,51.261,-4.829,-4.334
0.307,-1.094,2.235,0.663,0.214,-0.497,0.517,1.815,0.025,0.435,-27.276,12.989,0.652
0.335,-1.006,2.208,0.336,-0.936,-0.103,0.033,-0.021,-1.712,5.014,21.472,16.621,-125.295
0.389,-0.972,2.168,1.0,-0.007,-0.01,-0.017,0.709,-0.34,-0.391,-14.439,11.232,-15.523
0.418,-0.929,2.195,0.373,0.926,-0.05,-0.007,0.703,0.26,-0.934,-49.776,-6.071,-0.2
0.435,-0.934,2.154,0.996,-0.01,-0.075,0.054,0.851,-0.009,-1.391,-63.067,-4.308,7.47
0.464,-0.906,2.141,0.998,-0.021,-0.037,-0.035,0.664,0.585,-0.307,0.698,-1.471,-19.654
0.476,-0.894,2.139,0.998,0.002,-0.059,-0.009,0.441,0.4,-0.686,-1.8,0.091,-6.351
0.498,-0.869,2.135,1.0,-0.005,-0.013,-0.013,-0.259,0.677,-0.053,-3.392,18.752,-14.407
0.545,-0.8,2.119,0.983,-0.111,0.147,0.028,-0.152,0.49,-0.661,-8.475,15.03,2.783
0.586,-0.759,2.146,0.994,0.066,-0.08,0.033,0.421,0.729,0.138,4.045,-1.772,2.272
0.605,-0.719,2.171,0.997,0.023,-0.072,0.012,0.31,0.588,0.332,-3.433,-6.289,3.123
0.621,-0.678,2.197,0.997,0.045,-0.062,0.004,0.493,0.542,0.342,0.615,1.171,-5.945
0.598,-0.651,2.24,0.02,0.144,0.916,-0.374,-1.039,1.364,2.187,6.964,95.527,-42.385
0.633,-0.635,2.223,0.999,0.016,-0.051,0.008,0.325,0.373,0.096,-2.618,-13.952,1.841
0.636,-0.603,2.24,0.804,0.586,-0.096,-0.019,0.312,1.336,0.953,52.47,-9.861,-0.875
0.635,-0.593,2.242,0.998,0.046,-0.041,-0.006,0.06,0.912,0.262,52.882,28.279,50.459
0.633,-0.588,2.24,0.998,0.066,0.006,-0.024,-0.059,0.665,0.036,29.266,18.89,23.847
0.631,-0.558,2.259,0.998,0.031,-0.048,0.006,-0.043,0.345,0.076,0.646,0.736,1.528
0.628,-0.553,2.261,0.999,0.011,-0.047,-0.003,-0.156,0.323,0.105,-1.438,0.764,0.167
0.619,-0.528,2.264,0.998,0.029,-0.055,0.011,-0.142,0.297,-0.038,0.519,-0.46,0.719
0.616,-0.522,2.265,0.999,0.02,-0.049,0.004,-0.181,0.356,-0.008,-0.829,0.179,-0.01
0.6,-0.5,2.249,0.999,0.031,-0.043,-0.0,-0.162,0.259,-0.162,-0.424,-0.816,0.325
0.585,-0.482,2.224,0.999,0.023,-0.037,0.012,-0.161,0.181,-0.37,-0.332,-0.668,1.276
0.581,-0.478,2.217,0.999,0.023,-0.03,0.002,-0.21,0.205,-0.381,-0.19,0.115,0.15
0.572,-0.454,2.233,0.339,0.938,-0.065,-0.039,-0.216,0.9,0.864,81.197,-4.75,-5.684
0.566,-0.448,2.219,0.339,0.938,-0.064,-0.041,-0.194,0.812,0.774,69.934,-4.249,-5.091
0.55,-0.452,2.151,1.0,0.014,-0.021,0.003,-0.219,0.165,-0.589,-3.184,0.25,0.064
0.55,-0.452,2.151,1.0,0.014,-0.021,0.003,-0.219,0.165,-0.589,-3.184,0.25,0.064
0.54,-0.446,2.126,1.0,0.014,-0.012,0.001,-0.235,0.107,-0.568,0.077,0.135,-0.472
0.528,-0.435,2.098,1.0,0.009,-0.014,0.003,-0.255,-0.021,-0.911,-20.678,-0.177,4.038
0.528,-0.435,2.098,1.0,0.009,-0.014,0.003,-0.255,-0.021,-0.911,-20.678,-0.177,4.038
0.521,-0.431,2.081,1.0,0.009,-0.005,0.005,-0.236,0.001,-0.788,-13.787,1.699,1.94
0.514,-0.426,2.068,1.0,-0.0,-0.013,0.002,-0.247,0.096,-0.573,-2.994,0.408,-0.415
0.5,-0.414,2.039,1.0,-0.006,-0.013,0.004,-0.198,0.114,-0.369,-0.805,-1.111,0.297
0.495,-0.407,2.034,1.0,-0.011,-0.009,0.014,-0.176,0.274,-0.219,-1.285,-0.613,1.07
0.486,-0.401,2.018,1.0,-0.007,-0.001,0.002,-0.418,-0.101,-0.771,20.986,5.918,-0.71
0.488,-0.402,2.053,0.354,-0.931,0.051,0.07,-0.145,-0.292,0.62,11.423,2.334,1.468
0.476,-0.388,2.006,1.0,-0.017,-0.008,0.012,-0.177,0.071,-0.857,-23.241,1.217,1.009
0.47,-0.38,1.995,1.0,-0.001,0.001,0.004,-0.166,0.133,-0.333,-2.223,0.295,0.396
0.461,-0.381,1.982,0.993,0.081,0.058,-0.056,-0.538,-0.258,-1.296,-26.709,-1.01,-6.264
0.467,-0.372,1.989,1.0,0.005,-0.005,-0.003,-0.079,0.151,-0.333,-6.443,-2.607,-1.853
0.459,-0.361,1.974,1.0,-0.005,0.001,0.005,-0.377,0.527,-6.136,292.416,-27.686,-23.142
0.459,-0.36,1.971,1.0,-0.005,0.008,0.002,-0.252,0.405,-4.053,187.123,-17.109,-14.999
0.454,-0.341,1.952,0.999,-0.026,0.022,-0.01,-0.079,0.39,-0.274,2.338,1.762,-1.152
0.454,-0.341,1.952,0.999,-0.026,0.022,-0.01,-0.079,0.39,-0.274,2.338,1.762,-1.152
0.449,-0.33,1.933,1.0,-0.006,-0.006,0.004,-0.106,0.06,-1.164,62.3,-1.463,-5.426
0.447,-0.305,1.915,1.0,0.007,0.001,-0.004,-0.009,0.679,-0.306,20.114,0.052,-2.562
0.446,-0.307,1.904,1.0,-0.007,-0.014,-0.008,-0.037,0.143,-0.632,17.241,-1.136,-4.325
0.442,-0.283,1.887,1.0,0.002,-0.018,0.003,-0.022,0.292,-0.229,0.607,-0.282,-0.472
0.444,-0.278,1.886,1.0,-0.009,-0.025,0.013,0.042,0.307,-0.146,-1.529,-1.129,1.214
0.44,-0.26,1.872,1.0,0.012,-0.023,0.002,-0.037,0.198,-0.234,2.058,-1.359,0.389
0.441,-0.256,1.869,1.0,0.001,-0.028,0.013,0.02,0.167,-0.229,0.805,-2.806,2.665
0.436,-0.237,1.855,0.999,-0.003,0.028,-0.026,-0.176,0.328,-0.161,-0.329,5.156,-3.224
0.438,-0.231,1.848,1.0,0.017,-0.023,0.003,-0.025,0.224,-0.2,0.659,-0.03,0.034
0.435,-0.213,1.831,0.999,0.009,-0.034,0.01,-0.005,0.307,-0.281,3.737,-1.047,0.139
0.432,-0.206,1.829,1.0,-0.008,-0.008,-0.019,-0.1,0.356,-0.224,6.318,1.366,-0.45
0.427,-0.192,1.801,0.999,0.024,-0.036,0.006,-0.099,0.093,-0.381,-2.154,-0.041,0.98
0.426,-0.19,1.797,0.999,0.029,-0.036,0.009,-0.104,0.024,-0.615,-12.764,-2.447,0.808
0.419,-0.174,1.775,0.999,0.016,-0.031,-0.003,-0.113,0.297,-0.269,-0.534,0.965,-0.242
0.415,-0.173,1.767,0.999,0.035,-0.041,0.007,-0.172,0.06,-0.312,1.037,0.053,0.324
0.405,-0.163,1.753,0.999,0.022,-0.041,0.002,-0.243,0.19,-0.19,-1.236,-0.477,1.591
0.399,-0.161,1.747,0.999,0.023,-0.038,0.003,-0.21,0.085,-0.191,-0.627,0.533,-0.125
0.389,-0.154,1.739,0.999,0.03,-0.043,-0.001,-0.2,0.183,-0.144,0.393,0.595,0.045
0.385,-0.154,1.738,0.999,0.026,-0.04,-0.003,-0.25,0.05,-0.085,-0.262,0.853,0.007
0.371,-0.148,1.731,0.998,0.026,-0.048,0.01,-0.225,0.099,-0.092,0.2,0.06,0.435
0.354,-0.147,1.722,0.999,0.02,-0.042,-0.002,-0.295,0.053,-0.15,-0.487,0.42,-1.047
0.352,-0.142,1.723,1.0,0.01,-0.025,-0.013,-0.22,0.245,-0.026,-1.136,1.616,-1.498
0.331,-0.14,1.717,0.999,0.031,-0.033,-0.01,-0.26,0.163,-0.011,1.101,0.276,-0.904
0.32,-0.148,1.71,0.999,0.023,-0.038,0.004,-0.376,-0.121,-0.162,0.125,0.104,0.573
0.309,-0.141,1.713,1.0,0.003,-0.026,0.004,-0.313,0.222,0.085,-1.327,0.81,0.038
0.294,-0.151,1.705,0.999,0.019,-0.041,-0.0,-0.393,-0.193,-0.159,0.378,-0.235,-0.458
0.277,-0.152,1.7,0.999,0.014,-0.039,0.005,-0.38,-0.159,-0.195,0.268,-0.529,0.672
0.265,-0.146,1.699,0.999,0.018,-0.027,-0.009,-0.295,0.194,-0.016,0.331,0.279,-0.667
0.254,-0.156,1.692,1.0,0.003,-0.027,0.007,-0.417,-0.297,-0.236,-0.182,0.057,1.137
0.235,-0.155,1.681,0.999,0.008,-0.039,0.011,-0.389,0.17,-0.088,-0.359,-0.688,0.877
0.223,-0.158,1.675,0.999,-0.005,-0.035,0.003,-0.411,0.094,-0.155,-0.707,1.88,-0.435
0.202,-0.16,1.66,1.0,0.001,-0.02,-0.002,-0.374,-0.076,-0.332,0.228,1.065,-0.487
0.182,-0.163,1.652,1.0,-0.008,-0.028,0.005,-0.427,0.083,-0.165,0.091,-0.482,0.184
0.176,-0.159,1.649,0.999,-0.011,0.017,-0.029,-0.479,0.223,-0.201,-0.25,4.265,-2.897
0.143,-0.162,1.636,1.0,0.001,-0.022,-0.007,-0.689,0.494,0.335,-4.421,-5.547,4.697
0.138,-0.16,1.637,0.998,-0.047,-0.043,0.024,-0.463,0.155,0.19,-5.6,-5.771,4.804
0.095,-0.163,1.618,0.999,-0.015,-0.03,-0.006,-0.437,0.045,-0.129,0.09,-0.76,-0.202
0.093,-0.16,1.616,1.0,-0.009,-0.019,0.004,-0.075,0.03,-0.03,0.113,0.079,0.167
0.063,-0.151,1.611,1.0,0.007,-0.008,-0.008,-0.8,0.581,-0.167,11.34,1.312,0.177
0.042,-0.154,1.602,1.0,-0.016,-0.016,-0.004,-0.413,0.035,-0.135,-0.553,-0.031,-0.226
0.027,-0.152,1.597,1.0,-0.012,-0.025,0.001,-0.456,0.178,-0.179,-0.091,-0.448,0.312
0.023,-0.161,1.608,0.868,-0.492,-0.018,0.065,-0.342,-0.945,1.202,-108.82,0.029,16.587
0.01,-0.148,1.589,1.0,-0.006,-0.008,0.003,-0.467,-0.256,-0.192,-6.647,-2.755,3.585
-0.024,-0.138,1.575,1.0,-0.005,-0.018,-0.003,-0.431,0.093,-0.158,1.097,-0.272,-0.577
-0.028,-0.137,1.572,1.0,-0.002,-0.017,0.006,-0.413,-0.087,-0.228,0.588,-0.55,0.748
-0.045,-0.122,1.568,1.0,0.008,-0.001,-0.001,-0.313,0.396,-0.076,0.597,1.458,0.25
-0.052,-0.118,1.564,1.0,0.018,-0.01,-0.008,-0.284,0.591,-0.123,13.576,-6.977,4.527
-0.067,-0.123,1.552,1.0,0.004,-0.011,0.004,-0.449,0.237,-0.22,2.701,-1.448,1.511
-0.098,-0.114,1.531,1.0,0.001,-0.011,-0.005,-0.337,0.088,-0.28,0.152,0.111,-1.235
-0.101,-0.106,1.53,0.997,-0.009,-0.052,0.059,-0.223,0.414,-0.13,-0.902,-4.379,5.647
-0.14,-0.096,1.5,0.999,-0.007,-0.026,0.022,-0.305,-0.123,-0.417,-0.451,-0.941,2.213
-0.164,-0.091,1.486,1.0,-0.002,-0.016,-0.001,-0.573,0.286,-0.252,14.179,-2.548,-0.188
-0.178,-0.081,1.474,1.0,-0.019,-0.008,-0.012,-0.331,-0.353,-0.449,-1.875,1.33,-2.068
-0.207,-0.069,1.451,1.0,-0.008,-0.007,-0.016,-0.289,0.022,-0.338,-1.214,1.765,-2.316
-0.218,-0.06,1.446,1.0,-0.0,0.014,-0.011,-0.295,0.099,-0.258,-0.213,2.46,-1.154
-0.229,-0.051,1.441,0.998,0.001,-0.038,0.043,-0.172,0.332,-0.15,1.757,-3.396,2.497
-0.247,-0.045,1.431,1.0,0.02,-0.007,0.007,-0.276,0.11,-0.217,0.771,0.014,0.554
-0.247,-0.045,1.431,1.0,0.02,-0.007,0.007,-0.276,0.11,-0.217,0.771,0.014,0.554
-0.264,-0.034,1.425,0.999,-0.018,-0.034,0.014,-0.126,0.054,-0.153,-5.553,-1.987,0.179
-0.29,-0.025,1.413,1.0,0.019,-0.003,-0.005,-0.281,0.099,-0.146,0.834,0.157,0.009
-0.297,-0.019,1.41,1.0,0.011,-0.001,-0.006,-0.343,0.114,-0.194,0.658,2.097,-1.539
-0.318,-0.01,1.396,0.999,-0.011,0.032,0.016,-0.414,0.061,-0.441,-2.078,4.613,1.791
-0.32,-0.006,1.395,1.0,0.02,-0.01,0.004,-0.181,0.142,-0.249,1.028,-0.213,-0.142
-0.332,-0.001,1.389,1.0,0.012,-0.001,-0.003,-0.28,-0.303,-0.377,-0.229,0.46,-0.725
-0.343,0.001,1.385,1.0,0.017,-0.013,-0.008,-0.304,0.009,-0.129,0.277,-0.345,-0.146
-0.353,0.008,1.377,1.0,0.012,-0.002,-0.001,-0.553,0.239,-0.158,-1.128,-0.19,0.525
-0.361,0.013,1.372,1.0,0.025,-0.008,0.004,-0.218,0.134,-0.129,0.514,-0.264,0.551
-0.372,0.019,1.365,0.999,0.031,-0.004,0.011,-0.195,0.104,-0.175,1.715,0.099,1.387
-0.373,0.019,1.363,0.999,0.004,0.022,-0.025,-0.137,0.062,-0.168,-1.002,1.878,-1.964
-0.388,0.025,1.359,1.0,0.016,-0.005,-0.006,-0.226,0.056,-0.055,0.441,-0.9,0.224
-0.396,0.028,1.354,1.0,0.018,-0.008,-0.006,-0.272,0.004,-0.13,-0.021,0.089,-0.266
-0.396,0.028,1.354,1.0,0.018,-0.008,-0.006,-0.272,0.004,-0.13,-0.021,0.089,-0.266
-0.402,0.031,1.35,1.0,0.019,-0.008,-0.004,-0.26,0.044,-0.055,0.195,-0.014,0.318
-0.41,0.035,1.337,1.0,0.016,-0.009,-0.004,-0.069,0.043,-0.292,-0.31,-1.771,0.178
-0.41,0.035,1.337,1.0,0.016,-0.009,-0.004,-0.069,0.043,-0.292,-0.31,-1.771,0.178
-0.425,0.041,1.322,1.0,0.028,-0.005,0.007,-0.099,0.098,-0.221,0.754,-0.643,1.128
-0.44,0.043,1.299,1.0,0.02,-0.001,-0.005,-0.141,-0.03,-0.247,0.141,0.263,0.17
-0.446,0.044,1.289,1.0,0.016,-0.007,-0.004,-0.186,-0.161,-0.267,0.023,-0.135,0.253
-0.449,0.054,1.276,0.998,0.006,-0.031,0.052,0.001,0.409,-0.134,-0.52,-3.137,6.049
-0.46,0.046,1.251,1.0,0.01,0.022,-0.014,-0.111,0.043,-0.351,0.215,3.904,-1.876
-0.464,0.056,1.238,1.0,0.025,0.006,-0.015,-0.024,0.318,-0.123,0.932,1.453,-0.399
-0.463,0.05,1.232,0.997,-0.032,-0.048,0.045,0.08,-0.042,-0.065,-4.484,-4.581,4.744
-0.471,0.044,1.197,1.0,0.012,0.004,-0.009,0.031,-0.074,-0.549,15.455,-0.971,10.323
-0.474,0.042,1.173,1.0,0.001,-0.008,-0.013,-0.082,-0.073,-0.39,-0.079,-1.615,-0.268
-0.474,0.042,1.166,1.0,0.001,-0.018,-0.015,-0.048,-0.06,-0.359,-0.036,-1.393,-0.423
-0.477,0.039,1.137,1.0,0.01,0.001,-0.005,-0.063,-0.052,-0.375,-0.182,0.657,-0.293
-0.478,0.04,1.128,1.0,0.009,-0.013,-0.008,-0.178,-0.153,-0.491,-0.178,0.829,-2.121
-0.477,0.039,1.097,1.0,0.006,-0.025,-0.004,0.047,0.073,-0.377,-0.356,-1.709,0.331
-0.475,0.037,1.088,1.0,-0.001,-0.005,-0.015,0.097,-0.019,-0.48,-0.979,0.536,-0.865
-0.477,0.035,1.061,1.0,0.014,-0.02,-0.004,-0.014,-0.066,-0.313,0.076,-0.281,-0.381
-0.476,0.035,1.052,1.0,0.008,0.007,-0.014,-0.022,-0.006,-0.298,-0.028,2.186,-1.515
-0.474,0.031,1.032,0.996,0.013,0.082,-0.009,0.043,-0.306,-0.39,2.336,8.687,0.067
-0.475,0.03,1.022,1.0,0.0,0.009,-0.016,0.018,-0.141,-0.406,-0.199,-0.016,-0.73
-0.471,0.03,1.007,0.999,0.003,-0.031,0.011,0.182,-0.019,0.018,-5.018,-5.564,2.331
-0.472,0.03,1.003,1.0,0.009,-0.017,-0.002,0.032,-0.062,-0.12,-1.981,-1.788,-0.554
-0.47,0.025,0.99,1.0,0.013,0.014,-0.008,-0.004,-0.054,-0.094,1.239,0.562,1.069
-0.469,0.025,0.986,1.0,0.007,0.005,-0.006,0.02,-0.007,-0.143,-0.416,1.194,-0.037
-0.469,0.024,0.986,1.0,0.012,-0.007,-0.003,0.011,-0.048,-0.055,0.438,-0.268,0.126
-0.465,0.023,0.981,1.0,0.008,-0.018,-0.003,0.055,-0.028,-0.056,-0.062,-1.277,0.376
-0.463,0.021,0.978,1.0,0.008,-0.009,-0.009,0.078,-0.21,-0.015,-0.652,-2.696,0.068
-0.46,0.023,0.977,1.0,-0.01,-0.001,-0.02,0.129,0.009,-0.091,-1.666,0.571,-1.372
-0.457,0.019,0.961,1.0,0.007,-0.003,-0.005,0.003,-0.056,-0.15,0.589,0.632,-0.196
-0.451,0.017,0.952,1.0,-0.007,-0.006,-0.017,0.119,-0.058,-0.117,-1.482,0.035,-1.221
-0.448,0.019,0.95,1.0,-0.009,0.001,-0.021,0.197,0.015,-0.124,-1.787,0.601,-1.298
-0.445,0.018,0.95,0.999,-0.004,-0.035,0.017,0.141,0.045,0.032,-0.727,-1.832,1.9
-0.444,0.016,0.945,1.0,0.006,-0.01,-0.013,0.102,-0.05,-0.132,0.236,0.862,-1.416
-0.437,0.018,0.932,0.999,-0.007,-0.033,0.017,0.158,0.05,-0.077,-1.105,-2.363,1.736
-0.437,0.016,0.924,1.0,0.008,-0.014,-0.005,-0.471,-0.182,-0.665,5.636,1.231,-5.231
-0.426,0.02,0.894,0.999,-0.009,-0.031,0.024,0.18,0.113,-0.308,-0.436,-1.959,2.66
-0.429,0.017,0.889,1.0,0.006,-0.01,-0.003,0.008,-0.031,-0.376,0.836,0.599,-0.46
-0.421,0.019,0.847,1.0,0.003,-0.013,-0.005,0.057,-0.006,-0.365,0.435,-0.498,0.014
-0.414,0.021,0.813,1.0,0.006,-0.015,-0.005,0.062,0.005,-0.447,0.372,-0.054,-0.026
-0.411,0.021,0.797,1.0,0.004,-0.014,-0.009,0.032,-0.026,-0.48,0.226,0.365,-0.387
-0.404,0.025,0.759,1.0,0.008,-0.017,-0.005,0.086,0.032,-0.439,0.425,-1.37,-0.365
-0.402,0.025,0.75,1.0,0.003,-0.001,-0.005,0.147,0.073,-0.521,-1.417,-0.715,0.345
-0.389,0.024,0.729,0.294,-0.914,0.003,0.279,0.246,-0.284,0.798,-88.084,-3.222,30.474
-0.39,0.035,0.693,1.0,0.002,-0.028,0.014,0.075,0.24,-0.687,15.851,-1.488,-2.846
-0.385,0.037,0.654,0.999,-0.018,0.024,0.012,0.081,0.108,-0.55,-0.038,1.63,0.208
-0.381,0.037,0.654,1.0,0.01,-0.011,-0.002,0.145,0.048,-0.323,1.783,-0.97,-0.826
-0.375,0.04,0.634,1.0,0.009,-0.016,-0.003,0.087,0.067,-0.393,0.425,-0.057,0.326
-0.373,0.042,0.627,1.0,0.009,-0.007,-0.006,0.125,0.033,-0.406,-0.013,0.4,-1.105
-0.368,0.044,0.611,1.0,0.01,-0.021,-0.004,0.117,0.053,-0.351,0.245,-0.384,0.179
-0.364,0.047,0.592,0.999,0.004,-0.037,-0.009,0.524,0.385,-0.254,-5.459,-10.749,6.241
-0.362,0.049,0.588,1.0,0.007,-0.013,0.004,0.336,0.288,-0.299,-2.676,-3.992,4.031
-0.357,0.051,0.571,1.0,0.011,-0.014,-0.006,0.085,0.061,-0.404,-0.925,0.09,-0.24
-0.352,0.055,0.558,0.999,0.024,-0.036,-0.009,0.167,0.139,-0.288,1.749,-1.753,0.226
-0.352,0.054,0.551,1.0,0.014,-0.016,-0.005,0.102,0.046,-0.425,0.281,1.18,0.352
-0.345,0.058,0.52,1.0,0.011,-0.02,-0.006,0.122,0.01,-0.428,0.046,0.159,-0.28
-0.343,0.058,0.51,1.0,0.011,-0.019,-0.009,0.092,-0.006,-0.504,0.019,0.443,-0.409
-0.341,0.059,0.503,1.0,0.012,-0.019,-0.01,0.124,0.014,-0.513,-0.03,-0.2,-0.264
-0.333,0.065,0.471,1.0,0.015,-0.023,-0.003,0.087,0.033,-0.407,0.776,-0.503,0.554
-0.333,0.065,0.471,1.0,0.015,-0.023,-0.003,0.087,0.033,-0.407,0.776,-0.503,0.554
-0.329,0.068,0.439,1.0,-0.018,0.024,0.008,0.008,-0.004,-0.511,-1.647,2.749,0.754
-0.321,0.072,0.424,1.0,0.006,-0.028,-0.005,0.11,0.057,-0.297,-0.148,-1.952,-0.068
-0.315,0.076,0.395,1.0,0.007,-0.03,-0.005,0.092,-0.014,-0.487,2.584,3.349,-2.026
-0.315,0.076,0.395,1.0,0.007,-0.03,-0.005,0.092,-0.014,-0.487,2.584,3.349,-2.026
-0.305,0.083,0.355,1.0,0.007,-0.019,-0.007,0.08,-0.001,-0.233,0.39,0.611,-0.347
-0.304,0.084,0.352,1.0,0.007,-0.022,-0.009,0.074,0.015,-0.224,0.585,0.498,-0.222
-0.301,0.087,0.344,1.0,0.005,-0.015,-0.005,0.102,0.077,-0.306,0.025,0.599,0.015
-0.298,0.09,0.337,1.0,0.006,-0.016,-0.012,0.063,0.051,-0.172,-0.054,0.388,-0.647
-0.293,0.094,0.339,0.997,-0.014,-0.071,0.031,0.266,0.134,0.093,-1.302,-5.602,3.079
-0.292,0.097,0.327,1.0,0.01,-0.018,-0.008,0.05,0.069,-0.067,0.489,-0.242,0.069
-0.292,0.097,0.327,1.0,0.01,-0.018,-0.008,0.05,0.069,-0.067,0.489,-0.242,0.069
