0.004,-0.004,-0.0,1.0,0.001,0.0,0.011,0.002,0.007,0.006,-0.002,0.005,-0.007
0.004,-0.004,-0.001,1.0,0.001,0.0,0.011,0.005,-0.007,-0.008,-0.001,-0.003,0.009
0.004,-0.004,-0.0,1.0,0.001,0.0,0.011,-0.005,-0.005,0.002,0.01,0.003,-0.008
0.004,-0.004,-0.0,1.0,0.001,0.0,0.011,-0.002,-0.001,0.001,-0.003,-0.004,0.007
0.004,-0.004,-0.0,1.0,0.001,0.0,0.011,-0.004,0.002,0.001,-0.001,0.005,0.004
0.005,-0.004,-0.0,1.0,0.001,0.0,0.011,0.014,-0.001,-0.001,0.007,-0.008,-0.006
0.004,-0.004,-0.0,1.0,0.001,0.0,0.011,-0.011,-0.003,0.003,0.004,0.004,0.0
0.005,-0.003,0.001,1.0,0.001,0.0,0.011,0.022,0.015,0.027,0.025,0.003,-0.007
0.004,-0.003,0.005,1.0,0.001,0.001,0.011,-0.021,0.014,0.142,-0.002,0.033,0.01
0.004,-0.002,0.014,1.0,0.001,0.001,0.012,-0.015,0.017,0.266,-0.006,0.043,0.009
0.002,-0.001,0.029,1.0,0.001,0.002,0.011,-0.045,0.023,0.432,0.007,0.05,-0.01
0.002,-0.001,0.047,1.0,0.002,0.003,0.012,-0.02,0.004,0.547,0.036,0.036,0.027
0.002,0.001,0.07,1.0,0.001,0.004,0.011,0.015,0.067,0.681,-0.014,0.037,-0.039
0.001,0.002,0.097,1.0,0.001,0.004,0.011,-0.024,0.042,0.823,-0.0,0.041,-0.006
0.002,0.003,0.125,1.0,0.001,0.004,0.011,0.006,0.024,0.836,0.002,-0.01,-0.012
0.003,0.001,0.158,1.0,0.001,0.004,0.012,0.032,-0.054,1.009,-0.001,0.003,0.042
0.0,0.007,0.236,1.0,0.002,0.004,0.01,0.073,0.15,1.196,-0.016,0.004,-0.062
0.0,0.007,0.236,1.0,0.002,0.004,0.01,0.073,0.15,1.196,-0.016,0.004,-0.062
0.001,0.005,0.279,1.0,0.003,0.004,0.011,0.03,-0.053,1.286,0.036,0.028,0.026
0.0,0.009,0.327,1.0,0.002,0.006,0.01,-0.024,0.109,1.452,-0.044,0.083,-0.026
0.001,0.003,0.369,1.0,0.002,0.006,0.011,0.003,-0.181,1.254,-0.02,-0.003,0.027
-0.004,0.008,0.416,1.0,0.002,0.006,0.01,-0.151,0.147,1.428,0.009,0.033,-0.048
-0.003,0.012,0.458,1.0,0.002,0.005,0.009,0.029,0.142,1.24,0.017,-0.074,-0.063
-0.003,0.016,0.498,1.0,0.003,0.004,0.009,0.016,0.1,1.229,0.019,-0.037,0.008
-0.013,0.015,0.548,1.0,0.001,0.005,0.009,-0.308,-0.022,1.506,-0.088,0.05,-0.025
-0.013,0.015,0.587,1.0,0.0,0.005,0.009,0.015,-0.003,1.148,-0.049,-0.015,0.001
-0.015,0.013,0.673,1.0,0.001,0.007,0.009,0.039,0.006,1.128,0.039,-0.039,0.008
-0.015,0.013,0.673,1.0,0.001,0.007,0.009,0.039,0.006,1.128,0.039,-0.039,0.008
-0.021,0.012,0.707,1.0,0.002,0.007,0.009,-0.185,-0.039,1.034,0.041,0.053,0.016
-0.023,0.014,0.764,1.0,0.002,0.012,0.009,-0.061,0.047,1.696,0.061,0.248,-0.016
-0.026,0.015,0.788,1.0,0.003,0.012,0.009,-0.091,0.031,0.735,0.002,0.018,-0.022
-0.03,0.019,0.816,1.0,0.002,0.013,0.008,-0.115,0.136,0.824,-0.005,0.057,-0.027
-0.03,0.019,0.816,1.0,0.002,0.013,0.008,-0.115,0.136,0.824,-0.005,0.057,-0.027
-0.029,0.015,0.862,1.0,0.003,0.013,0.009,0.076,0.076,0.621,0.042,-0.013,-0.031
-0.031,0.015,0.871,1.0,0.003,0.013,0.009,-0.046,-0.019,0.289,-0.017,-0.001,0.002
-0.031,0.015,0.871,1.0,0.003,0.013,0.009,-0.046,-0.019,0.289,-0.017,-0.001,0.002
-0.033,0.014,0.907,1.0,0.004,0.015,0.008,-0.036,-0.015,0.755,0.033,0.067,0.003
-0.032,0.015,0.908,1.0,0.004,0.014,0.008,0.041,0.017,0.019,0.015,-0.015,0.001
-0.032,0.015,0.908,1.0,0.004,0.014,0.008,0.041,0.017,0.019,0.015,-0.015,0.001
-0.031,0.017,0.9,1.0,0.006,0.015,0.009,0.131,-0.029,-0.4,0.005,-0.073,0.008
-0.031,0.017,0.9,1.0,0.006,0.015,0.009,0.131,-0.029,-0.4,0.005,-0.073,0.008
-0.031,0.015,0.893,1.0,0.006,0.015,0.009,0.004,-0.054,-0.205,-0.014,-0.019,0.006
-0.031,0.013,0.887,1.0,0.006,0.015,0.009,-0.001,-0.068,-0.195,0.008,0.019,0.017
-0.021,0.013,0.816,1.0,0.006,0.009,0.009,-0.04,0.101,-0.457,0.001,-0.079,-0.037
-0.021,0.013,0.816,1.0,0.006,0.009,0.009,-0.04,0.101,-0.457,0.001,-0.079,-0.037
-0.02,0.011,0.799,1.0,0.005,0.008,0.009,0.037,-0.033,-0.499,-0.016,-0.087,-0.015
-0.014,0.013,0.761,1.0,0.005,0.004,0.008,0.149,-0.045,-0.624,-0.03,-0.126,0.008
-0.014,0.013,0.761,1.0,0.005,0.004,0.008,0.149,-0.045,-0.624,-0.03,-0.126,0.008
-0.014,0.008,0.737,1.0,0.004,0.003,0.009,0.009,-0.136,-0.73,-0.059,-0.065,0.025
-0.022,0.01,0.712,1.0,0.003,0.002,0.008,-0.202,0.003,-0.197,-0.009,0.041,-0.025
-0.022,0.01,0.712,1.0,0.003,0.002,0.008,-0.202,0.003,-0.197,-0.009,0.041,-0.025
-0.025,0.001,0.678,1.0,0.003,0.0,0.008,-0.125,0.013,-0.186,-0.037,-0.001,-0.008
-0.021,-0.0,0.668,1.0,0.002,-0.001,0.008,0.116,-0.033,-0.292,-0.03,-0.064,-0.005
-0.027,-0.002,0.669,1.0,0.001,0.0,0.008,-0.183,-0.043,0.011,-0.043,0.047,-0.021
-0.041,-0.006,0.669,1.0,0.001,0.002,0.008,-0.208,-0.07,0.056,-0.003,0.051,0.003
-0.041,-0.006,0.669,1.0,0.001,0.002,0.008,-0.208,-0.07,0.056,-0.003,0.051,0.003
-0.047,-0.006,0.678,1.0,0.002,0.004,0.008,-0.19,-0.004,0.281,0.01,0.122,-0.02
-0.049,-0.006,0.683,1.0,0.002,0.005,0.008,-0.054,-0.015,0.141,0.009,0.026,-0.014
-0.049,-0.006,0.683,1.0,0.002,0.005,0.008,-0.054,-0.015,0.141,0.009,0.026,-0.014
-0.07,-0.005,0.702,1.0,0.001,0.008,0.007,-0.139,-0.02,0.244,-0.008,0.074,0.008
-0.07,-0.005,0.702,1.0,0.001,0.008,0.007,-0.139,-0.02,0.244,-0.008,0.074,0.008
-0.09,-0.003,0.733,1.0,0.0,0.012,0.006,-0.25,0.068,0.336,-0.012,0.076,-0.033
-0.098,-0.005,0.747,1.0,0.0,0.014,0.006,-0.212,-0.05,0.421,-0.019,0.095,0.001
-0.098,-0.005,0.747,1.0,0.0,0.014,0.006,-0.212,-0.05,0.421,-0.019,0.095,0.001
-0.119,-0.012,0.777,1.0,-0.0,0.018,0.007,-0.347,-0.213,0.417,-0.032,0.139,0.046
-0.122,-0.012,0.784,1.0,-0.0,0.018,0.006,-0.086,0.012,0.195,0.001,0.011,-0.015
-0.122,-0.012,0.784,1.0,-0.0,0.018,0.006,-0.086,0.012,0.195,0.001,0.011,-0.015
-0.143,-0.01,0.816,1.0,0.0,0.022,0.006,-0.27,0.014,0.405,0.031,0.115,-0.011
-0.161,-0.013,0.837,1.0,-0.0,0.026,0.006,-0.368,0.043,0.414,-0.029,0.138,-0.019
-0.161,-0.013,0.837,1.0,-0.0,0.026,0.006,-0.368,0.043,0.414,-0.029,0.138,-0.019
-0.166,-0.015,0.844,1.0,-0.001,0.027,0.006,-0.161,-0.073,0.22,-0.03,0.074,0.006
-0.173,-0.015,0.854,1.0,-0.001,0.028,0.006,-0.204,0.021,0.307,-0.025,0.079,-0.013
-0.173,-0.015,0.854,1.0,-0.001,0.028,0.006,-0.204,0.021,0.307,-0.025,0.079,-0.013
-0.194,-0.016,0.87,0.999,-0.001,0.034,0.006,-0.229,0.069,0.137,0.033,0.112,-0.017
-0.194,-0.016,0.87,0.999,-0.001,0.034,0.006,-0.229,0.069,0.137,0.033,0.112,-0.017
-0.212,-0.013,0.882,0.999,-0.001,0.037,0.005,-0.391,0.08,0.248,-0.008,0.122,-0.028
-0.219,-0.008,0.891,0.999,-0.001,0.038,0.004,-0.219,0.166,0.265,0.023,0.066,-0.032
-0.219,-0.008,0.891,0.999,-0.001,0.038,0.004,-0.219,0.166,0.265,0.023,0.066,-0.032
-0.222,-0.007,0.889,0.999,-0.001,0.04,0.004,-0.032,0.039,-0.052,0.003,0.051,-0.033
-0.226,-0.006,0.887,0.999,-0.0,0.041,0.004,-0.12,0.025,-0.067,0.006,0.031,0.003
-0.226,-0.006,0.887,0.999,-0.0,0.041,0.004,-0.12,0.025,-0.067,0.006,0.031,0.003
-0.23,-0.008,0.891,0.999,0.001,0.044,0.005,-0.027,0.024,-0.027,0.063,0.085,0.006
-0.233,-0.007,0.891,0.999,0.002,0.046,0.005,-0.09,0.036,-0.008,0.063,0.087,0.006
-0.232,-0.007,0.89,0.999,0.003,0.047,0.005,0.027,0.001,-0.021,0.029,0.094,-0.001
-0.232,-0.005,0.888,0.999,0.003,0.048,0.005,-0.017,0.036,-0.07,0.031,0.019,-0.006
-0.23,-0.004,0.887,0.999,0.003,0.048,0.005,0.059,0.036,-0.028,0.004,0.012,0.007
-0.23,-0.004,0.887,0.999,0.003,0.048,0.005,0.059,0.036,-0.028,0.004,0.012,0.007
-0.219,-0.007,0.891,0.999,0.004,0.05,0.006,0.2,0.078,0.044,0.007,0.062,-0.017
-0.219,-0.007,0.891,0.999,0.004,0.05,0.006,0.2,0.078,0.044,0.007,0.062,-0.017
-0.199,-0.005,0.897,0.999,0.004,0.049,0.005,0.23,0.168,0.167,0.018,0.022,-0.049
-0.199,-0.005,0.897,0.999,0.004,0.049,0.005,0.23,0.168,0.167,0.018,0.022,-0.049
-0.176,-0.009,0.905,0.999,0.004,0.048,0.006,0.356,-0.095,0.159,0.031,-0.019,0.038
-0.168,-0.009,0.908,0.999,0.005,0.047,0.006,0.235,0.017,0.101,0.01,-0.065,0.014
-0.14,-0.007,0.92,0.999,0.005,0.045,0.006,0.402,0.187,0.309,-0.006,-0.01,-0.068
-0.13,-0.009,0.937,0.999,0.006,0.045,0.007,0.3,-0.057,0.523,0.055,0.059,0.043
-0.13,-0.009,0.937,0.999,0.006,0.045,0.007,0.3,-0.057,0.523,0.055,0.059,0.043
-0.091,0.003,0.982,0.999,0.006,0.045,0.004,0.393,0.056,0.598,-0.007,0.1,-0.031
-0.091,0.003,0.982,0.999,0.006,0.045,0.004,0.393,0.056,0.598,-0.007,0.1,-0.031
-0.042,0.005,0.997,0.999,0.005,0.043,0.003,0.323,-0.078,0.105,-0.032,-0.06,0.01
-0.042,0.005,0.997,0.999,0.005,0.043,0.003,0.323,-0.078,0.105,-0.032,-0.06,0.01
-0.007,0.003,1.007,0.999,0.005,0.041,0.003,0.634,-0.042,0.09,-0.008,-0.076,-0.006
0.014,-0.001,1.004,0.999,0.004,0.039,0.004,0.64,-0.108,-0.099,-0.049,-0.129,0.031
0.014,-0.001,1.004,0.999,0.004,0.039,0.004,0.64,-0.108,-0.099,-0.049,-0.129,0.031
0.03,-0.002,1.011,0.999,0.004,0.038,0.003,0.49,-0.029,0.212,-0.006,-0.024,-0.022
0.046,-0.003,1.007,0.999,0.004,0.036,0.003,0.476,-0.04,-0.112,0.002,-0.116,-0.001
0.066,-0.006,0.998,0.999,0.003,0.034,0.004,0.578,-0.073,-0.269,-0.051,-0.148,0.018
0.084,-0.013,0.998,0.999,0.003,0.033,0.005,0.559,-0.226,-0.009,-0.013,-0.048,0.083
0.129,-0.011,1.002,1.0,0.002,0.03,0.004,0.732,0.223,-0.03,-0.05,-0.137,-0.112
0.129,-0.011,1.002,1.0,0.002,0.03,0.004,0.732,0.223,-0.03,-0.05,-0.137,-0.112
0.154,-0.012,1.003,1.0,0.0,0.028,0.004,0.759,-0.022,0.027,-0.076,-0.121,0.006
0.184,-0.012,1.024,1.0,-0.001,0.029,0.004,0.312,-0.223,0.607,-0.046,0.154,0.108
0.209,-0.008,1.011,1.0,-0.001,0.025,0.003,0.623,0.09,-0.306,-0.014,-0.19,-0.06
0.231,-0.008,1.013,1.0,-0.002,0.023,0.002,0.667,-0.0,0.068,-0.05,-0.098,-0.015
0.256,-0.006,1.011,1.0,-0.001,0.021,0.002,0.8,0.06,-0.088,0.045,-0.158,-0.004
0.256,-0.006,1.011,1.0,-0.001,0.021,0.002,0.8,0.06,-0.088,0.045,-0.158,-0.004
0.313,-0.013,1.015,1.0,0.0,0.015,0.004,0.734,-0.207,-0.322,0.001,-0.201,0.067
0.313,-0.013,1.015,1.0,0.0,0.015,0.004,0.734,-0.207,-0.322,0.001,-0.201,0.067
0.346,-0.019,1.02,1.0,0.001,0.014,0.005,0.556,-0.325,0.162,0.002,-0.043,0.123
0.365,-0.013,1.025,1.0,0.001,0.012,0.004,0.531,0.194,0.134,0.019,-0.088,-0.058
0.403,-0.011,1.028,1.0,0.001,0.008,0.004,0.535,0.052,0.034,-0.011,-0.122,-0.025
0.422,-0.011,1.03,1.0,-0.0,0.006,0.004,0.577,0.005,0.056,-0.064,-0.104,-0.023
0.422,-0.011,1.03,1.0,-0.0,0.006,0.004,0.577,0.005,0.056,-0.064,-0.104,-0.023
0.434,-0.019,1.049,1.0,-0.001,0.006,0.004,0.332,-0.243,0.564,-0.054,0.014,0.041
0.467,-0.024,1.098,1.0,-0.003,0.007,0.006,0.139,-0.016,0.868,0.059,0.174,0.035
0.467,-0.024,1.098,1.0,-0.003,0.007,0.006,0.139,-0.016,0.868,0.059,0.174,0.035
0.48,-0.016,1.105,1.0,-0.003,0.006,0.004,0.411,0.224,0.186,-0.003,-0.058,-0.084
0.494,-0.012,1.121,1.0,-0.002,0.007,0.004,0.405,0.132,0.497,0.068,0.064,-0.034
0.494,-0.012,1.121,1.0,-0.002,0.007,0.004,0.405,0.132,0.497,0.068,0.064,-0.034
0.496,-0.007,1.149,1.0,-0.001,0.01,0.004,0.051,0.136,0.817,0.026,0.15,0.002
0.503,-0.005,1.186,1.0,-0.001,0.015,0.003,0.193,-0.099,0.487,-0.008,0.161,0.025
0.503,-0.005,1.186,1.0,-0.001,0.015,0.003,0.193,-0.099,0.487,-0.008,0.161,0.025
0.515,0.002,1.187,1.0,-0.001,0.015,0.003,0.351,0.19,0.006,0.015,0.035,-0.038
0.531,0.016,1.225,1.0,0.004,0.019,0.003,-0.025,0.219,0.417,0.024,0.139,-0.036
0.545,0.023,1.226,1.0,0.003,0.02,0.001,0.408,0.232,0.055,-0.056,0.061,-0.068
0.548,0.017,1.243,1.0,0.004,0.024,0.002,0.083,-0.179,0.508,0.052,0.202,0.053
0.556,0.014,1.256,1.0,0.004,0.027,0.003,0.128,0.041,0.057,-0.029,0.033,-0.019
0.556,0.014,1.256,1.0,0.004,0.027,0.003,0.128,0.041,0.057,-0.029,0.033,-0.019
0.558,0.018,1.261,1.0,0.004,0.028,0.003,0.046,0.128,0.147,0.026,0.08,-0.01
0.577,0.027,1.254,1.0,0.006,0.028,0.003,0.334,0.315,-0.149,0.039,-0.05,-0.067
0.577,0.027,1.254,1.0,0.006,0.028,0.003,0.334,0.315,-0.149,0.039,-0.05,-0.067
0.583,0.027,1.263,1.0,0.006,0.029,0.003,0.199,0.001,0.275,0.002,0.065,-0.008
0.604,0.03,1.276,0.999,0.004,0.032,0.002,0.135,-0.081,0.362,-0.008,0.154,0.028
0.604,0.03,1.276,0.999,0.004,0.032,0.002,0.135,-0.081,0.362,-0.008,0.154,0.028
0.622,0.033,1.271,1.0,0.005,0.031,0.003,0.313,0.185,-0.133,0.052,-0.069,-0.014
0.633,0.042,1.271,1.0,0.006,0.03,0.001,0.347,0.29,0.012,0.027,-0.049,-0.114
0.652,0.034,1.279,1.0,0.004,0.03,0.002,0.24,-0.383,0.299,-0.028,0.072,0.092
0.652,0.034,1.279,1.0,0.004,0.03,0.002,0.24,-0.383,0.299,-0.028,0.072,0.092
0.685,0.022,1.285,1.0,0.0,0.029,0.003,0.392,-0.25,-0.006,-0.043,-0.041,0.07
0.685,0.022,1.285,1.0,0.0,0.029,0.003,0.392,-0.25,-0.006,-0.043,-0.041,0.07
0.698,0.029,1.293,1.0,-0.001,0.03,0.001,0.388,0.214,0.241,-0.056,0.037,-0.083
0.725,0.015,1.296,1.0,-0.003,0.028,0.003,0.503,-0.285,0.156,-0.117,-0.028,0.039
0.725,0.015,1.296,1.0,-0.003,0.028,0.003,0.503,-0.285,0.156,-0.117,-0.028,0.039
0.763,-0.014,1.305,1.0,-0.013,0.024,0.004,0.433,-0.21,0.09,-0.194,-0.084,0.006
0.763,-0.014,1.305,1.0,-0.013,0.024,0.004,0.433,-0.21,0.09,-0.194,-0.084,0.006
0.81,-0.019,1.331,1.0,-0.019,0.021,0.003,0.555,0.043,0.618,-0.096,-0.005,-0.017
0.828,-0.028,1.336,1.0,-0.021,0.02,0.004,0.53,-0.258,0.159,-0.108,-0.091,0.048
0.843,-0.029,1.339,1.0,-0.023,0.018,0.004,0.464,-0.03,0.088,-0.141,-0.093,0.002
0.858,-0.029,1.346,1.0,-0.025,0.017,0.004,0.43,-0.007,0.205,-0.104,-0.065,-0.018
0.87,-0.026,1.353,1.0,-0.026,0.016,0.003,0.373,0.07,0.216,-0.059,-0.078,-0.043
0.884,-0.028,1.362,1.0,-0.027,0.015,0.004,0.419,-0.06,0.271,-0.062,-0.059,0.04
0.922,-0.012,1.366,1.0,-0.029,0.01,0.002,0.456,0.142,0.23,-0.052,-0.063,-0.035
0.922,-0.012,1.366,1.0,-0.029,0.01,0.002,0.456,0.142,0.23,-0.052,-0.063,-0.035
0.931,-0.009,1.376,1.0,-0.03,0.01,0.002,0.266,0.112,0.296,-0.049,-0.026,-0.029
0.957,0.011,1.385,1.0,-0.029,0.008,0.001,0.331,0.333,0.156,0.018,-0.046,-0.048
0.957,0.011,1.385,1.0,-0.029,0.008,0.001,0.331,0.333,0.156,0.018,-0.046,-0.048
0.967,0.017,1.396,1.0,-0.03,0.007,0.0,0.296,0.193,0.31,-0.068,-0.036,-0.035
0.978,0.034,1.4,1.0,-0.03,0.007,-0.001,0.325,0.504,0.116,0.009,-0.022,-0.076
0.978,0.034,1.4,1.0,-0.03,0.007,-0.001,0.325,0.504,0.116,0.009,-0.022,-0.076
0.998,0.056,1.414,1.0,-0.029,0.006,-0.002,0.336,0.456,0.183,0.035,-0.049,-0.062
1.003,0.069,1.419,1.0,-0.027,0.005,-0.002,0.168,0.386,0.169,0.099,-0.036,-0.02
1.003,0.069,1.419,1.0,-0.027,0.005,-0.002,0.168,0.386,0.169,0.099,-0.036,-0.02
1.027,0.121,1.441,1.0,-0.023,0.005,-0.004,0.152,0.461,0.235,0.16,0.057,-0.028
1.041,0.14,1.442,1.0,-0.022,0.003,-0.005,0.411,0.555,0.027,0.08,-0.085,-0.048
1.041,0.14,1.442,1.0,-0.022,0.003,-0.005,0.411,0.555,0.027,0.08,-0.085,-0.048
1.052,0.157,1.445,1.0,-0.02,0.002,-0.006,0.347,0.505,0.092,0.072,-0.073,-0.045
1.069,0.211,1.458,1.0,-0.018,0.001,-0.009,0.191,0.757,0.051,0.015,-0.051,-0.11
1.076,0.234,1.464,1.0,-0.018,0.0,-0.01,0.232,0.682,0.19,0.048,-0.031,-0.104
1.076,0.234,1.464,1.0,-0.018,0.0,-0.01,0.232,0.682,0.19,0.048,-0.031,-0.104
1.088,0.272,1.479,1.0,-0.016,-0.001,-0.012,0.131,0.474,0.372,0.05,-0.006,-0.021
1.1,0.295,1.477,1.0,-0.015,-0.003,-0.013,0.371,0.721,-0.075,0.076,-0.132,-0.066
1.1,0.295,1.477,1.0,-0.015,-0.003,-0.013,0.371,0.721,-0.075,0.076,-0.132,-0.066
1.111,0.317,1.478,1.0,-0.014,-0.005,-0.014,0.337,0.64,0.054,0.062,-0.1,-0.074
1.112,0.355,1.485,1.0,-0.01,-0.005,-0.017,0.015,1.136,0.209,0.228,0.008,-0.159
1.103,0.437,1.533,1.0,-0.004,-0.001,-0.02,0.088,0.752,0.196,0.074,0.006,-0.094
1.103,0.437,1.533,1.0,-0.004,-0.001,-0.02,0.088,0.752,0.196,0.074,0.006,-0.094
1.114,0.513,1.55,1.0,0.0,-0.003,-0.024,0.042,0.657,0.203,0.048,-0.026,-0.051
1.114,0.513,1.55,1.0,0.0,-0.003,-0.024,0.042,0.657,0.203,0.048,-0.026,-0.051
1.104,0.581,1.573,1.0,0.006,-0.001,-0.026,-0.14,0.671,0.224,0.099,0.019,-0.033
1.104,0.581,1.573,1.0,0.006,-0.001,-0.026,-0.14,0.671,0.224,0.099,0.019,-0.033
1.101,0.607,1.582,1.0,0.008,-0.0,-0.027,-0.082,0.707,0.243,0.108,0.044,-0.079
1.098,0.622,1.587,1.0,0.009,-0.001,-0.028,-0.084,0.447,0.129,0.045,-0.003,-0.02
1.097,0.638,1.587,1.0,0.009,-0.001,-0.028,-0.018,0.484,0.005,0.033,-0.055,-0.01
1.082,0.687,1.603,0.999,0.01,0.0,-0.03,-0.143,0.599,0.119,-0.008,0.045,-0.086
1.082,0.687,1.603,0.999,0.01,0.0,-0.03,-0.143,0.599,0.119,-0.008,0.045,-0.086
1.069,0.716,1.607,0.999,0.009,0.002,-0.032,-0.303,0.408,0.217,-0.031,0.066,-0.029
1.063,0.726,1.605,0.999,0.009,0.002,-0.031,-0.179,0.297,-0.063,0.032,0.003,0.019
1.063,0.726,1.605,0.999,0.009,0.002,-0.031,-0.179,0.297,-0.063,0.032,0.003,0.019
1.044,0.744,1.594,1.0,0.007,-0.001,-0.031,-0.472,0.296,-0.073,-0.014,-0.01,0.018
1.037,0.755,1.596,1.0,0.007,-0.0,-0.031,-0.227,0.321,0.065,0.001,0.037,-0.005
1.037,0.755,1.596,1.0,0.007,-0.0,-0.031,-0.227,0.321,0.065,0.001,0.037,-0.005
1.031,0.758,1.593,1.0,0.005,-0.001,-0.03,-0.156,0.1,-0.097,-0.099,-0.044,0.014
1.021,0.765,1.597,1.0,0.004,-0.0,-0.03,-0.324,0.213,0.105,-0.094,0.046,-0.001
1.021,0.765,1.597,1.0,0.004,-0.0,-0.03,-0.324,0.213,0.105,-0.094,0.046,-0.001
1.011,0.761,1.594,1.0,0.002,-0.0,-0.029,-0.304,-0.123,-0.075,-0.117,-0.022,0.074
0.978,0.771,1.606,1.0,-0.001,0.002,-0.029,-0.834,0.096,0.457,-0.042,0.173,0.029
0.978,0.771,1.606,1.0,-0.001,0.002,-0.029,-0.834,0.096,0.457,-0.042,0.173,0.029
0.96,0.773,1.609,1.0,-0.005,0.002,-0.028,-0.513,-0.025,0.304,-0.149,0.071,0.048
0.951,0.772,1.609,1.0,-0.007,0.001,-0.027,-0.258,-0.038,-0.006,-0.107,-0.046,0.062
0.951,0.772,1.609,1.0,-0.007,0.001,-0.027,-0.258,-0.038,-0.006,-0.107,-0.046,0.062
0.923,0.768,1.607,1.0,-0.012,0.001,-0.026,-0.527,-0.166,0.117,-0.199,0.038,0.058
0.895,0.773,1.586,1.0,-0.016,0.0,-0.025,-0.326,-0.101,-0.571,-0.15,-0.097,0.065
0.895,0.773,1.586,1.0,-0.016,0.0,-0.025,-0.326,-0.101,-0.571,-0.15,-0.097,0.065
0.887,0.779,1.575,0.999,-0.019,-0.001,-0.025,-0.265,0.184,-0.317,-0.173,-0.067,-0.01
0.867,0.78,1.581,0.999,-0.021,0.001,-0.024,-0.596,0.04,0.176,-0.09,0.094,0.079
0.867,0.78,1.581,0.999,-0.021,0.001,-0.024,-0.596,0.04,0.176,-0.09,0.094,0.079
0.842,0.79,1.556,0.999,-0.024,-0.003,-0.023,-0.238,0.319,-0.479,-0.037,-0.131,0.004
0.816,0.811,1.534,0.999,-0.025,-0.006,-0.023,-0.587,0.281,-0.182,0.026,-0.063,0.042
0.816,0.811,1.534,0.999,-0.025,-0.006,-0.023,-0.587,0.281,-0.182,0.026,-0.063,0.042
0.793,0.813,1.546,0.999,-0.025,-0.005,-0.021,-0.695,0.082,0.389,0.013,0.089,0.114
0.776,0.824,1.551,0.999,-0.025,-0.004,-0.02,-0.522,0.332,0.153,0.001,0.051,0.068
0.776,0.824,1.551,0.999,-0.025,-0.004,-0.02,-0.522,0.332,0.153,0.001,0.051,0.068
0.678,0.895,1.559,1.0,-0.022,-0.001,-0.019,-0.925,0.307,0.296,0.004,0.105,0.077
0.678,0.895,1.559,1.0,-0.022,-0.001,-0.019,-0.925,0.307,0.296,0.004,0.105,0.077
0.64,0.924,1.539,1.0,-0.02,-0.003,-0.018,-0.818,0.603,0.011,0.036,0.021,-0.022
0.64,0.924,1.539,1.0,-0.02,-0.003,-0.018,-0.818,0.603,0.011,0.036,0.021,-0.022
0.587,0.96,1.544,1.0,-0.019,-0.001,-0.018,-1.103,0.636,0.168,0.037,0.15,-0.02
0.554,0.988,1.545,1.0,-0.017,0.001,-0.019,-0.973,0.843,0.021,0.092,0.087,-0.081
0.554,0.988,1.545,1.0,-0.017,0.001,-0.019,-0.973,0.843,0.021,0.092,0.087,-0.081
0.436,1.052,1.553,1.0,-0.012,0.01,-0.019,-1.041,1.039,0.02,0.114,0.14,-0.114
0.436,1.052,1.553,1.0,-0.012,0.01,-0.019,-1.041,1.039,0.02,0.114,0.14,-0.114
0.4,1.066,1.556,1.0,-0.009,0.014,-0.017,-1.101,0.426,0.068,0.158,0.255,0.143
0.365,1.088,1.538,1.0,-0.005,0.015,-0.016,-1.03,0.66,-0.522,0.252,0.079,0.051
0.202,1.227,1.508,0.999,0.013,0.029,-0.02,-1.124,0.785,-0.596,0.237,0.071,0.002
0.202,1.227,1.508,0.999,0.013,0.029,-0.02,-1.124,0.785,-0.596,0.237,0.071,0.002
0.202,1.227,1.508,0.999,0.013,0.029,-0.02,-1.124,0.785,-0.596,0.237,0.071,0.002
0.117,1.305,1.417,0.999,0.024,0.025,-0.022,-0.844,0.983,-1.16,0.032,-0.244,-0.218
0.117,1.305,1.417,0.999,0.024,0.025,-0.022,-0.844,0.983,-1.16,0.032,-0.244,-0.218
0.038,1.353,1.433,0.999,0.025,0.032,-0.025,-1.43,0.825,0.602,0.071,0.325,-0.111
-0.036,1.383,1.443,0.999,0.025,0.034,-0.025,-0.775,0.229,-0.007,0.036,0.001,0.062
-0.036,1.383,1.443,0.999,0.025,0.034,-0.025,-0.775,0.229,-0.007,0.036,0.001,0.062
-0.06,1.386,1.431,0.999,0.026,0.032,-0.023,-0.736,0.099,-0.358,0.016,-0.124,0.112
-0.103,1.424,1.418,0.999,0.028,0.029,-0.026,-1.296,1.172,-0.411,0.164,-0.161,-0.197
-0.103,1.424,1.418,0.999,0.028,0.029,-0.026,-1.296,1.172,-0.411,0.164,-0.161,-0.197
-0.16,1.456,1.438,0.999,0.032,0.031,-0.026,-1.032,0.455,0.475,0.091,0.128,0.008
-0.201,1.476,1.46,0.999,0.032,0.031,-0.027,-1.244,0.625,0.678,0.03,-0.053,-0.048
-0.201,1.476,1.46,0.999,0.032,0.031,-0.027,-1.244,0.625,0.678,0.03,-0.053,-0.048
-0.219,1.472,1.47,0.999,0.029,0.027,-0.026,-0.521,-0.139,0.298,-0.172,-0.206,0.047
-0.26,1.506,1.479,0.999,0.029,0.029,-0.03,-1.263,1.046,0.281,-0.021,0.076,-0.26
-0.305,1.524,1.491,0.998,0.035,0.033,-0.029,-1.354,0.551,0.334,0.35,0.262,0.106
-0.35,1.55,1.49,0.998,0.037,0.034,-0.032,-1.337,0.769,-0.028,0.146,0.065,-0.171
-0.403,1.578,1.5,0.998,0.039,0.035,-0.033,-1.607,0.845,0.308,0.109,0.104,-0.103
-0.419,1.561,1.485,0.998,0.041,0.032,-0.028,-0.46,-0.497,-0.455,0.105,-0.182,0.333
-0.537,1.588,1.517,0.998,0.042,0.037,-0.029,-0.803,0.055,0.466,-0.109,-0.015,-0.01
-0.647,1.611,1.528,0.998,0.045,0.039,-0.029,-1.37,0.398,0.145,0.093,0.125,-0.052
-0.647,1.611,1.528,0.998,0.045,0.039,-0.029,-1.37,0.398,0.145,0.093,0.125,-0.052
-0.662,1.619,1.502,0.998,0.047,0.036,-0.029,-0.46,0.255,-0.778,0.123,-0.197,-0.013
-0.709,1.643,1.504,0.998,0.048,0.038,-0.032,-1.413,0.709,0.069,0.067,0.137,-0.16
-0.82,1.601,1.531,0.998,0.045,0.038,-0.026,-0.899,-0.35,0.003,0.026,0.002,0.126
-0.82,1.601,1.531,0.998,0.045,0.038,-0.026,-0.899,-0.35,0.003,0.026,0.002,0.126
-0.86,1.595,1.545,0.998,0.042,0.039,-0.025,-1.193,-0.181,0.415,-0.128,0.067,0.026
-0.981,1.588,1.607,0.998,0.043,0.047,-0.026,-0.831,-0.288,0.502,0.037,0.204,0.093
-1.019,1.585,1.628,0.998,0.04,0.047,-0.028,-1.126,-0.104,0.619,-0.149,0.036,-0.097
-1.019,1.585,1.628,0.998,0.04,0.047,-0.028,-1.126,-0.104,0.619,-0.149,0.036,-0.097
-1.067,1.556,1.667,0.998,0.035,0.047,-0.027,-0.636,-0.314,0.442,-0.19,-0.047,-0.028
-1.097,1.534,1.696,0.998,0.032,0.049,-0.026,-0.915,-0.644,0.874,-0.178,0.088,0.018
-1.117,1.521,1.694,0.998,0.031,0.045,-0.027,-0.604,-0.39,-0.064,-0.11,-0.229,-0.026
-1.17,1.5,1.72,0.998,0.027,0.046,-0.028,-0.569,-0.299,0.001,-0.063,-0.045,-0.021
-1.17,1.5,1.72,0.998,0.027,0.046,-0.028,-0.569,-0.299,0.001,-0.063,-0.045,-0.021
-1.229,1.461,1.759,0.998,0.024,0.05,-0.027,-0.806,-0.296,0.601,-0.091,0.106,-0.071
-1.245,1.436,1.763,0.998,0.023,0.049,-0.025,-0.485,-0.764,0.138,-0.082,-0.081,0.13
-1.273,1.431,1.774,0.998,0.02,0.049,-0.027,-0.846,-0.165,0.33,-0.182,0.035,-0.152
-1.282,1.412,1.77,0.998,0.019,0.047,-0.026,-0.26,-0.548,-0.129,-0.042,-0.159,0.047
-1.3,1.404,1.779,0.998,0.019,0.046,-0.026,-0.535,-0.261,0.263,-0.022,-0.017,0.012
-1.361,1.363,1.787,0.999,0.016,0.044,-0.026,-0.522,-0.548,0.304,-0.158,-0.078,0.033
-1.361,1.363,1.787,0.999,0.016,0.044,-0.026,-0.522,-0.548,0.304,-0.158,-0.078,0.033
-1.433,1.316,1.767,0.999,0.014,0.036,-0.027,-0.339,-0.248,-0.439,0.053,-0.218,0.016
-1.433,1.316,1.767,0.999,0.014,0.036,-0.027,-0.339,-0.248,-0.439,0.053,-0.218,0.016
-1.46,1.303,1.769,0.999,0.014,0.036,-0.027,-0.833,-0.401,0.055,0.003,0.003,0.02
-1.468,1.298,1.757,0.999,0.014,0.034,-0.028,-0.242,-0.149,-0.363,-0.021,-0.091,-0.08
-1.468,1.298,1.757,0.999,0.014,0.034,-0.028,-0.242,-0.149,-0.363,-0.021,-0.091,-0.08
-1.506,1.265,1.739,0.999,0.014,0.033,-0.027,-0.564,-0.502,-0.614,0.118,-0.089,0.05
-1.525,1.253,1.721,0.999,0.015,0.032,-0.027,-0.579,-0.364,-0.539,0.017,-0.069,0.021
-1.525,1.253,1.721,0.999,0.015,0.032,-0.027,-0.579,-0.364,-0.539,0.017,-0.069,0.021
-1.59,1.225,1.683,0.999,0.017,0.033,-0.027,-0.84,-0.116,-0.256,0.064,0.018,-0.074
-1.59,1.225,1.683,0.999,0.017,0.033,-0.027,-0.84,-0.116,-0.256,0.064,0.018,-0.074
-1.601,1.212,1.673,0.999,0.019,0.032,-0.026,-0.329,-0.392,-0.311,0.08,-0.044,0.066
-1.622,1.2,1.66,0.999,0.019,0.032,-0.026,-0.62,-0.35,-0.39,0.009,-0.029,-0.04
-1.726,1.134,1.627,0.999,0.02,0.036,-0.025,-1.029,-0.199,-0.323,0.087,0.104,-0.065
-1.726,1.134,1.627,0.999,0.02,0.036,-0.025,-1.029,-0.199,-0.323,0.087,0.104,-0.065
-1.819,1.084,1.614,0.999,0.024,0.04,-0.025,-0.786,-0.536,0.086,0.032,0.072,0.031
-1.819,1.084,1.614,0.999,0.024,0.04,-0.025,-0.786,-0.536,0.086,0.032,0.072,0.031
-1.847,1.064,1.612,0.999,0.025,0.041,-0.024,-0.82,-0.598,-0.062,0.012,0.059,0.052
-1.895,1.035,1.596,0.998,0.026,0.046,-0.025,-0.764,-0.376,-0.259,0.062,0.088,-0.027
-1.895,1.035,1.596,0.998,0.026,0.046,-0.025,-0.764,-0.376,-0.259,0.062,0.088,-0.027
-1.942,1.001,1.594,0.998,0.026,0.049,-0.024,-0.764,-0.483,0.028,-0.004,0.103,0.036
-1.942,1.001,1.594,0.998,0.026,0.049,-0.024,-0.764,-0.483,0.028,-0.004,0.103,0.036
-1.972,0.98,1.595,0.998,0.024,0.051,-0.024,-0.9,-0.609,0.046,-0.091,0.093,-0.046
-1.995,0.958,1.601,0.998,0.023,0.053,-0.024,-0.687,-0.655,0.183,-0.097,0.129,0.025
-2.039,0.912,1.604,0.998,0.022,0.056,-0.022,-0.627,-0.686,-0.151,0.001,0.001,0.043
-2.077,0.868,1.625,0.998,0.021,0.059,-0.02,-0.71,-0.61,0.434,-0.008,0.135,-0.002
-2.077,0.868,1.625,0.998,0.021,0.059,-0.02,-0.71,-0.61,0.434,-0.008,0.135,-0.002
-2.116,0.82,1.637,0.998,0.02,0.061,-0.02,-0.56,-0.792,0.236,-0.056,0.062,-0.007
-2.172,0.805,1.667,0.998,0.02,0.063,-0.018,-1.682,-0.441,0.891,-0.024,0.131,0.078
-2.184,0.781,1.673,0.998,0.019,0.064,-0.018,-0.341,-0.711,0.167,-0.057,0.035,0.0
-2.201,0.755,1.686,0.998,0.018,0.066,-0.017,-0.509,-0.769,0.412,-0.091,0.118,0.042
-2.217,0.743,1.688,0.998,0.017,0.065,-0.019,-0.501,-0.365,0.05,-0.014,-0.011,-0.085
-2.229,0.715,1.697,0.997,0.016,0.067,-0.018,-0.353,-0.869,0.288,-0.059,0.089,0.073
-2.242,0.684,1.705,0.997,0.016,0.068,-0.017,-0.402,-0.902,0.23,-0.031,0.064,0.032
-2.251,0.656,1.708,0.998,0.015,0.067,-0.015,-0.252,-0.84,0.094,-0.081,-0.047,0.092
-2.322,0.515,1.682,0.997,0.012,0.075,-0.014,-0.118,-0.821,0.19,-0.073,0.066,0.034
-2.322,0.515,1.682,0.997,0.012,0.075,-0.014,-0.118,-0.821,0.19,-0.073,0.066,0.034
-2.336,0.422,1.674,0.997,0.011,0.074,-0.013,0.203,-0.698,0.063,-0.048,-0.042,0.006
-2.336,0.422,1.674,0.997,0.011,0.074,-0.013,0.203,-0.698,0.063,-0.048,-0.042,0.006
-2.329,0.396,1.663,0.997,0.01,0.07,-0.014,0.21,-0.785,-0.33,-0.069,-0.207,-0.046
-2.31,0.345,1.673,0.998,0.008,0.066,-0.012,-0.037,-0.718,0.205,-0.077,-0.078,0.003
-2.31,0.345,1.673,0.998,0.008,0.066,-0.012,-0.037,-0.718,0.205,-0.077,-0.078,0.003
-2.308,0.328,1.684,0.998,0.007,0.065,-0.013,0.06,-0.504,0.341,-0.036,-0.111,-0.016
-2.283,0.3,1.682,0.998,0.007,0.06,-0.011,0.785,-0.868,-0.057,-0.004,-0.291,0.137
-2.283,0.3,1.682,0.998,0.007,0.06,-0.011,0.785,-0.868,-0.057,-0.004,-0.291,0.137
-2.258,0.255,1.682,0.998,0.007,0.054,-0.01,0.327,-0.901,-0.074,-0.006,-0.14,0.063
-2.257,0.234,1.681,0.999,0.008,0.053,-0.009,0.017,-0.625,-0.038,0.012,-0.049,0.081
-2.257,0.234,1.681,0.999,0.008,0.053,-0.009,0.017,-0.625,-0.038,0.012,-0.049,0.081
-2.248,0.219,1.672,0.999,0.008,0.053,-0.01,0.277,-0.449,-0.281,0.023,-0.054,-0.049
-2.244,0.201,1.665,0.999,0.01,0.051,-0.009,0.123,-0.53,-0.19,0.104,-0.073,0.041
-2.227,0.173,1.675,0.999,0.009,0.049,-0.01,0.511,-0.86,0.282,-0.023,-0.146,-0.025
-2.2,0.105,1.661,0.999,0.008,0.042,-0.008,0.016,-0.663,-0.188,0.022,0.036,0.066
-2.2,0.105,1.661,0.999,0.008,0.042,-0.008,0.016,-0.663,-0.188,0.022,0.036,0.066
-2.191,0.058,1.643,0.999,0.008,0.041,-0.007,0.099,-0.754,-0.372,-0.017,-0.06,0.044
-2.179,0.047,1.633,0.999,0.01,0.039,-0.007,0.343,-0.325,-0.301,0.082,-0.081,0.015
-2.179,0.047,1.633,0.999,0.01,0.039,-0.007,0.343,-0.325,-0.301,0.082,-0.081,0.015
-2.17,-0.019,1.615,0.999,0.009,0.038,-0.006,-0.051,-0.803,-0.313,-0.036,0.037,0.065
-2.17,-0.019,1.615,0.999,0.009,0.038,-0.006,-0.051,-0.803,-0.313,-0.036,0.037,0.065
-2.173,-0.086,1.586,0.999,0.01,0.039,-0.004,-0.048,-0.295,-0.235,0.107,-0.05,0.011
-2.173,-0.086,1.586,0.999,0.01,0.039,-0.004,-0.048,-0.295,-0.235,0.107,-0.05,0.011
-2.149,-0.115,1.579,0.999,0.013,0.039,-0.005,0.52,-0.162,-0.253,0.137,-0.076,-0.097
-2.139,-0.144,1.561,0.999,0.013,0.038,-0.003,0.304,-0.892,-0.54,-0.023,-0.066,0.097
-2.155,-0.163,1.567,0.999,0.013,0.041,-0.002,-0.475,-0.556,0.17,-0.016,0.175,0.031
-2.149,-0.19,1.551,0.999,0.013,0.041,-0.002,0.196,-0.791,-0.472,-0.002,-0.03,0.035
-2.145,-0.214,1.537,0.999,0.013,0.041,-0.001,0.115,-0.714,-0.411,0.02,0.031,0.054
-2.136,-0.246,1.533,0.999,0.016,0.045,0.0,0.002,-0.632,0.12,0.106,0.159,0.071
-2.14,-0.304,1.547,0.999,0.022,0.044,0.001,-0.279,-0.76,0.194,0.036,0.043,0.011
-2.138,-0.329,1.542,0.999,0.021,0.047,0.001,0.039,-0.733,-0.141,-0.031,0.148,0.029
-2.138,-0.329,1.542,0.999,0.021,0.047,0.001,0.039,-0.733,-0.141,-0.031,0.148,0.029
-2.131,-0.395,1.54,0.999,0.018,0.05,0.0,0.073,-0.653,0.077,-0.105,0.007,0.008
-2.133,-0.422,1.542,0.999,0.017,0.052,0.001,-0.063,-0.817,0.07,-0.053,0.097,0.056
-2.142,-0.479,1.545,0.998,0.013,0.056,0.001,-0.204,-0.807,0.112,-0.122,0.148,0.007
-2.142,-0.479,1.545,0.998,0.013,0.056,0.001,-0.204,-0.807,0.112,-0.122,0.148,0.007
-2.141,-0.525,1.556,0.998,0.01,0.059,0.002,0.263,-0.6,0.061,-0.044,-0.026,0.037
-2.139,-0.559,1.561,0.998,0.01,0.061,0.002,0.059,-1.014,0.145,-0.045,0.102,0.023
-2.139,-0.559,1.561,0.998,0.01,0.061,0.002,0.059,-1.014,0.145,-0.045,0.102,0.023
-2.119,-0.605,1.554,0.998,0.008,0.061,0.005,0.283,-0.647,-0.2,-0.06,0.04,0.064
-2.117,-0.623,1.557,0.998,0.006,0.062,0.005,0.064,-0.536,0.082,-0.06,0.106,-0.039
-2.117,-0.623,1.557,0.998,0.006,0.062,0.005,0.064,-0.536,0.082,-0.06,0.106,-0.039
-2.115,-0.654,1.561,0.998,0.005,0.064,0.006,0.058,-0.948,0.117,-0.07,0.066,0.074
-2.071,-0.746,1.592,0.998,-0.0,0.063,0.006,0.346,-0.591,0.422,-0.032,0.028,-0.046
-2.066,-0.762,1.604,0.998,0.0,0.063,0.006,0.159,-0.472,0.339,0.022,-0.005,0.03
-2.066,-0.762,1.604,0.998,0.0,0.063,0.006,0.159,-0.472,0.339,0.022,-0.005,0.03
-2.033,-0.802,1.617,0.998,0.0,0.063,0.006,0.295,-0.468,0.278,0.014,0.05,-0.033
-2.034,-0.809,1.631,0.998,0.001,0.064,0.004,-0.021,-0.21,0.404,0.03,0.107,-0.122
-2.034,-0.809,1.631,0.998,0.001,0.064,0.004,-0.021,-0.21,0.404,0.03,0.107,-0.122
-2.007,-0.846,1.645,0.998,0.0,0.063,0.005,0.224,-0.403,0.091,-0.001,-0.066,-0.013
-1.986,-0.877,1.652,0.998,0.001,0.063,0.008,0.639,-0.948,0.212,0.018,0.005,0.129
-1.986,-0.877,1.652,0.998,0.001,0.063,0.008,0.639,-0.948,0.212,0.018,0.005,0.129
-1.974,-0.898,1.661,0.998,0.002,0.064,0.007,0.352,-0.601,0.258,0.047,0.035,-0.005
-1.917,-0.983,1.679,0.998,0.005,0.068,0.009,0.406,-0.826,-0.134,-0.083,-0.153,0.038
-1.917,-0.983,1.679,0.998,0.005,0.068,0.009,0.406,-0.826,-0.134,-0.083,-0.153,0.038
-1.917,-0.983,1.679,0.998,0.005,0.068,0.009,0.406,-0.826,-0.134,-0.083,-0.153,0.038
-1.896,-1.007,1.684,0.998,0.003,0.067,0.01,0.634,-0.734,0.161,-0.118,-0.019,0.02
-1.87,-1.039,1.684,0.998,0.001,0.067,0.011,0.768,-0.949,-0.008,-0.13,-0.033,0.07
-1.852,-1.08,1.68,0.998,-0.003,0.064,0.014,0.551,-1.232,-0.12,-0.238,-0.186,0.189
-1.825,-1.103,1.668,0.998,-0.006,0.061,0.015,0.796,-0.684,-0.345,-0.19,-0.133,0.012
-1.743,-1.21,1.66,0.998,-0.019,0.062,0.016,0.433,-0.763,0.262,-0.189,0.125,-0.077
-1.707,-1.21,1.651,0.998,-0.02,0.059,0.015,1.069,-0.014,-0.258,-0.057,-0.164,-0.055
-1.643,-1.295,1.666,0.998,-0.029,0.058,0.018,0.665,-0.73,-0.019,-0.228,0.017,0.032
-1.643,-1.295,1.666,0.998,-0.029,0.058,0.018,0.665,-0.73,-0.019,-0.228,0.017,0.032
-1.621,-1.306,1.658,0.998,-0.031,0.057,0.019,0.661,-0.325,-0.249,-0.16,-0.082,0.014
-1.597,-1.321,1.666,0.998,-0.031,0.057,0.02,0.705,-0.453,0.23,-0.009,-0.026,0.039
-1.492,-1.357,1.727,0.998,-0.025,0.055,0.022,1.044,-0.372,0.245,0.071,-0.137,0.078
-1.492,-1.357,1.727,0.998,-0.025,0.055,0.022,1.044,-0.372,0.245,0.071,-0.137,0.078
-1.405,-1.351,1.736,0.998,-0.019,0.048,0.02,0.875,0.14,0.233,0.127,-0.032,-0.056
-1.405,-1.351,1.736,0.998,-0.019,0.048,0.02,0.875,0.14,0.233,0.127,-0.032,-0.056
-1.357,-1.353,1.755,0.998,-0.016,0.048,0.021,0.707,-0.137,0.337,0.099,0.003,0.058
-1.331,-1.361,1.763,0.999,-0.015,0.047,0.022,0.79,-0.241,0.264,0.031,-0.084,0.037
-1.304,-1.366,1.773,0.999,-0.014,0.045,0.022,0.828,-0.145,0.285,0.07,-0.082,-0.004
-1.27,-1.372,1.783,0.999,-0.014,0.044,0.021,1.01,-0.172,0.297,0.001,-0.093,-0.012
-1.245,-1.377,1.792,0.999,-0.012,0.044,0.022,0.766,-0.142,0.279,0.127,-0.006,0.062
-1.245,-1.377,1.792,0.999,-0.012,0.044,0.022,0.766,-0.142,0.279,0.127,-0.006,0.062
-1.222,-1.373,1.792,0.999,-0.011,0.042,0.021,0.679,0.101,-0.004,0.068,-0.093,-0.055
-1.19,-1.383,1.793,0.999,-0.01,0.045,0.021,0.334,-0.242,0.155,0.015,0.139,0.008
-1.19,-1.383,1.793,0.999,-0.01,0.045,0.021,0.334,-0.242,0.155,0.015,0.139,0.008
-1.132,-1.425,1.787,0.998,-0.012,0.05,0.027,0.737,-0.611,-0.148,-0.072,0.035,0.091
-1.125,-1.434,1.785,0.998,-0.012,0.051,0.028,0.209,-0.277,-0.052,0.012,0.101,0.061
-1.125,-1.434,1.785,0.998,-0.012,0.051,0.028,0.209,-0.277,-0.052,0.012,0.101,0.061
-1.091,-1.443,1.733,0.998,-0.012,0.052,0.029,0.402,-0.212,-0.677,0.004,0.094,0.042
-1.091,-1.443,1.733,0.998,-0.012,0.052,0.029,0.402,-0.212,-0.677,0.004,0.094,0.042
-1.062,-1.452,1.69,0.998,-0.013,0.049,0.029,0.853,-0.251,-1.291,-0.101,-0.144,0.014
-1.041,-1.453,1.668,0.998,-0.015,0.05,0.028,0.636,-0.053,-0.652,-0.114,0.044,-0.049
-0.996,-1.474,1.599,0.998,-0.018,0.049,0.03,0.971,-0.19,-1.485,-0.074,-0.199,0.029
-0.982,-1.477,1.578,0.998,-0.018,0.05,0.03,0.437,-0.115,-0.633,-0.031,0.079,0.019
-0.882,-1.463,1.484,0.998,-0.021,0.048,0.028,0.752,0.155,-0.515,-0.05,0.012,-0.033
-0.882,-1.463,1.484,0.998,-0.021,0.048,0.028,0.752,0.155,-0.515,-0.05,0.012,-0.033
-0.797,-1.437,1.481,0.999,-0.019,0.043,0.026,0.723,0.185,0.271,-0.024,-0.08,-0.001
-0.797,-1.437,1.481,0.999,-0.019,0.043,0.026,0.723,0.185,0.271,-0.024,-0.08,-0.001
-0.77,-1.422,1.477,0.999,-0.019,0.039,0.023,0.812,0.439,-0.097,0.045,-0.224,-0.142
-0.763,-1.434,1.508,0.999,-0.017,0.041,0.027,0.223,-0.341,0.934,0.09,0.129,0.199
-0.707,-1.416,1.588,0.999,-0.01,0.042,0.027,0.502,0.101,1.114,0.154,0.124,0.087
-0.683,-1.387,1.599,0.999,-0.007,0.042,0.026,0.7,0.866,0.334,0.179,-0.02,-0.096
-0.683,-1.387,1.599,0.999,-0.007,0.042,0.026,0.7,0.866,0.334,0.179,-0.02,-0.096
-0.644,-1.37,1.64,0.999,-0.003,0.042,0.026,0.396,0.325,1.062,0.116,0.171,-0.059
-0.623,-1.361,1.64,0.999,-0.001,0.039,0.026,0.649,0.28,0.006,0.104,-0.155,0.014
-0.623,-1.361,1.64,0.999,-0.001,0.039,0.026,0.649,0.28,0.006,0.104,-0.155,0.014
-0.593,-1.354,1.64,0.999,-0.002,0.041,0.025,0.749,0.039,-0.314,-0.017,-0.084,0.043
-0.578,-1.337,1.649,0.999,0.0,0.041,0.024,0.47,0.516,0.258,0.153,-0.012,-0.037
-0.578,-1.337,1.649,0.999,0.0,0.041,0.024,0.47,0.516,0.258,0.153,-0.012,-0.037
-0.562,-1.324,1.655,0.999,0.003,0.042,0.024,0.465,0.393,0.184,0.152,0.035,0.008
-0.495,-1.297,1.631,0.999,0.001,0.044,0.025,0.602,0.395,-0.44,-0.077,0.12,0.056
-0.476,-1.291,1.654,0.999,0.001,0.049,0.024,0.354,0.098,-0.013,-0.01,0.035,-0.008
-0.476,-1.291,1.654,0.999,0.001,0.049,0.024,0.354,0.098,-0.013,-0.01,0.035,-0.008
-0.469,-1.288,1.663,0.998,0.002,0.051,0.025,0.195,0.074,0.277,0.032,0.111,0.031
-0.437,-1.271,1.641,0.999,0.003,0.048,0.024,0.997,0.512,-0.672,0.058,-0.187,-0.054
-0.432,-1.28,1.655,0.998,0.002,0.051,0.025,0.133,-0.257,0.429,-0.061,0.187,0.071
-0.41,-1.27,1.637,0.999,0.0,0.047,0.023,0.662,0.304,-0.544,-0.073,-0.214,-0.119
-0.394,-1.275,1.646,0.998,0.001,0.05,0.025,0.465,-0.157,0.278,0.004,0.164,0.095
-0.385,-1.276,1.654,0.998,-0.0,0.052,0.025,0.276,-0.035,0.229,-0.049,0.102,0.036
-0.236,-1.273,1.612,0.998,-0.013,0.051,0.026,0.666,-0.077,-0.364,-0.209,-0.021,-0.009
-0.236,-1.273,1.612,0.998,-0.013,0.051,0.026,0.666,-0.077,-0.364,-0.209,-0.021,-0.009
-0.204,-1.286,1.605,0.998,-0.019,0.051,0.027,0.547,-0.097,-0.296,-0.2,-0.031,-0.002
-0.162,-1.281,1.599,0.998,-0.023,0.051,0.026,0.692,-0.033,-0.247,-0.182,-0.064,-0.014
-0.162,-1.281,1.599,0.998,-0.023,0.051,0.026,0.692,-0.033,-0.247,-0.182,-0.064,-0.014
-0.138,-1.282,1.602,0.998,-0.025,0.051,0.026,0.714,-0.057,0.111,-0.144,-0.002,0.006
-0.105,-1.261,1.605,0.998,-0.027,0.05,0.022,1.0,0.65,0.063,-0.092,-0.038,-0.244
-0.105,-1.261,1.605,0.998,-0.027,0.05,0.022,1.0,0.65,0.063,-0.092,-0.038,-0.244
-0.042,-1.249,1.624,0.998,-0.03,0.047,0.023,0.805,0.509,0.054,-0.058,-0.126,-0.109
-0.042,-1.249,1.624,0.998,-0.03,0.047,0.023,0.805,0.509,0.054,-0.058,-0.126,-0.109
0.012,-1.222,1.645,0.998,-0.031,0.045,0.021,0.96,0.748,0.244,0.025,-0.17,-0.192
0.049,-1.132,1.57,0.999,-0.029,0.039,0.018,1.128,2.733,-2.236,0.141,-0.323,-0.193
0.125,-1.078,1.611,0.999,-0.022,0.033,0.017,0.67,0.591,0.199,0.122,-0.166,-0.033
0.125,-1.078,1.611,0.999,-0.022,0.033,0.017,0.67,0.591,0.199,0.122,-0.166,-0.033
0.153,-1.058,1.626,0.999,-0.018,0.032,0.017,0.834,0.585,0.436,0.184,-0.079,-0.017
0.178,-1.029,1.634,0.999,-0.016,0.031,0.015,0.75,0.895,0.228,0.138,-0.087,-0.067
0.205,-1.003,1.642,0.999,-0.014,0.029,0.014,0.815,0.79,0.247,0.165,-0.1,-0.092
0.308,-0.849,1.707,1.0,0.014,0.022,0.01,0.631,0.698,0.905,0.407,0.064,0.063
0.308,-0.849,1.707,1.0,0.014,0.022,0.01,0.631,0.698,0.905,0.407,0.064,0.063
0.374,-0.811,1.727,1.0,0.016,0.018,0.01,0.573,0.626,-0.091,0.007,-0.149,-0.087
0.374,-0.811,1.727,1.0,0.016,0.018,0.01,0.573,0.626,-0.091,0.007,-0.149,-0.087
0.384,-0.816,1.757,1.0,0.013,0.022,0.012,0.495,-0.136,0.072,-0.161,0.012,0.036
0.384,-0.816,1.757,1.0,0.013,0.022,0.012,0.495,-0.136,0.072,-0.161,0.012,0.036
0.444,-0.809,1.714,1.0,0.002,0.02,0.011,0.179,0.024,-0.153,-0.117,0.077,-0.013
0.444,-0.809,1.714,1.0,0.002,0.02,0.011,0.179,0.024,-0.153,-0.117,0.077,-0.013
0.464,-0.796,1.704,1.0,-0.001,0.02,0.01,0.57,0.387,-0.309,-0.179,0.051,-0.08
0.47,-0.816,1.686,1.0,-0.006,0.02,0.012,0.212,-0.672,-0.579,-0.325,-0.031,0.141
0.498,-0.842,1.643,0.999,-0.021,0.021,0.014,0.041,-0.445,-0.064,-0.301,0.178,0.086
0.498,-0.842,1.643,0.999,-0.021,0.021,0.014,0.041,-0.445,-0.064,-0.301,0.178,0.086
0.498,-0.842,1.643,0.999,-0.021,0.021,0.014,0.041,-0.445,-0.064,-0.301,0.178,0.086
0.523,-0.834,1.605,0.999,-0.026,0.018,0.013,0.739,0.215,-1.142,-0.296,-0.225,-0.093
0.541,-0.827,1.593,0.999,-0.033,0.022,0.011,0.139,-0.323,0.197,-0.2,0.22,0.101
0.541,-0.827,1.593,0.999,-0.033,0.022,0.011,0.139,-0.323,0.197,-0.2,0.22,0.101
0.572,-0.815,1.544,0.998,-0.05,0.022,0.01,0.254,0.305,-0.291,-0.163,-0.009,-0.012
0.572,-0.815,1.544,0.998,-0.05,0.022,0.01,0.254,0.305,-0.291,-0.163,-0.009,-0.012
0.594,-0.796,1.547,0.998,-0.054,0.022,0.011,0.346,0.212,0.289,-0.141,0.123,0.026
0.594,-0.796,1.547,0.998,-0.054,0.022,0.011,0.346,0.212,0.289,-0.141,0.123,0.026
0.63,-0.756,1.543,0.998,-0.058,0.02,0.01,0.45,0.527,0.295,0.1,0.018,0.031
0.64,-0.721,1.55,0.998,-0.057,0.02,0.009,0.267,0.896,0.167,0.062,0.018,-0.077
0.664,-0.631,1.567,0.999,-0.05,0.018,0.007,0.268,1.033,0.127,0.122,-0.06,-0.08
0.664,-0.631,1.567,0.999,-0.05,0.018,0.007,0.268,1.033,0.127,0.122,-0.06,-0.08
0.677,-0.6,1.571,0.999,-0.049,0.017,0.005,0.387,0.906,0.115,0.065,-0.063,-0.082
0.68,-0.577,1.583,0.999,-0.047,0.019,0.005,0.075,0.713,0.356,0.124,0.078,0.004
0.703,-0.462,1.594,0.999,-0.036,0.018,0.002,0.327,1.34,0.079,0.339,-0.013,-0.058
0.706,-0.412,1.603,0.999,-0.032,0.019,0.001,0.084,1.362,0.248,0.269,0.068,-0.075
0.716,-0.366,1.599,0.999,-0.027,0.019,-0.0,0.294,1.404,-0.131,0.276,-0.042,-0.055
0.724,-0.326,1.6,1.0,-0.024,0.019,-0.001,0.228,1.18,0.035,0.199,0.0,-0.042
0.736,-0.282,1.593,1.0,-0.02,0.018,-0.002,0.372,1.312,-0.222,0.245,-0.039,-0.05
0.741,-0.19,1.582,1.0,-0.013,0.017,-0.006,0.166,1.596,-0.208,0.208,-0.025,-0.145
0.748,-0.156,1.577,1.0,-0.009,0.017,-0.006,0.211,1.02,-0.161,0.22,-0.01,0.001
0.757,-0.114,1.568,1.0,-0.005,0.017,-0.006,0.271,1.316,-0.284,0.25,-0.025,-0.037
0.768,-0.024,1.549,1.0,0.002,0.016,-0.01,0.368,1.259,-0.451,0.212,-0.085,-0.06
0.776,0.063,1.534,1.0,0.009,0.015,-0.012,0.151,1.228,-0.339,0.166,-0.038,-0.042
0.776,0.063,1.534,1.0,0.009,0.015,-0.012,0.151,1.228,-0.339,0.166,-0.038,-0.042
0.803,0.187,1.488,1.0,0.021,0.009,-0.016,0.33,0.992,-0.636,0.143,-0.198,-0.036
0.803,0.187,1.488,1.0,0.021,0.009,-0.016,0.33,0.992,-0.636,0.143,-0.198,-0.036
0.806,0.281,1.466,0.999,0.026,0.007,-0.018,-0.115,0.971,-0.033,0.111,0.01,-0.077
0.797,0.311,1.481,0.999,0.027,0.009,-0.019,-0.282,0.916,0.458,0.071,0.178,-0.056
0.793,0.342,1.481,0.999,0.029,0.01,-0.02,-0.105,0.944,0.003,0.078,0.036,-0.078
0.8,0.375,1.473,0.999,0.029,0.008,-0.023,0.215,0.983,-0.237,-0.004,-0.13,-0.166
0.792,0.394,1.48,0.999,0.028,0.008,-0.023,-0.254,0.57,0.212,-0.054,0.017,-0.017
0.782,0.415,1.499,0.999,0.027,0.01,-0.024,-0.282,0.633,0.567,-0.035,0.086,-0.05
0.771,0.432,1.516,0.999,0.026,0.012,-0.024,-0.356,0.526,0.526,-0.075,0.147,-0.012
0.763,0.458,1.529,0.999,0.026,0.014,-0.026,-0.238,0.768,0.372,-0.013,0.108,-0.099
0.756,0.481,1.537,0.999,0.025,0.015,-0.028,-0.218,0.701,0.246,-0.066,0.043,-0.135
0.727,0.543,1.574,0.999,0.022,0.016,-0.029,-0.219,0.355,0.301,-0.11,0.068,-0.029
0.727,0.543,1.574,0.999,0.022,0.016,-0.029,-0.219,0.355,0.301,-0.11,0.068,-0.029
0.692,0.588,1.596,0.999,0.013,0.019,-0.03,-0.179,0.407,0.208,-0.138,0.075,-0.045
0.692,0.588,1.596,0.999,0.013,0.019,-0.03,-0.179,0.407,0.208,-0.138,0.075,-0.045
0.667,0.611,1.602,0.999,0.007,0.019,-0.03,0.028,0.415,-0.026,-0.16,-0.023,-0.066
0.667,0.611,1.602,0.999,0.007,0.019,-0.03,0.028,0.415,-0.026,-0.16,-0.023,-0.066
0.639,0.63,1.597,0.999,0.002,0.018,-0.029,-0.312,0.172,0.057,-0.095,0.02,0.026
0.639,0.63,1.597,0.999,0.002,0.018,-0.029,-0.312,0.172,0.057,-0.095,0.02,0.026
0.628,0.652,1.562,1.0,-0.001,0.01,-0.027,-0.075,0.134,-0.444,-0.027,-0.209,0.07
0.628,0.652,1.562,1.0,-0.001,0.01,-0.027,-0.075,0.134,-0.444,-0.027,-0.209,0.07
0.621,0.663,1.559,1.0,-0.0,0.008,-0.026,-0.223,0.332,-0.083,0.047,-0.088,0.048
0.612,0.672,1.557,1.0,-0.001,0.008,-0.026,-0.259,0.281,-0.063,-0.04,-0.049,0.025
0.595,0.689,1.546,1.0,-0.006,0.006,-0.026,-0.191,0.263,-0.247,-0.183,-0.077,-0.023
0.582,0.691,1.54,1.0,-0.007,0.004,-0.025,-0.394,0.059,-0.208,-0.078,-0.117,0.063
0.532,0.714,1.559,1.0,-0.012,0.007,-0.024,-0.681,0.531,0.451,-0.057,0.168,-0.101
0.532,0.714,1.559,1.0,-0.012,0.007,-0.024,-0.681,0.531,0.451,-0.057,0.168,-0.101
0.502,0.758,1.565,1.0,-0.016,0.006,-0.024,-0.403,0.616,0.373,-0.049,0.146,-0.066
0.502,0.758,1.565,1.0,-0.016,0.006,-0.024,-0.403,0.616,0.373,-0.049,0.146,-0.066
0.442,0.797,1.618,0.999,-0.018,0.014,-0.029,-1.081,0.63,0.975,-0.118,0.305,-0.161
0.402,0.833,1.635,0.999,-0.018,0.018,-0.032,-1.19,1.074,0.516,0.016,0.23,-0.207
0.365,0.859,1.658,0.999,-0.017,0.023,-0.034,-1.108,0.777,0.707,0.028,0.333,-0.123
0.338,0.891,1.664,0.999,-0.015,0.027,-0.036,-0.82,0.963,0.166,0.095,0.206,-0.097
0.267,0.94,1.659,0.999,-0.008,0.029,-0.033,-1.017,0.497,0.488,0.184,0.273,0.04
0.25,0.984,1.632,0.999,-0.006,0.027,-0.036,-0.508,1.349,-0.808,0.145,-0.099,-0.215
0.216,1.003,1.628,0.999,-0.003,0.032,-0.037,-1.021,0.553,-0.111,0.117,0.262,-0.002
0.131,1.076,1.56,0.999,0.008,0.038,-0.036,-0.48,0.686,-0.797,0.236,0.115,0.002
0.131,1.076,1.56,0.999,0.008,0.038,-0.036,-0.48,0.686,-0.797,0.236,0.115,0.002
0.095,1.091,1.549,0.998,0.008,0.041,-0.036,-1.089,0.466,-0.317,0.011,0.17,0.004
0.083,1.121,1.519,0.998,0.011,0.04,-0.037,-0.358,0.899,-0.919,0.16,-0.056,-0.049
0.028,1.183,1.462,0.998,0.015,0.037,-0.039,-0.401,0.265,-0.238,-0.004,-0.065,0.002
0.028,1.183,1.462,0.998,0.015,0.037,-0.039,-0.401,0.265,-0.238,-0.004,-0.065,0.002
-0.046,1.232,1.488,0.998,0.015,0.038,-0.038,-0.556,0.34,0.363,-0.02,0.068,0.003
-0.046,1.232,1.488,0.998,0.015,0.038,-0.038,-0.556,0.34,0.363,-0.02,0.068,0.003
-0.062,1.255,1.491,0.998,0.015,0.035,-0.04,-0.46,0.673,0.076,0.028,-0.177,-0.085
-0.08,1.268,1.491,0.999,0.015,0.031,-0.04,-0.544,0.397,0.02,-0.002,-0.206,-0.045
-0.107,1.287,1.516,0.999,0.012,0.027,-0.041,-0.701,0.239,0.421,-0.021,-0.119,0.005
-0.124,1.306,1.528,0.999,0.011,0.024,-0.043,-0.505,0.574,0.351,-0.024,-0.143,-0.083
-0.124,1.306,1.528,0.999,0.011,0.024,-0.043,-0.505,0.574,0.351,-0.024,-0.143,-0.083
-0.14,1.307,1.547,0.999,0.01,0.024,-0.042,-0.478,0.03,0.562,-0.089,-0.032,0.055
-0.177,1.334,1.572,0.999,0.009,0.023,-0.042,-0.601,0.408,0.214,0.029,0.004,-0.009
-0.177,1.334,1.572,0.999,0.009,0.023,-0.042,-0.601,0.408,0.214,0.029,0.004,-0.009
-0.262,1.385,1.595,0.999,0.011,0.027,-0.045,-0.711,0.6,-0.21,0.033,-0.034,-0.104
-0.262,1.385,1.595,0.999,0.011,0.027,-0.045,-0.711,0.6,-0.21,0.033,-0.034,-0.104
-0.329,1.412,1.619,0.998,0.013,0.031,-0.043,-0.523,0.425,0.077,0.027,0.005,-0.041
-0.349,1.414,1.609,0.999,0.013,0.029,-0.042,-0.599,0.072,-0.321,0.021,-0.12,0.065
-0.398,1.451,1.6,0.999,0.014,0.028,-0.044,-0.784,0.468,-0.188,0.049,-0.042,-0.033
-0.398,1.451,1.6,0.999,0.014,0.028,-0.044,-0.784,0.468,-0.188,0.049,-0.042,-0.033
-0.446,1.476,1.595,0.998,0.017,0.03,-0.044,-0.624,0.612,-0.289,0.113,-0.023,-0.032
-0.472,1.487,1.601,0.998,0.019,0.031,-0.043,-0.834,0.349,0.206,0.157,0.091,0.068
-0.472,1.487,1.601,0.998,0.019,0.031,-0.043,-0.834,0.349,0.206,0.157,0.091,0.068
-0.49,1.498,1.596,0.998,0.02,0.029,-0.043,-0.499,0.319,-0.142,0.05,-0.102,-0.007
-0.509,1.508,1.588,0.998,0.02,0.027,-0.044,-0.605,0.319,-0.25,-0.003,-0.152,-0.037
-0.601,1.539,1.613,0.998,0.024,0.033,-0.044,-2.11,1.695,0.887,0.257,0.387,-0.328
-0.623,1.554,1.609,0.998,0.025,0.032,-0.045,-0.677,0.463,-0.138,0.056,-0.076,-0.097
-0.648,1.564,1.612,0.998,0.025,0.032,-0.046,-0.748,0.295,0.113,0.01,0.028,-0.048
-0.672,1.563,1.616,0.998,0.026,0.032,-0.044,-0.721,-0.011,0.122,0.033,0.001,0.099
-0.688,1.569,1.617,0.998,0.026,0.031,-0.045,-0.482,0.172,0.027,0.021,-0.086,-0.04
-0.688,1.569,1.617,0.998,0.026,0.031,-0.045,-0.482,0.172,0.027,0.021,-0.086,-0.04
-0.714,1.584,1.614,0.998,0.028,0.029,-0.046,-0.788,0.445,-0.092,0.085,-0.109,-0.038
-0.797,1.614,1.593,0.997,0.037,0.04,-0.045,-0.771,0.019,-0.457,0.206,0.232,0.054
-0.807,1.612,1.579,0.998,0.038,0.039,-0.044,-0.307,-0.04,-0.413,0.087,-0.077,0.089
-0.859,1.616,1.595,0.998,0.036,0.039,-0.045,-0.652,-0.008,0.191,-0.05,-0.055,-0.009
-0.87,1.603,1.599,0.998,0.035,0.038,-0.043,-0.324,-0.397,0.127,-0.062,-0.091,0.106
-0.903,1.609,1.605,0.998,0.033,0.034,-0.045,-0.591,0.197,0.119,-0.085,-0.12,-0.137
-0.903,1.609,1.605,0.998,0.033,0.034,-0.045,-0.591,0.197,0.119,-0.085,-0.12,-0.137
-0.984,1.572,1.661,0.998,0.027,0.029,-0.043,-0.691,-0.199,0.148,-0.028,-0.197,-0.003
-0.984,1.572,1.661,0.998,0.027,0.029,-0.043,-0.691,-0.199,0.148,-0.028,-0.197,-0.003
-0.997,1.555,1.687,0.998,0.024,0.029,-0.042,-0.385,-0.512,0.769,-0.155,-0.022,0.068
-1.035,1.562,1.71,0.998,0.024,0.031,-0.044,-1.134,0.213,0.703,-0.036,0.097,-0.119
-1.035,1.562,1.71,0.998,0.024,0.031,-0.044,-1.134,0.213,0.703,-0.036,0.097,-0.119
-1.049,1.565,1.708,0.998,0.024,0.028,-0.046,-0.426,0.075,-0.075,0.013,-0.189,-0.096
-1.069,1.548,1.717,0.998,0.023,0.028,-0.044,-0.608,-0.498,0.288,-0.042,0.036,0.104
-1.186,1.529,1.749,0.998,0.02,0.036,-0.047,-1.023,0.221,0.029,-0.006,0.124,-0.181
-1.186,1.529,1.749,0.998,0.02,0.036,-0.047,-1.023,0.221,0.029,-0.006,0.124,-0.181
-1.253,1.505,1.693,0.998,0.024,0.039,-0.045,-0.651,0.195,-0.729,0.095,0.048,-0.095
-1.282,1.487,1.686,0.998,0.025,0.04,-0.043,-0.871,-0.541,-0.233,0.064,0.058,0.109
-1.282,1.487,1.686,0.998,0.025,0.04,-0.043,-0.871,-0.541,-0.233,0.064,0.058,0.109
-1.307,1.484,1.676,0.998,0.026,0.041,-0.043,-0.763,-0.063,-0.297,0.048,0.094,-0.037
-1.327,1.482,1.659,0.998,0.027,0.041,-0.044,-0.587,-0.076,-0.499,0.033,0.002,-0.048
-1.355,1.483,1.646,0.998,0.029,0.045,-0.045,-0.865,0.026,-0.398,0.105,0.19,-0.038
-1.38,1.477,1.626,0.998,0.03,0.044,-0.045,-0.747,-0.185,-0.586,0.104,-0.055,-0.007
-1.394,1.458,1.616,0.998,0.03,0.043,-0.044,-0.411,-0.572,-0.326,-0.017,-0.065,0.089
-1.419,1.441,1.626,0.998,0.027,0.045,-0.044,-0.74,-0.492,0.306,-0.166,0.114,-0.015
-1.432,1.414,1.621,0.998,0.026,0.044,-0.042,-0.41,-0.804,-0.148,-0.082,-0.051,0.095
-1.452,1.402,1.625,0.998,0.024,0.044,-0.043,-0.597,-0.374,0.128,-0.116,0.01,-0.046
-1.466,1.382,1.623,0.998,0.023,0.043,-0.041,-0.426,-0.599,-0.061,-0.058,-0.043,0.071
-1.493,1.367,1.635,0.998,0.022,0.045,-0.042,-0.798,-0.439,0.362,-0.067,0.102,-0.01
-1.532,1.339,1.643,0.998,0.023,0.046,-0.041,-0.691,-0.454,0.313,0.016,0.126,-0.0
-1.552,1.328,1.642,0.998,0.023,0.045,-0.042,-0.621,-0.351,-0.036,-0.002,-0.021,-0.037
-1.585,1.268,1.685,0.998,0.019,0.043,-0.041,-0.452,-0.544,0.43,-0.093,-0.054,-0.013
-1.589,1.243,1.698,0.998,0.016,0.042,-0.039,-0.127,-0.761,0.401,-0.147,-0.082,0.091
-1.602,1.217,1.718,0.998,0.014,0.041,-0.039,-0.405,-0.817,0.599,-0.139,-0.066,0.019
-1.645,1.145,1.763,0.999,0.009,0.039,-0.037,-0.58,-0.6,0.359,-0.051,-0.03,0.021
-1.668,1.103,1.787,0.999,0.006,0.039,-0.035,-0.462,-0.757,0.288,-0.069,0.027,0.07
-1.711,1.044,1.797,0.999,0.005,0.039,-0.033,-0.286,-0.714,0.029,-0.024,0.018,0.119
-1.735,1.034,1.796,0.999,0.005,0.039,-0.035,-0.715,-0.277,-0.035,0.002,-0.003,-0.119
-1.766,0.955,1.797,0.999,0.003,0.037,-0.031,0.025,-0.535,-0.116,0.004,-0.156,0.012
-1.779,0.931,1.799,0.999,0.002,0.036,-0.03,-0.406,-0.716,0.073,-0.064,-0.047,0.05
-1.839,0.831,1.765,0.999,-0.004,0.034,-0.028,-0.448,-0.547,-0.407,-0.032,-0.032,0.026
-1.839,0.815,1.754,0.999,-0.005,0.034,-0.028,-0.001,-0.495,-0.344,-0.065,-0.028,0.006
-1.867,0.781,1.727,0.999,-0.006,0.033,-0.028,-0.457,-0.502,-0.448,-0.003,0.013,0.041
-1.875,0.772,1.706,0.999,-0.004,0.032,-0.028,-0.264,-0.282,-0.656,0.09,-0.066,-0.035
-1.912,0.729,1.663,0.999,-0.004,0.031,-0.028,-0.468,-0.271,-0.551,0.012,-0.019,-0.047
-1.912,0.729,1.663,0.999,-0.004,0.031,-0.028,-0.468,-0.271,-0.551,0.012,-0.019,-0.047
-1.925,0.709,1.647,0.999,-0.004,0.032,-0.028,-0.389,-0.613,-0.5,-0.015,0.061,0.015
-1.955,0.675,1.6,0.999,-0.001,0.032,-0.027,-0.378,-0.384,-0.372,0.036,0.054,0.011
-1.955,0.675,1.6,0.999,-0.001,0.032,-0.027,-0.378,-0.384,-0.372,0.036,0.054,0.011
-1.968,0.661,1.589,0.999,0.0,0.033,-0.027,-0.397,-0.419,-0.323,0.089,0.095,0.044
-1.986,0.656,1.577,0.999,0.002,0.034,-0.028,-0.541,-0.159,-0.364,0.094,0.03,-0.064
-2.001,0.651,1.561,0.999,0.004,0.034,-0.028,-0.437,-0.149,-0.483,0.133,0.037,-0.0
-2.019,0.641,1.553,0.999,0.005,0.035,-0.028,-0.574,-0.298,-0.23,0.045,0.048,-0.03
-2.03,0.626,1.548,0.999,0.006,0.036,-0.027,-0.308,-0.46,-0.144,0.093,0.069,0.08
-2.109,0.557,1.537,0.999,0.014,0.041,-0.026,-0.253,-0.468,-0.084,0.105,0.058,0.068
-2.109,0.557,1.537,0.999,0.014,0.041,-0.026,-0.253,-0.468,-0.084,0.105,0.058,0.068
-2.169,0.516,1.54,0.998,0.022,0.047,-0.026,-0.654,-0.415,0.169,0.107,0.167,-0.015
-2.169,0.516,1.54,0.998,0.022,0.047,-0.026,-0.654,-0.415,0.169,0.107,0.167,-0.015
-2.175,0.501,1.549,0.998,0.023,0.048,-0.024,-0.159,-0.441,0.265,0.045,0.047,0.072
-2.19,0.489,1.561,0.998,0.023,0.048,-0.025,-0.461,-0.373,0.369,-0.001,0.022,-0.027
-2.23,0.405,1.612,0.998,0.021,0.051,-0.022,-0.574,-0.73,0.38,-0.074,0.13,0.019
-2.23,0.405,1.612,0.998,0.021,0.051,-0.022,-0.574,-0.73,0.38,-0.074,0.13,0.019
-2.244,0.384,1.62,0.998,0.02,0.054,-0.021,-0.407,-0.6,0.213,-0.044,0.134,0.06
-2.256,0.364,1.632,0.998,0.02,0.054,-0.02,-0.379,-0.651,0.395,-0.037,0.059,0.026
-2.259,0.346,1.641,0.998,0.019,0.055,-0.02,-0.084,-0.509,0.25,-0.037,0.003,-0.006
-2.27,0.324,1.644,0.998,0.019,0.055,-0.019,-0.329,-0.663,0.093,-0.008,0.06,0.057
-2.295,0.256,1.654,0.998,0.016,0.061,-0.017,-0.111,-0.768,-0.053,-0.063,0.075,0.063
-2.322,0.209,1.665,0.998,0.013,0.065,-0.015,-0.261,-0.803,0.202,-0.06,0.126,0.12
-2.322,0.209,1.665,0.998,0.013,0.065,-0.015,-0.261,-0.803,0.202,-0.06,0.126,0.12
-2.328,0.189,1.664,0.998,0.013,0.065,-0.016,-0.177,-0.595,-0.038,-0.043,0.027,-0.01
-2.325,0.164,1.67,0.998,0.012,0.066,-0.014,0.076,-0.746,0.204,-0.041,0.086,0.1
-2.325,0.164,1.67,0.998,0.012,0.066,-0.014,0.076,-0.746,0.204,-0.041,0.086,0.1
-2.322,0.146,1.668,0.998,0.011,0.064,-0.014,0.094,-0.552,-0.057,-0.036,-0.156,-0.024
-2.324,0.126,1.677,0.998,0.01,0.065,-0.015,-0.066,-0.588,0.246,-0.06,0.081,-0.026
-2.317,0.026,1.701,0.998,0.007,0.062,-0.011,0.143,-0.854,0.172,-0.031,-0.146,0.049
-2.304,0.007,1.708,0.998,0.007,0.06,-0.011,0.366,-0.595,0.209,-0.01,-0.078,0.001
-2.291,-0.016,1.711,0.998,0.006,0.057,-0.011,0.393,-0.666,0.084,-0.039,-0.201,0.023
-2.275,-0.054,1.727,0.998,0.007,0.054,-0.01,0.268,-0.563,0.176,0.014,-0.135,-0.015
-2.275,-0.054,1.727,0.998,0.007,0.054,-0.01,0.268,-0.563,0.176,0.014,-0.135,-0.015
-2.27,-0.075,1.735,0.999,0.007,0.053,-0.009,0.136,-0.632,0.261,-0.003,-0.086,0.069
-2.259,-0.102,1.741,0.999,0.006,0.052,-0.009,0.336,-0.803,0.18,-0.015,-0.019,0.034
-2.24,-0.136,1.75,0.999,0.006,0.049,-0.008,0.163,-0.432,0.222,0.007,-0.08,-0.011
-2.23,-0.159,1.754,0.999,0.006,0.047,-0.009,0.309,-0.665,0.12,-0.013,-0.104,-0.044
-2.23,-0.159,1.754,0.999,0.006,0.047,-0.009,0.309,-0.665,0.12,-0.013,-0.104,-0.044
-2.218,-0.194,1.755,0.999,0.007,0.045,-0.009,0.188,-0.641,0.032,0.012,-0.017,0.053
-2.211,-0.218,1.747,0.999,0.008,0.043,-0.008,0.2,-0.735,-0.228,0.016,-0.094,0.053
-2.2,-0.233,1.743,0.999,0.008,0.043,-0.008,0.343,-0.452,-0.128,0.019,-0.017,-0.012
-2.189,-0.289,1.72,0.999,0.009,0.042,-0.007,0.177,-0.511,-0.301,0.015,-0.029,0.036
-2.189,-0.289,1.72,0.999,0.009,0.042,-0.007,0.177,-0.511,-0.301,0.015,-0.029,0.036
-2.182,-0.311,1.716,0.999,0.009,0.042,-0.007,0.194,-0.663,-0.101,-0.001,-0.007,0.023
-2.176,-0.328,1.706,0.999,0.009,0.041,-0.007,0.197,-0.498,-0.315,0.026,-0.031,-0.027
-2.176,-0.328,1.706,0.999,0.009,0.041,-0.007,0.197,-0.498,-0.315,0.026,-0.031,-0.027
-2.159,-0.383,1.682,0.999,0.009,0.042,-0.005,0.293,-0.587,-0.266,0.016,0.012,0.065
-2.159,-0.383,1.682,0.999,0.009,0.042,-0.005,0.293,-0.587,-0.266,0.016,0.012,0.065
-2.159,-0.383,1.682,0.999,0.009,0.042,-0.005,0.293,-0.587,-0.266,0.016,0.012,0.065
-2.154,-0.398,1.667,0.999,0.01,0.041,-0.006,0.155,-0.426,-0.44,0.031,-0.054,-0.058
-2.15,-0.431,1.646,0.999,0.01,0.041,-0.007,0.251,-0.535,-0.325,-0.005,-0.022,-0.029
-2.15,-0.431,1.646,0.999,0.01,0.041,-0.007,0.251,-0.535,-0.325,-0.005,-0.022,-0.029
-2.141,-0.472,1.629,0.999,0.01,0.042,-0.005,0.225,-0.636,-0.211,-0.004,0.004,0.097
-2.136,-0.495,1.625,0.999,0.009,0.041,-0.004,0.158,-0.697,-0.144,-0.024,-0.032,0.07
-2.136,-0.495,1.625,0.999,0.009,0.041,-0.004,0.158,-0.697,-0.144,-0.024,-0.032,0.07
-2.126,-0.532,1.615,0.999,0.009,0.042,-0.003,0.388,-0.429,-0.339,0.022,-0.035,-0.031
-2.123,-0.569,1.608,0.999,0.01,0.044,-0.002,-0.086,-0.596,0.033,-0.006,0.084,-0.004
-2.123,-0.569,1.608,0.999,0.01,0.044,-0.002,-0.086,-0.596,0.033,-0.006,0.084,-0.004
-2.128,-0.612,1.599,0.999,0.009,0.047,-0.001,-0.097,-0.489,-0.128,-0.01,0.103,-0.008
-2.128,-0.612,1.599,0.999,0.009,0.047,-0.001,-0.097,-0.489,-0.128,-0.01,0.103,-0.008
-2.128,-0.612,1.599,0.999,0.009,0.047,-0.001,-0.097,-0.489,-0.128,-0.01,0.103,-0.008
-2.129,-0.635,1.597,0.999,0.008,0.049,-0.001,-0.053,-0.677,-0.066,-0.081,0.102,-0.013
-2.123,-0.678,1.583,0.999,0.008,0.052,0.001,0.195,-0.685,-0.212,0.023,0.146,0.102
-2.14,-0.736,1.562,0.998,0.009,0.061,0.003,-0.26,-0.577,-0.049,0.045,0.276,0.062
-2.145,-0.757,1.55,0.998,0.009,0.064,0.003,-0.152,-0.631,-0.368,0.019,0.184,0.02
-2.147,-0.769,1.548,0.998,0.009,0.067,0.003,-0.064,-0.378,-0.072,-0.019,0.179,-0.028
-2.148,-0.785,1.54,0.997,0.01,0.07,0.003,-0.023,-0.459,-0.229,0.047,0.163,0.024
-2.148,-0.785,1.54,0.997,0.01,0.07,0.003,-0.023,-0.459,-0.229,0.047,0.163,0.024
-2.136,-0.848,1.534,0.997,0.007,0.077,0.003,0.175,-0.732,-0.237,-0.089,0.019,-0.004
-2.136,-0.848,1.534,0.997,0.007,0.077,0.003,0.175,-0.732,-0.237,-0.089,0.019,-0.004
-2.136,-0.848,1.534,0.997,0.007,0.077,0.003,0.175,-0.732,-0.237,-0.089,0.019,-0.004
-2.123,-0.911,1.538,0.997,0.005,0.081,0.005,0.214,-0.6,0.248,-0.018,0.103,0.034
-2.123,-0.911,1.538,0.997,0.005,0.081,0.005,0.214,-0.6,0.248,-0.018,0.103,0.034
-2.072,-0.979,1.568,0.997,0.003,0.083,0.008,0.749,-0.611,0.441,-0.07,-0.011,0.035
-2.072,-0.979,1.568,0.997,0.003,0.083,0.008,0.749,-0.611,0.441,-0.07,-0.011,0.035
-2.06,-0.997,1.576,0.997,0.001,0.082,0.007,0.383,-0.554,0.253,-0.088,-0.016,-0.028
-2.047,-1.023,1.592,0.997,-0.0,0.083,0.009,0.375,-0.763,0.455,-0.105,0.033,0.081
-2.029,-1.044,1.601,0.997,-0.002,0.083,0.008,0.546,-0.642,0.291,-0.115,0.008,-0.081
-1.869,-1.201,1.717,0.997,-0.01,0.076,0.011,0.761,-0.555,0.462,-0.049,0.002,-0.048
-1.869,-1.201,1.717,0.997,-0.01,0.076,0.011,0.761,-0.555,0.462,-0.049,0.002,-0.048
-1.786,-1.263,1.729,0.997,-0.012,0.073,0.013,0.865,-0.712,-0.131,-0.079,-0.102,0.02
-1.786,-1.263,1.729,0.997,-0.012,0.073,0.013,0.865,-0.712,-0.131,-0.079,-0.102,0.02
-1.764,-1.282,1.744,0.997,-0.014,0.074,0.014,0.661,-0.581,0.463,-0.086,0.078,0.024
-1.629,-1.343,1.77,0.998,-0.017,0.065,0.014,1.188,-0.525,0.163,-0.042,-0.135,0.044
-1.629,-1.343,1.77,0.998,-0.017,0.065,0.014,1.188,-0.525,0.163,-0.042,-0.135,0.044
-1.629,-1.343,1.77,0.998,-0.017,0.065,0.014,1.188,-0.525,0.163,-0.042,-0.135,0.044
-1.588,-1.364,1.783,0.998,-0.019,0.065,0.015,1.222,-0.637,0.386,-0.117,-0.049,0.057
-1.574,-1.393,1.803,0.997,-0.021,0.066,0.018,0.454,-0.914,0.626,-0.13,0.109,0.161
-1.532,-1.406,1.793,0.998,-0.021,0.061,0.018,1.202,-0.383,-0.284,-0.027,-0.313,-0.006
-1.491,-1.421,1.785,0.998,-0.022,0.057,0.018,1.241,-0.451,-0.248,-0.05,-0.227,0.012
-1.475,-1.444,1.816,0.998,-0.022,0.06,0.02,0.47,-0.674,0.927,-0.046,0.144,0.121
-1.429,-1.453,1.817,0.998,-0.023,0.055,0.02,1.445,-0.281,0.02,-0.048,-0.257,-0.011
-1.382,-1.466,1.813,0.998,-0.024,0.051,0.021,1.366,-0.385,-0.096,-0.039,-0.285,0.028
-1.343,-1.473,1.817,0.998,-0.024,0.047,0.02,1.161,-0.206,0.113,-0.006,-0.202,-0.019
-1.314,-1.493,1.837,0.998,-0.025,0.047,0.022,0.876,-0.609,0.591,-0.081,0.003,0.085
-1.149,-1.564,1.764,0.999,-0.032,0.035,0.024,1.008,-0.233,-0.883,-0.089,-0.178,-0.039
-1.103,-1.56,1.737,0.999,-0.031,0.03,0.023,1.379,0.113,-0.801,0.037,-0.338,-0.074
-1.045,-1.579,1.729,0.999,-0.034,0.029,0.024,1.051,-0.057,-0.149,-0.018,-0.034,-0.041
-1.007,-1.564,1.708,0.999,-0.034,0.026,0.021,1.111,0.461,-0.603,-0.021,-0.199,-0.19
-0.976,-1.568,1.672,0.999,-0.035,0.023,0.02,0.925,-0.129,-1.076,-0.086,-0.176,-0.038
-0.961,-1.578,1.664,0.999,-0.036,0.023,0.021,0.475,-0.316,-0.242,-0.02,-0.006,0.029
-0.885,-1.593,1.628,0.999,-0.036,0.018,0.024,0.69,-0.148,-0.737,-0.01,-0.151,0.12
-0.85,-1.593,1.593,0.999,-0.035,0.015,0.025,1.042,-0.005,-1.029,0.053,-0.173,0.045
-0.725,-1.512,1.543,1.0,-0.02,0.011,0.021,0.586,0.328,-0.194,0.239,-0.004,0.041
-0.717,-1.499,1.548,1.0,-0.017,0.011,0.021,0.241,0.4,0.156,0.201,-0.001,-0.008
-0.714,-1.492,1.552,1.0,-0.016,0.014,0.021,0.086,0.204,0.113,0.067,0.141,0.021
-0.701,-1.489,1.539,1.0,-0.014,0.015,0.022,0.368,0.083,-0.385,0.122,0.062,0.05
-0.701,-1.489,1.539,1.0,-0.014,0.015,0.022,0.368,0.083,-0.385,0.122,0.062,0.05
-0.69,-1.482,1.527,1.0,-0.013,0.015,0.022,0.346,0.219,-0.351,0.051,0.015,-0.002
-0.684,-1.46,1.549,1.0,-0.008,0.021,0.022,-0.249,0.383,0.275,0.105,0.151,-0.118
-0.684,-1.46,1.549,1.0,-0.008,0.021,0.022,-0.249,0.383,0.275,0.105,0.151,-0.118
-0.689,-1.45,1.552,0.999,-0.006,0.026,0.022,-0.154,0.317,0.079,0.097,0.292,-0.026
-0.688,-1.447,1.549,0.999,-0.006,0.029,0.022,0.024,0.099,-0.089,-0.01,0.211,0.023
-0.688,-1.447,1.549,0.999,-0.006,0.029,0.022,0.024,0.099,-0.089,-0.01,0.211,0.023
-0.696,-1.448,1.552,0.999,-0.008,0.033,0.023,-0.262,-0.03,0.087,-0.07,0.225,0.048
-0.691,-1.416,1.547,0.999,-0.006,0.038,0.021,0.066,0.493,-0.433,0.088,0.028,-0.009
-0.697,-1.408,1.549,0.999,-0.005,0.043,0.021,-0.182,0.235,0.061,0.107,0.298,0.014
-0.701,-1.399,1.548,0.999,-0.004,0.049,0.021,0.094,0.148,-0.254,0.005,0.058,0.054
-0.701,-1.399,1.548,0.999,-0.004,0.049,0.021,0.094,0.148,-0.254,0.005,0.058,0.054
-0.701,-1.399,1.548,0.999,-0.004,0.049,0.021,0.094,0.148,-0.254,0.005,0.058,0.054
-0.691,-1.377,1.54,0.998,-0.003,0.054,0.021,0.148,0.537,0.045,0.109,0.059,-0.104
-0.691,-1.377,1.54,0.998,-0.003,0.054,0.021,0.148,0.537,0.045,0.109,0.059,-0.104
-0.712,-1.377,1.574,0.998,-0.003,0.062,0.021,-0.627,0.013,1.033,0.042,0.484,0.047
-0.689,-1.368,1.591,0.998,-0.004,0.064,0.021,0.222,0.119,0.266,-0.019,0.03,0.004
-0.689,-1.368,1.591,0.998,-0.004,0.064,0.021,0.222,0.119,0.266,-0.019,0.03,0.004
-0.686,-1.369,1.608,0.998,-0.005,0.066,0.022,0.077,-0.05,0.496,-0.045,0.123,0.06
-0.676,-1.365,1.611,0.998,-0.005,0.066,0.022,0.297,0.127,0.077,-0.043,-0.015,0.021
-0.656,-1.338,1.685,0.997,-0.004,0.074,0.022,0.244,0.208,0.437,-0.04,0.148,-0.058
-0.638,-1.326,1.685,0.997,-0.006,0.073,0.019,0.544,0.376,0.026,-0.098,-0.015,-0.156
-0.631,-1.319,1.696,0.997,-0.008,0.076,0.018,0.202,0.207,0.317,-0.091,0.148,-0.083
-0.621,-1.322,1.701,0.997,-0.009,0.076,0.019,0.307,-0.083,0.152,-0.102,0.039,0.073
-0.609,-1.324,1.698,0.997,-0.011,0.076,0.019,0.354,-0.061,-0.099,-0.111,-0.025,-0.026
-0.617,-1.337,1.72,0.996,-0.013,0.08,0.023,-0.234,-0.443,0.721,-0.099,0.268,0.241
-0.515,-1.308,1.721,0.997,-0.018,0.076,0.022,0.448,0.321,0.58,-0.016,0.158,-0.057
-0.515,-1.308,1.721,0.997,-0.018,0.076,0.022,0.448,0.321,0.58,-0.016,0.158,-0.057
-0.495,-1.31,1.718,0.997,-0.02,0.075,0.023,0.591,-0.038,-0.083,-0.081,-0.069,0.048
-0.48,-1.309,1.723,0.997,-0.021,0.075,0.024,0.458,0.007,0.158,-0.094,0.017,0.047
-0.48,-1.309,1.723,0.997,-0.021,0.075,0.024,0.458,0.007,0.158,-0.094,0.017,0.047
-0.451,-1.308,1.703,0.997,-0.024,0.071,0.023,0.875,0.049,-0.6,-0.163,-0.248,-0.034
-0.405,-1.297,1.697,0.997,-0.027,0.07,0.023,0.929,0.377,-0.225,-0.034,-0.12,-0.032
-0.405,-1.297,1.697,0.997,-0.027,0.07,0.023,0.929,0.377,-0.225,-0.034,-0.12,-0.032
-0.35,-1.266,1.689,0.997,-0.028,0.066,0.02,0.891,0.34,-0.215,-0.054,-0.148,-0.046
-0.329,-1.264,1.693,0.997,-0.03,0.067,0.021,0.625,0.05,0.138,-0.08,0.005,0.081
-0.223,-1.224,1.671,0.998,-0.031,0.055,0.02,1.135,0.562,-0.189,0.029,-0.314,-0.067
-0.19,-1.202,1.677,0.998,-0.029,0.053,0.019,1.002,0.661,0.199,0.08,-0.161,-0.099
-0.155,-1.191,1.688,0.998,-0.028,0.051,0.02,1.027,0.333,0.316,0.058,-0.125,0.102
-0.116,-1.167,1.687,0.998,-0.027,0.046,0.019,1.191,0.74,-0.023,0.088,-0.286,-0.087
0.006,-1.099,1.695,0.999,-0.022,0.033,0.019,1.084,0.63,-0.008,0.084,-0.222,-0.039
0.006,-1.099,1.695,0.999,-0.022,0.033,0.019,1.084,0.63,-0.008,0.084,-0.222,-0.039
0.073,-1.056,1.7,0.999,-0.019,0.027,0.019,1.115,0.52,-0.117,0.066,-0.225,0.03
0.073,-1.056,1.7,0.999,-0.019,0.027,0.019,1.115,0.52,-0.117,0.066,-0.225,0.03
0.109,-1.04,1.698,0.999,-0.018,0.023,0.018,1.087,0.484,-0.059,0.06,-0.204,-0.029
0.27,-0.89,1.669,1.0,-0.01,0.01,0.01,1.197,0.884,-0.6,0.024,-0.252,-0.117
0.27,-0.89,1.669,1.0,-0.01,0.01,0.01,1.197,0.884,-0.6,0.024,-0.252,-0.117
0.27,-0.89,1.669,1.0,-0.01,0.01,0.01,1.197,0.884,-0.6,0.024,-0.252,-0.117
0.277,-0.877,1.693,1.0,-0.009,0.013,0.01,0.196,0.388,0.711,0.079,0.175,0.013
0.322,-0.843,1.653,1.0,-0.009,0.005,0.007,1.355,0.999,-1.211,0.005,-0.46,-0.162
0.342,-0.827,1.655,1.0,-0.008,0.005,0.007,0.592,0.485,0.064,0.053,-0.014,0.019
0.364,-0.806,1.649,1.0,-0.008,0.003,0.007,0.652,0.642,-0.177,0.002,-0.083,-0.042
0.388,-0.782,1.648,1.0,-0.006,0.002,0.006,0.768,0.74,-0.028,0.134,-0.095,-0.045
0.407,-0.771,1.65,1.0,-0.003,0.0,0.008,0.546,0.331,0.072,0.167,-0.091,0.126
0.431,-0.734,1.644,1.0,0.0,-0.002,0.006,0.724,1.105,-0.178,0.177,-0.165,-0.116
0.464,-0.703,1.642,1.0,0.004,-0.005,0.008,0.707,0.307,-0.383,0.01,-0.136,0.09
0.47,-0.688,1.652,1.0,0.007,-0.005,0.009,0.163,0.435,0.273,0.14,0.013,0.032
0.518,-0.582,1.632,1.0,0.013,-0.01,0.004,0.743,0.823,-0.253,0.107,-0.222,-0.044
0.52,-0.561,1.647,1.0,0.014,-0.008,0.002,0.061,0.617,0.419,0.057,0.08,-0.098
0.533,-0.549,1.649,1.0,0.015,-0.01,0.003,0.381,0.364,0.064,0.077,-0.082,0.056
0.53,-0.535,1.665,1.0,0.017,-0.008,0.003,-0.076,0.41,0.472,0.069,0.103,-0.026
0.529,-0.482,1.704,1.0,0.021,-0.005,0.003,0.14,0.378,0.197,0.088,-0.013,0.039
0.528,-0.47,1.712,1.0,0.022,-0.004,0.003,-0.03,0.357,0.223,0.059,0.027,-0.006
0.538,-0.437,1.715,1.0,0.024,-0.005,0.002,0.112,0.353,0.164,0.133,-0.014,0.041
0.545,-0.402,1.721,1.0,0.025,-0.005,-0.001,-0.034,0.17,0.267,0.006,0.077,0.016
0.508,-0.377,1.749,1.0,0.023,0.002,-0.002,-0.098,0.148,0.004,0.015,0.028,0.043
0.501,-0.366,1.747,1.0,0.023,0.004,-0.002,-0.21,0.321,-0.068,0.017,0.062,-0.028
0.416,-0.359,1.746,1.0,0.017,0.019,-0.001,-0.497,-0.043,-0.047,-0.097,0.188,0.027
0.378,-0.354,1.716,1.0,0.013,0.025,-0.002,-0.365,0.103,-0.324,-0.099,0.108,-0.036
0.378,-0.354,1.716,1.0,0.013,0.025,-0.002,-0.365,0.103,-0.324,-0.099,0.108,-0.036
0.362,-0.363,1.709,1.0,0.011,0.028,-0.001,-0.499,-0.252,-0.205,-0.122,0.172,0.045
0.35,-0.364,1.69,1.0,0.008,0.028,-0.002,-0.363,-0.033,-0.585,-0.165,0.016,-0.067
0.35,-0.364,1.69,1.0,0.008,0.028,-0.002,-0.363,-0.033,-0.585,-0.165,0.016,-0.067
0.338,-0.367,1.673,1.0,0.006,0.03,-0.002,-0.359,-0.088,-0.491,-0.103,0.113,0.026
0.307,-0.376,1.65,0.999,0.003,0.035,-0.001,-0.503,-0.102,-0.313,-0.09,0.174,0.004
0.296,-0.375,1.638,0.999,0.001,0.038,-0.001,-0.338,0.029,-0.359,-0.073,0.151,0.001
0.272,-0.373,1.628,0.999,-0.003,0.044,-0.002,-0.39,0.065,0.046,-0.133,0.249,-0.053
0.272,-0.373,1.628,0.999,-0.003,0.044,-0.002,-0.39,0.065,0.046,-0.133,0.249,-0.053
0.266,-0.374,1.606,0.999,-0.005,0.043,-0.002,-0.157,-0.044,-0.657,-0.1,-0.062,-0.009
0.238,-0.384,1.609,0.999,-0.007,0.048,-0.0,-0.686,-0.354,0.344,-0.041,0.244,0.123
0.238,-0.384,1.609,0.999,-0.007,0.048,-0.0,-0.686,-0.354,0.344,-0.041,0.244,0.123
0.24,-0.377,1.592,0.999,-0.009,0.048,-0.001,0.04,0.218,-0.514,-0.104,-0.032,-0.049
0.24,-0.364,1.571,0.999,-0.011,0.047,-0.003,-0.082,0.178,-0.204,-0.001,-0.0,-0.012
0.24,-0.364,1.571,0.999,-0.011,0.047,-0.003,-0.082,0.178,-0.204,-0.001,-0.0,-0.012
0.237,-0.356,1.569,0.999,-0.01,0.047,-0.004,-0.094,0.233,-0.076,0.016,0.018,-0.038
0.223,-0.353,1.56,0.999,-0.012,0.048,-0.004,-0.359,-0.123,-0.127,-0.092,0.07,0.018
0.223,-0.353,1.56,0.999,-0.012,0.048,-0.004,-0.359,-0.123,-0.127,-0.092,0.07,0.018
0.224,-0.34,1.531,0.999,-0.015,0.047,-0.004,0.225,0.52,-0.399,0.062,-0.175,-0.097
0.228,-0.323,1.522,0.999,-0.014,0.045,-0.005,0.141,0.495,-0.269,0.082,-0.095,-0.065
0.228,-0.317,1.521,0.999,-0.012,0.045,-0.005,-0.016,0.185,-0.016,0.066,-0.014,0.008
0.234,-0.316,1.501,0.999,-0.012,0.042,-0.004,0.184,0.039,-0.611,0.006,-0.177,0.062
0.231,-0.309,1.501,0.999,-0.012,0.043,-0.004,-0.096,0.216,0.014,0.021,0.017,0.008
0.226,-0.3,1.498,0.999,-0.012,0.043,-0.005,-0.143,0.257,-0.091,0.002,0.027,-0.025
0.236,-0.283,1.487,0.999,-0.01,0.04,-0.006,0.294,0.516,-0.344,0.102,-0.15,-0.084
0.245,-0.263,1.477,0.999,-0.007,0.038,-0.007,0.314,0.669,-0.32,0.197,-0.178,-0.06
0.26,-0.23,1.464,0.999,-0.001,0.032,-0.007,0.048,0.382,0.196,0.085,0.026,-0.04
0.267,-0.22,1.453,1.0,0.001,0.029,-0.007,0.223,0.3,-0.314,0.104,-0.149,-0.009
0.276,-0.189,1.439,1.0,0.003,0.026,-0.008,0.135,0.426,-0.354,0.036,-0.131,-0.067
0.287,-0.18,1.42,1.0,0.005,0.021,-0.008,0.318,0.266,-0.549,0.148,-0.277,0.05
0.292,-0.158,1.413,1.0,0.007,0.019,-0.009,0.14,0.669,-0.235,0.142,-0.134,-0.079
0.299,-0.138,1.406,1.0,0.01,0.017,-0.01,0.212,0.576,-0.182,0.183,-0.121,-0.06
0.307,-0.116,1.386,1.0,0.014,0.012,-0.011,0.176,0.328,-0.41,0.067,-0.149,-0.048
0.307,-0.102,1.381,1.0,0.015,0.011,-0.012,-0.015,0.434,-0.167,0.092,-0.081,-0.059
0.302,-0.092,1.346,1.0,0.02,0.006,-0.009,-0.081,0.232,-0.041,0.081,0.005,0.007
0.303,-0.078,1.341,1.0,0.022,0.006,-0.01,0.036,0.408,-0.143,0.13,-0.019,-0.046
0.3,-0.066,1.334,1.0,0.022,0.005,-0.011,-0.11,0.383,-0.2,0.045,-0.073,-0.104
0.298,-0.065,1.322,1.0,0.023,0.003,-0.011,-0.054,0.008,-0.385,0.023,-0.13,0.016
0.298,-0.065,1.322,1.0,0.023,0.003,-0.011,-0.054,0.008,-0.385,0.023,-0.13,0.016
0.291,-0.068,1.318,1.0,0.023,0.002,-0.01,-0.2,-0.07,-0.108,0.017,-0.023,0.048
0.285,-0.061,1.315,1.0,0.023,0.003,-0.011,-0.176,0.212,-0.09,0.008,0.049,-0.051
0.246,-0.062,1.31,1.0,0.02,0.008,-0.012,-0.338,-0.181,0.13,-0.065,0.139,0.012
0.246,-0.062,1.31,1.0,0.02,0.008,-0.012,-0.338,-0.181,0.13,-0.065,0.139,0.012
0.217,-0.076,1.302,1.0,0.013,0.01,-0.013,-0.375,-0.114,0.07,-0.168,0.103,-0.033
0.207,-0.086,1.3,1.0,0.01,0.011,-0.013,-0.305,-0.276,-0.044,-0.172,0.041,-0.023
0.207,-0.086,1.3,1.0,0.01,0.011,-0.013,-0.305,-0.276,-0.044,-0.172,0.041,-0.023
0.185,-0.099,1.298,1.0,0.006,0.013,-0.013,-0.355,-0.248,-0.072,-0.163,0.057,0.0
0.185,-0.099,1.298,1.0,0.006,0.013,-0.013,-0.355,-0.248,-0.072,-0.163,0.057,0.0
0.149,-0.128,1.278,1.0,-0.0,0.013,-0.011,-0.231,-0.496,-0.623,-0.135,-0.166,0.142
0.133,-0.142,1.28,1.0,-0.001,0.014,-0.01,-0.493,-0.435,0.062,-0.081,0.09,0.075
0.133,-0.142,1.28,1.0,-0.001,0.014,-0.01,-0.493,-0.435,0.062,-0.081,0.09,0.075
0.123,-0.143,1.264,1.0,-0.003,0.013,-0.011,-0.297,-0.025,-0.44,-0.104,-0.062,-0.039
0.107,-0.147,1.268,1.0,-0.005,0.015,-0.011,-0.482,-0.127,0.101,-0.119,0.127,-0.031
0.096,-0.153,1.26,1.0,-0.007,0.015,-0.011,-0.307,-0.156,-0.244,-0.082,0.012,0.027
0.084,-0.162,1.254,1.0,-0.008,0.016,-0.01,-0.369,-0.274,-0.16,-0.107,0.017,0.013
0.07,-0.163,1.261,1.0,-0.011,0.019,-0.011,-0.427,-0.031,0.193,-0.163,0.19,-0.063
-0.01,-0.169,1.228,0.999,-0.018,0.023,-0.014,-0.413,0.227,-0.15,-0.011,0.001,-0.08
-0.02,-0.165,1.224,0.999,-0.018,0.023,-0.014,-0.298,0.132,-0.108,0.013,0.034,-0.045
-0.02,-0.165,1.224,0.999,-0.018,0.023,-0.014,-0.298,0.132,-0.108,0.013,0.034,-0.045
-0.035,-0.164,1.221,0.999,-0.018,0.024,-0.014,-0.452,0.032,-0.098,-0.021,0.027,0.001
-0.051,-0.169,1.221,0.999,-0.018,0.025,-0.013,-0.485,-0.165,0.002,-0.012,0.079,0.075
-0.051,-0.169,1.221,0.999,-0.018,0.025,-0.013,-0.485,-0.165,0.002,-0.012,0.079,0.075
-0.057,-0.161,1.213,0.999,-0.018,0.024,-0.015,-0.188,0.24,-0.239,0.054,-0.043,-0.092
-0.07,-0.153,1.208,0.999,-0.015,0.024,-0.014,-0.371,0.246,-0.163,0.134,0.015,0.009
-0.086,-0.147,1.213,0.999,-0.012,0.026,-0.014,-0.501,0.18,0.147,0.196,0.1,0.014
-0.119,-0.13,1.188,1.0,-0.008,0.024,-0.015,-0.318,-0.307,-0.198,0.054,-0.001,0.143
-0.119,-0.13,1.188,1.0,-0.008,0.024,-0.015,-0.318,-0.307,-0.198,0.054,-0.001,0.143
-0.129,-0.125,1.182,1.0,-0.008,0.025,-0.016,-0.302,0.159,-0.171,0.002,0.033,-0.056
-0.146,-0.116,1.179,1.0,-0.007,0.026,-0.016,-0.499,0.273,-0.103,0.007,0.061,-0.043
-0.152,-0.114,1.161,1.0,-0.008,0.024,-0.016,-0.191,0.048,-0.539,-0.007,-0.118,0.004
-0.215,-0.097,1.124,0.999,-0.009,0.027,-0.017,-0.246,0.363,-0.229,-0.039,-0.023,-0.111
-0.215,-0.097,1.124,0.999,-0.009,0.027,-0.017,-0.246,0.363,-0.229,-0.039,-0.023,-0.111
-0.229,-0.099,1.126,0.999,-0.01,0.029,-0.016,-0.429,-0.055,0.061,-0.018,0.12,0.035
-0.276,-0.059,1.089,0.999,-0.004,0.028,-0.018,-0.339,0.103,-0.203,0.144,-0.015,0.067
-0.276,-0.059,1.089,0.999,-0.004,0.028,-0.018,-0.339,0.103,-0.203,0.144,-0.015,0.067
-0.281,-0.054,1.084,0.999,-0.001,0.028,-0.017,-0.17,0.167,-0.131,0.165,-0.012,0.019
-0.313,-0.026,1.081,0.999,0.005,0.03,-0.019,-0.282,0.098,-0.089,0.051,0.051,-0.001
-0.313,-0.026,1.081,0.999,0.005,0.03,-0.019,-0.282,0.098,-0.089,0.051,0.051,-0.001
-0.332,-0.009,1.071,0.999,0.006,0.03,-0.02,-0.055,0.286,-0.116,0.003,0.042,-0.06
-0.336,-0.011,1.064,0.999,0.006,0.03,-0.019,-0.143,-0.054,-0.208,-0.002,0.007,0.06
-0.371,-0.001,1.055,0.999,0.006,0.031,-0.019,-0.496,0.132,-0.147,-0.021,-0.015,-0.017
-0.371,-0.001,1.055,0.999,0.006,0.031,-0.019,-0.496,0.132,-0.147,-0.021,-0.015,-0.017
-0.369,-0.001,1.04,0.999,0.005,0.029,-0.019,0.049,0.009,-0.429,-0.021,-0.113,0.015
-0.372,0.002,1.04,0.999,0.006,0.03,-0.019,-0.089,0.078,-0.013,0.016,0.022,0.002
-0.372,0.002,1.04,0.999,0.006,0.03,-0.019,-0.089,0.078,-0.013,0.016,0.022,0.002
-0.39,0.022,1.025,0.999,0.006,0.028,-0.02,-0.263,0.318,-0.137,0.005,0.026,-0.078
-0.39,0.022,1.025,0.999,0.006,0.028,-0.02,-0.263,0.318,-0.137,0.005,0.026,-0.078
-0.414,0.029,1.018,0.999,0.006,0.03,-0.021,-0.136,-0.003,-0.169,-0.008,-0.069,0.033
-0.419,0.031,1.018,0.999,0.006,0.031,-0.021,-0.158,0.067,0.009,-0.01,0.039,-0.003
-0.419,0.031,1.018,0.999,0.006,0.031,-0.021,-0.158,0.067,0.009,-0.01,0.039,-0.003
-0.442,0.046,1.02,0.999,0.008,0.032,-0.022,-0.473,0.329,0.211,0.091,0.15,-0.077
-0.445,0.053,1.01,0.999,0.01,0.032,-0.022,-0.11,0.206,-0.3,0.114,-0.017,0.002
-0.445,0.053,1.01,0.999,0.01,0.032,-0.022,-0.11,0.206,-0.3,0.114,-0.017,0.002
-0.453,0.049,1.004,0.999,0.011,0.032,-0.021,-0.295,-0.158,-0.042,0.012,0.019,0.074
-0.453,0.049,1.004,0.999,0.011,0.032,-0.021,-0.295,-0.158,-0.042,0.012,0.019,0.074
-0.453,0.058,0.99,0.999,0.011,0.03,-0.022,-0.002,0.245,-0.43,0.025,-0.105,-0.049
-0.482,0.058,0.952,0.999,0.01,0.032,-0.021,-0.123,0.054,-0.112,-0.1,0.055,-0.064
-0.482,0.058,0.952,0.999,0.01,0.032,-0.021,-0.123,0.054,-0.112,-0.1,0.055,-0.064
-0.48,0.053,0.942,0.999,0.009,0.032,-0.021,0.048,-0.146,-0.317,-0.066,-0.001,0.022
-0.486,0.044,0.921,0.999,0.005,0.032,-0.021,-0.147,-0.224,0.07,-0.14,0.136,0.022
-0.489,0.044,0.916,0.999,0.006,0.032,-0.02,-0.089,0.004,-0.127,0.003,0.038,0.031
-0.492,0.047,0.902,0.999,0.006,0.032,-0.021,-0.059,0.093,-0.256,0.016,-0.045,-0.034
-0.496,0.047,0.89,0.999,0.006,0.032,-0.021,-0.034,0.053,-0.159,-0.008,0.033,-0.018
-0.502,0.049,0.881,0.999,0.006,0.031,-0.021,-0.166,0.043,-0.277,0.01,-0.056,-0.008
-0.495,0.049,0.862,0.999,0.006,0.029,-0.022,0.184,-0.074,-0.52,-0.026,-0.178,0.0
-0.495,0.045,0.856,0.999,0.004,0.029,-0.022,-0.008,-0.132,-0.186,-0.104,0.001,0.002
-0.495,0.036,0.845,0.999,0.003,0.029,-0.02,0.074,-0.056,-0.288,-0.011,-0.035,0.018
-0.496,0.033,0.83,0.999,0.003,0.027,-0.02,-0.046,-0.084,-0.463,-0.011,-0.119,0.017
-0.488,0.043,0.792,0.999,0.003,0.024,-0.021,0.101,0.097,-0.42,0.01,-0.105,-0.023
-0.49,0.041,0.781,0.999,0.003,0.024,-0.021,-0.061,-0.061,-0.349,0.042,-0.018,0.017
-0.481,0.035,0.747,1.0,0.002,0.021,-0.021,0.012,0.097,-0.42,-0.003,-0.092,-0.039
-0.481,0.031,0.741,1.0,0.002,0.021,-0.021,-0.007,-0.119,-0.202,-0.035,-0.031,0.003
-0.476,0.028,0.733,1.0,0.002,0.02,-0.02,0.145,-0.092,-0.221,-0.011,-0.036,0.035
-0.474,0.027,0.718,1.0,0.001,0.019,-0.02,0.067,-0.044,-0.453,-0.054,-0.08,-0.024
-0.472,0.024,0.714,1.0,0.001,0.019,-0.02,0.071,-0.088,-0.117,0.032,0.011,0.04
-0.477,0.023,0.704,1.0,0.003,0.022,-0.02,-0.299,-0.081,0.4,0.031,0.26,0.024
-0.473,0.019,0.688,1.0,0.003,0.021,-0.02,0.037,-0.045,-0.365,0.024,-0.114,-0.022
-0.473,0.019,0.688,1.0,0.003,0.021,-0.02,0.037,-0.045,-0.365,0.024,-0.114,-0.022
-0.464,0.021,0.675,1.0,0.003,0.018,-0.02,0.283,0.054,-0.4,-0.039,-0.159,-0.033
-0.462,0.02,0.672,1.0,0.003,0.017,-0.02,0.043,-0.011,-0.067,-0.001,-0.036,-0.005
-0.463,0.019,0.677,1.0,0.002,0.019,-0.02,-0.006,-0.042,0.126,-0.03,0.088,0.002
-0.463,0.018,0.685,1.0,0.002,0.02,-0.02,-0.02,-0.022,0.236,-0.019,0.088,-0.008
-0.466,0.015,0.68,1.0,0.001,0.021,-0.02,-0.071,-0.11,-0.136,-0.062,0.033,0.024
-0.458,0.001,0.668,1.0,-0.001,0.022,-0.018,-0.012,-0.276,0.083,-0.057,0.115,0.087
-0.461,0.004,0.665,1.0,-0.001,0.022,-0.019,-0.094,0.069,-0.099,-0.028,-0.026,-0.058
-0.459,0.003,0.661,1.0,-0.001,0.021,-0.019,0.064,-0.022,-0.108,0.026,-0.04,0.015
-0.459,0.005,0.662,1.0,-0.001,0.021,-0.019,0.001,0.077,0.021,0.02,0.003,-0.014
-0.451,0.004,0.656,1.0,-0.001,0.02,-0.018,0.247,-0.055,-0.185,0.004,-0.077,0.029
-0.453,0.005,0.654,1.0,-0.0,0.02,-0.019,-0.056,0.049,-0.06,0.027,-0.021,-0.029
-0.452,0.007,0.65,1.0,0.0,0.02,-0.019,-0.003,-0.011,-0.132,0.044,-0.044,0.009
-0.433,-0.007,0.608,1.0,-0.004,0.02,-0.017,0.331,-0.125,-0.428,-0.064,-0.061,0.042
-0.434,-0.009,0.594,1.0,-0.004,0.019,-0.017,-0.038,-0.071,-0.425,-0.003,-0.055,-0.008
-0.434,-0.005,0.577,1.0,-0.005,0.018,-0.018,0.0,0.113,-0.502,-0.034,-0.085,-0.037
-0.428,0.003,0.559,1.0,-0.005,0.016,-0.019,0.182,0.242,-0.543,0.021,-0.082,-0.04
-0.428,-0.0,0.56,1.0,-0.004,0.018,-0.018,0.001,-0.097,0.035,0.038,0.119,0.049
-0.411,-0.004,0.539,1.0,-0.004,0.015,-0.017,0.51,-0.107,-0.635,0.01,-0.188,0.04
-0.412,0.001,0.53,1.0,-0.004,0.015,-0.018,-0.029,0.167,-0.28,0.016,0.001,-0.027
-0.407,-0.003,0.511,1.0,-0.003,0.014,-0.017,0.165,-0.143,-0.56,0.016,-0.072,0.045
-0.405,-0.002,0.501,1.0,-0.003,0.015,-0.017,0.038,0.036,-0.294,0.042,0.077,0.014
-0.384,0.025,0.415,1.0,0.0,0.016,-0.019,-0.072,0.113,0.146,0.058,0.174,-0.017
-0.384,0.025,0.415,1.0,0.0,0.016,-0.019,-0.072,0.113,0.146,0.058,0.174,-0.017
-0.379,0.029,0.409,1.0,0.001,0.017,-0.019,0.156,0.12,-0.18,0.049,0.047,-0.028
-0.365,0.028,0.38,1.0,0.002,0.016,-0.019,0.33,-0.061,-0.263,0.039,-0.003,-0.001
-0.365,0.028,0.38,1.0,0.002,0.016,-0.019,0.33,-0.061,-0.263,0.039,-0.003,-0.001
-0.361,0.037,0.354,1.0,0.004,0.015,-0.019,-0.028,0.217,-0.338,0.056,0.015,-0.027
-0.361,0.037,0.354,1.0,0.004,0.015,-0.019,-0.028,0.217,-0.338,0.056,0.015,-0.027
-0.352,0.042,0.326,1.0,0.004,0.012,-0.019,0.289,0.153,-0.817,0.021,-0.18,-0.021
-0.349,0.034,0.321,1.0,0.004,0.014,-0.018,0.069,-0.224,-0.157,-0.017,0.115,0.057
-0.341,0.035,0.304,1.0,0.005,0.011,-0.018,0.079,-0.28,-0.019,0.002,0.038,0.069
-0.341,0.035,0.304,1.0,0.005,0.011,-0.018,0.079,-0.28,-0.019,0.002,0.038,0.069
-0.333,0.051,0.25,1.0,0.007,0.008,-0.019,0.264,0.004,-0.583,0.044,-0.098,0.01
-0.333,0.051,0.25,1.0,0.007,0.008,-0.019,0.264,0.004,-0.583,0.044,-0.098,0.01
-0.326,0.051,0.232,1.0,0.002,0.009,-0.019,0.124,-0.015,-0.433,-0.145,-0.042,-0.003
-0.326,0.051,0.232,1.0,0.002,0.009,-0.019,0.124,-0.015,-0.433,-0.145,-0.042,-0.003
-0.329,0.05,0.225,1.0,0.001,0.009,-0.019,-0.1,-0.038,-0.231,-0.089,-0.009,0.017
-0.314,0.047,0.209,1.0,-0.0,0.007,-0.018,0.463,-0.069,-0.462,-0.059,-0.094,0.066
-0.311,0.057,0.182,1.0,-0.002,0.007,-0.019,0.076,-0.05,-0.359,0.007,-0.052,0.0
-0.311,0.066,0.167,1.0,-0.001,0.005,-0.02,0.004,0.281,-0.451,0.066,-0.112,-0.049
-0.303,0.057,0.148,1.0,-0.0,0.003,-0.018,0.015,0.067,-0.175,0.011,-0.018,0.009
-0.298,0.059,0.143,1.0,0.001,0.003,-0.017,0.146,0.062,-0.144,0.05,-0.027,0.026
-0.298,0.059,0.143,1.0,0.001,0.003,-0.017,0.146,0.062,-0.144,0.05,-0.027,0.026
