0.0,0.0,0.0,0.0,0.0,0.0,0.0,0.0
0.0,0.0,0.0,0.0,0.0,0.0,0.0,0.0
0.0,0.0,0.0,0.0,0.0,0.0,0.0,0.0
0.0,0.0,0.0,0.0,0.0,0.0,0.0,0.0
0.0,0.0,0.0,0.0,0.0,0.0,0.0,0.0
0.0,0.0,0.0,0.0,0.0,0.0,0.0,0.0
0.0,0.0,0.0,0.0,0.0,0.0,0.0,0.0
0.0,0.0,0.0,0.0,0.0,0.0,0.0,0.0
0.0,0.0,0.0,0.0,0.0,0.0,0.0,0.0
0.0,0.0,0.0,0.0,0.0,0.0,0.0,0.0
-5.208948133424797e-05,-1.0595134547844203e-05,0.201475465766134,0.0002871085650906617,-0.0005208948133424797,-0.00010595134547844203,2.01475465766134,0.002871085650906617
-0.0023344084788431965,-0.0006575530311873619,0.25705554992999313,0.00048453000105604647,-0.022953413678425107,-0.006496066802764787,1.0594895060539264,0.0026919857723805025
-0.0029131186403338356,-0.0005114707234445216,0.27426652125257783,0.0006408874501985063,-0.011623122812014384,-0.0001830595005400011,0.8147485880508298,0.0027748994940647144
-0.00364194297939639,0.0006863882431309153,0.2844153705562468,0.0007216140555450726,-0.014571039991460134,0.010699912857143064,0.7871547961681349,0.0024094846789619296
-0.002643727482060183,8.242036460319165e-05,0.28909359743108376,0.000782590236800006,0.0008772975248710936,-0.004323708177449946,0.7578206951389868,0.002413796951412014
-0.0030973696649263024,0.0010963120057027411,0.29175837193027493,0.0008060529383369413,-0.011145740533811647,0.010344967322503474,0.7493817385696213,0.002191102607369368
-0.0032106204443586735,6.072419450528759e-05,0.29883905075183187,0.0008163521802247987,-0.008875931956639462,-0.00761509809771768,0.8002027180412569,0.0021181247647209284
-0.003740786935758766,-0.0008482573479787345,0.3014802842605946,0.0008357493849825631,-0.01332821602489761,-0.008938004938577004,0.7735099619672073,0.0022348524981396422
-0.003930994092585324,-0.0018357431794280908,0.30351670295230576,0.0008539821147874626,-0.0112540389076625,-0.011995501684440399,0.7740648975685988,0.0022717007605054023
-0.002206105681411492,-0.006776876516994624,0.30800582062100534,0.0008379316811753335,0.007421398880275003,-0.05400069132423555,0.8036829340677606,0.0019744509508473652
-0.003872589163677719,-0.0018081008380433986,0.30688478797403823,0.0008114088852720463,-0.022180099026191002,0.032745565497025696,0.7588042250828416,0.0018296012439054609
0.0017259469561989108,-0.0017069315291137997,0.3044714420347115,0.0007033122557296708,0.04630388828957199,-0.0035085590058125116,0.7430785105418279,0.0009475559177563607
-0.000556385182400268,0.0006346903390769573,0.3038416408573281,0.0006991881300515307,-0.018508453995494514,0.019148889859123067,0.7548805933129447,0.0017170393825427757
-0.0059010605327434185,0.00700823727516618,0.3001356908155917,0.0006507502062110384,-0.054837716459432174,0.06532219520858462,0.722544601725956,0.001263591086723902
0.002820144252790221,-0.000712893227746687,0.2975458086799665,0.0005991526644172339,0.07245939652347785,-0.05969071184121322,0.7244404056827268,0.0011109000975895514
-0.004263698755208579,-0.0005653526834799227,0.293642460147006,0.000587950219377786,-0.06378806944801244,-0.00030682762669907715,0.7048310363703114,0.0013858572106486041
0.003104899561660458,-0.009476422557941518,0.29427230809036636,0.00044763959724116625,0.0630267362806689,-0.09052408045331575,0.7404046298011185,6.676932707826676e-05
-0.010372339404067538,-0.013173983177358805,0.2922851254612963,0.0005765198837486962,-0.1270101407531288,-0.060666662589026664,0.7158089439352148,0.002407901858178215
-0.0058918819851248045,0.006170338715489294,0.27974400962506246,0.0006047808566057205,0.01887372567925849,0.16050826098508392,0.6053016552909014,0.001723909437941983
-0.022201210449097494,-0.008093074572591332,0.28030548013411166,0.00038893045554876766,-0.17782298960253892,-0.127208286092083,0.704974729153148,-0.0006465518690552266
0.011269840135959414,-0.008748315247488552,0.26795087586381244,-0.00010337599353978804,0.27920747972782534,-0.026785093180450525,0.5772176576322869,-0.003950738352013638
0.022905236496712052,-0.004364125142349177,0.26605465273265827,-0.0002591277587551741,0.14452856394742492,0.021971112932672357,0.650914958347989,-0.0018159576360033299
-0.02297214233356375,0.013442891981210146,0.25457086525744793,-0.00033261605321679657,-0.4015106970609778,0.1671598583797203,0.5502987570795422,-0.0013827023415041602
-0.019902988231232602,0.005891266395436082,0.2560420865140237,-0.0003731248871640205,-0.026738814810597977,-0.041909025904715236,0.6511393757093776,-0.001236628472514231
-0.01237646112233968,-0.0062208000796163156,0.24372794719827068,-0.0003100261529336197,0.025507800510847736,-0.1063924987619338,0.5169638231275291,-0.0003018248756060433
0.004345906950633088,-0.021881765820092068,0.25327201432763097,-0.00041411209833241226,0.1362825279238785,-0.1721616576037983,0.7047605392892801,-0.0018159248363219752
0.011716622924598264,-0.02796697403073785,0.2562515683893549,-0.00043772059723821093,0.08457192711623449,-0.11555649665668802,0.662975576436317,-0.0012713652348890175
-0.01879570027528281,-0.01333618363870889,0.23879316603457335,8.434116284731537e-05,-0.27583167468731506,0.07639046884344494,0.4660448974255714,0.004126316107759735
-0.02049846232751508,-0.004862757474003311,0.2326725771026744,0.00015277095845511854,-0.06401687121052976,0.05139380255028354,0.5357770257674438,0.0008951508631963208
-0.018951295269507732,0.00924918834730916,0.22369020451581734,0.00019775427917647528,-0.035774485238714224,0.12896256452811644,0.4918577168881156,0.0008317606033513637
-0.01822316848011388,0.015012702730292253,0.22110644714140562,9.282096964534833e-05,-0.04009697027983082,0.08075811469810384,0.5333879375454262,-0.0005549473973700813
-0.016385608937496694,-0.01060965519874045,0.22663277188549982,-0.000259485370548545,-0.027182325774112833,-0.2186918224645964,0.6080293652944564,-0.0032910109778255627
-0.02055578454131858,-0.028752805052207748,0.21218218153759616,-0.00020497960547725258,-0.0826657783819606,-0.2079556365315241,0.4220760262347131,-0.00010365577565843876
-0.02209470951521613,-0.03596023934442325,0.2080074214916908,-0.00010074579771291699,-0.06677871109227196,-0.1439563555526744,0.488707853384937,0.0005298890639502242
-0.03645152403594965,-0.003842460969482382,0.23506030307517792,0.0005909393506749255,-0.19880491899537558,0.23127718538835051,0.7905473695640981,0.006664986989596131
-0.04234827594459535,0.0016124641939315974,0.18151157918184924,0.0002885091648485679,-0.15009632917633103,0.04494309921043388,0.052163518754657856,-0.0015469534815762626
-0.042587265021873745,0.006987250712175787,0.16633915792600348,4.3240179952142e-05,-0.1082605806342723,0.05777902566727088,0.3020547353961658,-0.001731416936842839
-0.005519784368979333,0.003183852883128977,0.20092603124478373,-5.455671809328153e-05,0.2642066439742597,-0.02056585151002862,0.7617166280028114,-0.0008698685305738806
0.011625275788281753,-0.0003191955971765209,0.19647274912919552,-0.00027576116952150254,0.15765114065016256,-0.027070852595232543,0.45778225695607716,-0.002348436309515414
0.018877179019160074,-0.001704902662885832,0.19524213613458966,-0.00047657602100248473,0.10158222177948759,-0.014655059650034417,0.47887574287693,-0.0026975514386135785
0.022005902567354362,0.0015778030468018415,0.2174137125189498,-0.000732976866279485,0.0784801830298431,0.02856480043966216,0.7098211041800759,-0.003755448505276214
0.01972990406164378,0.017905508014146976,0.1980723838261466,-0.0011175157486195898,0.032254771361280084,0.16722155729045593,0.35012099436934263,-0.005677830989099762
0.01824975577931731,0.024456612231920357,0.1925196409728187,-0.0011855433388663179,0.03452327733084475,0.11027481221310124,0.43965353103208726,-0.003474065274016254
0.02352740938631374,0.005816644621950119,0.23610305641602272,-0.0007756094427630632,0.0984009255182576,-0.12525814551990144,0.9171332568640866,0.0011354806138667516
0.012266517696515107,-0.0051910517947773155,0.24870394914742447,-0.0007198766694114255,-0.05379039343220196,-0.09553535261239907,0.7162665683540742,-0.0013816958733912795
0.007435094947514569,-0.009604914030230144,0.2528510236757865,-0.0008081424451629609,-0.017647933248717634,-0.057116251841471566,0.6632306181521812,-0.002682349431043918
0.012209844098004893,-0.030673500694016136,0.2712071008677193,-0.0008603025447056997,0.06633522887368966,-0.23469815171343525,0.8156883311087945,-0.002541957108334789
-0.0045016070024537745,-0.022753931400842906,0.26257386861857374,-0.0007259011921865687,-0.13658990075957445,0.0025119411966919303,0.5916854296778424,-0.0008067428365729392
-0.011493432399957534,-0.01907433948514481,0.26067146864470175,-0.0009175963240373095,-0.08117227148117201,-0.020088909345126315,0.6374106718077139,-0.0037317042989738316
-0.009576767645070237,-0.04955585533159159,0.2787104315931591,-0.0012153775048856486,-0.009566933451020887,-0.35250100717732985,0.8320683010963285,-0.0052718026185766655
0.006398709128445198,-0.046182206669376655,0.2907357435887408,-0.0016114526129030003,0.13581284862247875,-0.09015315170682969,0.8170291989387153,-0.006999194842387637
0.01304033912173777,-0.04486251374438499,0.2951073515033697,-0.0014872790438585407,0.08241307275403872,-0.10225858742352512,0.7705554381181402,-0.0027868958418129043
0.0030439443638832046,-0.02882710585636708,0.29718427450481605,-0.0012520069356359317,-0.06736309977420121,0.04819779451921666,0.7585376087728882,-0.001365476527420262
0.02487094732756443,-0.05217020486618286,0.31087191431680555,-0.0014187307151649823,0.22587989054652027,-0.3054987547390755,0.8798370843819353,-0.004797255134380336
0.03425427243379469,-0.061020266643695156,0.3152973666369706,-0.0015071738462780738,0.15601061938121363,-0.2189261299405801,0.8214343089936639,-0.0044312580990433755
0.05437683627740126,-0.0389854389427824,0.22536058431124856,-0.002680472456156044,0.2868613195205525,0.06779761039988977,-0.11112440666479395,-0.01550092071447489
0.025604256699446513,-0.041926404394357526,0.26950603028360715,-0.001549457274426918,-0.15178370508604427,-0.1268732518727072,1.0048559205017074,0.00460897067690115
0.01412371955614942,-0.04347035978802909,0.28246868042360584,-0.0013614998380184868,-0.050794729684354695,-0.1202555649226094,0.8033915771090051,-0.00199406882198298
0.001634601454435709,-0.05036086158325115,0.2789568706200189,-0.0010388314104060295,-0.08958188212676355,-0.17758091742229326,0.6710536030231454,-0.00017706531892164247
0.01074890558716715,-0.044421251364399936,0.2833251591399423,-0.001443658875937788,0.09522954496340366,-0.06650605176961574,0.7410750617492812,-0.00664535318133266
0.003056489343220425,-0.05079352692579833,0.2839214993307366,-0.0011576964762355178,-0.050051898471549366,-0.17477588402498384,0.7142762997577994,-0.0007495231928217709
0.01869876564707071,-0.04226801964379198,0.27719441876964196,-0.0018730550852628313,0.16406398639655384,-0.04172874449443234,0.6425329427158953,-0.01004782728086193
0.01935048497542951,-0.03832382219756111,0.2843414465415048,-0.0018935979060638979,0.05326410740126476,-0.06622807464717131,0.7644563246427334,-0.004888065921167747
0.034592511649904345,-0.00705904698199291,0.27206296137264574,-0.002782160216651399,0.2007964791833221,0.2168381966617792,0.5880687646651714,-0.013619617871034759
0.028639572584353463,0.008380319533153324,0.25919712020750696,-0.002895260874432465,0.026951888469252006,0.13674604769648008,0.5514989917802268,-0.008086407119439153
-0.009588689573494617,0.017661376827446854,0.25173742923266884,-0.003163402744446645,-0.31068369011759717,0.1137613717758186,0.573395890770386,-0.009919570886222959
-0.011832502085301531,0.010943744813208934,0.2544286783427616,-0.002949042178830879,-0.046409849051805674,-0.02302287807376205,0.6562560641825996,-0.005764901204958955
-0.012871689067902285,0.008461182813972346,0.2552982383684182,-0.002756941812136119,-0.03997312503926136,0.0025337420406564455,0.6447672961134701,-0.005451601780129602
-0.019928592696617918,0.055232308152334285,0.25680153165820074,-0.0025065817179711724,-0.10274825895691203,0.48886421041855016,0.6532785288188706,-0.004388753588690828
-0.02285080905844393,0.07407214355690106,0.2561427504648736,-0.0026480813568514677,-0.0790436453598049,0.3264791244265034,0.6354160172122306,-0.007681450683730885
-0.0240735079943256,0.0816044023850952,0.25615545520839494,-0.0027432463029777865,-0.06935401200492652,0.26050294717419403,0.6404839235973976,-0.007571852853391863
-0.03173402329333261,0.09405612173572296,0.25821372316235286,-0.003176227523972358,-0.13678892297588408,0.3285281994690156,0.6609713175605663,-0.011187927967390175
-0.02387875046623716,0.12046332498271947,0.18663184783179967,-0.0024795064474191055,-0.000782329962377093,0.49921233680927257,-0.07028444539964962,-0.0009733580443983779
-0.021108746306909905,0.08794676339518116,0.22863070906580424,-0.002928119145430407,-0.03199683457232036,-0.024007303418584258,0.8865682319195449,-0.010684893098660785
-0.034043711031448404,0.09986132533344647,0.22613450322642895,-0.0035560158152118516,-0.18212151301265972,0.33901252787060576,0.5466147142707574,-0.013599264561390463
-0.03194664919605334,0.11825174867344102,0.22950317481259513,-0.0029532532330799758,-0.06413865922467037,0.43355754673356184,0.5990229739277342,-0.0028624137167108793
-0.03113614841127346,0.12612455577701387,0.23026697104139285,-0.0031337404980700772,-0.07176161514233448,0.3743574427193313,0.5813958993194647,-0.009188005732600946
-0.03319850263733864,0.13169594718245364,0.18172369009151798,-0.0037438502860802107,-0.09846391328883544,0.37102530349693247,0.09023461810473316,-0.013935449125276528
-0.03133362861839563,0.08460378142864923,0.22472523907237865,-0.004360460079348744,-0.06434751640391653,-0.14168178958190997,0.8843247150374018,-0.01552572364788586
-0.033019682055713026,0.07611428119600087,0.24812761964191846,-0.004216827222914166,-0.09519460591916308,0.12661445124513926,0.7958369033763447,-0.00946482163402608
-0.016066786174831767,0.08385137139070417,0.2425630829605699,-0.0031501867899985645,0.08697975366953,0.26765660493703525,0.5646736822913107,0.00012433627187059468
-0.02203377840845399,0.08778601615740671,0.24620058227082006,-0.0037751704966234364,-0.09983688777330164,0.2489748761437856,0.6427827005039264,-0.014125304041245129
-0.0401406813154419,0.04292542351286553,0.26876615124943504,-0.005342390469279919,-0.23615347509101403,-0.22914088605189475,0.8411571454632005,-0.025110125968123422
0.029395971240664072,0.1535392689510533,0.2135402515744253,-0.0006669505949399371,0.595014822272455,1.2134520131640416,0.11965638137349033,0.03339842257020001
-0.028842010872075358,0.06780388974296354,0.2665739406355901,-0.006706649203714412,-0.5088898930257342,-0.4735056197032641,1.064187519547711,-0.062064362575094595
-0.02582158758811752,0.039657062449372504,0.27052491219916336,-0.006263691336378989,-0.041900794340610115,-0.1119585485785018,0.7059445672247077,-0.012337044335931809
0.008073649657267978,0.0065144015205158695,0.28289044647362727,-0.004884280749419713,0.27439840348356115,-0.23228395316513506,0.799967623242547,-0.0018651224713547195
0.0516163204896993,-0.04234693152360809,0.31404491728938144,-0.0027718198167715853,0.4556108324674832,-0.4723273266399499,1.01877082434161,0.008913907452931994
0.0701102057805226,-0.06015714279435164,0.3232337813516614,-0.0019283219651923464,0.3139796541324813,-0.28396944151645565,0.8770009338462531,0.001505428973863427
0.013252476321751513,-0.12850908612015444,0.33389246764706837,0.0020585748127477403,-0.39330178013640427,-0.8339122902439069,0.914671316333223,0.03504816286642
0.04662453654499174,-0.15147630772049336,0.3357466325348594,-0.0029663916004583615,0.36685179303678095,-0.5509449313037755,0.8532728179955821,-0.045103227100191656
0.06057968644979923,-0.15948123539805129,0.3365410187772681,-0.003152301779011203,0.2561128404105543,-0.4587400460768125,0.847310443761236,-0.009275080786674328
-0.036386834022332434,-0.19753126670605137,0.3277342905262009,0.005152726966677578,-0.8182159885968185,-0.779203401575129,0.7532852644324985,0.0751695330093598
0.05170161944012426,-0.17159616369797626,0.3248692791560142,-0.006793029191698177,0.7899174495687358,-0.23447713668437753,0.7906856126136352,-0.10657574416706359
0.08881485368442789,-0.15867106853136712,0.3209450410063794,-0.00659663827189535,0.500386391043347,-0.29973945757884934,0.7729308163936871,-0.015018663781217176
0.04039582505922683,-0.17687736767103734,0.29551769003559936,9.415193090685312e-05,-0.2621531520409408,-0.5787406627251201,0.548089092808148,0.050416306348283674
0.053712089603547244,-0.20661049399206896,0.3062355063788085,-0.0024454663203594953,0.23415220809127124,-0.7395246823879096,0.8459723885210904,-0.025160802685396347
0.05960041731350571,-0.21875649644886636,0.3093482231135825,-0.002414921802893758,0.1931635011084527,-0.6379862595481467,0.7967159332947618,-0.005808220626241367
-0.05772734857049791,-0.2837427376932261,0.28660624886262415,0.013553850695931333,-1.0242766155562717,-1.1967536535657635,0.545950815274373,0.15365042048101651
0.01456625382350224,-0.21846594081094176,0.29127264019001814,-0.002422068214304726,0.5786176525137565,-0.05658887541022217,0.7631795354305003,-0.12587456236253225
0.008011702540252665,-0.21862897804764486,0.274740842276441,-0.0007126130024139848,-0.02912987827374003,-0.5477952243943851,0.5628636213392738,0.011039381583145602
0.044204957025598936,-0.19271820245231996,0.27055888736061756,-0.006173855309597867,0.38196180120409434,-0.28746468916586343,0.6450325565328681,-0.056393955577873786
0.05974222314007074,-0.18209897147879586,0.2694174701559711,-0.006519835286967252,0.26588505370871535,-0.3756031963955589,0.6649830463550788,-0.018894438047688512
0.022019215989696597,-0.18512220927874173,0.253754636731886,-0.0011539950878840148,-0.2278745136535646,-0.4854798066964481,0.516915341149076,0.03735881377341425
0.005853792435394245,-0.1855891142274624,0.24932505348154363,-0.0009744377420149793,-0.106606195568782,-0.4674745726840612,0.5900907593262912,-0.001089414261019675
0.012060198974107966,-0.18001500739683113,0.24674551533685277,-0.002954799816166528,0.07669854647562281,-0.4082317172623432,0.5975172522569505,-0.022239715096552936
-0.033416738354097836,-0.13019956577956066,0.2425876025327332,0.0009942752360933287,-0.42461887584678804,0.04811689768062655,0.5752846603009362,0.03210375098218224
-0.05267675034307689,-0.10933805538999479,0.24117106965452295,0.0009088004220608624,-0.27614196577503514,-0.1168838105532432,0.5923036775497307,0.0016309399499086635
-0.022458416089576633,-0.08804892493587045,0.23519152412028876,-0.0020542890647306565,0.17049146667731035,-0.060453833933743546,0.5431322187939651,-0.02735889381276303
-0.005107023652545558,-0.08192627372554111,0.2319783907638246,-0.0035984428442059012,0.1173678841463692,-0.1588958002363828,0.5558474767360801,-0.02057726045657909
0.0024304965586481615,-0.07932461155461173,0.23095255032108086,-0.004302919970904815,0.0626076429805733,-0.17879906260455913,0.5696875724821244,-0.01604087837750389
-0.07469747320934654,-0.06737532879937635,0.23286166209563233,0.00028445642575470817,-0.7652034562833265,-0.07881870133417568,0.5964724935482169,0.03511646403933318
-0.06239141919806441,-0.003271963900628949,0.20876625581714348,0.002149185921296307,-0.06368314291054522,0.47259532698903306,0.34120009245419236,0.019358436019802767
-0.05623922587286902,0.02438981034625195,0.20100976802677437,0.0002874895921141263,-0.09445661474320703,0.26843783271723665,0.4443507616391674,-0.01324399848858104
-0.022570285209794164,-0.015191169549021825,0.24285319013947812,-0.0021901687551200023,0.19609134194857597,-0.3348352730871078,0.9209586411939735,-0.024057859492055963
-0.05103733562389252,0.012217287078408984,0.24289550536872143,-0.001959567433036126,-0.34109621716546884,0.2361066424017535,0.6075561276411285,-0.0031694086669612417
-0.0627342497241974,0.02378889374200273,0.24215948784056496,-0.002435627394746233,-0.2445624800627801,0.1462592843319599,0.5998785881402389,-0.009659518199691387
-0.0630021590980985,0.07490434078232429,0.24283453369283953,-0.0013476311731494685,-0.15951471804950443,0.5706267047582223,0.6121491781241583,0.004790893729102064
-0.06307248254662028,0.09543120346625703,0.24229914979630976,-0.002206485834337012,-0.15820863223046389,0.39252947879513816,0.6017324952668014,-0.011957624544749107
-0.04358472644214842,0.11486940969324219,0.24694795348241738,-0.0018084354646018138,0.037196354678167814,0.432960070935494,0.6522359113518506,-0.0015357108884905511
-0.09523432194367112,0.12342518303444688,0.23453155126238398,-0.006202763335207176,-0.6254577711205981,0.37273125764515236,0.49320586150570955,-0.04846436736755816
-0.11630407220950997,0.12657945040463234,0.22911528975621376,-0.006215691440289123,-0.4487833075175661,0.3401056312879716,0.5321662630942581,-0.0156361893888374
-0.04734924405962375,0.15914410949462443,0.24876638487971683,0.0011744605874650493,0.3987881009750873,0.6420952169115022,0.7692991756255653,0.05836229167681892
-0.0819702840050367,0.16767618651819766,0.25553302147371637,-0.005520124565940588,-0.4645835096031887,0.483181043972293,0.6895823281392872,-0.06400970006539375
-0.09625450251297285,0.17191834517622182,0.256471950746782,-0.0058558301017432035,-0.34776789509195327,0.4616120528757362,0.648221846414947,-0.01715736677287763
-0.08632121235090831,0.18909991468744264,0.259756227005826,-0.003572602556577649,-0.14130335466178667,0.6016115580527628,0.6740226394573952,0.008192700197297537
-0.11031337209301578,0.19908043046629922,0.24936511586993004,-0.006480268322638188,-0.4557246282983456,0.5725549445071726,0.5454794561556052,-0.03800816405204952
-0.09236093157647668,0.22704615984789278,0.2352154884514688,-0.0012137351849221215,-0.09625902506714851,0.7773583699816835,0.4819165154902125,0.036464660570565195
-0.056171477270100925,0.15496281308178184,0.2874720605730493,-0.002199241704027346,0.13099221412256593,-0.15321806804137705,1.1106044423444765,-0.01288940315335755
-0.021401250156256317,0.16378962982528558,0.28863472963102393,-0.000976957226810338,0.20727357796319387,0.47567520013949194,0.7303068420123691,0.0067247405121017186
-0.0076919941508867985,0.16673050107722898,0.2884509502105945,-0.001498900436234205,0.08358943466305438,0.4388827870826477,0.7197490298732664,-0.007661825161264513
-0.05543906154159516,0.20015466355621292,0.26936590538908756,-0.006935035582169018,-0.4967006592843006,0.7510678774829116,0.5302769273114163,-0.058108602549933636
-0.025811808523373427,0.2170928748935938,0.26878000599328467,-0.0009069688251558752,0.1576748763282293,0.6697687722643413,0.6675557695146901,0.04294307861470888
-0.01471082008693077,0.2251137461564535,0.26928524774743245,-0.0010809446508782137,0.046480363055993026,0.6229408998625817,0.6770024325246897,-0.004007180320113074
-0.047479492070938115,0.1656688762272172,0.28139577579985753,-0.007394004176053327,-0.36446377005740044,-0.031664333901229025,0.7943183998928316,-0.06583295687894666
0.018679212975212592,0.17138246115283218,0.29229209393548267,-0.00012817075018495012,0.5428883202841619,0.4713080398241928,0.8124526208558955,0.05417332381855046
-0.015585850057085744,0.13745470303390067,0.28955212253821627,-0.0048295149249539295,-0.2959525978849519,0.08917857169276511,0.7033305208660424,-0.047333868623152156
-0.029306142696071368,0.15529975098017135,0.2735706341578984,-0.0047755295736946176,-0.17616755153257058,0.5220872370474583,0.5640654225423618,-0.011533933799791694
-0.03511620436276209,0.161502169733129,0.26913654308015444,-0.005405336956723363,-0.13136597340708567,0.45027356498000487,0.6395856746173072,-0.018236897764523988
-0.06391707863637142,0.14193807528200517,0.2715762526458087,-0.009254142512169657,-0.3757992536429984,0.2081144798215842,0.6972384533569288,-0.052001397946271344
0.018827981823188622,0.04612118974348568,0.30787907044854534,-0.005622469619851944,0.6676579080046718,-0.603323667180182,1.0419688096418884,0.013181372642753
0.05323452021886953,0.012717066445262146,0.3165546055782731,-0.004097578753518989,0.39113533851478066,-0.2187382586235213,0.8564530274186403,0.0011927346136996874
0.08540112411493805,0.06473263313828456,0.27894037102004976,-0.004531125785240866,0.45475233950785904,0.5519483330433794,0.4152441683634496,-0.014579417201016227
0.046375885351500765,0.03864149767777604,0.2851734393522345,-0.004907408385740294,-0.17674957734702773,-0.09907977175937377,0.7596816108719726,-0.015090640468096442
0.03037922853994994,0.030189264394647843,0.287450975242503,-0.005218960562890238,-0.0440268547367563,0.012081411363158073,0.735708957283271,-0.01538404273585018
0.03792093350631595,0.0075799095501306694,0.2800282613075435,-0.0047540695777794914,0.15136512101353494,-0.15062038745855214,0.6444002987566624,-0.00839849155611812
0.06664229303495804,-0.034148512210888646,0.2816096312870371,-0.0034037910578299324,0.3820159290522108,-0.3983344437348665,0.7158843530637953,0.0016176112550468635
0.055623027483449376,0.00853684391600891,0.26066054438698494,-0.004790395247523843,0.056413077072308526,0.3414822807417539,0.49453320921707167,-0.022375519541513934
0.09362915757444415,-0.0417719154292021,0.2543267913395304,-0.0012391982526113554,0.5191188696185711,-0.4817454836620878,0.5883138304929165,0.023535981830315265
0.08332467393809795,-0.059990107735007,0.25348900699765914,-0.0008143744737964527,0.13102805757264818,-0.2866117116310543,0.6274391349301134,0.0011502421566206358
0.07892781586348474,-0.06747035529993921,0.25350715175380784,-0.0017301016066211105,0.1643431040991126,-0.22477774498683964,0.6339039650556348,-0.01119320751273771
0.08948193704301736,-0.08959073740116508,0.2372250216481533,-0.0018013628783331809,0.3028607514540381,-0.3898797092621068,0.47094657832797415,-0.0050378667336734816
0.11270872521356232,-0.07437877340542665,0.22336821566314638,-0.0040971469492712695,0.4559727243129932,-0.07185720354552855,0.45449449427031424,-0.02746124790521384
0.12223885245443977,-0.06746821255054247,0.21858058467161456,-0.0037712140458536626,0.3770730854426803,-0.11684132496472482,0.5105442292425474,-0.006983538339002102
0.11276547570087489,-0.1279396266008735,0.22467749540065066,0.001469883258002506,0.21086336360045058,-0.7733846718796662,0.6074205689693974,0.04298293792392753
0.10851612592100839,-0.15222222695012677,0.22538382409761218,0.0005304514898964072,0.23942019145352217,-0.5626750699947165,0.5687570254712419,-0.005719609536054722
0.1363508046399475,-0.13083619828294302,0.22874613640723526,-0.004612967089052147,0.5496371019919122,-0.16669528070347922,0.5970826833402609,-0.05010805706474453
0.10655647110370506,-0.12226353753171114,0.2224568347951521,-0.0025286131795235938,0.042933676237444374,-0.24136388819503857,0.5089723248972565,0.009311121372655148
0.15158208328594436,-0.20168388761079897,0.23843240021217935,-0.0006193961592241496,0.7166472995816556,-1.0998623446201559,0.715897741158153,0.012770637254185452
0.1319821977372586,-0.17113673362239404,0.24258298656521624,-0.002725661883156847,0.1829563527280036,-0.1987381791429479,0.6375868640608174,-0.02261114763738735
0.12326062944460422,-0.177012794795274,0.2476402101349124,-0.0014560777608448499,0.2427398114166025,-0.486602445784784,0.6570297021100023,0.0058816865152278575
0.15863011536469812,-0.16400364127446074,0.2480030443398543,-0.006772645161833194,0.6618464328124498,-0.31244045178005253,0.6227288673867001,-0.05680586841199557
0.1737066454329607,-0.1581433579400392,0.2472006903174762,-0.0064062913928785966,0.5473405890943711,-0.3514062698419369,0.6119840706258548,-0.013268075215037013
0.14482168797405248,-0.17173161953322277,0.26016120640040796,-0.0009199608767540461,0.14541703899331954,-0.5312410107819339,0.7476068866230081,0.038847576679049006
0.13380825171174118,-0.17783308226041153,0.26530604525326407,-0.001235388061138056,0.25191985731201805,-0.49034367610494456,0.7018514045295805,-0.005454174035725214
0.06955592835677193,-0.20251162795809877,0.2892002487179842,0.006241227341397161,-0.30800260427033943,-0.6913681626279011,0.9022071477803612,0.07167768387250703
0.04237068844006617,-0.2101452489119028,0.29204737702443206,0.005115055040332092,-0.09796257827512772,-0.5826152794332873,0.7514719048594384,0.004341345342842223
0.030750602272077814,-0.21283284649224418,0.2934768712281319,0.0034431653385749925,-0.010274140579718163,-0.5522390980831707,0.7444133845980783,-0.003931259416740761
0.04564543230136903,-0.17161794247619128,0.29424966532935687,-0.002438833329941107,0.22582480597310678,-0.11993307607008136,0.7414201190825795,-0.050212073338723504
0.019488148072565423,-0.18279311747316543,0.3170396916209993,0.0003681437283101765,-0.14745926153461347,-0.5407966061602199,0.9635244262398167,0.021972687257660065
0.009739382074975522,-0.18817343279385576,0.3240051478231542,-0.0002385573362593237,-0.048767289794485455,-0.5107859468898168,0.8622537910740472,-0.005146651324919555
-0.039341325213115175,-0.1775295983340431,0.318724564602875,0.003692143423518141,-0.4664586176934682,-0.36399523738651296,0.7572070373550932,0.038710614257126325
-0.0592449842766076,-0.17313259839310835,0.31804038359354264,0.0025064442912843847,-0.2973899036677121,-0.3998539964257603,0.789969601413864,-0.0026266327635422124
-0.10021107062874801,-0.14341889120649495,0.2946111884142455,0.004799408291871336,-0.557773324212923,-0.1356944241166369,0.5608090071908848,0.029195750734080476
-0.078022579103641,-0.07708572642707343,0.2880948204018939,0.0017692358598302245,-0.028642761320800014,0.30478441977797777,0.6713642909120981,-0.01830320359073278
-0.10570031772308762,-0.07530096401395596,0.2823569436914445,-0.0008884674390230119,-0.4718338339535686,-0.17486669193650867,0.6628582839002398,-0.022153943338956806
-0.1281439827147454,-0.05770767691699824,0.2823177771986326,-0.0010350976438712675,-0.4886874442242967,-0.012319539065312746,0.7055006943004927,-0.0036874706460400843
-0.1193165518226176,-0.009129958094105405,0.25544025959088446,-0.0009098664260191124,-0.23208564786558572,0.3415079959364328,0.43701926691909954,-0.0013354319311566182
-0.13248845781435648,-0.007903956751670937,0.27163211652217323,-0.004265393316169042,-0.4300104394739325,-0.010564881810918858,0.8005192182900991,-0.035829934966547065
-0.20695052731393104,0.04645007655290675,0.21283021114084155,-0.0004043114442479831,-1.0758418395316367,0.5237804411665995,0.09106123749211659,0.027947335428787974
-0.20059580302067076,0.04337586254602628,0.2365150105652284,-0.0047550501030716895,-0.45382907535222483,0.08538305131346219,0.7689235220959723,-0.04451816519885702
-0.26490351612068036,0.08623809999735861,0.19973736770927247,-0.001329718037862397,-1.144566638551773,0.5370620308783889,0.22351109785351198,0.022365695394413694
-0.286437729872271,0.10288315547722648,0.1845939397376883,-0.0028349214906466733,-0.877600927817607,0.38204580479207534,0.34790913955733926,-0.018376329622498758
-0.3151361742163204,0.21595059352163948,0.14350642679068154,0.013722498181073524,-1.0030787681211717,1.3878822691371961,0.050609719874153136,0.15848689299058533
-0.3226716220595314,0.2586020631306835,0.1257406635139133,0.007372012400627879,-0.8631949139729113,0.9663911798945389,0.1811084342090214,-0.029198612351772624
-0.33191480760814285,0.23643771405778746,0.15442393644406538,-0.006641822056940121,-0.8991109106349426,0.4248616670977484,0.6011843880863039,-0.12170831357411031
-0.28865505483166515,0.20732036182338814,0.1915155992787051,-0.007283313787060831,-0.39718949125558034,0.29992076280047547,0.7569764694565608,-0.023019472443557412
-0.33038986811784965,0.2776222822183066,0.2145514002665301,-0.001191589839500115,-1.1389857699410086,1.221320108507655,0.7091470080750125,0.042708955007955074
-0.348299796971952,0.30522768183595994,0.21862561011104129,-0.0038505946594612674,-1.0050739588356474,0.9701097017222993,0.5771205991114372,-0.029569022798361808
-0.3430493740670017,0.3212639094215404,0.2262822193606277,-0.0010372891865788048,-0.8182452633803758,0.9234314804457041,0.6231301177734676,0.018506568080171454
-0.3241440586166338,0.29256921068570063,0.2732356281270444,-0.008835681159730033,-0.6685702806638265,0.5162127861954533,1.0352396360657363,-0.08057714269795928
-0.24288469109794264,0.2870055554667157,0.2876733634587769,0.0042853633147539125,0.0022335286453267766,0.6757864745244022,0.827466423634936,0.10912124184551435
-0.19498795865140314,0.24557190057229045,0.33380346266760486,-0.0007321288105156532,-0.1282444032794616,0.3031773397225376,1.1804844007352213,-0.039461512965810866
-0.1963074551015195,0.22941323703798794,0.36524086181492377,-0.0037530410451816682,-0.5006648611296716,0.4523431160877014,1.1488826481422012,-0.03203944437294929
-0.14101175125454368,0.2500300861693393,0.40657069802086077,0.005404749460419715,0.06218840071595966,0.7797015839084835,1.3264005165966788,0.08219530244305964
-0.07907159796472418,0.195348248833923,0.39409786913189626,0.005681549877044364,0.2668721547618359,0.07825684206918548,0.8916984561625074,0.016279877817295785
-0.10087617527423973,0.21358686290331605,0.42010950106423817,0.0027140982574810416,-0.4157247680069658,0.6707567627787381,1.2453609921531594,-0.015470641503022325
0.1640623511482545,0.05691625122539126,0.43746481429804657,0.019431118722199017,2.3971948260393425,-1.0327389595209575,1.2238268849986793,0.17395545029088233
0.22011726691062647,0.00011090307281862166,0.4653299527858495,0.017143741305396906,0.9707050354943563,-0.4257628534622483,1.3723134206231462,0.02570402263747648
0.24646160124829075,-0.01928117640998132,0.47658270206143094,0.012612428425485753,0.8137365106532095,-0.1936435371459528,1.2758523747204376,-0.0024537755356192695
0.3970271935482259,0.012558553406373841,0.4389065453711298,0.007418526618217172,2.1218099261200787,0.2701943571385983,0.8146951882505655,-0.020407947008971427
0.4286631762760733,-0.018070437026743654,0.4185957582484185,0.01618818768215432,1.3089278111490392,-0.2748935208152403,0.8941584922007114,0.10624292718491442
0.440366791491318,-0.031061453665902485,0.4152770291438966,0.014763912420823687,1.188694092842631,-0.17508625895844745,1.013302104575827,0.026227716592079495
0.4660766435551947,0.03241108427231876,0.26602456260415935,0.003241039977914721,1.3580154993670623,0.5570717452174562,-0.45433209253763107,-0.07831894337703044
0.4736219081501243,-0.04072384897910922,0.25364022111266354,0.025274929565599062,1.240644254837283,-0.6503216218334827,0.5412179915954407,0.2284414958216302
0.4840672582258086,-0.06683185365669482,0.25053532000650097,0.019285773762182438,1.288508271132154,-0.3628896692236292,0.6030515417200335,0.0032957658798314915
0.5262335616901738,0.021432035109464814,0.14188421127142298,-0.006186908701705008,1.6318311802081737,0.7155592535198594,-0.4601727873345276,-0.2065123902334184
0.5022435165389549,-0.021182645731896557,0.1401991563186507,0.017479345830910344,1.0756834527132466,-0.37256672063995167,0.33785997865083517,0.22119527357189098
0.5031665696292851,-0.038009117534590596,0.14402676859663407,0.013390892637733777,1.264839322250689,-0.22122133235668173,0.3887740135764604,0.002813832645510217
0.5650842418641968,-0.006867736911986999,0.08799351011006998,0.0025129100517729385,1.8770931464223306,0.21639101238955943,-0.20026566337405577,-0.07530259426527391
0.5478675870823291,0.054487086770167024,0.06658313951676781,-0.01718966269786252,1.2405440568418156,0.5963788945415728,0.005880069342153127,-0.19074345236692225
0.54351158270756,0.08491280443746706,0.06354555650426583,-0.010323724141990395,1.3261089239581323,0.44047489359841785,0.1360820186668997,0.025685228814064903
0.5764711386740738,0.0690067447984475,0.09309767525918083,0.008178795242596494,1.6883745164340391,0.05322141470347208,0.4543850788098146,0.15921588349089288
0.5516194288738454,0.03026982326900006,0.11473696580942423,0.019964392800536197,1.1926607486829006,-0.21485235329835567,0.44913709365038607,0.13830296368588824
0.5503258851716073,0.08990088283249907,0.1177675594976354,-0.003095728263079262,1.3661131351622315,0.6719851538074901,0.3171483514056723,-0.1806902286348141
0.5525422945003768,0.03763126143638011,0.18334412789119403,0.030091953273053234,1.3979788062167127,-0.2979440068799418,0.9501845826796744,0.32413749470362674
0.5422243080025726,0.03321081799134352,0.3131877848344675,0.017283951179903438,1.2781758712728997,0.049873719140584305,1.7567968891607197,-0.05285013774886488
0.5506104740286426,0.03712904582977075,0.37013083749444425,0.019736505408385396,1.4394224302671317,0.12220932336263113,1.3523999886859364,0.06773542023457818
0.3493771445913793,-0.10091261781852887,0.4232140148270479,0.048962911830563505,-0.6358071093010262,-1.287594021908569,1.456158867062147,0.34160532774274455
0.2654267971766381,-0.15909419906183858,0.44158507342305436,0.044376770529606924,0.03393938733103641,-0.8340973569794193,1.241745623027684,0.07654586656684292
0.09347355115977521,-0.23055841740337946,0.4942895647162422,0.05024281289934565,-1.0559654672270327,-1.1123776810700052,1.6310075964895145,0.16960235002140467
0.025750631359179446,-0.26037351440548967,0.5113246362391933,0.04019010343647102,-0.4435453201065199,-0.8745470135295507,1.4060746270201168,0.02507993761961788
-0.03631425006911029,-0.3218982748253458,0.5327270208307228,0.036365434265607,-0.5562722358849488,-1.2661813902122854,1.4923354365132777,0.06222856688253735
-0.10056746327404258,-0.2504447479042351,0.51049742139716,0.030657778195822136,-0.7333177572220986,-0.09021041785225759,1.109521557741181,0.033837024966168895
-0.12622600121541647,-0.22120840675880138,0.5046943345187526,0.01689456388979382,-0.5080040375988454,-0.33374845830625083,1.2182126847088255,-0.06098769757072783
-0.1159978118483678,-0.20303437196079666,0.42967326955641943,0.006848808388247304,-0.2132831093680545,-0.37128066891695655,0.5115251866735498,-0.0582211452909806
-0.1504219854242697,-0.2584032259224432,0.38858421009513555,0.0031162301089376256,-0.6342362653799384,-1.0612744695184566,0.6632925792782091,-0.020203761822478523
-0.16221688733262613,-0.27623451242595576,0.374856137169598,0.0007156634348696369,-0.4940039826442381,-0.8243209298412336,0.8341797959824637,-0.01621509146833583
-0.14484434107334437,-0.33196327836413375,0.3137103585938755,-0.0026866250817955822,-0.23181675573874788,-1.2478739404466692,0.32568255716677064,-0.032233726579478095
-0.11912417426622918,-0.2915018141020938,0.2415402871009995,-0.004839522158804063,-0.10490918461220908,-0.42529355328993435,0.06257518155592845,-0.028245533474573765
-0.15251073191396575,-0.3803521669330943,0.17608332623767703,0.0028667895786812043,-0.6316760121429386,-1.6172580635652394,-0.050718890880725814,0.06496431197784253
-0.14900260039222757,-0.38852674908181245,0.05963336396385019,0.0028282534628149324,-0.34619551456753267,-1.0326262388199177,-0.724291307144076,0.006781612788040299
-0.15027888326336952,-0.36388351008659137,0.02689328199677092,0.0035571257722768093,-0.38526932969198857,-0.7248844827523211,-0.17831740976116717,0.014359356751656102
-0.12245074821176813,-0.4429302498058741,2.054502798411878e-06,-0.0038574543222734173,-0.09741585764240995,-1.700176172409305,-0.2016790699477978,-0.06525298651481024
-0.29435009048723315,-0.48300456703298406,9.671498450367078e-08,0.07020510583097393,-2.0251202932840706,-1.5080687967857853,-1.4441621143085337e-05,0.7309819657267899
-0.37121492722354854,-0.4934574168405059,3.0472499392210017e-06,0.055398659764459804,-1.5045235935812364,-1.312039915657679,2.9747137008432484e-05,0.027448303912293692
-0.33765824074332773,-0.5793366405060397,3.926053169582387e-12,0.015504405893877471,-0.5924704532566633,-2.092435778756603,-2.285433528362581e-05,-0.2604458892946738
-0.2361463879457045,-0.5936515928668495,1.4465675865649597e-12,-0.01949719313879128,0.17097292611791237,-1.591491124873198,-1.4979722906430064e-11,-0.31125497559199383
-0.18327339082061486,-0.6066981268256673,3.0698542747905583e-06,-0.007990513500852687,-0.06163599861336477,-1.6145943217553,3.0698531898648684e-05,0.06632381353240774
-0.30172898484228494,-0.7655537448749032,4.01308015139136e-13,0.064473377434335,-1.6427394172682377,-3.105301497556529,-2.302390304784903e-05,0.704662625599745
-0.24730527103353245,-0.7178252314049481,1.3726524664093784e-15,-0.010243702706906554,-0.2100853240181877,-1.436599227487707,-2.996083592267558e-12,-0.585987357826578
0.0944914501066158,-0.6354708543964268,0.172675493308931,-0.15220809981319222,2.799704033817651,-0.9710193084271572,1.7267549330892997,-1.4452532278301229
-0.06762909109108495,-0.4050936539689468,0.30702371011541324,-0.0621399276348089,-1.3849767867104674,0.715094868283733,1.7751709013371497,0.5201614722508525
-0.02571613529059212,-0.1396541108138315,0.35763306181666643,-0.033967481303970266,0.2500568302772157,1.6416612966287853,1.2736527923010648,0.12637464422136419
-0.010590899882310347,-0.05265372127890032,0.36510889473175956,-0.022457839671848452,0.08696201585633734,0.5208686183147326,0.9688409836925977,0.030177713061292563
-0.0042956884228763995,-0.019922180940939345,0.36756839449921713,-0.014923669887834733,0.036474864888563614,0.1956811001823589,0.9373672345039741,0.019197098660516082
-0.0017404998578868965,-0.007542718274499802,0.36847850570512625,-0.009919765397314664,0.014812664592704028,0.07398917431204714,0.9280220983071343,0.012729870185613845
-0.0007054044426518303,-0.002855910428273806,0.36895255520933296,-0.006594632900687004,0.005999704507633418,0.028011282776010456,0.9259367593048833,0.008451911472989942
-0.00028592300923855924,-0.0010813506787551142,0.36930683386636814,-0.004384181694170819,0.002431303227503136,0.01060582142450241,0.9259241745936837,0.005617929813444344
-0.00011589891635304297,-0.0004094348950547072,0.36963580146734576,-0.002914668763543852,0.0009854334057587647,0.004015781140116282,0.9265567606756957,0.0037346750708426198
-4.6979988797511804e-05,-0.00015502280691241557,0.36997032904544613,-0.0019377174079018256,0.0003994419846727042,0.0015205336437861478,0.9274347794493685,0.0024828416475606296
-1.9043198171716976e-05,-5.869438384733894e-05,0.37032174354863345,-0.0012882252687637348,0.00016191793426416888,0.000575727213369727,0.9284399676454891,0.0016506278716263449
-7.718876495857264e-06,-2.2222164940060753e-05,0.37069435755083024,-0.0008564326526341241,6.563522132930465e-05,0.00021798622945443466,0.9295304988935515,0.0010973629893867732
-3.1286109694178637e-06,-8.413260035548521e-06,0.37108932610012785,-0.0005693700609913837,2.6605464024750834e-05,8.253363669497046e-05,0.9306855793700515,0.0007295442848420923
-1.2680307717136357e-06,-3.185151294579574e-06,0.3715061112119264,-0.00037852628150912337,1.0784274553497627e-05,3.124793732081815e-05,0.9318911663683046,0.0004850126423441442
-5.139101726995367e-07,-1.2058230969266895e-06,0.3719432280946219,-0.00025165029861090105,4.371129060856902e-06,1.1830403740079916e-05,0.933136446856772,0.0003224441252094142
