-0.0006593433720069118,-0.003296716860034559,-3.912614169345949e-05,0.9999916963144873,0.0006759820523494577,1.548846377785518e-05,0.004018720001029894,0.0006590965193779313,0.003295482596889657,-0.10702135275240429,0.0013101160618646528,0.002178363950702175,0.0026326228895026966
-0.000758000002631486,-0.0039908227153678776,-0.001482725543421698,0.9999867212046992,0.0018001449479255222,0.0003908017551886919,0.0048129166240493656,0.0017645989494035003,-0.00044065101910381946,-0.06961224434525784,0.0009614537896386998,0.0024914204435927444,0.00045831970107161276
-0.0007441849722288398,-0.0043092386364784584,-0.0023706168557703806,0.9999848685897534,0.0016445080176072276,0.0008317823094396543,0.0051832733965545665,0.0033359707992676596,-0.0018258608351155673,-0.012327746322253228,-0.0013298102284699138,0.000482103870084849,0.0007378771947065097
-0.0008488368849045325,-0.0045099872265533586,-0.0023140874430804597,0.999984432855274,0.0013801758772000663,-0.0007196672656005326,0.005358287104184445,-0.0001733383623020654,-0.0026344491038939413,0.05607226970091284,-0.0024681616323187407,-0.00010728073323139607,-0.00017986435821126052
-0.0008383634409875445,-0.004513490823684947,-0.0016754935716027618,0.9999849742090228,4.4028440356121826e-05,-0.00027654250921571865,0.005474754964118385,0.0005295384187627996,0.0004353181721664396,0.12586441169900248,-0.004041049301098664,0.0005068601129419798,-0.0005284217690148717
-0.0009568196354689022,-0.0046707037296424255,-0.0002272995024574561,0.9999841520282186,0.0005546774595080586,-0.0008470587729520825,0.005538096853214557,-0.0019281585684966906,-0.0016595065834715073,0.19529094285061238,-0.004300473998898518,0.00022136941377528738,-0.0010095909003697346
-0.0009064942064629289,-0.004643571847415864,0.0018047986285385483,0.9999843935571078,7.622246951614323e-06,-0.00031240983970616694,0.005578080692913077,-0.0003971584299186301,0.00013357337278501868,0.2600707007802751,-0.004590497301855417,0.0009883833915193274,-0.0012895922316050082
-0.0009873161311567244,-0.004827967583448664,0.004808713637057087,0.9999840672882957,0.00044072545203245475,-0.0004632522514511329,0.0056085941183666175,-0.0015604394289289985,-0.0023185525017564807,0.331054588154098,-0.005062947016995295,0.000986611505623272,-0.0013738007702274611
-0.0006460393882453612,-0.004885662745984131,0.008551651035912966,0.9999840687385295,0.00029944846596314514,0.0002790812373460867,0.0056298058061782525,0.0022402859182971933,-0.0022289148895550713,0.39679172865932,-0.005568109007174701,-2.3201783027405614e-05,-0.0014020124986889267
1.682965789368961e-05,-0.004643257192453282,0.013986838361575044,0.9999830170227433,-0.00046110288879013444,0.0014108930753148725,0.005635816795115051,0.009683909271309982,0.0019013263225003277,0.46522321717707193,-0.006133023930525152,-0.0010834376508866194,-0.0016051493240309426
-0.00044999039466954286,-0.004802427209572373,0.022063437219841244,0.9999845493881729,-0.00018990665382364862,-3.43429156939995e-05,0.005555514464002294,0.0012337845010620685,-5.8610808244788544e-05,0.5446569269400461,-0.004927030239548433,-0.005627563196289021,-0.001654297117242547
-0.0005018375204512031,-0.0037388739726527493,0.03273844815977062,0.9999834594553375,-0.0017850820214020042,-0.0002958736050276678,0.005459556458375785,-0.00031715128011216816,0.011723364805252994,0.6227101052403023,-0.006004313532318283,-0.004299279103015948,-0.0022326152754806763
-0.0013185959560926476,-0.003756139407148355,0.046983327808218206,0.9999836053995561,-0.0013513707516719087,-0.0013386001376352547,0.005401007208664544,-0.008914782289381773,0.009238047211724566,0.7044646756660099,-0.002201779306473192,-0.0033773843000353887,-0.001840560738408713
-0.003684173226522955,-0.004488560778307781,0.06436634163629952,0.9999798677046924,-0.00028712554636828704,-0.0034935336794290894,0.005289325728047402,-0.02931636776730579,0.0007831668582708104,0.7884966883911882,-0.0015544736849680972,-0.0008671868882074036,-0.0017670977278674595
-0.004293443982652839,-0.0029422918022074898,0.08374259805297586,0.9999807397712698,-0.0017990885696956575,-0.0029613101141870444,0.005149175587431734,-0.02809183328201518,0.01481233043627276,0.861017320394564,-0.005703188182046331,0.005193624328735745,-0.0018822667648093934
-0.005517309516250955,-0.002985941219594095,0.10753588810134136,0.999981726100248,-0.0013211622307994005,-0.003045236640694585,0.00505257654376041,-0.03245041153826752,0.011494593411805604,0.9429232774368718,-4.110006828296432e-05,0.00246128113162552,-0.001695486859649206
-0.004564126414298937,-0.0009338456192752992,0.13082088321051755,0.9999838802983246,-0.0026317585050648954,-0.0013583805981343773,0.004844356802249961,-0.01753890391780875,0.026409165185151448,0.9974715084130769,-0.0034937205473022396,0.0009755988525485354,-0.0020703315595630017
-0.002874190695596064,-0.0027717795135334183,0.15568642791446966,0.9999885992832093,-0.0006373470406924944,0.00021490660358334363,0.0047274631152979096,-0.0002538579368974968,0.006643504103363108,1.0517660718528594,0.0010437283861793325,-0.007304250582632888,-0.00131810123148994
-0.00718452833938555,-0.002904369244051259,0.1892092433420367,0.9999853286965622,-0.0004907602538277795,-0.002754593688184199,0.0046382927478393855,-0.0332077315631048,0.004447369956564525,1.1461803174950562,-0.008306457795131061,-0.01266757126352383,-0.0015720528091993245
-0.005811238182106885,-0.00631879963649849,0.2202993328420874,0.9999873875161387,0.001649083347205607,-0.0012931396696577876,0.004564331556411724,-0.016359804075683455,-0.021886239836987103,1.1861418407600326,-0.00791390281927147,-0.0021072875997350596,-0.0008753828612301392
-0.0063872548713196755,-2.440272247733119e-05,0.25923013634470315,0.9999861759555104,-0.0027829429295291017,-0.0013209222989681657,0.00426125460467727,-0.01765298445069122,0.028906212729057967,1.2691467029220012,-0.021351192895544546,-0.007317395756222121,-0.0023261691289509293
-0.00715894066093747,0.005635394181922725,0.2964800524841377,0.9999754596661,-0.005556663039024954,-0.0015612988307506528,0.0039706306052759354,-0.0200153467721962,0.06419247978239434,1.3054378996823874,-0.002583111177634758,-0.010861291481695446,-0.0021664796312364184
-0.01219241310551171,-0.0007818787211102008,0.34049428575012947,0.9999839068905774,-0.0007216932039646296,-0.0040149142178108705,0.003942788683143423,-0.05164157144074619,0.0074737241423092765,1.3743027903129008,0.0159042776349757,-0.008596577168190768,-0.00047510042693759465
-0.013815200715799364,-0.0024771949134323483,0.3804894769263486,0.9999849891228428,0.00032178752984576554,-0.003912028721887097,0.00382282788686404,-0.05310914539649523,-0.005378371768594941,1.3874873175075764,-0.010162740080679952,0.005451237735670868,-0.00014619285344441227
-0.014163155328744844,-0.0018838006657854087,0.426933754328481,0.9999887570435334,-0.0002773696304238779,-0.002977132746656221,0.0036804256854561647,-0.04554313913993042,-0.0002592096276572116,1.4402204761865292,-0.019126181581346935,0.007378297220416653,-5.84667306811456e-06
-0.010538457132799845,0.0019298860323262597,0.46381099647430546,0.9999910304197493,-0.0024330223389854326,-0.0004800552595162143,0.003433515588100656,-0.013082102519643923,0.02567699190082077,1.4075045751495872,-0.019496284710541552,-0.002099755054651425,-0.0005516497319354347
-0.007008562118526321,0.005610289214860587,0.4980670926629425,0.9999857304501514,-0.004073912242074606,0.0012796336676984385,0.0032100892195553728,0.014109143690567014,0.047604234972145054,1.3933141142455163,-0.007487839609932804,-0.018933167371731865,-0.0008007299020133023
-0.00833512485229529,0.0018268348303096026,0.5440792937568502,0.9999939814751713,-0.0015309903445056372,0.00029322195960678046,0.0030995326877127027,0.006324331746635076,0.015765927143388744,1.4400980184820624,0.005230995130672984,-0.03070691203470546,0.00016396063304437413
-0.01081662941010791,-0.0004186277583261666,0.5898548304553373,0.9999947464026518,-0.00037325367364711876,-0.0010859184745553633,0.0030312752856946185,-0.0077275777844812415,-0.00048651529348216205,1.4496318097483154,-0.012675857137999413,-0.02537507634385067,0.0002908384324059716
-0.015798230250245487,-0.0020756511433112383,0.6391768700072461,0.9999903350403698,1.1349120580669242e-05,-0.0032583363305727516,0.0029517691988505575,-0.03567375849150296,-0.009778004719427935,1.4711417613909437,-0.022199298850367432,-0.017300601158352684,-0.00016789234995779858
-0.02060029973938057,-0.0036750993241305135,0.6859683499172703,0.9999842562766476,0.00014826365069786144,-0.0048243229947460145,0.002862014041220809,-0.05917153489970463,-0.017407154723003325,1.4765996923595215,-0.02670783402897517,-0.0022000840955217504,-0.00047794535452959786
-0.018795052359564343,-0.0047696296754533365,0.7271802456491913,0.9999919155194136,-9.260922721586459e-05,-0.0029777639790139576,0.0027006001240780435,-0.036673285189610896,-0.02024231575620568,1.446322957103429,-0.028855701562270065,0.009279203794929655,-0.000472953681397048
-0.015427116322920483,-0.0062309033609137185,0.7785857645886296,0.9999964000876224,-0.00024274694161837806,-0.0006446568426238954,0.002593318968690993,-0.005489905114572424,-0.023808253602019713,1.4691242610227866,-0.028152509294842427,-0.0046867899735319315,8.875336223828731e-05
-0.012116750762372666,-0.007626612871556064,0.8275076610086023,0.9999962945888959,-0.000457702895670308,0.0009681269971729474,0.0025028077542452384,0.0210073382415621,-0.02660409682670437,1.4662376281326224,-0.031098339319377943,-0.024997300330633455,0.00036038888579061274
-0.015734831012356343,-0.013486554971720358,0.8572809820456105,0.999995731964732,0.0012709057654499947,-0.0010319724631037664,0.002419893322128369,0.001207774371970189,-0.05962084408059123,1.339566180167544,-0.03509543899029491,-0.042451889160594766,0.0003640168509962314
-0.022785908641539,-0.018179140065934535,0.9256920564049547,0.9999878422171504,0.0019376583951895981,-0.003886688523610351,0.0023354978380797048,-0.03699202530335656,-0.0791071713641608,1.4884732435469084,-0.04748213858539979,-0.022008503236723684,-0.00018196774568473358
-0.0296087655661446,-0.02270190586420865,0.9922203886964142,0.9999778687616776,0.0021307223013435793,-0.00589103275544388,0.002240031785832169,-0.06873375594586473,-0.09487109525832979,1.5350346574643996,-0.05837713483190261,-0.008058111402692586,-0.00022288821123848452
-0.03397161090470877,-0.018144800422390337,1.031645927223069,0.9999756860939529,-0.001747520035686253,-0.006458419298993546,0.0019652518442921504,-0.08027039575800407,-0.05261886376728968,1.4034663334045228,-0.06523898652416955,0.0005175480103998287,-0.0013436889927929026
-0.03846494024188956,-0.013419411457063208,1.0773858043345257,0.9999635334087177,-0.004974965583246858,-0.006744419039868982,0.0016414572831175657,-0.09093764152668896,-0.01609055935146963,1.3845967515832536,-0.04096428565521533,0.00333137213088571,-0.001756969247842423
-0.04276632509441199,-0.008782030153970333,1.1206438974616961,0.9999483899821933,-0.007351429109857723,-0.006884573250077079,0.0013328590423328545,-0.09964600934948095,0.015445225101868555,1.355672309912597,-0.01610908407001,0.0027005867678295994,-0.0018485008509705144
-0.04766019556535689,-0.004962411997378449,1.1476110530587953,0.9999339835370402,-0.008715464682067397,-0.007414832929428902,0.0010437891311835528,-0.11263556956976722,0.037637947305138475,1.236994131748606,0.002642830270167036,0.0010692258329093093,-0.0017574373372477945
-0.056438875783097475,-0.0026975040259911024,1.1898422324096973,0.9999176942925359,-0.008822157454735255,-0.009276726501544662,0.0008464773821190723,-0.1471998184462335,0.047034473009375494,1.2546110197548015,0.016053293574742625,0.0038271661224951914,-0.0013987056464638565
-0.06491882286542915,-0.0004987846030195884,1.2302547968738056,0.9999064039375171,-0.008659920599385598,-0.010571322125453938,0.000660521366158247,-0.1760301461551175,0.05425769745960538,1.2379801985824297,0.022258690088620903,0.017832316015001654,-0.0009049426893785481
-0.0686366800578749,0.003669642654294884,1.239283491001803,0.999910784672497,-0.009342340626788358,-0.00954015241904436,0.00035896944946648475,-0.17159713473201557,0.07343798228134135,1.0468116513095655,0.026287657095056007,0.027985186649465806,-0.00023839099084030596
-0.07189381433529099,0.004721404345915997,1.2459984769381498,0.9999313537373735,-0.008285019409487861,-0.008283843110821726,0.00015559448281385034,-0.1654567448148512,0.07086800819370727,0.9431502402714551,0.03298323687066346,0.01973140341385945,0.000305069693161366
-0.07494364374574637,0.00570646743352457,1.2515292160235043,0.9999476177950342,-0.007232611986941423,-0.007242242560772384,-3.020883117345017e-05,-0.15956231787297323,0.06811351378061485,0.863360299378565,0.02795067247648748,0.007829514201346113,0.0006319568393766782
-0.07343550861377289,0.00878808563488328,1.2456265376527869,0.9999634947549262,-0.007334839959485495,-0.0043661587052224145,-0.00038201890554018746,-0.12465887980206589,0.0784544918550673,0.7304686500667746,0.02226731751163728,-0.0027537603835888083,0.0007820508614007594
-0.077541535238498,0.007344490469850198,1.2487242860258427,0.9999759547309495,-0.005030847157276492,-0.004749979327742528,-0.0004671543561346333,-0.13101670172669236,0.05768860783379661,0.6946889650908127,0.02311542465258879,-0.022540976799700994,0.0010786377883190436
-0.08145508962950695,0.005881605981024999,1.2515872557438388,0.999981384967683,-0.0031031017296827778,-0.00522303198949045,-0.0005660517702054147,-0.13627166351095438,0.038847634314542884,0.6476943083176155,0.010324191546184006,-0.026717144319488795,0.0011526297443105835
-0.07786345479582717,0.006040954590743307,1.241345506680004,0.9999940390607303,-0.0026042579083616815,-0.0021216658639044103,-0.0007988852955444244,-0.09229772932366115,0.03431651610950503,0.5398640412337511,-0.001421128461045717,-0.0289283256718783,0.001568595177331465
-0.07663541507482825,0.010194089098142432,1.2264252364490094,0.999989497934406,-0.004315279205931101,-0.00116730282194553,-0.0010098467168071093,-0.07140685994195503,0.056845700310403056,0.4509536843094112,-0.00694005407582039,-0.05465136423277139,0.0014939893493325475
-0.07535902598675369,0.014225998489346295,1.2115501447452641,0.9999830039766631,-0.005657340021704909,-0.0007635225851408624,-0.00118460750888657,-0.053626767364110414,0.0764518519844705,0.3861863160218394,0.0018271223462129503,-0.06515845866713732,0.001727025076163928
-0.07688089130485351,0.015174337638886128,1.196993413910157,0.9999847091476897,-0.004917194746251677,-0.0021910185354871857,-0.0012657426337516465,-0.058189070221423056,0.0718262196224022,0.33729835158766663,0.010970786084358124,-0.07095820007244046,0.0019487894444755536
-0.07120707268354039,0.021517065211421587,1.1739960274117205,0.9999737875971435,-0.0070791693785054845,-8.176009924131757e-06,-0.001519675191037938,-0.01557377530485067,0.10453711667305643,0.2532401340685558,0.007313218095214667,-0.06333452443163042,0.0011992305509429151
-0.06562948747588451,0.02766624918222234,1.1514561015765492,0.9999598933777908,-0.008652320330471018,0.0015128328632882052,-0.0017493786050225672,0.02063375996008042,0.1327026834746767,0.19679253378047717,0.022789374621263115,-0.07808345762865915,0.0008885252307498615
-0.06682306797906301,0.036688845533059254,1.1908174171144612,0.9999414165469179,-0.010600080134174706,-0.0010108589300283888,-0.0019442066545693076,0.004179709764212308,0.17428507587045064,0.4895313846237469,0.03710674686902545,-0.0895447214553234,0.0004174485302315821
-0.06446735456403246,0.038108231911859754,1.1855115005568113,0.9999645556802578,-0.007977757345578072,-0.0017050588378560753,-0.0020821972239118505,0.01270944125310593,0.15441250646046892,0.35920325441956114,0.06196088045745233,-0.08010230663085513,0.0020970046196752603
-0.062185941558350694,0.03935498798620343,1.1787371697798152,0.999979444241535,-0.005517626803333577,-0.0024146570651875157,-0.0021991635017687486,0.0189292533411348,0.13799503456528003,0.3184854876446025,0.05325871854986766,-0.07852260200056255,0.0021529553413041605
-0.059031896287032405,0.03908507054457257,1.1768685321890924,0.9999899543603153,-0.002741310757270391,-0.0027326180523240787,-0.0022603522660576674,0.029173341882565883,0.11376879583879385,0.3223741023704542,0.041995639410586226,-0.0777757256349733,0.0025992257622615813
-0.05678905622883936,0.04226000609159879,1.1720011669251702,0.9999875941638087,-0.002253630406834998,-0.0037393083586589326,-0.0023979661102892136,0.0308928439744033,0.1157516086524575,0.30128581408370847,0.02620275581136546,-0.08335805547321716,0.0019006052824662152
-0.05098416964742317,0.04329914800832239,1.1674519425341088,0.9999912175921217,-0.0005423083397314373,-0.003324303159577426,-0.0024939223712127884,0.05256634793376909,0.09895374308842653,0.2944871343046113,0.024863518511330746,-0.08205778395407724,0.0025146642024375114
-0.047397001155698996,0.05014372260887842,1.1680486374261945,0.9999853616382359,-0.0018441224599405628,-0.004293562124752649,-0.00272782805180444,0.05525061980797567,0.12276283838026009,0.3155977562377912,0.01790195645581459,-0.08617133656854212,0.0016728148816849693
-0.04202425843166733,0.05543601140497449,1.1630005993275752,0.9999831666201522,-0.0020850515771588508,-0.004539903933247384,-0.00295098433245388,0.06855112474203132,0.13236754852761695,0.29221686658749235,0.02579947232650562,-0.08272321513356988,0.0015843731411709608
-0.04377529246182908,0.0645649445041616,1.1678856037654648,0.9999540828004159,-0.0038370178109163504,-0.008143779972815382,-0.003284574988057662,0.032104381558462416,0.16505455749934372,0.33657154792297456,0.029305092729650168,-0.07678321850478034,0.0014940986725529234
-0.04486749675571734,0.07053428827607897,1.179193895550847,0.9999313973547435,-0.0032541861173235598,-0.010694392408974764,-0.003498689455624789,0.003950584547660292,0.16818432908761077,0.3884224548360309,0.042761089675084615,-0.049247431031526935,0.002663736760920328
-0.04703215262939558,0.06756794785881681,1.193286099724844,0.9999116476011616,0.0015971667411303167,-0.012741846004740782,-0.0034338623040071087,-0.025130503497133028,0.1122520537274031,0.42893820841108216,0.04562048988624055,-0.02321931739985955,0.003982693987105515
-0.04574405946758436,0.0693891458851139,1.2047008231940568,0.999911082894533,0.0034337939356392953,-0.012400590982962726,-0.00350152926064191,-0.02560664693577268,0.09319357326312742,0.4294420586324827,0.01902218230601251,-0.002322063454426329,0.004790332015666956
-0.04453272720719442,0.07102854090859677,1.2154525718870648,0.9999126086008846,0.004666353413800472,-0.011843182000524243,-0.003569222169349161,-0.025937956100824562,0.07667099722312552,0.4340488913721848,0.0043314628209875725,0.004506898824539744,0.0050970702816473855
-0.051122926642328384,0.07223974761485553,1.2251636251160478,0.9998699361235353,0.005681747704707721,-0.014626735918684,-0.0037265501074021192,-0.07418199877262399,0.059991158656674516,0.43058435859741867,-0.005199325389014279,0.0067534983749252585,0.005291317083101856
-0.05758619782574526,0.07330645316775708,1.2343155105775019,0.9998371727878096,0.006315099049073833,-0.0164518888414194,-0.0038836566827860726,-0.115083958655185,0.0457497635221785,0.42898262269356674,-0.01640420640002345,0.04441661011325655,0.005234803947365145
-0.06390414352164059,0.07424501796564321,1.242984036553739,0.999822622555509,0.006610780726465374,-0.017167964318719878,-0.004035096722736079,-0.14928993727680545,0.03374264037527433,0.42608689462991645,-0.02491814412525784,0.0779423982248496,0.0053314216372541065
-0.07217891208511454,0.07286167237204083,1.249855866102822,0.9998062019032298,0.0075841774730718466,-0.017682996716564495,-0.004165394941317854,-0.1877939654591801,0.009817579199658508,0.4134906924616299,-0.03156259979634088,0.10319579633429583,0.005093553581046268
-0.0909705590272901,0.0736729405293739,1.3028466332245225,0.9997455670794363,0.00690004996182741,-0.02097920737216976,-0.004589474215668459,-0.2834636925319213,0.005020408999323194,0.6515932440966217,-0.0421553291467541,0.1343849926483958,0.00507577612406523
-0.09979298605449514,0.07425258413191618,1.3167416774970049,0.9997964362642036,0.006303638642679933,-0.018569062038235346,-0.004747642391886591,-0.29343309713430116,0.0014954357311388383,0.5380559208137237,-0.04159404525411695,0.16744982127646746,0.0045639993250464845
-0.11397557731496016,0.07077065947525303,1.3378652125956874,0.999801976136489,0.00733443995572161,-0.017847628335721722,-0.0048658675379628985,-0.3353580421091703,-0.02681300482118492,0.5525611708548888,-0.04035091170411317,0.16194517669033162,0.004570708304710653
-0.13205085584761828,0.06961725751125826,1.355205836827686,0.9997978161024703,0.006916993207333559,-0.01817223699247268,-0.005123663180785242,-0.39124820170945535,-0.034746342367884965,0.5340982952491113,-0.049148007468010915,0.1704440212991391,0.005241292129636357
-0.14945066239447796,0.06848060825568458,1.3714300882491846,0.9998108118212237,0.0063146451392321465,-0.01760317789255709,-0.005347331131887302,-0.43720843435329704,-0.04109236251682596,0.5226369728897571,-0.05179339013348304,0.1888060553953275,0.005133162005898434
-0.1719011952677097,0.06444243407640073,1.4186113881690805,0.9998133185380723,0.006489273569941539,-0.017326022685801912,-0.005570129290476842,-0.4997075510788053,-0.06170843449687694,0.6771607024627102,-0.05467608999335772,0.2088975203838157,0.004974911987184847
-0.18453397567422,0.06136751073819712,1.4304066981747403,0.9998885158060831,0.0061118261093248355,-0.012407136643960153,-0.00562712191230361,-0.4866269473606967,-0.07151914782912296,0.5481611785270166,-0.0567412197950931,0.2200673084671485,0.005701402483973295
-0.19866991483207483,0.057696208526992636,1.4331269333147654,0.9999303624890977,0.005847541321719163,-0.00850782189955107,-0.0057178142185621,-0.484626646095846,-0.08352870395711026,0.4621895498507222,-0.05660421292819263,0.1900138351858322,0.006285003773885131
-0.2158302417301582,0.05821704329976757,1.4430026683252546,0.9999569536080839,0.003526647261982366,-0.006197814456108383,-0.005936395025395006,-0.4996145062452724,-0.06708264998335396,0.45550806488958473,-0.058239292954236896,0.17023730763771683,0.005973349725429377
-0.2348591511544447,0.055086512173016446,1.4492048073333272,0.999965430703685,0.003150017883934062,-0.004665893326034347,-0.006119168603217949,-0.5211749137694879,-0.07520735488704183,0.4186884086507887,-0.04616562124320155,0.16526577736227177,0.005416012929910453
-0.2446102429919597,0.04763644613791149,1.44144851218759,0.9999687614368276,0.004780718532040848,0.0011641960173428805,-0.006185913711613171,-0.4792419684753253,-0.1087851748310402,0.32055421758662705,-0.04412343779786185,0.16323550119809627,0.006388300418449356
-0.28290835147884846,0.05907793150567499,1.4750407891749227,0.999952465665859,-0.00316139425447583,-0.006674953626077117,-0.006365295690419298,-0.6226933661406273,-0.015926572554460908,0.489754167175517,-0.05825677700906314,0.130960613756488,0.005553628354803683
-0.29751996509394063,0.04824179079652792,1.464770944380123,0.9999758377424415,0.001164277197632684,-0.0013480759274074325,-0.0067194554246358795,-0.589921206867036,-0.08029503802136101,0.315122513307326,-0.009812887055460087,0.19693462252576707,0.0036606794488052586
-0.312744528603872,0.04429224001609122,1.4589954904973492,0.9999683459435939,0.0015099168356849592,0.0036313206522896263,-0.006916702415348368,-0.564280678909837,-0.08981162538081129,0.2782121433401132,-0.031522395685998135,0.1628947939132864,0.0072954651539761895
-0.3319430392085937,0.04645058110307239,1.4443361868373474,0.9999480967780895,-0.0019826482207559,0.007248495340625541,-0.006879838021782992,-0.5483623138669866,-0.05106340351047804,0.2291428929577868,-0.03692371489864297,0.12894173346100002,0.008000019326317397
-0.3446701568752516,0.056543334446686286,1.4113338691922188,0.999857702043409,-0.008484428110462362,0.012961445707121572,-0.006677654475447661,-0.49231127756594706,0.032474443624605706,0.10599662590770423,-0.013807888731994985,0.08364380380382355,0.006569569828609334
-0.35643143403678085,0.06652522366189655,1.378786470278849,0.9997408267158391,-0.013445114201708125,0.01717241851830845,-0.006528119473925457,-0.4405720692477888,0.10670728877399524,0.037134725325347534,0.030970628352200904,0.021101412446453832,0.0041855390585471206
-0.35824189060472034,0.06026507816998025,1.3405573304460596,0.9996239808094523,-0.008172337911686879,0.02508486420347606,-0.007473919427861068,-0.32675488723998997,0.05808680221773727,-0.03605897046166484,0.06866541748295289,-0.02763920883330592,0.004547347080447316
-0.35848482058021913,0.06705712082642631,1.3031809370481877,0.9994456087783788,-0.010442054777595806,0.030678613933215946,-0.007632904609266656,-0.22190078923441048,0.10412335827813934,-0.0815972623529802,0.04515284450461104,-0.10999447466514105,-0.000405772734064645
-0.3581746219168711,0.0737153054344672,1.2674671783370164,0.9993294047367376,-0.012123671179532662,0.03365429331474087,-0.00781958868058773,-0.1323281651439334,0.14332210889775318,-0.12156932788045247,0.06148924210091589,-0.17226961448371514,0.0007780827769866001
-0.35056089096853105,0.056205039494997985,1.2380063939226977,0.9992381561358851,-0.00018655870554491294,0.03774569774168167,-0.009916391480734123,-0.014371133123635527,0.0091509478944522,-0.11536279280603097,0.08191419175451166,-0.2148373425907729,0.004767083278760348
-0.34851574011808506,0.07157168867007166,1.212712244605105,0.9992888753295026,-0.008087537759483572,0.03575771989187305,-0.008815942594032806,0.038648087053962527,0.12332380099680326,-0.10230509645795513,0.01752235543222184,-0.2707237667441759,-0.002981923599361324
-0.3462756382891792,0.08661517631464115,1.188883135448098,0.9993354265330515,-0.014338161454197796,0.032547668900891634,-0.007985715449189268,0.07968137414143242,0.22030869259266767,-0.09375844812756069,0.05452875974786815,-0.2817144535055666,0.00219666237108511
-0.3346761000630483,0.08533997478916816,1.1808807705502455,0.9994007035147182,-0.009575053287214946,0.03206030833722522,-0.008870670671109838,0.1605986149329953,0.18279379537687943,0.0019090029017875612,0.09786496144640063,-0.2811263190733834,0.005970415509853407
-0.3139791720155199,0.09453564072347063,1.1602595450066486,0.9993066666735674,-0.010459045926266026,0.034583753616475296,-0.00898656140416824,0.2820967581540972,0.22083673082609384,-0.02395828094150193,0.08516948319380153,-0.2988560898251576,0.0022095902529151233
-0.2938256637124955,0.10341212410120679,1.1403574668561116,0.9992898112165213,-0.010828287254638835,0.03491196619919546,-0.009152923581389302,0.3817284514527096,0.2520493260790792,-0.029211095056283373,0.0919395256384148,-0.33112130119703403,0.0024491932743353757
-0.26194020389331,0.07997134941242917,1.1341694170222643,0.9991810495842247,0.0048748366242561195,0.038547467343341676,-0.011294196787206579,0.5369552597820098,0.058061337003657926,0.04109320550900844,0.09813564300530622,-0.35630091140714487,0.006256583691948045
-0.24529684323552153,0.0884132765795346,1.1274849146702326,0.9994384512880343,0.001626973872548533,0.03155200276707561,-0.011162713128084525,0.553907241300038,0.1106642192454753,0.06458899285194916,0.010544068065377547,-0.42181785106066855,-0.008737174593459015
-0.21782775456531275,0.09014429496192566,1.1307752215188651,0.9995421951887995,0.00250473559076665,0.0278243566022133,-0.011616002601971513,0.6215795489236265,0.09961157288845632,0.14024302360804847,0.023992624091660763,-0.40579044836211403,-0.0024311872021153336
-0.19177899055953873,0.10256929602644539,1.135312044024588,0.9996779079151769,-0.0014990919741982712,0.02249196329839923,-0.011659534148985011,0.6613634660106124,0.16021208094103692,0.18519679871629166,0.02095057580286165,-0.40354714433485217,-0.0024776269414559936
-0.16688038236046504,0.11458879044912089,1.1399445735726592,0.999777469325697,-0.0044326114908040636,0.016916569904166883,-0.011798027239919592,0.6899956368018586,0.21113652201965705,0.22109979653808826,0.04759312518020373,-0.3822109361618793,0.0018525013017023672
-0.1342519391383611,0.1139082061470597,1.1554387894237055,0.9998367364777864,-0.00026827192580232954,0.01339347682196397,-0.012126136987632104,0.7422013958206377,0.16595307766631853,0.2930772047910374,0.0708738492436115,-0.36329817493033056,0.005161734950158232
-0.10307612961135938,0.11307857282863103,1.1708194319154164,0.9998731416632668,0.0032969067628531943,0.009476729281729344,-0.012370229922958692,0.7815698427505748,0.12705406940843675,0.3354120497581422,0.05468956529151673,-0.35498807969366564,0.0030274366648507705
-0.071654961483224,0.11625431509216606,1.1871075459581961,0.9998968860807079,0.0042588111875516465,0.0052431646694927475,-0.012672369850239468,0.8117532672891254,0.12042993135545145,0.37070138206997405,0.036834063803381396,-0.3492925340661002,0.0018899213355665781
-0.04813653595908973,0.11000075418951602,1.2078948573358097,0.9998707976368868,0.009316915948476345,-0.0030946085938588696,-0.012728177710703958,0.7770518963727816,0.052284431444852675,0.41341770483682827,0.033265222866259235,-0.3409995769926251,0.004289642366247768
-0.02599128869654136,0.10377268982440117,1.2279143954719158,0.9997776183153787,0.013132341345523777,-0.010474977378271678,-0.012748740147095773,0.7439140106719874,-0.005741627897030595,0.4447862880603879,-0.004557593490150734,-0.2979920312041381,0.002544207086277548
-0.004020175762709509,0.10735805531012489,1.2525307797489267,0.9996958121726945,0.011265932185054041,-0.017362076455681552,-0.013413433472663813,0.7041743278483943,0.0076422605876806556,0.4855977231256439,-0.03977107357918855,-0.25893870692995336,0.0005635320192413055
0.019561961740549198,0.11198206768141478,1.2775938085040093,0.9996140777169271,0.00886705076994104,-0.022218396802200464,-0.014121398100768576,0.6808244183147175,0.026276705185968422,0.5138250404346122,-0.03665702860265395,-0.22079925061647304,0.00136450940555634
0.041787192041219716,0.11643741200950927,1.3015384860564871,0.9995239114246315,0.006857662803676332,-0.026205353347019806,-0.01477167584379527,0.6589125968173988,0.04273910938318577,0.5343718173641189,-0.02403132963146784,-0.19453633487801436,0.0027850047169668147
0.0630353106372203,0.10045641954943997,1.3236988215341141,0.9993519456028707,0.014057644976773183,-0.03026776737814144,-0.013488279927655736,0.6269121750196218,-0.06961789822107325,0.5347346934950999,-0.011825317949515392,-0.17621227840430315,0.006337612659675786
0.06987541511949283,0.09582168287503562,1.3607906677633177,0.9990247144516795,0.014229508906926576,-0.039403690283690104,-0.01394597372129528,0.5113265403187819,-0.09097006113532476,0.6160612234575646,-0.06562930737617237,-0.15379731720230644,0.003055425956055824
0.07576821923744997,0.09131006878877848,1.3967849945393154,0.9987323317997165,0.013559445405661933,-0.046273493667394326,-0.014444190597091537,0.41424740572229046,-0.10751034075016994,0.6542843060806569,-0.08237399616644447,-0.09162364744887466,9.586892390517506e-06
0.09542514031355886,0.09362523273742582,1.406181453507549,0.9987918587173918,0.009591915893963422,-0.04564607893132327,-0.015467824266397114,0.4183344525854617,-0.07580741905500517,0.5316677027682596,-0.08861516826811738,-0.03980169903480921,-0.0010265519283935902
0.10477537802152745,0.0862958222793004,1.4203387469798787,0.9986412019004851,0.010354358883647106,-0.04870414021761419,-0.015376730618890291,0.3540850191676981,-0.10922787040275286,0.513180656514377,-0.06658455622061547,-0.03985660020116339,0.0013787718448023982
0.11327023218500235,0.07917681290868707,1.433684992293968,0.9985315028645,0.010817609724477038,-0.05082921037804488,-0.015303871384595767,0.29935450541727476,-0.13721303831881365,0.49099956342794077,-0.0779865817168806,-0.015244954077558055,0.002458027127626883
0.11099100440915187,0.07066504220355181,1.4454773304297042,0.99822438660336,0.010709683537034614,-0.056504931601298485,-0.015510298953111136,0.18735929811806884,-0.16084254425123062,0.45619339435656625,-0.09263085809407062,0.007904150812854617,0.00303918862736223
0.10823927066859573,0.06247714360804448,1.4563605603349292,0.9980120235239235,0.010129232337832802,-0.060182409826041984,-0.015731404942351052,0.09158201761060764,-0.18007497755989318,0.42652630001014513,-0.10080687415102473,0.06053805504209507,0.002515379765490041
0.10313980068187908,0.05870453342808729,1.463512892657061,0.9978565711491537,0.007187547862340323,-0.06286724963781877,-0.01668267044441205,-0.0016413931443865215,-0.16713939436223127,0.38314844231725514,-0.10579945678595923,0.10453101563001505,0.002420769836813063
0.09477859221485116,0.03925576723479602,1.477973918137955,0.9977433070630789,0.011619302103880656,-0.06435700491753575,-0.015213840655590226,-0.09623203119979062,-0.2540298201357455,0.3920624490910604,-0.09396752494761437,0.14589899571419868,0.0036318059352797006
0.08632064010799236,0.020395986575952325,1.4918952291505894,0.9977365667159709,0.014683784213478197,-0.06409890054676917,-0.014052076988630043,-0.1726752107924171,-0.3272359844004994,0.3832795259800665,-0.12828073782625557,0.17621716624249104,0.00779406911329515
0.0708134780656562,0.02078371483575997,1.4933645487181835,0.9976788275407131,0.007113334185621709,-0.06575835834773087,-0.01619246309747612,-0.2722439421236236,-0.26147059822090385,0.3005675651820866,-0.16138083685752058,0.19576844476488683,0.007445466437537419
0.05473774139958756,0.004611875677343088,1.4922957114098565,0.9976917229596097,0.008199420330345172,-0.0655805487027259,-0.01559445657857554,-0.3578290803064018,-0.31034642677971463,0.2464513441768579,-0.12628077324557824,0.2325947519270363,0.0036545993266991006
0.03905551895366893,-0.010953841590791049,1.4908316009120794,0.9978073277501063,0.008859659085594825,-0.06381153619099209,-0.015170068491101907,-0.4285409641033032,-0.3511934289548704,0.20570680305674408,-0.1375277885033631,0.25894091705918415,0.0071376979733659566
0.016290315555571123,-0.02413774842012279,1.4869483069764677,0.9978501151764211,0.007109106460766234,-0.06331071337369132,-0.015374063218511314,-0.5204374442023474,-0.3627814489977066,0.15675906939107237,-0.15279917768950008,0.2784605829035284,0.008106867462474587
-0.010642946927288226,-0.045786469905113744,1.489440711026112,0.9979100903815814,0.008921549649793668,-0.06232848206846718,-0.014526451373663438,-0.6176816106530011,-0.4247761779146503,0.15461694408260193,-0.15427001237809493,0.30543053678837034,0.008069669363919684
-0.04499591243608686,-0.05949266488680274,1.498191859446179,0.9979188951013687,0.005842576376841302,-0.06246066295471472,-0.014913372663538153,-0.7379650817856027,-0.42333777052328975,0.17123479794981955,-0.17358004491609336,0.32926774019267635,0.0097398179361254
-0.060783254415091414,-0.06835122363334245,1.4762040571851562,0.9984309723718107,0.0006250151868219279,-0.05368997028495903,-0.01589307570915998,-0.7152215439234979,-0.3902831047330844,0.008430712742650337,-0.1693090316064728,0.3599072294309018,0.0059444182501053305
-0.08783950163812308,-0.07320985987153691,1.46145827964648,0.9986393604237648,-0.006071636239152987,-0.04884730608818093,-0.01721928377490879,-0.7586733387901653,-0.33194112746446847,-0.014831327679354883,-0.1411788873723686,0.3230075498955545,0.003547268299622514
-0.11371390215002705,-0.07752596362892707,1.4474257389028848,0.9988063299001385,-0.011455171552553057,-0.043806787377794906,-0.01832102005221499,-0.789952062201672,-0.27944307951923053,-0.04041958095081086,-0.10028858908183615,0.313552679303543,0.001047686601417556
-0.14986164784854836,-0.09514985212717283,1.444944383844861,0.9988943007390004,-0.008845009567252166,-0.04254193178315096,-0.017947863300575892,-0.8762808007219216,-0.32184533955165784,-0.0014087390114685683,-0.06761393335210023,0.311122772523058,0.0024227219156475618
-0.1884684238930082,-0.10113673091210458,1.4390591320210693,0.9989069215926777,-0.012541017760552288,-0.04109539373265678,-0.018407973319393686,-0.9568141754844793,-0.28138180626820797,-0.012832895939226992,-0.08581363529283274,0.33519922594245055,0.005700701177127421
-0.2254362921468834,-0.10661319764724131,1.4333838482247228,0.9989730806458373,-0.01567442784741431,-0.03812179174259414,-0.0188102485617719,-1.0207065991259694,-0.24598486716964152,-0.020449777777308435,-0.0699140045252161,0.3601261557314542,0.0025873258172906103
-0.2505538781734425,-0.1229778317902248,1.4230383546972878,0.9993348922994463,-0.01274480745128203,-0.02825285306057628,-0.019212475369436058,-0.9915002992163366,-0.28739897145020454,-0.048515363603178284,-0.05310433655924589,0.3787069507381478,0.003099587938995195
-0.28045281646900755,-0.11839077240951597,1.4084124346198736,0.999355572236142,-0.02062250959547721,-0.021594468775246827,-0.019920623907707304,-0.9947501572420078,-0.18468840815642884,-0.07875268965511076,-0.06884467296589762,0.3426266476727301,0.00623842100582872
-0.3050604299116427,-0.12902513611262884,1.3983410899970312,0.9995303467468796,-0.019089708088908496,-0.012321910385882831,-0.02056306158103493,-0.9576924810318347,-0.19883299502343166,-0.06521896395626389,-0.02380913198703289,0.33124376677904277,0.004207407413372066
-0.34430152406386955,-0.1391845183044443,1.3978772505700685,0.9995909873880391,-0.017502972713899757,-0.00909365977407343,-0.020707709450714325,-0.9966588996708089,-0.20888343464109949,-0.0038820481450005714,-0.028401119026797584,0.2997200095571713,0.007040564442254501
-0.381672583989665,-0.1488238696559395,1.3981123390375216,0.9996336713774684,-0.01625894659150117,-0.005655397575351943,-0.020885070801962898,-1.0254311461331853,-0.218341428993244,0.029579663644539584,-0.038778243999246245,0.29713988145797543,0.008322868123905784
-0.4192228842585521,-0.1665755658586168,1.3971133991249327,0.9997010710403614,-0.0116230713277023,-0.0007797734448465476,-0.02149569089468925,-1.0326480467798163,-0.27835737635000946,0.04633161846473445,-0.04927575204854057,0.29743757545456306,0.009942904548867662
-0.43806204895720635,-0.1632055543358405,1.3758285890184383,0.9995086897039522,-0.018885557655686128,0.012309158806248159,-0.02177612288274959,-0.9156498612880012,-0.1891084730903341,-0.044334863261244514,-0.07756875965608474,0.2797146634609889,0.012106572337434271
-0.4553455781107947,-0.15961866410075523,1.354503058676368,0.9991858121370439,-0.02475972873025052,0.023137294274855186,-0.021893703909554495,-0.8092669590747221,-0.10988951137265328,-0.07829569330768568,-0.028592032913216475,0.19669288571440102,0.010295293832673866
-0.4871389987620472,-0.14838836988778342,1.3600946919616135,0.9989752096792871,-0.0319372547682936,0.024461993710598547,-0.020740131817130678,-0.8092070404308029,0.007970051708314371,0.045317389823783694,0.02139498740129785,0.13058998364148547,0.007961379057048523
-0.5110907244711818,-0.1514951610468005,1.3562739248649658,0.9989093135018395,-0.029446547758838634,0.029109451958934728,-0.021580640190237393,-0.760031409852305,0.006268941228797478,0.045699136569161664,0.07375772929713674,0.13150183547009564,0.008345332175288262
-0.5335411998658683,-0.15442768263022721,1.3524904259261523,0.9988553002119821,-0.02661642464789156,0.03286447114754333,-0.022351324649477984,-0.71591587607717,0.004076228911024209,0.05870695487063579,0.07298255161531526,0.10733277507939594,0.008833722741817613
-0.5524227766302592,-0.15517881360946242,1.3536461218759617,0.9987308216201602,-0.024996416367899274,0.03720743792456348,-0.022968057770995393,-0.6560128147878425,0.015022309917183166,0.09748047222966792,0.06266330207733475,0.08916648325346843,0.009132117775622882
-0.5623303061390853,-0.14942612478832681,1.3514511197520598,0.9984025065515094,-0.02647819234072887,0.04423838538751434,-0.023115049217693046,-0.5493098943533269,0.06481221001554384,0.10006474202564895,0.0646097154069621,0.05879612801985759,0.00869749232875694
-0.5845240139341947,-0.14698750700654148,1.365612920376386,0.9985008387741207,-0.02491633631479031,0.04283952700868984,-0.023238461173181825,-0.5433007653067353,0.08160787060238017,0.19318741818959753,0.08805732734516758,0.010999516868611467,0.007268351359655744
-0.5916545839611456,-0.1321706589659022,1.3771428089178466,0.9981819726358034,-0.02835867556658886,0.04814271252811751,-0.022601200309716137,-0.4417315724259854,0.16749642893657257,0.22493470809213326,0.09214184745180888,0.018001914219396883,0.007506467044911307
-0.5986135261057427,-0.12381943816002748,1.388033676098509,0.9980326119228725,-0.027139715968692923,0.05159460404051848,-0.023072455210698763,-0.3600550162242533,0.1939603901396734,0.2426238376374469,0.1246165676783757,-0.021208405078050517,0.004878715652452468
-0.6047957916571974,-0.115767195035109,1.3984590978153264,0.9979779264407463,-0.025275907380434448,0.05335032118903963,-0.02355695379607362,-0.2915731348990241,0.21462213433265903,0.2576036185173221,0.1332679142315305,-0.0549173616319587,0.003252338283299523
-0.6056411033755279,-0.1031175372439102,1.417901126835454,0.9978662091651835,-0.024522695562358428,0.055649531157377315,-0.023765430579435684,-0.20347019217251183,0.2533765154011692,0.31384886650840216,0.1365113561229299,-0.07986541095523451,0.003280657627809612
-0.6101828214278949,-0.084302403482318,1.4435096133470262,0.9979248869327305,-0.02571707075772959,0.054274527890490774,-0.023212667537425537,-0.16017475510153134,0.3214670410080921,0.3712838167266969,0.14705936201631797,-0.11141761119776936,0.002061630211910293
-0.6142123467850278,-0.06614215696179612,1.4683149226084613,0.9980445908941302,-0.02575255725787722,0.05214604800351402,-0.022903931087548794,-0.1266677720168238,0.37654012603679876,0.4056751875572178,0.17053892162172643,-0.11712414686571337,0.0030754680884284933
-0.6019750567187966,-0.04979587325045439,1.4858311125202894,0.9978714952246055,-0.023346256255328435,0.05616020048379911,-0.023525799002164564,-0.0065218962975738815,0.39898816969754,0.38005721471723874,0.1906704009698838,-0.11845461422501621,0.004379609486484773
-0.5897965687354305,-0.03419783937926071,1.5021165081284604,0.9977995188537858,-0.020488782788182013,0.05826224309216868,-0.024121380244119035,0.09469874379256119,0.4161972939166596,0.3661498310948588,0.19489712749963325,-0.16653572564245955,0.0011709626621077274
-0.5813122896401515,-0.006760732209339943,1.5171110966351191,0.9978990003925821,-0.021679355712964817,0.05632173078552291,-0.023568054495003793,0.14888895023959356,0.4917834297156915,0.34456282334952315,0.19538564556894014,-0.2096420786716892,-0.0004172339904071323
-0.5739444752289747,0.011258535343533905,1.5371098185960907,0.9981642858928578,-0.017482099641441127,0.05268819765712816,-0.024215457620521415,0.1839268504242901,0.4945428309185712,0.3583782940702703,0.21844214249264665,-0.21637101522113045,0.004043136224446339
-0.5447853421495922,0.04452869509417827,1.5400298544408808,0.9978455030155475,-0.019603190123343297,0.05797647598302709,-0.023638851097852097,0.3421375430047484,0.5820496007078232,0.2653534867356957,0.20610912324826935,-0.2177946252447384,0.0024012375710187796
-0.5283800523639333,0.07012484927201583,1.5451968695859442,0.9980531356765556,-0.016943752481044683,0.05502111692258619,-0.023990087758221375,0.39362396833716035,0.6066335869719544,0.22591621055014988,0.23664633180503297,-0.2807746418730175,0.0014001647270268233
-0.5046034768566815,0.09722292664769991,1.5471593228877436,0.9981786690243037,-0.014130753475340286,0.05335487521825733,-0.024350026725500885,0.4701102835568764,0.6301680049329494,0.18144727041386355,0.23592646720507873,-0.2887707906340999,0.0023679067621475095
-0.4824142502796029,0.13665269951309628,1.5493078357597605,0.9983459245461218,-0.016468042540170934,0.049685091991917396,-0.023782559803335032,0.5210368021931231,0.7251870157816462,0.15276755703970302,0.2318258399450828,-0.3003068155485126,0.0009912629075668337
-0.461111152085355,0.17447381834137615,1.5511398485157812,0.9985418528575739,-0.017457892793386946,0.045351117834164366,-0.023508853272111108,0.5605764318311067,0.8043085584357461,0.1280950190054373,0.25738457394902775,-0.29686885151327075,0.004354399386066231
-0.43198505792928993,0.2070443898330014,1.5443402267055364,0.998679100027717,-0.013693151938969977,0.04335298697978654,-0.02393890719594013,0.6262230767795939,0.8223029775632651,0.06389814558608758,0.28083269919737675,-0.29292233850023885,0.005803815740588831
-0.40407078603075003,0.23798229570406837,1.5372517864332964,0.9988363709840605,-0.009581382799543644,0.0404575920700075,-0.02443940152576251,0.6798929133383124,0.834601277641649,0.025159435112724074,0.2716466979470396,-0.3015231578474672,0.0024989101821320313
-0.3680645609110019,0.25666444372284436,1.515450792618081,0.998862374717646,0.000605297139285629,0.04038708771710211,-0.02534705376427565,0.7663992751306163,0.7578777802379513,-0.07532882002456683,0.2606333453322472,-0.3114555809224247,0.0032754816878063113
-0.3322339316578049,0.2759824644280512,1.4963366007849463,0.9988786167978411,0.008781247822689695,0.03852065131663517,-0.026087506834698907,0.8362980945112204,0.6963285170156537,-0.1118663697936205,0.20567729589383713,-0.33485317099818257,-0.002369823555031514
-0.29793353775308623,0.29396344250015505,1.4779835676962523,0.9988976409267761,0.015342404524607493,0.03538676253125884,-0.026756132229475246,0.8915443893714659,0.6397522598856916,-0.14302894274167974,0.15664276505771185,-0.35295861169172704,-0.004307387126305057
-0.26984556412064437,0.3214641822102188,1.4618901342744852,0.99910966184142,0.016250125379764127,0.027332137240622566,-0.027726725629347564,0.8850497005723016,0.6462531028175565,-0.14985114410200873,0.11973727308976963,-0.36471470240997167,-0.005905457117012744
-0.23328039362784672,0.34074671847752436,1.4314512311825638,0.9990916270245017,0.020875630046625834,0.024279142425012556,-0.02811853699601737,0.9324469290035796,0.5978417007207484,-0.2310959848349536,0.10912080665103308,-0.34220494672218765,-0.0018423772586749708
-0.1984366057541305,0.3587599712900274,1.4017293332526033,0.9990776778369116,0.024609899545649242,0.02066970945198015,-0.028476474562845244,0.9692539255157773,0.5532159762016279,-0.272963778534005,0.08111141695566638,-0.3406720787057083,-0.0020317156853071174
-0.16072829332849586,0.3654118928198718,1.376679537777044,0.9989026426743121,0.033197778605610836,0.016314503900394635,-0.028727250415113016,0.9972935821795184,0.436012335786673,-0.2714148287010837,0.05725198194790672,-0.3437313809250473,-0.0015659444713168385
-0.12487047976423665,0.37113339521849,1.3530594550631214,0.9987327568581162,0.039473408766742255,0.01156000289432069,-0.029001667400404434,1.0155840549215909,0.3349971196332604,-0.27785124900997615,0.005571152732530093,-0.33695591177985645,-0.004363763630384574
-0.09582503970824253,0.3677258936480443,1.3442997963591783,0.9984274097975742,0.04744624232455603,0.002566257817296711,-0.029748542401295514,0.9749680384907692,0.1933860884786619,-0.2013113722230788,-0.03819095984793798,-0.3278421984623206,-0.004006397315449351
-0.07632724768439741,0.3750651742640295,1.3392582247503682,0.9983497250762237,0.04651235862631211,-0.010168248903924645,-0.0321097126968427,0.8740895382589022,0.15607022672378934,-0.14841149062309753,-0.09507621947378085,-0.2997817362656663,-0.0071335983932093025
-0.051787808613392904,0.37139236265065906,1.3359131617654623,0.9980660254767743,0.04973141292636966,-0.0175343245378517,-0.03291721161252138,0.823237327745794,0.0558444554290025,-0.10293188260059921,-0.10899373618116735,-0.23456594583417756,-0.00559680925672043
-0.029569761213488383,0.3649392415052145,1.3312336783515044,0.9977757599637531,0.05222360961006918,-0.024193750571678763,-0.03362870591214041,0.7652768218986078,-0.040336596437274844,-0.07969881190614833,-0.14067473536220756,-0.19954891333756788,-0.00283628540084846
-0.014266969513454877,0.3577466489786065,1.3449603138588455,0.9975311497478317,0.05062444343685732,-0.033227814147919324,-0.03556238710250873,0.6620516018275222,-0.09815293709034638,0.030332996867162676,-0.17783152346412318,-0.16312010408497413,-0.0024860396201988157
0.007561241116110834,0.34407343244938304,1.344022817282327,0.9973679302388326,0.05137262509638928,-0.03652294921224509,-0.03583488946059024,0.6243075623394969,-0.18310443745204652,0.007068884952338112,-0.1919647804196819,-0.10773692715584277,-0.002737157744040322
0.009549750319788632,0.31432390806818755,1.3782214086784614,0.9966406929119667,0.05658254657158105,-0.046730498218750145,-0.0363593893190869,0.4642389532445663,-0.35193927064735375,0.1947283618998654,-0.21058057140969363,-0.07165185196367949,0.0025089319172530602
0.021121183234481998,0.28948643853725314,1.3883034472374047,0.9964762213896541,0.0570375638014756,-0.049550286536792006,-0.03642287227431884,0.40481478951618577,-0.44759176483374546,0.14312939965642266,-0.27941723031879867,-0.011010312147945511,0.0008252142184058165
0.01746001613228162,0.24133837241710474,1.4219448639971142,0.9958455806353653,0.062259284493961925,-0.056021476565553556,-0.035734509745161444,0.2634894398405269,-0.6417029038215072,0.24067377500213633,-0.310613125274649,0.022808822977958696,0.005017193210078156
0.01326047290719179,0.19476655515244473,1.4550008218349708,0.9955276372886855,0.0640254788331416,-0.05984162304886221,-0.03527664390885379,0.1513592340178882,-0.7949362167664065,0.27599253868115803,-0.380001947244076,0.07694523930234817,0.004563699897772226
-0.02461539759575638,0.13685818492879365,1.5056844367485045,0.9946382951264605,0.06369518739332766,-0.07259992947924536,-0.03697073451346638,-0.12182201049803357,-0.9433017059855954,0.35391893635841026,-0.4353025642136267,0.1226179784858996,0.0046784556710224405
-0.06181431650474536,0.08124505640138555,1.5546534361346607,0.9941925551784557,0.0606342081668132,-0.08011560531394349,-0.03855056177148923,-0.33984169575225026,-1.056869442525432,0.3717090235237658,-0.48955196149358166,0.2364851474620633,-0.008140847621382116
-0.09036244119400395,0.01941055704319246,1.5847394851157612,0.9943338236830129,0.058352365366699646,-0.08004231525707768,-0.038580776357104954,-0.45892269092031657,-1.182525173180386,0.27158892826629194,-0.5262012507193425,0.3272392127234398,-0.009014616521273439
-0.11283572843901443,-0.03159037188991971,1.6011392450719335,0.9950536607731366,0.05058158761419706,-0.07578556338697492,-0.03957604778809232,-0.5246630955800543,-1.2252199690474257,0.16140361320942304,-0.5561749922847062,0.3615914548533424,-0.0006103950862091996
-0.1655729152555277,-0.10743367130348666,1.603491267538853,0.9948365113577984,0.049283643051242415,-0.07954658314775548,-0.03929095705833795,-0.731829855668526,-1.3715387409452926,0.032721665565669585,-0.5415472170220232,0.364890228604618,0.004907544383231971
-0.21662777665578625,-0.18002318658425848,1.6044925340451666,0.9948617194205646,0.04656419367238331,-0.08100835057016118,-0.038981819314909856,-0.910667938772756,-1.4944646387844893,-0.05476152473074999,-0.5685779895477889,0.4236950465720978,0.00354262601432286
-0.27260448177041563,-0.2509688683679184,1.6019919744774376,0.9950489381104858,0.04154431780750091,-0.08137616477665681,-0.039110103929117436,-1.0844300421069897,-1.5845843616546382,-0.13988892326519953,-0.5952421824599887,0.47670309148880224,0.005045729027933143
-0.32247173519002886,-0.32414113916251525,1.5759691415475447,0.995539754269368,0.03701547827856979,-0.0777341173293867,-0.03857277589331975,-1.1908456530238554,-1.6721126607257049,-0.31982480490335796,-0.6058902713374407,0.5164679885989228,0.004610189490690024
-0.37285539139038587,-0.3776913983046571,1.553878084338161,0.996286238644336,0.02261577985341609,-0.07239058745642335,-0.040765917593711995,-1.2865075090286369,-1.625792775612269,-0.3810986503786192,-0.5992580702102344,0.5192758008999382,0.008486618548751596
-0.4171250588463121,-0.4338430482489115,1.5096584835610365,0.9969705036810423,0.011404077898467127,-0.06438782637266201,-0.04211851863798607,-1.325875730572202,-1.600053328925843,-0.5314015578226707,-0.5340909258603139,0.5169960335788673,-0.00010940163490089929
-0.4615280522714849,-0.49692796539374995,1.455689426727655,0.9974908433653027,0.005264499614909183,-0.05650233622563553,-0.04232952217102158,-1.361014381361522,-1.6200753947697857,-0.6442409477200268,-0.4631676652081435,0.483716079216022,0.0024831059911178052
-0.5131416213731095,-0.5509953876714071,1.383107477696982,0.9976368099934748,-0.004736289009359754,-0.053497648619808845,-0.04285282376477109,-1.4382371536220304,-1.575248944715714,-0.7996751746651156,-0.4263645479387132,0.4551004018154935,0.00375426958426821
-0.5506788271461651,-0.594997776515173,1.3293441394549725,0.9979779960450768,-0.019672448888532243,-0.039791099376267174,-0.045492665068214366,-1.3983593365671412,-1.4604370051392999,-0.7709208353464607,-0.36040519991943476,0.4566573777471101,-0.0026595211365662754
-0.6024258252456575,-0.6531100961712504,1.2620003656146346,0.9980679149277175,-0.02276862189873763,-0.03610011825796703,-0.0451531672248087,-1.456631620561613,-1.4621632106660882,-0.8439435269297441,-0.2768526722961792,0.4136929252243089,-0.004115485373169238
-0.6336576398436052,-0.6651567139390768,1.1832381412150368,0.9971452924422378,-0.05457019202778517,-0.013701412912888617,-0.05035505125133905,-1.28487021480386,-1.1010037499128122,-0.8041255462257595,-0.24588766452234004,0.40760425635276426,-0.003503988808845398
-0.6663143993935148,-0.6920252383492268,1.087494927125162,0.99623245295919,-0.06831066821064515,0.002106555341954665,-0.053386465551873145,-1.1492098287353103,-0.9072372943796482,-0.8533235395295863,-0.02086840882043762,0.27781731358566075,-0.015199560336738869
-0.696553584577871,-0.716493131243722,0.9960875771338594,0.995428585399603,-0.07624187148323208,0.013988125750555604,-0.05579821448815497,-1.021543575299235,-0.7341362297451045,-0.8689884388216633,0.1371447492771174,0.16817604841520492,-0.019138361792738427
-0.7246637332637772,-0.7037875228237173,0.9203599939476464,0.993266809618574,-0.09918117797087561,0.0222310950629219,-0.05558702419406756,-0.9026287601342016,-0.31340204940450506,-0.7649649665615172,0.24975464822710516,0.09195310872268112,-0.02149660653752786
-0.7419018134350217,-0.6943684656345731,0.8505109728445363,0.9918583894557791,-0.10858549062660719,0.033389744166526805,-0.05754347466099785,-0.7278732540730073,-0.020811953943325134,-0.7060211771318717,0.4349493287122509,0.06953517293049746,-0.016928278876350834
-0.7574235892916306,-0.6840500322319145,0.7848932159383595,0.9912564673641062,-0.1106744215730737,0.04094297591493035,-0.05903779333213326,-0.5829484114305461,0.20925099317929935,-0.6761301152172229,0.5599604458640349,0.029228279737353206,-0.021342757155291298
-0.7837544506455933,-0.6456045795485162,0.8129946657519533,0.9912100178325832,-0.11289203953217734,0.0388995551407016,-0.056964134053376074,-0.5468666928148193,0.5454460013413718,-0.16944162492835163,0.6479700182739517,0.0009763058030115897,-0.025227681222606005
-0.7828796379827062,-0.6032901977496856,0.8175781219698807,0.990696302353636,-0.11158424014421632,0.049288112029814,-0.06033635609487414,-0.3450767429045872,0.7858968035693542,-0.07484524658294464,0.7232726452981323,0.02741724980234679,-0.01797630516513469
-0.781268495355957,-0.5621862618837372,0.8223472428119021,0.990805027893056,-0.10574993572111097,0.05597530607359771,-0.06315942452863635,-0.1850139612992049,0.9713211382272882,0.01321429054082135,0.7732145737614765,-0.018465087934248222,-0.03151871545803799
-0.7939759728127211,-0.4901275537541174,0.8929077013921137,0.9914605972956825,-0.10311555993045415,0.05145697416343558,-0.06103478614905889,-0.16400752535943652,1.2798048061216771,0.41215338013808955,0.814479354209882,-0.05583559067917934,-0.03548079826585825
-0.7859917221692139,-0.42274669215602906,0.9426779632711986,0.9919230387530433,-0.0950714120987185,0.05527981388598886,-0.06320011051584089,-0.03455631683250643,1.4587244056508615,0.4864443077737748,0.8740054245965333,-0.01320435031877113,-0.016651954851981204
-0.7779082780808234,-0.35814460230141454,0.9900308501417183,0.9926269484589574,-0.08443006879507736,0.05758271855209668,-0.06517311716089016,0.07040178648258588,1.6006401347115786,0.5629642095136296,0.8884068252110884,-0.027725105692960005,-0.02557982310938085
-0.7720990199787029,-0.263899442524776,1.0649498472984675,0.9931434077273773,-0.0789146860308715,0.05685667250088385,-0.06485339473326666,0.1415525760725562,1.8579744044274813,0.7430726612678615,0.8989159164535356,-0.043617757047021685,-0.027679694090228874
-0.7777902236735047,-0.17028323099961812,1.145623972462977,0.9941647147662543,-0.06929293242010207,0.051976151761113955,-0.06429221631318088,0.12007540915912601,2.040448717629892,0.8441358779308904,0.9528914954926455,-0.027108112428591624,-0.020415469418853433
-0.7831854441910799,-0.0807143436468115,1.2228093469630712,0.9951134731135859,-0.05738323306700032,0.048258063217238675,-0.06424561872311624,0.10072340258939605,2.1848623169961083,0.9107967710281898,0.9673425914664217,0.027595055682204307,-0.001737303800616138
-0.7784184417441868,0.02236455250085618,1.2731593961642085,0.9955850364734505,-0.048316762489230974,0.04867300139992029,-0.06408482306631466,0.1402408851816488,2.371843959353127,0.818624116895063,0.9751289031125001,0.07707503459804868,0.0024493655920780387
-0.7689093747167519,0.11134638144130372,1.3201437638882183,0.9959875778329279,-0.03382413719227531,0.05060561883427652,-0.06560292591108592,0.20029383194120806,2.445281591594303,0.7629837677343267,1.005154193267371,0.09396162614896429,-0.006310302975631097
-0.7730573297563479,0.221040359762192,1.371407812021473,0.9964171127968118,-0.02228770073371865,0.04807541254419197,-0.06591623798712785,0.17141984596410295,2.587195983209818,0.7531870986777678,1.0030682255340662,0.07759765714710425,-0.02023006390777529
-0.7600034761388187,0.3362341148828703,1.3802625931359123,0.9964122187588142,-0.012557824162127642,0.05123074975856677,-0.0661846027382901,0.24085650574727033,2.730471900075139,0.522316912228534,1.0047118664749841,0.11389934151260767,-0.008624631365606811
-0.7475254602737412,0.48915366643289554,1.3251679735232027,0.9963231121456689,-0.009484127897155315,0.05494850210974265,-0.06504590408545803,0.2994433867659748,2.9616325160504164,0.09658854684370921,1.007388491914464,0.08959090831945953,-0.032022646173068325
-0.7355017021232807,0.6354723119941491,1.268095590142665,0.9962126782183174,-0.0071133023329155165,0.058496921915503,-0.063935989969805,0.36999335642467585,3.162508828159957,-0.11799419378948284,1.0007131211453626,0.07590151425864185,-0.03358256421586998
-0.7106107404492328,0.7467036783062151,1.196415814017291,0.9954135695286577,0.017339434917637633,0.06758410249746916,-0.06544890132435399,0.5069968027084164,3.056650900128119,-0.27996925652514915,1.0029674455854583,0.07502408129035605,-0.033959287990700686
-0.6862287114695882,0.8513411365142789,1.1266805075837951,0.994091561608307,0.04081075111126682,0.07521017228091413,-0.06678233088450092,0.6414155312301242,2.9320227496802937,-0.36560230598602794,0.8485914978111705,-0.03225369869207139,-0.05649139824918339
-0.6570066824544101,0.9504563216899856,1.0268470863365797,0.9917229532629424,0.07019699782400167,0.08256825980054147,-0.06885091097026422,0.7837360614344864,2.698144516904162,-0.5309884235529732,0.7073309163794002,-0.13113979153301192,-0.06439248927217761
-0.6285758768495853,1.04289741904034,0.9303469993192062,0.989221212820788,0.09456152103022776,0.08643394511336658,-0.07091321440999732,0.9164603206417092,2.4535559304780197,-0.6215977351813283,0.4954997206697816,-0.24186353485299897,-0.07416718866406999
-0.5909448360980862,1.1282427432423323,0.8233625541028371,0.9863733683961315,0.11576655962540879,0.09321830349289033,-0.07054097876605822,1.0975970204707703,2.1836256660415563,-0.7522305030098879,0.32875226924912254,-0.3270703572713538,-0.07298618000574553
-0.567179329615027,1.206251402348787,0.7404191245723024,0.9846689813974945,0.1329457926306126,0.08027940283949228,-0.07942059415021661,1.0930148576732501,1.8922321693198774,-0.6828075698839091,0.17947878652258303,-0.4282035753332726,-0.07293951690167678
-0.5445116955574786,1.278389700079313,0.6626341438679124,0.9835591411579606,0.1430152757448242,0.06776738359215742,-0.08698062122864063,1.0679621554773673,1.6533311116267133,-0.6540597987337877,0.04360000541267228,-0.4297854901764382,-0.06883813278780726
-0.5160844229402708,1.3399496518136953,0.6320117847804803,0.9831696570517089,0.14644600699825513,0.05365721209954589,-0.09514145298867491,1.0379559331766592,1.4150229867631006,-0.3610439476668348,-0.058941109809146616,-0.41548769550981984,-0.05706400540194007
-0.4765678738090305,1.3812820926548965,0.6095316024053167,0.9819938502553854,0.1540424662597037,0.048028598027652504,-0.09824586719414724,1.088995307232673,1.1107726624609853,-0.18624126967256,-0.11150712491718788,-0.3963230223600923,-0.04161692416835364
-0.4388050370999321,1.4187590730465662,0.5899012930893474,0.9816441842029425,0.15632573462618532,0.04203036231262738,-0.10084844549120361,1.12123138134734,0.8834443962180434,-0.06908707862743244,-0.17141695383238592,-0.42887722084717683,-0.030154317517596195
-0.3902984711514809,1.4425177236680342,0.6036807170467322,0.9818281027540471,0.15583188047076849,0.03882598114451096,-0.10110660146349704,1.2142339995072933,0.6348766437292672,0.18995936201782307,-0.21759168275950813,-0.4584885853697904,-0.0204724054616308
-0.35521671243759845,1.4659041114139293,0.658005383541561,0.982889721235381,0.14738867013176146,0.02549788653715533,-0.10749062093394077,1.173416836702872,0.4918809155227382,0.5547284649389512,-0.23291429161125363,-0.5159089024623432,-0.012403337504941093
-0.2914316130634761,1.452841709889774,0.7284975629589929,0.9827338166381483,0.14994934526423884,0.02340318515626248,-0.1058382275701266,1.3018842594654514,0.1778486040423359,0.7923862697873529,-0.22368832753407633,-0.5192102352040175,-0.0035560150676745748
-0.2409882673302071,1.4346415380449173,0.8584183161029898,0.983294881483542,0.14437231340355647,0.011918122340059562,-0.11020784695592177,1.3040557455983102,-0.051237491613016994,1.236497616170589,-0.24666939273505922,-0.5861619527926105,-0.004171357969398273
-0.19308736953224953,1.415535997610181,0.9857973565115438,0.9838796887528168,0.13767785582432954,0.0005195788857324319,-0.11412841939261804,1.3073701482054518,-0.20056365991467504,1.4842454927888546,-0.2551063395021291,-0.6256888284037031,-0.003837681525935626
-0.12019755766973511,1.38342845805919,1.1282196785618457,0.9846434546263276,0.13220216328440804,-0.0043771506009572395,-0.11393285670547604,1.44296827837523,-0.3728228339394861,1.6975852917280203,-0.2620855048643142,-0.6329185293517832,-0.004794279588240813
-0.06360857275571688,1.2943208936693298,1.2565514829779403,0.9833266054420485,0.13947992679743096,-0.015238939691671045,-0.11568021337927627,1.4592285859182441,-0.8181630759743507,1.75598927192461,-0.24269355412469004,-0.7034809294615096,0.008582324410513618
-0.009942080276189286,1.2078937905598204,1.378395626568926,0.9824635438201746,0.14160668863789116,-0.027002897334325857,-0.1182530098258259,1.472448064559303,-1.1828119370124872,1.8097556723617862,-0.3657825562215115,-0.7707006065467489,-0.04092545054739838
0.07324634649022208,1.1250724724725054,1.510197914742469,0.9827339106282662,0.13742793346264973,-0.03439623298658093,-0.11901480228019334,1.6258261303135777,-1.4393039974485162,1.8440582698296049,-0.48712187140599117,-0.8157069807201017,-0.05697636707615282
0.15875979204713075,1.070971586111337,1.6449675034381726,0.9836621782292228,0.1259981225716396,-0.04378229843394696,-0.12089790144416818,1.7631979902698869,-1.4931289850139295,1.8881607625959835,-0.5285799026380947,-0.9077067508952545,-0.042031818305796664
0.24046780428503067,1.0193225796913878,1.7727816920172708,0.9842141732007822,0.11464155918779576,-0.055347624453627266,-0.12294882937642049,1.8778193962995084,-1.538797226974512,1.9226730554125475,-0.4787654414626773,-0.9676102704255212,-0.009415027946314334
0.33016241892352444,0.8981947722224143,1.9284664059819048,0.9837470891800069,0.10998174892658037,-0.06799261548093409,-0.12459006249687693,1.9942874255582588,-1.908874101016461,2.051054560832868,-0.41921925110278974,-1.0104300295116344,0.0033631859829696556
0.4235152302309784,0.8140191885063918,2.073407135193773,0.9833526286552262,0.1005378799994411,-0.08218027560791438,-0.12710682398314413,2.109006361800508,-2.0177927837573786,2.0987159046047057,-0.4789511380253013,-1.1579848412432803,-0.05145003118166929
0.5681883179849014,0.8357974712817876,2.066027836591142,0.9836773757724123,0.0853224396839895,-0.09380560873319102,-0.12766914055506046,2.4678533183136464,-1.5580546507520234,1.3463952790939457,-0.47297540253755926,-1.2169719242994095,-0.03583971136954771
0.5565986571870133,0.7792018924205398,1.9671849783855895,0.9809492390039023,0.07254898361044428,-0.12257965845672951,-0.13209641481655715,2.071303730370995,-1.39873994442445,1.0544757781855938,-0.19586456135286795,-1.1737006889322856,0.09446355671961447
0.5427091875115491,0.727081937802462,1.8701119454169561,0.976718486182275,0.058042004395001456,-0.15560853847747427,-0.13578699211824527,1.658996163235415,-1.258110570449737,0.9409048372101545,-0.18107813200990974,-0.9775115128502486,0.09250662718745578
0.5265171785984843,0.678859563819922,1.777063038984639,0.9714559156551105,0.0413993637027234,-0.18710819449698537,-0.13982138668951521,1.2471693547969913,-1.110133340000985,0.8775673841789113,-0.1255165094542714,-0.6730677389058151,0.07754265798837823
0.508182777184795,0.6343515393844382,1.6884972775336853,0.9660707433295155,0.02484111002530711,-0.21302604176887888,-0.14391019305022001,0.8583632391730975,-0.9514754219609299,0.814737966345672,-0.08348502746598929,-0.442434124072763,0.061972914299010404
0.4880991451957677,0.593457508399781,1.6040916872236444,0.9613194345566846,0.009629858991377945,-0.2321494367894656,-0.1479150078854626,0.5058771634815746,-0.7890615155706917,0.7542413837860797,-0.054142502007111445,-0.2830463997151098,0.047628029573261
0.4667162333225351,0.5560018724844213,1.5236276458250513,0.9576909168137653,-0.003429485590435914,-0.2445368538289912,-0.15171708407563445,0.20085600967139702,-0.6314670848374127,0.6989662954893963,-0.03466358767271017,-0.1782690806344079,0.03563702654701252
0.444530488982852,0.5217241147582405,1.4469545711083853,0.9553366931977448,-0.014021619402465995,-0.25108462700494505,-0.15521503439138168,-0.052149555185229464,-0.48596555767868876,0.6524286224269811,-0.02207231150275992,-0.11118180702606081,0.02616263581101864
0.4220124678299282,0.4903103569901592,1.3739788481395632,0.9541482895444431,-0.022215652846378303,-0.25305534614370967,-0.15833666068257887,-0.25484118385710575,-0.3570192073583718,0.6166910287144143,-0.01405217969670218,-0.06884636051543612,0.018943879681489393
0.39955391195455053,0.4614366640393573,1.3046300780932796,0.9538878765181896,-0.028309524775770954,-0.25171590266806093,-0.16104531717064066,-0.4129926325092329,-0.24622962029528755,0.5920076458607472,-0.008983764830664763,-0.04234424211314435,0.013581599626633684
0.3774487834666922,0.4348016740904054,1.2388327426601453,0.954295593841162,-0.03269069578042764,-0.24813778095941416,-0.16333670636226597,-0.5340438422254171,-0.15308416507208727,0.5773071054061808,-0.005791893797068996,-0.0258227880936265,0.00967208139844268
0.3559000096294607,0.4101425287155499,1.176491956638209,0.955148121220684,-0.0357431044747541,-0.24313318759356045,-0.16522938631399292,-0.6253831737502548,-0.07586536395794266,0.570867773883007,-0.0037823731466103665,-0.015540265016798761,0.006862180593619638
0.33503777750538755,0.38723782527887396,1.1174911613202423,0.9562774637863416,-0.03779979527467321,-0.23727116302181034,-0.16675425910552452,-0.6934610109085146,-0.012376778461426121,0.5708458070176393,-0.0025140666651333465,-0.009139543125254493,0.004865206952675655
0.31493923981028954,0.36590359223942037,1.0616963699757984,0.9575678193539437,-0.03912757424082532,-0.23092621294675278,-0.1679463856289633,-0.7435084435545107,0.03960056815410995,0.575576535758071,-0.0017092497898822043,-0.005148498206148361,0.0034587643094812132
0.2956450116778619,0.3459868321140503,1.0089625359394878,0.9589442827229452,-0.039929367812230304,-0.22433138071998682,-0.16883998295236913,-0.7795863947088245,0.08207552164096886,0.5836950257141476,-0.0011940360527822823,-0.0026524245740515463,0.0024755236836910203
