0.057,-0.007,0.173,1.0,0.013,-0.009,0.016,-0.012,0.015,0.02,-0.21,0.073,-0.193
0.058,-0.008,0.173,1.0,0.014,-0.011,0.018,0.015,-0.005,0.008,-0.155,-0.266,0.233
0.056,-0.008,0.171,0.999,0.027,0.018,0.006,-0.059,0.002,-0.064,1.142,2.129,-0.788
0.057,-0.006,0.177,1.0,0.012,-0.016,0.014,0.006,0.051,0.166,-0.537,-1.584,0.119
0.057,-0.007,0.185,1.0,0.014,-0.013,0.012,-0.011,0.019,0.363,-0.924,-0.934,0.202
0.056,-0.006,0.191,1.0,0.0,0.014,0.022,-0.042,-0.044,0.398,-5.212,2.295,1.208
0.059,-0.008,0.239,1.0,0.008,-0.015,0.013,0.045,-0.02,0.967,-0.597,-0.945,-0.328
0.058,-0.009,0.276,1.0,0.006,-0.018,0.023,-0.042,-0.011,1.063,0.125,-1.142,0.606
0.06,-0.009,0.324,1.0,0.022,-0.003,0.015,0.036,-0.015,1.313,0.919,0.284,-0.205
0.061,-0.01,0.366,1.0,0.017,-0.005,0.015,0.035,-0.036,1.273,-0.222,-0.315,0.118
0.061,-0.01,0.399,1.0,0.001,0.014,0.022,-0.004,-0.049,1.157,-2.022,1.689,0.301
0.062,-0.011,0.443,1.0,0.012,-0.007,0.022,0.03,-0.022,1.176,0.091,-1.613,0.24
0.065,-0.013,0.478,1.0,0.02,-0.01,0.015,0.158,-0.05,1.581,-1.239,-3.872,1.06
0.066,-0.015,0.507,1.0,0.022,-0.005,0.013,0.086,-0.07,1.029,-0.143,-1.201,0.176
0.066,-0.014,0.532,0.999,0.036,-0.004,0.01,0.012,0.017,0.78,1.176,0.53,-0.023
0.068,-0.017,0.552,1.0,0.017,-0.011,0.013,0.053,-0.052,0.716,-0.494,-0.581,0.133
0.07,-0.02,0.569,1.0,0.014,-0.006,0.015,0.121,-0.147,0.652,0.984,-2.01,-1.196
0.071,-0.019,0.582,1.0,0.014,-0.006,0.014,0.051,-0.039,0.414,-0.006,-0.303,-0.245
0.071,-0.021,0.589,1.0,0.02,0.003,0.01,0.015,-0.056,0.262,0.327,0.822,-0.33
0.073,-0.023,0.598,1.0,0.009,-0.005,0.016,0.069,-0.228,0.201,-4.466,1.046,-0.508
0.075,-0.024,0.602,1.0,0.011,-0.009,0.016,0.039,-0.032,0.153,-0.725,0.206,0.078
0.075,-0.027,0.601,1.0,0.016,0.004,0.004,0.041,-0.145,-0.006,-0.177,0.435,-1.537
0.076,-0.027,0.6,0.999,-0.021,0.013,0.022,0.01,-0.044,-0.062,-1.897,0.9,0.372
0.079,-0.028,0.597,1.0,0.003,-0.001,0.02,0.046,-0.045,-0.094,0.14,-0.204,-0.026
0.08,-0.03,0.591,1.0,-0.001,0.004,0.021,0.047,-0.217,-0.206,-7.905,1.321,0.51
0.082,-0.031,0.585,1.0,0.01,-0.006,0.015,0.055,-0.057,-0.191,-0.904,0.046,-0.156
0.082,-0.032,0.584,1.0,0.012,-0.009,0.014,0.062,-0.067,-0.178,-0.464,-0.23,-0.181
0.083,-0.032,0.58,1.0,0.01,-0.01,0.017,0.04,-0.028,-0.158,-0.094,-0.172,0.057
0.085,-0.034,0.573,1.0,0.013,-0.003,0.013,0.048,-0.051,-0.201,0.11,0.328,-0.165
0.089,-0.037,0.565,1.0,0.008,-0.012,0.015,0.039,-0.035,-0.128,-0.197,0.128,-0.044
0.089,-0.037,0.565,1.0,0.008,-0.012,0.015,0.039,-0.035,-0.128,-0.197,0.128,-0.044
0.092,-0.039,0.555,1.0,0.012,-0.01,0.015,0.051,-0.035,-0.133,0.211,0.108,-0.102
0.094,-0.043,0.552,0.996,-0.086,-0.015,0.034,0.103,-0.171,-0.075,-8.982,-1.153,1.107
0.096,-0.043,0.548,1.0,0.014,-0.004,0.012,0.033,-0.047,-0.064,-0.006,0.286,-0.27
0.099,-0.045,0.547,1.0,0.017,0.008,0.006,0.081,-0.092,-0.049,0.6,0.658,-0.946
0.099,-0.045,0.547,1.0,0.017,0.008,0.006,0.081,-0.092,-0.049,0.6,0.658,-0.946
0.101,-0.045,0.551,1.0,0.013,-0.006,0.016,0.085,-0.053,0.089,0.007,-0.13,0.137
0.104,-0.047,0.559,1.0,0.011,-0.005,0.015,0.067,-0.046,0.155,-0.114,-0.154,0.022
0.108,-0.049,0.568,1.0,0.013,-0.003,0.016,0.085,-0.081,0.208,-0.367,-0.233,0.035
0.112,-0.051,0.583,1.0,0.014,-0.009,0.012,0.112,-0.012,0.336,0.161,-0.987,-0.276
0.114,-0.052,0.589,1.0,0.008,-0.019,0.016,0.109,-0.034,0.349,-0.532,-2.264,0.305
0.115,-0.053,0.596,1.0,0.011,0.0,0.015,0.1,-0.058,0.385,-0.15,-0.021,0.003
0.123,-0.055,0.626,1.0,-0.002,0.021,0.022,0.095,-0.076,0.441,-2.438,2.047,0.497
0.123,-0.055,0.626,1.0,-0.002,0.021,0.022,0.095,-0.076,0.441,-2.438,2.047,0.497
0.131,-0.059,0.66,1.0,0.014,0.005,0.014,0.161,-0.06,0.627,0.116,-0.164,-0.031
0.136,-0.061,0.681,1.0,0.009,0.015,0.006,0.159,-0.128,0.661,-0.067,0.806,-1.23
0.138,-0.061,0.686,1.0,0.018,0.02,0.01,0.15,-0.062,0.599,0.784,1.189,-0.677
0.144,-0.062,0.709,1.0,0.002,-0.003,0.019,0.134,-0.022,0.505,-1.024,-1.397,0.439
0.155,-0.065,0.736,1.0,0.009,0.013,0.016,0.239,-0.046,0.451,0.027,-0.526,-0.695
0.155,-0.065,0.736,1.0,0.009,0.013,0.016,0.239,-0.046,0.451,0.027,-0.526,-0.695
0.168,-0.069,0.753,1.0,0.015,0.017,0.012,0.231,-0.073,0.227,0.27,-0.467,-0.421
0.191,-0.074,0.753,0.999,0.014,0.026,0.018,0.225,-0.031,-0.091,0.172,0.474,0.266
0.207,-0.078,0.74,0.999,0.003,0.031,0.022,0.23,-0.056,-0.211,-0.914,0.446,0.662
0.22,-0.081,0.728,0.999,0.009,0.026,0.015,0.262,-0.031,-0.294,-0.36,0.351,0.13
0.229,-0.082,0.718,0.999,0.006,0.03,0.016,0.29,-0.026,-0.336,-0.215,0.457,0.148
0.247,-0.086,0.696,0.999,0.001,0.036,0.019,0.324,-0.056,-0.383,-0.113,0.232,0.254
0.261,-0.088,0.686,1.0,-0.0,0.023,0.017,0.372,-0.026,-0.269,-0.755,-0.479,0.381
0.261,-0.088,0.686,1.0,-0.0,0.023,0.017,0.372,-0.026,-0.269,-0.755,-0.479,0.381
0.276,-0.09,0.679,1.0,0.005,0.018,0.011,0.475,-0.063,-0.087,1.728,-0.268,-1.131
0.3,-0.092,0.671,0.999,0.014,0.026,0.016,0.393,0.0,-0.119,0.863,0.738,0.283
0.3,-0.092,0.671,0.999,0.014,0.026,0.016,0.393,0.0,-0.119,0.863,0.738,0.283
0.315,-0.094,0.673,1.0,0.008,0.014,0.013,0.523,-0.002,-0.169,2.505,4.842,-2.066
0.338,-0.097,0.676,1.0,0.004,0.012,0.013,0.499,-0.119,0.08,0.032,0.207,-0.256
0.365,-0.096,0.683,1.0,0.007,0.01,0.013,0.477,0.002,0.163,-0.02,-0.21,0.183
0.375,-0.096,0.688,1.0,0.003,0.004,0.014,0.504,-0.024,0.235,-0.706,-0.435,-0.156
0.401,-0.097,0.704,1.0,-0.0,0.0,0.015,0.493,0.016,0.318,-0.382,-0.058,0.218
0.407,-0.098,0.709,1.0,0.003,-0.008,0.013,0.48,-0.028,0.336,-0.04,-0.725,0.018
0.432,-0.096,0.728,1.0,-0.003,-0.005,0.014,0.576,-0.026,0.437,-0.519,0.586,-0.339
0.464,-0.095,0.752,1.0,-0.0,-0.01,0.014,0.569,0.003,0.459,0.545,-1.352,-0.337
0.474,-0.094,0.759,1.0,-0.001,-0.006,0.014,0.524,0.029,0.42,0.331,-0.237,-0.213
0.509,-0.09,0.786,1.0,-0.009,-0.008,0.015,0.506,0.042,0.389,-0.143,-0.338,-0.07
0.528,-0.088,0.8,1.0,-0.014,-0.006,0.017,0.489,0.076,0.335,-0.801,0.824,0.223
0.567,-0.081,0.826,1.0,-0.008,-0.012,0.014,0.496,0.073,0.321,0.302,-0.031,-0.193
0.572,-0.08,0.83,1.0,-0.006,-0.018,0.013,0.503,0.08,0.324,0.585,-0.817,-0.339
0.598,-0.074,0.843,1.0,-0.008,-0.019,0.015,0.482,0.12,0.249,0.158,-0.547,-0.069
0.604,-0.072,0.845,0.999,-0.023,-0.023,0.013,0.471,0.122,0.208,-1.215,-0.684,-0.361
0.636,-0.063,0.857,1.0,-0.006,-0.018,0.013,0.479,0.155,0.176,0.042,-0.639,0.15
0.636,-0.063,0.857,1.0,-0.006,-0.018,0.013,0.479,0.155,0.176,0.042,-0.639,0.15
0.695,-0.038,0.881,0.999,-0.01,-0.026,0.014,0.42,0.189,0.194,0.158,0.256,-0.088
0.703,-0.034,0.886,0.999,-0.013,-0.03,0.015,0.405,0.216,0.215,-0.015,-0.06,0.044
0.734,-0.015,0.905,0.999,-0.019,-0.03,0.005,0.33,0.163,0.26,-0.637,-0.039,-0.876
0.741,-0.008,0.909,0.999,-0.013,-0.033,0.015,0.337,0.274,0.251,0.166,-0.506,0.046
0.766,0.017,0.936,0.999,-0.014,-0.033,0.015,0.293,0.321,0.347,0.441,0.171,-0.058
0.769,0.021,0.942,0.999,-0.018,-0.043,0.016,0.284,0.328,0.401,-0.103,-0.707,0.058
0.79,0.054,0.988,0.999,-0.008,-0.038,0.013,0.191,0.379,0.54,0.922,0.397,-0.375
0.798,0.073,1.02,0.999,-0.018,-0.043,0.014,0.164,0.394,0.644,-0.177,0.033,-0.119
0.8,0.08,1.032,0.998,-0.019,-0.05,0.015,0.152,0.401,0.735,-0.558,-0.738,0.027
0.805,0.106,1.081,0.998,-0.017,-0.053,0.014,0.071,0.452,0.822,-0.179,-0.538,-0.103
0.807,0.125,1.116,0.999,-0.009,-0.046,0.011,0.035,0.439,0.821,0.359,0.266,-0.328
0.809,0.152,1.167,0.999,-0.009,-0.049,0.017,0.024,0.524,0.906,0.488,-0.09,0.17
0.807,0.176,1.202,0.999,-0.013,-0.05,0.014,-0.007,0.511,0.717,-0.497,-0.723,-0.097
0.806,0.185,1.209,0.999,-0.017,-0.038,0.018,-0.044,0.522,0.542,-0.517,0.721,0.306
0.801,0.23,1.245,0.999,-0.005,-0.045,0.014,-0.093,0.649,0.422,0.595,-0.19,-0.456
0.799,0.236,1.248,0.999,-0.012,-0.039,0.017,-0.102,0.586,0.29,-0.263,0.59,0.106
0.79,0.279,1.255,0.999,0.0,-0.041,0.013,-0.128,0.519,-0.016,0.484,-0.013,-0.137
0.789,0.285,1.255,0.999,0.002,-0.037,0.013,-0.123,0.514,-0.048,0.504,0.416,-0.094
0.78,0.317,1.24,0.999,0.0,-0.039,0.014,-0.146,0.533,-0.306,0.198,0.196,0.011
0.777,0.328,1.232,0.999,0.0,-0.04,0.014,-0.152,0.525,-0.372,0.024,0.092,0.002
0.774,0.337,1.225,0.999,-0.001,-0.04,0.014,-0.154,0.536,-0.429,-0.03,0.048,0.04
0.76,0.375,1.185,0.999,0.006,-0.039,0.013,-0.209,0.536,-0.566,-0.03,-0.089,-0.01
0.757,0.384,1.176,0.999,0.004,-0.039,0.013,-0.194,0.533,-0.532,0.23,-0.442,-0.1
0.74,0.425,1.128,0.999,0.01,-0.039,0.013,-0.243,0.521,-0.591,0.099,-0.453,-0.081
0.729,0.448,1.105,0.999,0.014,-0.031,0.013,-0.228,0.489,-0.486,0.32,0.203,-0.119
0.718,0.468,1.087,0.999,0.017,-0.033,0.013,-0.26,0.499,-0.394,0.142,-0.136,0.039
0.715,0.472,1.084,0.999,0.017,-0.028,0.013,-0.259,0.479,-0.391,0.262,0.129,-0.113
0.695,0.506,1.068,0.999,0.028,-0.029,0.013,-0.476,0.657,-0.384,2.363,1.456,-1.441
0.695,0.506,1.068,0.999,0.028,-0.029,0.013,-0.476,0.657,-0.384,2.363,1.456,-1.441
0.68,0.527,1.065,0.999,0.033,-0.026,0.012,-0.314,0.442,-0.045,0.508,0.175,-0.214
0.667,0.542,1.07,0.999,0.033,-0.023,0.013,-0.326,0.403,0.147,0.126,-0.03,-0.177
0.644,0.567,1.097,0.999,0.039,-0.024,0.012,-0.328,0.338,0.464,0.387,-0.285,-0.201
0.641,0.57,1.102,0.999,0.034,-0.021,0.012,-0.329,0.314,0.519,-0.003,-0.212,-0.262
0.623,0.586,1.136,0.999,0.039,-0.015,0.011,-0.336,0.285,0.681,0.182,0.085,-0.179
0.62,0.588,1.143,0.999,0.035,-0.018,0.012,-0.338,0.288,0.753,-0.231,-0.374,0.037
0.609,0.597,1.17,0.999,0.038,-0.012,0.011,-0.329,0.258,0.801,0.091,0.162,-0.032
0.589,0.61,1.223,1.0,0.026,-0.0,0.017,-0.383,0.23,0.886,-0.9,1.288,0.375
0.584,0.614,1.24,0.999,0.036,-0.013,0.011,-0.32,0.21,0.971,0.182,-0.429,-0.177
0.575,0.618,1.26,0.999,0.034,-0.009,0.012,-0.358,0.204,0.869,-0.235,0.272,0.006
0.54,0.638,1.322,0.999,0.028,-0.01,0.012,-0.328,0.176,0.462,-0.38,-0.793,0.081
0.523,0.646,1.332,1.0,0.023,-0.005,0.014,-0.324,0.163,0.147,-0.399,-0.007,0.219
0.519,0.648,1.332,1.0,0.022,0.001,0.011,-0.32,0.142,0.06,-0.329,0.428,-0.114
0.508,0.653,1.329,1.0,0.021,-0.005,0.012,-0.394,0.166,-0.109,-0.427,0.557,-0.16
0.49,0.661,1.318,1.0,0.019,-0.004,0.012,-0.312,0.147,-0.214,0.054,-0.265,-0.067
0.473,0.669,1.296,1.0,0.018,0.003,0.012,-0.319,0.133,-0.446,0.045,0.372,-0.04
0.463,0.673,1.277,1.0,0.016,-0.003,0.012,-0.293,0.114,-0.523,0.107,-0.084,-0.109
0.45,0.679,1.25,1.0,0.012,0.0,0.012,-0.266,0.117,-0.584,-0.128,0.222,-0.092
0.428,0.689,1.2,1.0,0.008,-0.008,0.014,-0.256,0.102,-0.562,-0.545,-0.357,0.151
0.424,0.691,1.191,1.0,0.009,-0.008,0.015,-0.247,0.109,-0.539,-0.12,-0.315,0.055
0.41,0.697,1.165,1.0,0.011,-0.018,0.012,-0.268,0.166,-0.433,0.311,-3.819,-0.218
0.399,0.702,1.148,1.0,0.008,-0.016,0.014,-0.235,0.114,-0.357,0.194,-0.767,-0.102
0.388,0.707,1.136,1.0,0.007,-0.017,0.015,-0.238,0.109,-0.258,0.005,-0.194,0.12
0.386,0.708,1.134,1.0,0.006,-0.016,0.015,-0.22,0.106,-0.22,0.006,-0.068,0.05
0.374,0.714,1.127,1.0,0.002,-0.02,0.013,-0.251,0.11,-0.113,-0.327,-0.045,-0.206
0.366,0.718,1.128,1.0,0.0,-0.025,0.014,-0.232,0.093,0.018,-0.451,-0.432,-0.04
0.363,0.719,1.128,1.0,0.003,-0.017,0.013,-0.254,0.119,0.005,-0.051,0.327,-0.138
0.346,0.727,1.136,0.999,0.002,-0.031,0.014,-0.273,0.13,0.153,0.024,-0.631,-0.104
0.328,0.736,1.151,0.999,0.008,-0.03,0.011,-0.315,0.17,0.253,0.565,-0.077,-0.468
0.325,0.737,1.154,0.999,0.002,-0.031,0.015,-0.273,0.129,0.282,-0.147,-0.176,0.002
0.313,0.742,1.164,0.999,0.009,-0.041,0.014,-0.312,0.126,0.283,0.228,-0.694,-0.102
0.303,0.747,1.174,0.999,0.005,-0.04,0.015,-0.302,0.119,0.292,-0.262,-0.288,0.011
0.283,0.755,1.192,0.999,0.007,-0.046,0.016,-0.345,0.13,0.344,0.099,-0.354,0.047
0.283,0.755,1.192,0.999,0.007,-0.046,0.016,-0.345,0.13,0.344,0.099,-0.354,0.047
0.273,0.759,1.199,0.999,0.013,-0.042,0.013,-0.398,0.177,0.285,0.783,0.38,-0.362
0.254,0.766,1.213,0.999,0.004,-0.038,0.018,-0.419,0.171,0.253,-0.212,0.875,0.335
0.236,0.772,1.229,0.999,0.005,-0.05,0.016,-0.573,0.185,0.372,-0.857,0.685,-0.264
0.231,0.774,1.232,0.999,0.009,-0.048,0.015,-0.517,0.169,0.318,-0.127,0.458,-0.192
0.204,0.782,1.251,0.999,0.011,-0.044,0.014,-0.476,0.147,0.311,-0.01,-0.045,-0.163
0.183,0.789,1.265,0.999,0.015,-0.041,0.015,-0.467,0.148,0.297,0.222,0.426,-0.071
0.164,0.794,1.275,0.999,0.018,-0.039,0.012,-0.519,0.15,0.241,0.393,0.203,-0.341
0.128,0.802,1.294,0.999,0.016,-0.043,0.015,-0.535,0.114,0.283,0.178,-0.432,-0.143
0.115,0.806,1.301,0.999,0.017,-0.036,0.014,-0.516,0.117,0.248,0.05,0.288,-0.065
0.083,0.812,1.316,0.999,0.017,-0.037,0.015,-0.568,0.121,0.285,0.052,0.172,0.049
0.073,0.815,1.32,0.999,0.013,-0.034,0.017,-0.591,0.128,0.261,-0.239,0.424,0.05
0.06,0.817,1.326,0.999,0.011,-0.025,0.017,-0.599,0.126,0.252,-0.467,1.223,0.201
0.032,0.821,1.345,0.999,0.018,-0.029,0.014,-0.601,0.102,0.355,0.092,0.424,-0.018
0.022,0.823,1.351,0.999,0.015,-0.033,0.015,-0.609,0.094,0.371,-0.132,0.106,0.089
-0.006,0.827,1.366,1.0,0.013,-0.023,0.016,-0.639,0.063,0.369,0.085,0.302,-0.321
-0.037,0.831,1.379,0.999,0.019,-0.025,0.014,-0.599,0.069,0.24,0.236,-0.04,-0.1
-0.073,0.835,1.384,0.999,0.019,-0.024,0.013,-0.786,0.114,0.061,0.907,0.182,-0.343
-0.091,0.837,1.386,0.999,0.016,-0.024,0.013,-0.632,0.048,0.062,-0.027,-0.178,-0.207
-0.099,0.838,1.387,1.0,0.017,-0.021,0.014,-0.644,0.055,0.062,0.197,0.094,-0.156
-0.128,0.84,1.39,1.0,0.019,-0.02,0.014,-1.008,0.161,0.143,1.281,0.332,-0.507
-0.172,0.844,1.39,1.0,0.019,-0.009,0.016,-0.66,0.057,-0.077,-0.076,0.66,0.212
-0.177,0.844,1.39,0.999,0.028,-0.017,0.011,-0.631,0.04,-0.031,0.702,-0.402,-0.328
-0.235,0.846,1.379,0.999,0.034,-0.011,0.012,-0.584,-0.014,0.007,1.658,-2.493,-1.025
-0.246,0.847,1.375,1.0,0.021,0.008,0.021,-0.619,0.017,-0.147,-0.258,0.254,0.241
-0.272,0.846,1.372,0.999,0.029,-0.004,0.013,-0.589,-0.017,-0.095,-0.081,0.052,-0.16
-0.282,0.845,1.371,0.999,0.029,-0.003,0.014,-0.585,-0.038,-0.086,-0.072,0.26,0.082
-0.313,0.843,1.366,0.999,0.031,0.006,0.012,-0.687,-0.025,-0.104,0.028,0.353,0.001
-0.355,0.838,1.357,0.999,0.033,0.001,0.012,-0.559,-0.077,-0.134,-0.036,-0.213,-0.039
-0.361,0.837,1.356,0.999,0.034,0.001,0.012,-0.539,-0.078,-0.139,-0.034,-0.226,-0.05
-0.392,0.831,1.344,0.999,0.034,0.004,0.013,-0.522,-0.092,-0.198,0.226,-0.214,0.096
-0.409,0.828,1.338,0.999,0.034,0.003,0.012,-0.497,-0.113,-0.179,-0.125,-0.454,0.136
-0.452,0.815,1.314,0.999,0.029,0.01,0.013,-0.473,-0.15,-0.276,-0.206,0.257,-0.04
-0.462,0.811,1.308,0.999,0.031,0.006,0.012,-0.47,-0.163,-0.28,-0.008,-0.206,-0.002
-0.511,0.79,1.25,0.999,0.034,0.015,0.011,-0.412,-0.229,-0.626,-0.017,0.214,-0.295
-0.535,0.778,1.21,0.999,0.037,0.009,0.012,-0.378,-0.203,-0.643,0.423,-0.268,-0.205
-0.544,0.773,1.193,0.999,0.034,0.011,0.013,-0.367,-0.222,-0.672,-0.078,-0.016,0.053
-0.566,0.756,1.153,0.999,0.032,0.014,0.012,-0.319,-0.249,-0.585,-0.019,-0.024,-0.01
-0.572,0.751,1.142,0.999,0.031,0.014,0.012,-0.301,-0.258,-0.548,-0.024,-0.368,0.045
-0.582,0.741,1.126,0.999,0.028,0.009,0.013,-0.288,-0.285,-0.47,-0.243,-0.398,-0.003
-0.594,0.728,1.107,1.0,0.027,0.007,0.013,-0.26,-0.294,-0.393,-0.362,-0.499,0.134
-0.606,0.711,1.094,1.0,0.026,0.004,0.014,-0.228,-0.309,-0.204,-0.392,-0.387,0.134
-0.606,0.711,1.094,1.0,0.026,0.004,0.014,-0.228,-0.309,-0.204,-0.392,-0.387,0.134
-0.613,0.702,1.091,1.0,0.026,0.006,0.013,-0.224,-0.369,-0.108,-0.108,-0.175,0.034
-0.624,0.682,1.093,1.0,0.027,-0.005,0.013,-0.195,-0.343,0.077,0.061,-0.806,0.014
-0.635,0.661,1.103,1.0,0.023,-0.004,0.014,-0.194,-0.39,0.192,-0.061,-0.205,0.044
-0.638,0.654,1.108,1.0,0.022,-0.006,0.014,-0.174,-0.372,0.231,-0.116,-0.147,0.091
-0.65,0.626,1.131,1.0,0.021,-0.012,0.014,-0.15,-0.381,0.339,-0.318,-0.332,0.258
-0.654,0.617,1.14,1.0,0.021,-0.007,0.013,-0.145,-0.373,0.358,-0.001,0.444,-0.049
-0.663,0.596,1.162,1.0,0.019,-0.011,0.013,-0.162,-0.399,0.469,-0.315,0.21,0.288
-0.664,0.593,1.166,1.0,0.019,-0.014,0.014,-0.157,-0.401,0.462,-0.403,-0.15,0.365
-0.673,0.573,1.185,1.0,0.023,-0.011,0.008,-0.193,-0.394,0.354,0.276,0.668,-0.454
-0.684,0.548,1.207,1.0,0.019,-0.02,0.015,-0.151,-0.397,0.317,-0.331,-0.227,0.363
-0.686,0.542,1.21,0.999,0.02,-0.024,0.015,-0.171,-0.442,0.3,0.052,-0.631,0.421
-0.706,0.502,1.23,0.999,0.021,-0.026,0.013,-0.188,-0.39,0.168,-0.24,-0.468,0.237
-0.722,0.469,1.237,0.999,0.022,-0.028,0.013,-0.204,-0.409,0.079,-0.001,-0.175,0.039
-0.728,0.459,1.236,0.999,0.029,-0.02,0.009,-0.24,-0.423,0.001,0.645,0.61,-0.415
-0.744,0.43,1.235,0.999,0.02,-0.034,0.015,-0.235,-0.419,-0.05,-0.112,-0.64,0.301
-0.751,0.418,1.232,0.999,0.017,-0.031,0.014,-0.248,-0.404,-0.077,-0.162,0.115,-0.01
-0.777,0.38,1.23,0.999,0.02,-0.027,0.01,-0.299,-0.408,-0.007,0.418,0.423,-0.238
-0.781,0.372,1.231,0.999,0.013,-0.033,0.013,-0.276,-0.444,0.021,-0.303,-0.376,0.156
-0.805,0.34,1.225,0.999,0.012,-0.032,0.014,-0.309,-0.409,-0.094,-0.19,-0.029,0.146
-0.81,0.332,1.222,0.999,0.011,-0.03,0.014,-0.293,-0.459,-0.124,-0.427,-0.036,0.147
-0.829,0.31,1.214,0.999,0.011,-0.031,0.013,-0.309,-0.377,-0.157,-0.055,-0.007,-0.019
-0.832,0.307,1.212,1.0,0.016,-0.021,0.009,-0.417,-0.496,-0.234,0.479,1.024,-0.249
-0.841,0.295,1.207,0.999,0.013,-0.032,0.012,-0.333,-0.42,-0.144,0.108,-0.729,-0.009
-0.861,0.274,1.196,1.0,0.017,-0.02,0.01,-0.381,-0.391,-0.201,0.428,0.576,-0.225
-0.865,0.269,1.195,0.999,0.007,-0.029,0.014,-0.378,-0.4,-0.161,-0.301,-0.072,0.086
-0.89,0.242,1.186,1.0,0.007,-0.024,0.014,-0.375,-0.375,-0.106,-0.179,-0.305,0.242
-0.905,0.227,1.181,1.0,0.002,-0.017,0.017,-0.41,-0.394,-0.121,-0.688,0.038,0.583
-0.922,0.21,1.179,1.0,0.008,-0.019,0.014,-0.37,-0.368,-0.04,-0.068,-0.299,0.22
-0.941,0.194,1.179,1.0,0.007,-0.013,0.013,-0.464,-0.554,0.103,0.423,-1.571,-0.531
-0.952,0.183,1.183,1.0,0.006,-0.014,0.013,-0.377,-0.383,0.121,0.03,-0.419,-0.018
-0.958,0.179,1.184,1.0,0.012,-0.008,0.009,-0.692,-0.605,0.164,0.309,0.921,-1.055
-0.997,0.143,1.211,1.0,0.006,-0.006,0.012,-0.374,-0.352,0.298,-0.085,0.029,0.105
-1.016,0.126,1.228,1.0,0.006,-0.003,0.011,-0.361,-0.346,0.338,-0.127,0.007,-0.048
-1.022,0.121,1.234,1.0,0.006,-0.002,0.012,-0.358,-0.329,0.358,-0.206,-0.179,0.216
-1.031,0.114,1.243,1.0,0.01,0.001,0.013,-0.352,-0.298,0.366,0.044,-0.18,0.283
-1.063,0.085,1.274,1.0,0.013,0.009,0.01,-0.345,-0.312,0.343,0.208,0.376,-0.116
-1.066,0.081,1.28,1.0,0.012,0.003,0.012,-0.362,-0.419,0.475,-0.324,-1.115,0.391
-1.08,0.067,1.297,1.0,0.012,0.006,0.011,-0.303,-0.308,0.402,0.021,-0.169,0.015
-1.087,0.061,1.305,1.0,0.012,0.004,0.011,-0.292,-0.326,0.389,0.022,-0.414,0.03
-1.1,0.047,1.321,1.0,0.016,0.012,0.009,-0.329,-0.326,0.401,-0.197,0.334,-0.064
-1.118,0.026,1.343,1.0,0.016,0.014,0.015,-0.279,-0.28,0.314,-0.199,0.34,0.466
-1.122,0.021,1.349,1.0,0.019,0.006,0.011,-0.23,-0.313,0.353,0.048,-0.628,0.288
-1.131,0.009,1.362,1.0,0.02,0.01,0.006,-0.253,-0.328,0.34,0.051,0.338,-0.441
-1.136,0.002,1.373,1.0,0.019,-0.002,0.008,-0.215,-0.296,0.424,0.027,-0.615,-0.17
-1.15,-0.021,1.402,1.0,0.019,0.0,0.011,-0.182,-0.344,0.45,-0.25,-0.63,0.223
-1.15,-0.021,1.402,1.0,0.019,0.0,0.011,-0.182,-0.344,0.45,-0.25,-0.63,0.223
-1.161,-0.042,1.424,1.0,0.02,-0.001,0.011,-0.134,-0.339,0.352,0.085,-1.227,1.108
-1.174,-0.067,1.436,1.0,0.024,-0.0,0.01,-0.145,-0.342,0.127,-0.058,-0.477,0.265
-1.179,-0.077,1.439,1.0,0.024,-0.006,0.01,-0.16,-0.33,0.123,-0.005,-0.445,0.066
-1.197,-0.12,1.463,0.999,0.027,-0.013,0.01,-0.139,-0.378,0.23,0.161,0.027,0.039
-1.203,-0.134,1.47,0.999,0.029,-0.012,0.008,-0.167,-0.369,0.162,0.219,0.272,-0.177
-1.209,-0.15,1.475,0.999,0.027,-0.013,0.01,-0.15,-0.394,0.127,0.141,-0.01,0.072
-1.217,-0.171,1.478,1.0,0.024,-0.011,0.008,-0.145,-0.394,0.044,-0.172,0.1,-0.144
-1.227,-0.198,1.476,1.0,0.025,-0.007,0.01,-0.147,-0.393,-0.036,0.069,0.215,-0.01
-1.227,-0.198,1.476,1.0,0.025,-0.007,0.01,-0.147,-0.393,-0.036,0.069,0.215,-0.01
-1.237,-0.225,1.47,1.0,0.026,0.0,0.006,-0.157,-0.404,-0.122,0.228,0.41,-0.307
-1.242,-0.244,1.463,1.0,0.023,0.0,0.01,-0.121,-0.427,-0.175,0.037,0.033,0.046
-1.246,-0.257,1.456,1.0,0.021,0.002,0.009,-0.125,-0.437,-0.229,-0.094,-0.016,-0.027
-1.253,-0.28,1.438,1.0,0.027,0.015,0.005,-0.138,-0.397,-0.342,0.7,1.16,-0.485
-1.253,-0.28,1.438,1.0,0.027,0.015,0.005,-0.138,-0.397,-0.342,0.7,1.16,-0.485
-1.259,-0.316,1.418,1.0,0.019,0.01,0.008,-0.068,-0.504,-0.223,0.023,-0.148,-0.325
-1.261,-0.331,1.414,1.0,0.021,0.016,0.01,-0.048,-0.451,-0.128,-0.012,0.107,0.055
-1.261,-0.336,1.413,1.0,0.022,0.014,0.009,-0.044,-0.438,-0.115,0.117,-0.156,0.043
-1.262,-0.364,1.415,1.0,0.019,0.015,0.009,0.007,-0.458,0.068,-0.142,0.038,-0.001
-1.257,-0.405,1.442,1.0,0.018,0.013,0.009,0.072,-0.469,0.354,-0.149,-0.35,0.004
-1.254,-0.422,1.456,1.0,0.021,0.016,0.01,0.087,-0.481,0.419,0.051,-0.052,0.116
-1.253,-0.428,1.461,1.0,0.022,0.02,0.008,0.084,-0.464,0.401,0.031,0.268,-0.092
-1.248,-0.449,1.48,1.0,0.02,0.015,0.01,0.119,-0.468,0.403,-0.028,-0.119,0.047
-1.243,-0.465,1.494,1.0,0.018,0.015,0.009,0.154,-0.495,0.46,0.181,-0.784,-0.346
-1.237,-0.484,1.511,1.0,0.02,0.018,0.01,0.148,-0.462,0.388,0.064,0.064,-0.006
-1.231,-0.502,1.523,1.0,0.021,0.014,0.009,0.167,-0.476,0.32,0.077,-0.059,-0.046
-1.221,-0.528,1.534,1.0,0.022,0.01,0.009,0.188,-0.472,0.198,-0.144,-0.34,-0.02
-1.218,-0.536,1.536,1.0,0.022,0.012,0.008,0.208,-0.528,0.142,-0.126,-0.02,-0.062
-1.2,-0.576,1.539,1.0,0.021,0.012,0.009,0.218,-0.476,0.001,-0.072,-0.082,0.033
-1.195,-0.586,1.537,1.0,0.018,0.015,0.008,0.218,-0.468,-0.058,-0.257,0.177,-0.038
-1.181,-0.614,1.531,1.0,0.019,0.014,0.008,0.242,-0.464,-0.112,0.001,-0.066,0.005
-1.167,-0.64,1.52,1.0,0.02,0.013,0.01,0.299,-0.529,-0.242,0.158,-0.077,0.042
-1.141,-0.683,1.489,1.0,0.014,0.012,0.009,0.318,-0.511,-0.385,-0.134,-0.085,0.033
-1.127,-0.705,1.472,1.0,0.011,0.014,0.008,0.314,-0.486,-0.367,-0.153,0.053,-0.11
-1.12,-0.715,1.465,1.0,0.009,0.012,0.009,0.331,-0.5,-0.345,-0.261,-0.144,-0.004
-1.097,-0.747,1.445,1.0,0.009,0.011,0.01,0.369,-0.474,-0.286,0.062,-0.005,-0.036
-1.097,-0.747,1.445,1.0,0.009,0.011,0.01,0.369,-0.474,-0.286,0.062,-0.005,-0.036
-1.086,-0.761,1.437,1.0,0.006,0.013,0.008,0.363,-0.473,-0.259,0.018,0.265,-0.231
-1.07,-0.78,1.429,1.0,0.004,0.014,0.008,0.398,-0.48,-0.185,-0.578,0.011,-0.068
-1.037,-0.815,1.424,1.0,0.001,0.011,0.011,0.429,-0.432,0.015,-0.214,-0.187,0.056
-1.028,-0.824,1.425,1.0,-0.001,0.011,0.009,0.424,-0.427,0.035,-0.203,-0.092,-0.105
-0.984,-0.862,1.435,1.0,0.005,0.016,0.006,0.471,-0.42,0.108,0.472,0.627,-0.389
-0.955,-0.884,1.449,1.0,-0.004,0.006,0.01,0.491,-0.379,0.238,-0.364,-0.257,0.052
-0.947,-0.891,1.454,1.0,-0.005,0.007,0.009,0.51,-0.393,0.264,-0.31,-0.097,-0.018
-0.937,-0.898,1.46,1.0,-0.005,0.006,0.011,0.5,-0.365,0.287,-0.153,0.058,0.063
-0.895,-0.925,1.49,1.0,-0.007,0.007,0.016,0.513,-0.301,0.383,-0.158,0.188,0.589
-0.885,-0.93,1.496,1.0,-0.006,0.005,0.01,0.552,-0.33,0.377,-0.151,-0.015,-0.006
-0.841,-0.954,1.527,1.0,-0.002,0.004,0.011,0.559,-0.282,0.381,0.003,0.014,0.176
-0.829,-0.961,1.533,1.0,-0.005,0.005,0.009,0.556,-0.316,0.343,-0.29,0.171,-0.068
-0.779,-0.984,1.558,1.0,-0.003,0.001,0.011,0.548,-0.22,0.24,0.132,0.084,0.059
-0.731,-1.004,1.575,1.0,-0.009,0.005,0.003,0.538,-0.256,0.172,-0.147,0.383,-0.599
-0.721,-1.007,1.577,1.0,-0.015,0.004,0.013,0.559,-0.19,0.154,-0.542,0.267,0.504
-0.679,-1.021,1.584,1.0,-0.013,-0.007,0.01,0.553,-0.198,0.071,0.06,-0.714,-0.266
-0.665,-1.024,1.583,1.0,-0.013,-0.018,0.007,0.573,-0.114,-0.011,-0.178,-1.731,-0.343
-0.618,-1.037,1.57,1.0,-0.009,-0.006,0.014,0.539,-0.123,-0.2,0.117,-0.012,0.275
-0.607,-1.041,1.565,1.0,-0.011,-0.005,0.009,0.599,-0.162,-0.339,0.491,0.631,-0.719
-0.579,-1.047,1.548,1.0,-0.006,-0.007,0.01,0.585,-0.142,-0.338,0.189,-0.333,0.025
-0.57,-1.048,1.541,1.0,-0.007,-0.007,0.009,0.576,-0.127,-0.381,-0.203,-0.2,0.041
-0.552,-1.051,1.526,1.0,-0.007,-0.003,0.007,0.542,-0.101,-0.402,-0.354,0.071,-0.017
-0.508,-1.057,1.482,1.0,-0.007,-0.011,0.011,0.553,-0.035,-0.581,0.158,-0.291,0.229
-0.499,-1.059,1.472,1.0,-0.009,-0.013,0.008,0.562,-0.083,-0.581,-0.031,-0.316,-0.093
-0.459,-1.062,1.435,1.0,-0.005,-0.014,0.011,0.545,-0.107,-0.471,-0.547,0.06,0.071
-0.444,-1.063,1.422,1.0,0.002,-0.013,0.009,0.544,-0.08,-0.439,0.372,0.076,-0.357
-0.423,-1.064,1.406,1.0,0.002,-0.02,0.009,0.539,-0.065,-0.375,-0.119,-0.682,-0.213
-0.408,-1.064,1.394,1.0,0.011,-0.018,0.013,0.562,-0.015,-0.382,0.349,-0.477,0.048
-0.377,-1.064,1.372,1.0,0.015,-0.02,0.01,0.527,0.032,-0.285,1.142,-0.919,-0.363
-0.377,-1.064,1.372,1.0,0.015,-0.02,0.01,0.527,0.032,-0.285,1.142,-0.919,-0.363
-0.348,-1.065,1.357,1.0,0.018,-0.021,0.01,0.403,0.003,-0.2,-0.088,-0.193,-0.038
-0.305,-1.067,1.321,1.0,0.02,-0.007,0.008,0.498,-0.073,-0.501,-0.147,0.35,0.642
-0.259,-1.071,1.273,1.0,0.025,-0.01,0.011,0.422,-0.046,-0.45,-0.43,0.221,0.109
-0.242,-1.073,1.256,1.0,0.01,0.003,0.019,0.417,-0.027,-0.497,-1.543,1.65,1.13
-0.228,-1.075,1.247,0.999,0.031,-0.01,0.006,0.449,-0.046,-0.353,0.874,0.42,-0.572
-0.203,-1.081,1.233,1.0,0.022,-0.018,0.01,0.446,-0.128,-0.232,-0.393,-0.398,0.166
-0.184,-1.084,1.221,0.999,0.021,-0.038,0.01,0.394,-0.068,-0.241,-0.012,-2.517,0.243
-0.176,-1.086,1.215,1.0,-0.003,0.009,0.019,0.335,-0.106,-0.293,-2.093,2.33,0.727
-0.146,-1.094,1.209,1.0,0.016,-0.008,0.014,0.401,-0.098,-0.027,0.105,0.149,0.327
-0.138,-1.096,1.209,1.0,0.026,-0.001,0.006,0.394,-0.101,-0.013,1.644,0.449,-0.495
-0.114,-1.104,1.225,1.0,0.017,-0.007,0.007,0.467,-0.253,0.336,-1.556,-0.34,-0.705
-0.111,-1.106,1.229,1.0,0.015,-0.012,0.007,0.434,-0.227,0.383,-1.108,-0.587,-0.396
-0.086,-1.113,1.269,1.0,0.013,-0.016,0.006,0.4,-0.13,0.683,-0.337,-0.258,-0.341
-0.062,-1.121,1.314,1.0,0.018,-0.009,0.01,0.393,-0.108,0.802,0.433,-0.53,0.25
-0.058,-1.123,1.323,1.0,-0.006,0.001,0.009,0.355,-0.173,0.766,-1.536,0.63,-0.046
-0.031,-1.133,1.386,1.0,0.02,-0.009,0.009,0.379,-0.139,0.908,0.149,0.182,-0.015
-0.021,-1.136,1.414,1.0,0.015,-0.008,0.006,0.413,-0.121,1.065,-0.146,0.235,-0.113
0.012,-1.15,1.512,1.0,0.011,-0.009,0.007,0.304,-0.115,0.891,0.104,0.33,-0.178
0.028,-1.156,1.558,1.0,0.009,-0.008,0.009,0.322,-0.137,1.035,-0.295,0.618,-0.002
0.033,-1.159,1.574,1.0,0.004,-0.005,0.011,0.319,-0.177,0.978,-0.589,0.37,0.384
0.05,-1.164,1.618,1.0,0.003,-0.014,0.002,0.4,-0.119,1.108,-0.393,-0.96,-0.341
0.08,-1.177,1.677,1.0,0.004,-0.004,0.003,0.398,-0.154,0.577,-0.324,0.026,-0.154
0.101,-1.184,1.692,1.0,0.004,-0.001,0.006,0.334,-0.118,0.142,-0.074,0.213,0.108
0.11,-1.188,1.69,1.0,0.002,-0.0,0.003,0.314,-0.116,-0.022,0.003,-0.016,-0.07
0.116,-1.19,1.686,1.0,0.003,-0.0,0.004,0.315,-0.127,-0.135,0.121,0.089,0.064
0.132,-1.195,1.665,1.0,0.016,0.005,0.003,0.316,-0.07,-0.501,1.317,0.484,-0.057
0.137,-1.196,1.659,1.0,0.013,0.005,0.003,0.321,-0.06,-0.525,0.871,0.395,0.015
0.161,-1.205,1.606,1.0,-0.009,0.003,0.004,0.342,-0.115,-0.796,-0.434,-0.256,0.007
0.161,-1.205,1.606,1.0,-0.009,0.003,0.004,0.342,-0.115,-0.796,-0.434,-0.256,0.007
0.181,-1.21,1.555,1.0,-0.013,0.012,-0.001,0.343,-0.071,-0.916,-0.08,0.48,-0.439
0.204,-1.212,1.507,1.0,-0.009,0.013,0.006,0.421,-0.021,-0.835,1.073,0.101,0.091
0.209,-1.214,1.5,1.0,-0.024,0.01,0.005,0.441,-0.036,-0.735,-0.487,0.48,0.038
0.222,-1.214,1.481,1.0,-0.023,0.01,0.006,0.427,-0.024,-0.619,-0.039,0.069,0.093
0.24,-1.213,1.464,1.0,-0.026,0.009,0.005,0.48,0.024,-0.434,0.026,0.021,0.054
0.254,-1.21,1.457,1.0,-0.027,0.01,0.004,0.286,0.024,-0.155,-0.071,0.205,-0.011
0.271,-1.205,1.456,0.999,-0.035,0.013,0.008,0.407,0.17,-0.043,-1.056,1.086,0.527
0.293,-1.198,1.463,1.0,-0.02,0.002,0.008,0.497,0.197,0.168,0.754,-0.314,0.229
0.323,-1.185,1.486,1.0,-0.025,-0.001,0.008,0.462,0.229,0.402,-0.178,0.01,0.179
0.33,-1.181,1.493,1.0,-0.022,-0.001,0.0,0.365,0.182,0.328,0.116,0.192,-0.465
0.335,-1.179,1.497,1.0,-0.008,0.012,-0.008,0.432,0.226,0.362,1.391,1.466,-1.188
0.355,-1.167,1.517,0.999,-0.032,-0.006,0.008,0.257,0.156,0.252,-0.705,0.042,0.209
0.389,-1.146,1.543,1.0,-0.003,-0.012,0.004,0.442,0.29,0.287,1.3,0.506,-0.248
0.401,-1.139,1.549,1.0,-0.012,-0.018,0.006,0.52,0.29,0.255,-0.281,-0.274,0.04
0.422,-1.123,1.555,1.0,-0.014,-0.017,0.007,0.448,0.306,0.104,-0.552,0.493,-0.141
0.43,-1.118,1.556,1.0,-0.011,-0.015,0.004,0.441,0.294,0.057,-0.022,0.265,-0.195
0.455,-1.096,1.555,1.0,-0.004,-0.022,0.007,0.425,0.379,-0.04,0.529,-0.158,0.032
0.455,-1.096,1.555,1.0,-0.004,-0.022,0.007,0.425,0.379,-0.04,0.529,-0.158,0.032
0.472,-1.083,1.55,1.0,-0.006,-0.022,0.005,0.417,0.347,-0.131,0.07,-0.516,0.055
0.496,-1.059,1.54,1.0,-0.007,-0.023,0.005,0.377,0.403,-0.136,-0.126,-0.254,-0.027
0.496,-1.059,1.54,1.0,-0.007,-0.023,0.005,0.377,0.403,-0.136,-0.126,-0.254,-0.027
0.521,-1.034,1.529,1.0,-0.018,-0.01,0.013,0.357,0.399,-0.203,-0.935,0.63,1.131
0.531,-1.025,1.526,1.0,0.006,-0.018,0.008,0.315,0.302,-0.138,0.5,0.291,0.237
0.531,-1.025,1.526,1.0,0.006,-0.018,0.008,0.129,0.124,-0.057,0.205,0.119,0.097
0.54,-1.013,1.521,1.0,0.005,-0.014,0.005,0.22,0.27,-0.104,0.013,0.185,-0.097
0.566,-0.984,1.511,1.0,0.003,-0.01,0.009,0.44,0.532,-0.175,0.382,0.371,0.478
0.57,-0.977,1.512,1.0,-0.011,-0.01,-0.0,0.248,0.37,-0.029,-0.641,0.13,-0.336
0.57,-0.977,1.512,1.0,-0.011,-0.01,-0.0,0.127,0.19,-0.015,-0.328,0.067,-0.172
0.586,-0.957,1.504,1.0,-0.017,-0.008,0.006,0.341,0.452,-0.174,-0.545,0.233,0.197
0.606,-0.93,1.482,1.0,-0.012,-0.02,0.002,0.389,0.543,-0.482,-0.023,-0.78,-0.105
0.612,-0.921,1.473,1.0,-0.012,-0.013,0.004,0.41,0.543,-0.509,-0.218,0.32,0.309
0.612,-0.921,1.473,1.0,-0.012,-0.013,0.004,0.134,0.178,-0.167,-0.071,0.105,0.101
0.648,-0.866,1.428,1.0,-0.004,-0.028,0.003,0.296,0.501,-0.319,0.351,-1.736,0.228
0.653,-0.859,1.426,1.0,0.004,-0.013,0.002,0.413,0.643,-0.279,1.14,0.998,-0.007
0.666,-0.837,1.423,1.0,-0.009,-0.026,0.007,0.361,0.633,-0.064,-0.87,-0.604,0.513
0.67,-0.829,1.422,1.0,0.005,-0.008,-0.001,0.286,0.554,-0.064,0.664,0.572,-0.49
0.685,-0.802,1.428,1.0,-0.008,-0.024,0.002,0.15,0.255,0.094,-1.35,-0.661,0.079
0.685,-0.802,1.428,1.0,-0.008,-0.024,0.002,0.15,0.255,0.094,-1.35,-0.661,0.079
0.703,-0.767,1.436,1.0,-0.004,-0.023,0.004,0.316,0.577,0.243,-0.143,-1.492,-0.487
0.715,-0.741,1.441,1.0,0.005,-0.016,0.001,0.31,0.601,0.227,-0.309,-0.63,-0.048
0.72,-0.729,1.443,1.0,0.009,-0.014,-0.001,0.249,0.569,0.132,0.334,-0.002,-0.142
0.73,-0.708,1.446,1.0,0.005,-0.019,0.002,0.31,0.665,0.145,0.535,-3.065,-0.151
0.74,-0.683,1.445,1.0,-0.013,-0.021,0.003,0.225,0.511,-0.053,-1.907,-0.68,0.317
0.744,-0.67,1.445,0.998,0.056,-0.019,0.01,0.23,0.72,-0.017,5.468,-0.24,0.765
0.751,-0.656,1.442,1.0,0.005,-0.027,-0.001,0.202,0.4,-0.165,-6.805,-0.485,-0.914
0.761,-0.631,1.433,1.0,0.004,-0.008,0.0,0.201,0.364,-0.182,-6.951,1.339,0.272
0.766,-0.615,1.43,0.999,0.03,-0.023,0.014,0.215,0.589,-0.151,0.409,-0.391,1.154
0.77,-0.608,1.425,1.0,0.004,-0.015,-0.001,0.242,0.487,-0.26,-1.225,2.106,-0.675
0.783,-0.568,1.408,1.0,0.006,-0.015,0.0,0.171,0.511,-0.239,0.309,0.148,-0.17
0.786,-0.561,1.406,1.0,0.003,-0.018,0.002,0.147,0.361,-0.148,-0.248,-0.038,0.059
0.795,-0.529,1.393,1.0,0.006,-0.02,0.001,0.204,0.596,-0.168,0.703,-1.797,-0.485
0.797,-0.525,1.391,1.0,0.003,-0.021,0.001,0.2,0.564,-0.193,0.233,-1.218,-0.326
0.807,-0.489,1.373,1.0,0.005,-0.022,0.002,0.154,0.542,-0.246,-0.082,-0.218,0.072
0.814,-0.457,1.354,1.0,0.026,-0.001,-0.01,0.11,0.549,-0.359,2.574,0.695,-1.507
0.817,-0.449,1.354,1.0,0.002,-0.022,0.0,0.152,0.513,-0.189,-0.221,-0.702,-0.227
0.821,-0.429,1.348,1.0,0.007,-0.029,0.001,0.12,0.524,-0.14,0.321,-0.663,-0.05
0.823,-0.418,1.345,1.0,0.023,-0.017,0.001,0.095,0.556,-0.146,1.693,1.125,-0.129
0.828,-0.389,1.349,1.0,0.009,-0.026,-0.001,0.089,0.488,0.085,0.51,-0.154,-0.229
0.829,-0.377,1.353,1.0,0.011,-0.019,-0.0,0.148,0.556,0.345,2.867,-2.179,-1.194
0.831,-0.37,1.356,1.0,0.005,-0.027,0.001,0.114,0.571,0.301,0.966,-1.793,-0.496
0.833,-0.343,1.369,1.0,0.005,-0.026,0.002,0.057,0.536,0.239,0.431,0.16,-0.153
0.834,-0.328,1.373,1.0,-0.001,-0.018,0.006,0.02,0.538,0.169,-0.138,0.943,0.387
0.835,-0.308,1.382,1.0,0.007,-0.019,-0.001,0.026,0.522,0.193,0.611,0.593,-0.206
0.836,-0.284,1.392,1.0,0.004,-0.031,0.001,0.005,0.533,0.207,0.56,-0.098,-0.254
0.836,-0.284,1.392,1.0,0.004,-0.031,0.001,0.005,0.533,0.207,0.56,-0.098,-0.254
0.835,-0.255,1.406,1.0,0.004,-0.031,-0.001,0.003,0.557,0.357,-1.517,-0.903,-0.256
0.834,-0.234,1.415,1.0,0.001,-0.027,0.001,-0.036,0.482,0.233,-0.16,0.088,-0.101
0.834,-0.234,1.415,1.0,0.001,-0.027,0.001,-0.036,0.482,0.233,-0.16,0.088,-0.101
0.832,-0.216,1.421,1.0,-0.001,-0.03,0.001,-0.098,0.609,0.186,-1.161,1.049,1.064
0.829,-0.191,1.424,1.0,-0.01,-0.016,0.006,-0.094,0.913,0.019,0.875,3.064,-1.832
0.826,-0.169,1.428,1.0,-0.007,-0.028,-0.003,-0.093,0.503,0.098,-0.646,0.297,-0.859
0.82,-0.136,1.422,1.0,-0.001,-0.03,0.0,-0.094,0.503,-0.077,-0.622,-0.196,-0.025
0.817,-0.125,1.419,1.0,-0.005,-0.023,0.01,-0.131,0.528,-0.138,-0.737,0.618,1.037
0.815,-0.115,1.417,0.999,-0.0,-0.034,-0.001,-0.116,0.533,-0.147,0.17,-0.075,-0.1
0.81,-0.093,1.409,1.0,-0.005,-0.029,0.002,-0.153,0.525,-0.228,-0.163,0.34,0.099
0.799,-0.054,1.392,1.0,-0.004,-0.027,-0.001,-0.148,0.494,-0.263,-1.277,0.284,-0.275
0.798,-0.048,1.389,1.0,-0.004,-0.03,-0.0,-0.137,0.481,-0.235,-0.779,-0.156,-0.056
0.784,-0.007,1.363,0.999,-0.008,-0.034,0.001,-0.179,0.558,-0.346,-0.364,-0.632,0.219
0.779,0.006,1.353,1.0,-0.013,-0.02,0.002,-0.192,0.528,-0.376,-0.354,0.671,0.134
0.769,0.036,1.336,0.999,-0.003,-0.034,-0.001,-0.183,0.559,-0.3,0.243,-0.731,0.085
0.767,0.042,1.331,1.0,-0.009,-0.03,0.0,-0.191,0.536,-0.322,-0.322,-0.225,0.153
0.752,0.077,1.314,1.0,-0.005,-0.03,-0.001,-0.238,0.578,-0.269,0.043,0.105,-0.016
0.738,0.111,1.304,1.0,-0.001,-0.027,-0.001,-0.234,0.586,-0.13,0.769,-0.255,-0.389
0.734,0.118,1.302,1.0,-0.004,-0.023,0.003,-0.255,0.569,-0.145,0.265,0.25,0.132
0.722,0.144,1.301,1.0,-0.002,-0.027,-0.001,-0.398,0.823,-0.024,0.166,1.045,0.362
0.715,0.159,1.302,1.0,0.004,-0.031,-0.002,-0.307,0.661,0.079,-0.077,-0.478,0.273
0.696,0.195,1.313,0.999,0.005,-0.034,-0.002,-0.324,0.622,0.195,0.223,0.387,-0.108
0.692,0.203,1.315,1.0,-0.003,-0.022,0.005,-0.34,0.616,0.211,-0.781,1.04,0.638
0.683,0.22,1.324,1.0,0.004,-0.027,-0.001,-0.336,0.636,0.294,0.062,0.224,-0.014
0.662,0.255,1.346,1.0,0.009,-0.03,-0.003,-0.326,0.576,0.365,0.02,-0.392,-0.09
0.662,0.255,1.346,1.0,0.009,-0.03,-0.003,-0.326,0.576,0.365,0.02,-0.392,-0.09
0.64,0.291,1.367,1.0,0.009,-0.028,-0.001,-0.35,0.554,0.368,0.248,-0.552,-0.217
0.606,0.343,1.383,1.0,0.016,-0.026,-0.001,-0.467,0.702,0.111,0.55,-0.082,-0.162
0.598,0.352,1.383,1.0,0.01,-0.019,0.005,-0.465,0.617,0.033,-0.346,0.649,0.556
0.573,0.389,1.375,1.0,0.016,-0.019,0.001,-0.415,0.58,-0.167,-0.556,0.571,0.426
0.566,0.399,1.372,0.999,0.023,-0.028,-0.003,-0.369,0.524,-0.192,0.287,-0.275,-0.159
0.533,0.441,1.349,0.999,0.02,-0.03,-0.002,-0.391,0.512,-0.286,-0.011,-0.584,-0.026
0.523,0.453,1.34,0.999,0.024,-0.03,-0.002,-0.4,0.504,-0.314,0.32,-0.315,0.107
0.486,0.496,1.299,0.999,0.024,-0.022,-0.003,-0.416,0.477,-0.493,0.351,0.173,-0.135
0.481,0.502,1.292,0.999,0.022,-0.026,-0.003,-0.393,0.436,-0.469,0.206,-0.332,-0.189
0.456,0.528,1.264,0.999,0.023,-0.025,-0.005,-0.421,0.425,-0.479,-0.394,-0.334,-0.119
0.45,0.534,1.258,0.999,0.026,-0.022,-0.002,-0.455,0.433,-0.493,-0.363,0.168,0.287
0.43,0.554,1.241,0.999,0.027,-0.026,-0.001,-0.42,0.426,-0.341,-0.137,-0.638,0.18
0.417,0.566,1.231,0.999,0.027,-0.025,-0.003,-0.441,0.428,-0.321,-0.052,-0.195,0.052
0.399,0.581,1.221,0.999,0.037,-0.023,-0.009,-0.556,0.473,-0.359,2.2,0.419,-1.247
0.374,0.601,1.215,0.999,0.027,-0.025,-0.003,-0.5,0.396,-0.134,0.523,0.319,-0.169
0.374,0.601,1.215,0.999,0.027,-0.025,-0.003,-0.5,0.396,-0.134,0.523,0.319,-0.169
0.351,0.618,1.218,0.999,0.021,-0.032,0.002,-0.451,0.359,0.092,-0.584,-0.931,0.449
0.327,0.634,1.225,0.999,0.027,-0.029,-0.001,-0.468,0.308,0.197,0.119,-0.392,-0.005
0.327,0.634,1.225,0.999,0.027,-0.029,-0.001,-0.468,0.308,0.197,0.119,-0.392,-0.005
0.311,0.643,1.236,0.999,0.028,-0.026,-0.002,-0.481,0.29,0.334,0.284,-0.134,-0.088
0.291,0.654,1.249,0.999,0.04,-0.014,-0.009,-0.528,0.27,0.308,1.046,1.062,-0.691
0.266,0.667,1.275,0.999,0.036,-0.021,-0.004,-0.53,0.265,0.477,0.451,0.515,-0.177
0.258,0.67,1.285,0.999,0.031,-0.025,-0.002,-0.508,0.236,0.555,-0.235,-0.129,0.115
0.241,0.678,1.303,0.999,0.031,-0.021,-0.002,-0.513,0.218,0.563,-0.137,0.251,0.161
0.198,0.695,1.34,0.999,0.032,-0.027,-0.002,-0.511,0.184,0.394,0.041,-0.134,0.056
0.189,0.698,1.346,0.999,0.03,-0.019,-0.003,-0.582,0.217,0.391,-0.537,0.824,-0.022
0.142,0.714,1.366,0.999,0.026,-0.022,-0.002,-0.544,0.179,0.208,0.254,-0.146,-0.145
0.113,0.721,1.376,0.999,0.024,-0.023,-0.003,-0.535,0.134,0.2,0.13,-0.104,-0.103
0.104,0.724,1.379,0.999,0.023,-0.023,-0.002,-0.549,0.141,0.192,-0.008,-0.163,0.021
0.072,0.731,1.39,0.999,0.025,-0.02,-0.003,-0.539,0.119,0.207,0.363,-0.175,-0.297
0.049,0.737,1.395,1.0,0.019,-0.013,-0.0,-0.581,0.135,0.101,-0.383,0.741,0.186
0.023,0.741,1.399,1.0,0.018,-0.021,-0.001,-0.623,0.11,0.071,-1.143,0.108,0.351
-0.003,0.746,1.402,1.0,0.022,-0.015,-0.002,-0.546,0.099,0.044,0.072,0.208,-0.006
-0.007,0.747,1.403,1.0,0.014,-0.021,0.001,-0.539,0.1,0.096,-0.806,-0.354,0.31
-0.028,0.75,1.404,1.0,0.02,-0.013,-0.001,-0.531,0.079,0.068,0.246,-0.233,-0.13
-0.048,0.753,1.406,1.0,0.019,-0.013,-0.003,-0.57,0.095,0.055,0.22,0.103,-0.135
-0.075,0.756,1.406,1.0,0.016,-0.016,-0.002,-0.544,0.06,0.011,-0.012,-0.235,-0.058
-0.089,0.758,1.404,1.0,0.013,-0.008,0.002,-0.569,0.072,-0.081,-0.367,0.564,0.194
-0.108,0.76,1.4,1.0,0.013,-0.013,-0.002,-0.522,0.015,-0.124,-0.082,-0.433,-0.288
-0.115,0.761,1.398,1.0,0.017,-0.025,-0.002,-0.512,0.041,-0.125,0.377,-1.402,-0.227
-0.128,0.763,1.393,1.0,0.014,-0.01,-0.001,-0.543,0.064,-0.2,-0.208,0.53,0.072
-0.162,0.766,1.382,1.0,0.009,-0.01,0.001,-0.535,0.063,-0.177,-0.305,0.225,0.163
-0.17,0.767,1.381,1.0,0.011,-0.013,-0.0,-0.522,0.041,-0.125,0.009,-0.107,-0.013
-0.185,0.769,1.377,1.0,0.009,-0.009,-0.0,-0.524,0.053,-0.127,-0.0,0.293,0.016
-0.211,0.771,1.375,1.0,0.01,-0.015,-0.001,-0.511,0.043,-0.03,0.06,-0.296,-0.021
-0.218,0.772,1.376,1.0,0.01,-0.016,-0.001,-0.545,0.04,0.017,0.054,-0.315,-0.043
-0.249,0.775,1.379,1.0,0.008,-0.013,-0.0,-0.593,0.046,0.093,-0.106,0.29,0.155
-0.26,0.776,1.381,1.0,0.009,-0.022,-0.0,-0.532,0.061,0.13,-0.019,-0.703,-0.003
-0.269,0.777,1.382,1.0,0.009,-0.014,0.0,-0.505,0.049,0.088,-0.007,0.055,0.063
-0.303,0.78,1.389,1.0,0.011,-0.021,-0.001,-0.508,0.051,0.117,0.171,-0.495,-0.07
-0.313,0.782,1.392,1.0,0.011,-0.02,-0.002,-0.498,0.061,0.115,0.155,-0.228,-0.14
-0.32,0.782,1.392,1.0,0.007,-0.007,0.001,-0.485,0.054,0.068,-0.233,0.73,0.102
-0.355,0.786,1.397,1.0,0.013,-0.012,0.001,-0.607,0.095,0.034,-0.001,1.36,0.385
-0.355,0.786,1.397,1.0,0.013,-0.012,0.001,-0.607,0.095,0.034,-0.001,1.36,0.385
-0.37,0.787,1.398,1.0,0.011,-0.012,0.0,-0.526,0.047,0.026,-0.148,0.424,0.19
-0.385,0.789,1.399,1.0,0.014,-0.014,-0.001,-0.547,0.057,0.013,0.007,0.421,0.032
-0.423,0.792,1.405,1.0,0.019,-0.016,-0.001,-0.517,0.038,0.081,0.201,0.343,-0.044
-0.452,0.793,1.413,1.0,0.023,-0.016,-0.001,-0.51,0.005,0.135,0.229,0.299,-0.067
-0.467,0.794,1.418,1.0,0.022,-0.013,0.001,-0.502,0.026,0.155,0.075,0.595,0.128
-0.471,0.794,1.419,0.999,0.024,-0.024,-0.001,-0.509,0.033,0.17,0.265,-0.602,-0.051
-0.503,0.794,1.425,1.0,0.026,-0.018,-0.0,-0.516,0.01,0.085,0.051,-0.115,0.058
-0.51,0.795,1.426,1.0,0.026,-0.015,-0.0,-0.511,0.015,0.07,0.1,0.21,0.025
-0.529,0.794,1.426,1.0,0.027,-0.016,-0.0,-0.566,-0.011,0.004,-0.047,0.145,0.03
-0.559,0.792,1.424,1.0,0.028,-0.013,-0.001,-0.543,-0.038,-0.042,0.015,-0.319,-0.033
-0.559,0.792,1.424,1.0,0.028,-0.013,-0.001,-0.543,-0.038,-0.042,0.015,-0.319,-0.033
-0.595,0.789,1.419,0.999,0.034,-0.02,-0.002,-0.509,-0.047,-0.041,0.282,-0.469,-0.15
-0.616,0.786,1.417,0.999,0.033,-0.009,-0.001,-0.517,-0.058,-0.046,0.067,0.342,-0.025
-0.628,0.783,1.417,0.999,0.033,-0.013,-0.001,-0.488,-0.104,0.011,-0.097,-0.375,0.048
-0.651,0.779,1.418,0.999,0.036,-0.008,0.0,-0.487,-0.108,0.028,0.104,0.211,0.146
-0.669,0.774,1.421,0.999,0.035,-0.011,-0.001,-0.52,-0.127,0.071,-0.022,0.106,0.012
-0.673,0.773,1.423,0.999,0.034,-0.014,-0.001,-0.505,-0.13,0.102,-0.047,-0.084,-0.008
-0.707,0.761,1.431,0.999,0.036,-0.011,-0.002,-0.486,-0.166,0.131,0.116,-0.164,-0.025
-0.707,0.761,1.431,0.999,0.036,-0.011,-0.002,-0.486,-0.166,0.131,0.116,-0.164,-0.025
-0.739,0.749,1.439,0.999,0.035,-0.01,0.001,-0.671,-0.201,0.231,-0.089,0.758,0.082
-0.748,0.744,1.441,0.999,0.035,-0.003,-0.003,-0.544,-0.232,0.167,-0.138,0.618,-0.213
-0.765,0.735,1.448,0.999,0.035,-0.003,-0.001,-0.44,-0.225,0.163,-0.12,0.198,0.03
-0.771,0.732,1.45,0.999,0.039,-0.007,-0.002,-0.458,-0.252,0.178,0.341,-0.25,-0.044
-0.787,0.723,1.457,0.999,0.037,-0.004,-0.0,-0.452,-0.253,0.183,-0.043,-0.268,0.153
-0.831,0.693,1.474,0.999,0.038,-0.004,-0.002,-0.403,-0.292,0.159,0.075,-0.463,0.053
-0.856,0.672,1.481,0.999,0.035,-0.002,-0.001,-0.383,-0.345,0.116,-0.138,-0.125,0.041
-0.864,0.665,1.484,0.999,0.036,-0.0,-0.002,-0.416,-0.372,0.164,-0.134,-0.071,-0.226
-0.881,0.649,1.49,0.999,0.035,0.002,-0.002,-0.419,-0.405,0.144,0.072,0.384,-0.114
-0.895,0.635,1.497,0.999,0.036,-0.0,-0.001,-0.366,-0.387,0.17,-0.122,-0.15,0.053
-0.913,0.613,1.506,0.999,0.037,0.001,-0.001,-0.348,-0.412,0.155,0.1,0.115,-0.03
-0.913,0.613,1.506,0.999,0.037,0.001,-0.001,-0.348,-0.412,0.155,0.1,0.115,-0.03
-0.932,0.589,1.513,0.999,0.037,0.002,-0.002,-0.333,-0.435,0.113,0.03,0.05,-0.057
-0.96,0.547,1.519,0.999,0.033,-0.005,0.001,-0.293,-0.453,0.072,-0.263,-0.665,0.298
-0.964,0.541,1.518,0.999,0.035,-0.0,-0.001,-0.297,-0.459,0.016,-0.057,-0.074,0.084
-0.979,0.515,1.52,0.999,0.033,-0.003,-0.001,-0.274,-0.507,0.029,0.0,-0.246,-0.059
-0.984,0.507,1.52,0.999,0.033,-0.004,-0.002,-0.291,-0.51,0.036,-0.062,-0.363,-0.062
-0.997,0.481,1.522,1.0,0.031,-0.004,-0.002,-0.262,-0.507,0.033,-0.126,-0.169,-0.059
-1.011,0.453,1.521,1.0,0.031,-0.005,-0.0,-0.244,-0.517,-0.015,-0.075,-0.185,0.092
-1.02,0.433,1.519,1.0,0.031,-0.004,-0.002,-0.253,-0.549,-0.061,-0.026,-0.102,-0.056
-1.033,0.404,1.515,1.0,0.028,-0.01,0.004,-0.241,-0.5,-0.068,-0.058,-0.601,0.548
-1.038,0.392,1.512,1.0,0.025,-0.009,-0.001,-0.237,-0.537,-0.096,-0.26,-0.455,0.022
-1.061,0.334,1.495,1.0,0.017,-0.005,-0.0,-0.211,-0.528,-0.174,-0.334,0.383,0.115
-1.066,0.322,1.49,1.0,0.019,-0.002,-0.005,-0.216,-0.541,-0.212,0.091,0.492,-0.302
-1.084,0.273,1.466,1.0,0.013,-0.006,-0.002,-0.214,-0.556,-0.303,-0.04,0.197,-0.03
-1.096,0.238,1.444,1.0,0.011,-0.008,-0.0,-0.193,-0.556,-0.37,-0.098,-0.331,0.158
-1.098,0.235,1.441,1.0,0.01,-0.012,0.001,-0.179,-0.506,-0.335,-0.162,-0.587,0.244
-1.107,0.209,1.421,1.0,0.008,-0.006,-0.002,-0.203,-0.554,-0.428,-0.188,-0.022,-0.148
-1.114,0.189,1.404,1.0,0.006,-0.008,-0.001,-0.193,-0.53,-0.442,-0.037,-0.148,0.012
-1.116,0.182,1.398,1.0,0.004,-0.004,-0.002,-0.182,-0.562,-0.475,-0.245,0.273,-0.148
-1.129,0.144,1.366,1.0,0.006,-0.01,-0.001,-0.203,-0.619,-0.517,0.099,-0.878,0.008
-1.129,0.144,1.366,1.0,0.006,-0.01,-0.001,-0.203,-0.619,-0.517,0.099,-0.878,0.008
-1.136,0.123,1.348,1.0,0.004,-0.008,-0.001,-0.164,-0.535,-0.427,-0.048,-0.431,-0.008
-1.146,0.093,1.326,1.0,0.005,-0.004,-0.001,-0.147,-0.538,-0.357,-0.245,-0.034,0.05
-1.146,0.093,1.326,1.0,0.005,-0.004,-0.001,-0.147,-0.538,-0.357,-0.245,-0.034,0.05
-1.155,0.061,1.312,1.0,0.005,-0.004,-0.002,-0.138,-0.509,-0.188,-0.159,-0.101,-0.076
-1.164,0.03,1.308,1.0,0.009,-0.004,-0.003,-0.133,-0.48,-0.036,0.337,0.059,-0.165
-1.17,0.009,1.313,1.0,0.005,-0.005,-0.002,-0.105,-0.477,0.137,0.295,-0.622,-0.243
-1.178,-0.021,1.327,1.0,0.011,0.005,-0.007,-0.129,-0.46,0.221,0.295,0.504,-0.419
-1.179,-0.028,1.332,1.0,0.012,0.0,-0.002,-0.093,-0.436,0.26,0.481,-0.068,0.116
-1.183,-0.05,1.35,1.0,0.007,-0.0,-0.003,-0.089,-0.452,0.373,-0.102,-0.057,-0.04
-1.185,-0.061,1.359,1.0,0.011,-0.002,-0.002,-0.08,-0.446,0.39,0.107,-0.391,0.055
-1.19,-0.087,1.386,1.0,0.01,-0.001,-0.003,-0.068,-0.414,0.414,-0.001,0.109,-0.084
-1.19,-0.087,1.386,1.0,0.01,-0.001,-0.003,-0.068,-0.414,0.414,-0.001,0.109,-0.084
-1.195,-0.113,1.417,1.0,0.014,0.001,-0.008,-0.088,-0.402,0.501,0.351,0.374,-0.507
-1.197,-0.14,1.455,1.0,0.014,-0.007,-0.0,-0.041,-0.396,0.579,-0.094,-0.295,0.328
-1.2,-0.164,1.483,1.0,0.02,-0.005,-0.003,-0.045,-0.423,0.499,0.243,0.022,-0.004
-1.202,-0.194,1.511,1.0,0.021,-0.003,-0.002,-0.018,-0.637,0.497,-0.31,-0.551,-0.293
-1.203,-0.199,1.515,1.0,0.021,-0.004,-0.002,-0.02,-0.531,0.385,-0.151,-0.307,-0.101
-1.205,-0.226,1.526,1.0,0.024,0.001,-0.007,-0.041,-0.45,0.145,0.16,0.395,-0.485
-1.207,-0.247,1.527,1.0,0.025,-0.003,-0.004,-0.032,-0.451,0.004,-0.018,-0.076,0.01
-1.208,-0.262,1.525,1.0,0.025,-0.006,-0.005,-0.04,-0.46,-0.051,-0.078,-0.213,-0.188
-1.209,-0.269,1.523,1.0,0.022,-0.001,0.001,-0.055,-0.437,-0.128,-0.581,0.304,0.35
-1.209,-0.286,1.517,1.0,0.028,-0.004,-0.003,-0.017,-0.448,-0.144,-0.024,-0.162,0.036
-1.21,-0.334,1.496,1.0,0.027,-0.002,-0.002,-0.059,-0.675,-0.433,1.128,1.759,-0.644
-1.21,-0.357,1.482,1.0,0.026,0.001,-0.003,-0.01,-0.473,-0.283,0.039,0.219,-0.072
-1.211,-0.364,1.478,1.0,0.028,0.007,-0.006,-0.01,-0.513,-0.318,0.253,0.673,-0.354
-1.21,-0.386,1.465,1.0,0.024,0.003,-0.003,0.021,-0.554,-0.348,0.087,0.24,-0.082
-1.209,-0.405,1.452,1.0,0.022,0.006,-0.002,0.027,-0.525,-0.36,-0.074,0.03,0.04
-1.209,-0.413,1.446,1.0,0.026,0.008,-0.003,0.027,-0.512,-0.375,0.212,0.116,0.026
-1.205,-0.45,1.426,1.0,0.021,0.007,-0.002,0.043,-0.491,-0.268,-0.071,-0.084,-0.064
-1.205,-0.45,1.426,1.0,0.021,0.007,-0.002,0.043,-0.491,-0.268,-0.071,-0.084,-0.064
-1.203,-0.465,1.42,1.0,0.019,0.005,-0.0,0.072,-0.563,-0.212,-0.317,-0.38,0.242
-1.198,-0.502,1.415,1.0,0.019,0.007,-0.003,0.088,-0.528,-0.048,0.03,0.109,-0.148
-1.198,-0.502,1.415,1.0,0.019,0.007,-0.003,0.088,-0.528,-0.048,0.03,0.109,-0.148
-1.191,-0.533,1.42,1.0,0.017,0.001,-0.0,0.107,-0.489,0.09,-0.034,-0.375,0.123
-1.186,-0.554,1.425,1.0,0.02,0.008,-0.001,0.129,-0.529,0.161,0.074,-0.019,0.165
-1.181,-0.575,1.432,1.0,0.015,0.009,-0.001,0.226,-0.688,0.297,-1.024,-0.988,0.93
-1.177,-0.588,1.437,1.0,0.014,0.01,-0.002,0.17,-0.587,0.217,-0.282,-0.226,0.212
-1.162,-0.638,1.456,1.0,0.014,0.014,-0.004,0.157,-0.493,0.178,0.251,0.374,-0.205
-1.159,-0.645,1.459,1.0,0.007,0.006,-0.001,0.188,-0.532,0.227,-0.327,-0.392,0.108
-1.144,-0.682,1.475,1.0,0.003,0.006,0.0,0.222,-0.516,0.226,-0.124,-0.04,0.201
-1.141,-0.691,1.479,1.0,0.002,0.005,0.0,0.221,-0.52,0.216,-0.175,-0.094,0.097
-1.134,-0.707,1.487,1.0,0.002,0.006,-0.001,0.214,-0.501,0.215,-0.061,0.15,-0.016
-1.121,-0.733,1.5,1.0,0.001,0.002,-0.001,0.235,-0.486,0.247,-0.273,-0.223,0.088
-1.109,-0.756,1.511,1.0,0.0,0.003,-0.001,0.275,-0.534,0.277,-0.477,-0.508,0.248
-1.109,-0.756,1.511,1.0,0.0,0.003,-0.001,0.275,-0.534,0.277,-0.477,-0.508,0.248
-1.093,-0.786,1.528,1.0,0.002,0.002,-0.0,0.329,-0.492,0.367,-1.302,-1.227,1.056
-1.075,-0.814,1.542,1.0,-0.001,-0.003,-0.0,0.29,-0.434,0.213,-0.3,-0.34,0.088
-1.068,-0.825,1.545,1.0,-0.0,-0.0,-0.0,0.398,-0.627,0.293,-1.07,-1.21,0.366
-1.043,-0.862,1.552,1.0,-0.002,0.001,-0.0,0.368,-0.455,0.12,-0.591,-1.124,0.585
-1.039,-0.867,1.552,1.0,-0.002,0.0,-0.001,0.349,-0.449,0.087,-0.383,-0.996,0.325
-1.015,-0.898,1.551,1.0,0.0,0.001,-0.001,0.304,-0.381,-0.017,0.201,-0.244,0.106
-1.01,-0.904,1.55,1.0,-0.001,0.005,-0.003,0.303,-0.373,-0.04,0.066,0.139,-0.144
-0.991,-0.924,1.547,1.0,-0.007,0.003,-0.001,0.325,-0.357,-0.057,-0.433,-0.072,-0.085
-0.987,-0.928,1.546,1.0,-0.004,0.006,-0.001,0.325,-0.353,-0.086,-0.019,0.266,-0.003
-0.972,-0.942,1.541,1.0,-0.009,0.01,0.003,0.326,-0.313,-0.128,-0.476,0.485,0.394
-0.954,-0.959,1.536,1.0,-0.005,0.004,-0.001,0.355,-0.319,-0.096,-0.017,-0.103,0.003
-0.93,-0.978,1.532,1.0,-0.0,0.01,-0.0,0.375,-0.272,-0.085,0.219,0.419,0.121
-0.93,-0.978,1.532,1.0,-0.0,0.01,-0.0,0.375,-0.272,-0.085,0.219,0.419,0.121
-0.873,-1.014,1.523,1.0,0.003,0.006,-0.002,0.439,-0.231,-0.058,0.245,-0.074,0.056
-0.866,-1.019,1.523,1.0,0.004,0.005,-0.002,0.408,-0.237,-0.048,0.193,-0.035,0.055
-0.84,-1.032,1.519,1.0,0.006,0.007,-0.003,0.473,-0.252,-0.052,0.291,-0.223,-0.16
-0.827,-1.039,1.518,1.0,0.008,0.006,-0.003,0.465,-0.243,-0.058,0.051,0.038,-0.26
-0.79,-1.056,1.519,1.0,0.013,0.003,-0.004,0.43,-0.213,0.016,0.071,0.225,-0.063
-0.778,-1.061,1.521,1.0,0.016,0.001,-0.004,0.485,-0.207,0.1,0.246,-0.092,0.001
-0.745,-1.075,1.526,0.999,-0.002,0.037,0.011,0.384,-0.127,-0.063,-1.585,3.434,1.329
-0.732,-1.082,1.532,1.0,0.017,0.003,-0.005,0.474,-0.193,0.103,0.274,-0.309,-0.084
-0.675,-1.106,1.538,1.0,0.018,0.003,-0.005,0.487,-0.193,-0.004,0.153,0.385,-0.039
-0.652,-1.117,1.536,1.0,0.016,-0.003,-0.005,0.505,-0.213,-0.068,-0.054,-0.103,0.005
-0.646,-1.12,1.535,1.0,0.016,-0.0,-0.006,0.497,-0.218,-0.068,0.092,-0.017,-0.105
-0.63,-1.127,1.529,1.0,0.022,0.005,-0.009,0.497,-0.247,-0.13,1.002,-0.134,-0.573
-0.596,-1.142,1.52,1.0,0.013,-0.004,-0.006,0.504,-0.247,-0.135,-0.377,-0.144,-0.063
-0.58,-1.149,1.514,1.0,0.012,-0.006,-0.005,0.485,-0.222,-0.159,-0.139,-0.146,0.059
-0.547,-1.163,1.501,1.0,0.01,-0.005,-0.005,0.512,-0.224,-0.23,-0.07,-0.061,0.051
-0.524,-1.174,1.489,1.0,0.009,-0.007,-0.006,0.527,-0.239,-0.245,-0.06,-0.315,-0.006
-0.509,-1.18,1.482,1.0,0.006,-0.007,-0.005,0.525,-0.247,-0.249,-0.173,-0.122,0.111
-0.502,-1.182,1.479,1.0,0.012,-0.005,-0.005,0.477,-0.168,-0.216,0.627,-0.262,-0.22
-0.465,-1.197,1.471,1.0,0.004,-0.011,-0.005,0.625,-0.197,-0.111,0.075,-0.37,-0.042
-0.465,-1.197,1.471,1.0,0.004,-0.011,-0.005,0.625,-0.197,-0.111,0.075,-0.37,-0.042
-0.453,-1.203,1.47,1.0,0.002,-0.011,-0.006,0.543,-0.223,-0.043,-0.095,-0.151,-0.155
-0.427,-1.211,1.472,1.0,-0.004,-0.002,-0.003,0.485,-0.153,0.036,-0.413,0.552,0.315
-0.397,-1.221,1.484,1.0,-0.007,-0.015,-0.005,0.481,-0.146,0.225,-0.358,-0.265,0.082
-0.388,-1.224,1.488,1.0,-0.01,-0.002,0.003,0.445,-0.165,0.197,-0.716,0.829,0.846
-0.343,-1.236,1.517,1.0,-0.003,-0.014,-0.005,0.478,-0.108,0.355,-0.198,-0.455,0.156
-0.337,-1.237,1.521,1.0,0.002,-0.009,-0.003,0.49,-0.109,0.356,0.34,0.159,0.132
-0.321,-1.24,1.537,1.0,-0.009,-0.017,-0.006,0.472,-0.098,0.447,-0.227,-0.542,-0.251
-0.298,-1.245,1.56,1.0,-0.011,-0.009,-0.005,0.465,-0.105,0.486,0.1,-0.233,-0.151
-0.293,-1.245,1.565,1.0,-0.007,-0.006,-0.006,0.439,-0.036,0.448,0.172,0.158,-0.014
-0.258,-1.249,1.602,1.0,-0.016,-0.022,-0.006,0.46,-0.043,0.418,-0.527,-0.691,-0.547
-0.249,-1.25,1.611,1.0,-0.015,-0.003,0.002,0.434,-0.026,0.377,-0.549,0.866,0.496
-0.22,-1.251,1.63,1.0,-0.01,-0.016,-0.003,0.423,0.003,0.239,0.034,-0.568,0.149
-0.206,-1.252,1.633,1.0,-0.011,-0.008,-0.006,0.456,-0.042,0.163,0.55,-0.644,-0.475
-0.186,-1.252,1.636,1.0,-0.01,-0.008,-0.005,0.413,0.005,0.042,0.216,0.238,0.027
-0.173,-1.252,1.636,1.0,-0.013,-0.003,-0.01,0.395,-0.007,0.001,0.121,0.532,-0.399
-0.151,-1.249,1.636,1.0,-0.014,-0.007,-0.005,0.413,0.13,-0.061,4.419,-0.417,-0.462
-0.151,-1.249,1.636,1.0,-0.014,-0.007,-0.005,0.413,0.13,-0.061,4.419,-0.417,-0.462
-0.135,-1.248,1.635,1.0,-0.013,-0.005,-0.007,0.416,0.035,-0.021,0.572,-0.069,-0.13
-0.121,-1.244,1.636,1.0,-0.017,-0.005,-0.003,0.427,0.076,-0.011,-0.223,0.254,0.163
-0.101,-1.24,1.636,1.0,-0.013,-0.002,-0.005,0.413,0.062,-0.041,0.613,0.597,-0.066
-0.099,-1.239,1.636,1.0,-0.011,-0.003,-0.009,0.396,0.117,-0.017,0.737,0.385,-0.479
-0.071,-1.231,1.636,1.0,-0.018,-0.004,-0.007,0.427,0.106,-0.033,0.07,0.455,-0.327
-0.064,-1.228,1.635,1.0,-0.008,-0.001,-0.004,0.411,0.171,-0.033,0.866,0.431,0.1
-0.042,-1.22,1.635,1.0,-0.014,0.002,-0.006,0.515,0.192,0.001,0.792,-0.368,0.124
-0.026,-1.213,1.635,1.0,-0.021,0.009,-0.003,0.419,0.203,-0.033,-0.594,0.858,0.255
-0.026,-1.213,1.635,1.0,-0.021,0.009,-0.003,0.419,0.203,-0.033,-0.594,0.858,0.255
0.009,-1.198,1.636,1.0,-0.014,0.002,-0.009,0.522,0.21,-0.008,-0.401,0.011,-0.242
0.05,-1.174,1.643,1.0,-0.008,0.0,-0.003,0.469,0.269,0.091,0.151,-0.034,0.179
0.083,-1.154,1.654,1.0,0.001,0.006,-0.011,0.445,0.301,0.14,0.722,0.128,-0.13
0.091,-1.15,1.657,1.0,-0.011,0.003,-0.008,0.51,0.295,0.203,-0.421,-0.073,0.058
0.133,-1.124,1.674,1.0,-0.011,0.007,-0.01,0.496,0.303,0.19,-0.167,0.187,-0.17
0.141,-1.118,1.677,1.0,-0.008,0.004,-0.006,0.492,0.344,0.191,0.146,-0.16,0.192
0.182,-1.091,1.692,1.0,-0.012,0.004,-0.009,0.545,0.292,0.183,-0.446,-0.314,-0.012
0.188,-1.086,1.694,1.0,-0.009,0.007,-0.008,0.519,0.314,0.188,0.053,-0.185,-0.098
0.23,-1.055,1.699,1.0,-0.009,0.006,-0.007,0.524,0.399,0.002,-0.166,0.124,0.09
0.243,-1.047,1.698,1.0,-0.002,-0.001,-0.008,0.561,0.368,-0.026,0.13,-0.477,0.127
0.307,-1.0,1.68,1.0,0.001,0.009,-0.005,0.588,0.452,-0.224,0.495,0.375,0.424
0.325,-0.987,1.671,1.0,-0.003,0.006,-0.005,0.471,0.333,-0.206,-0.026,-0.155,0.269
0.361,-0.959,1.647,1.0,-0.01,-0.007,-0.011,0.58,0.474,-0.358,-0.738,-1.231,-0.067
0.37,-0.953,1.638,1.0,-0.003,0.004,-0.009,0.582,0.424,-0.443,0.203,-0.224,0.171
0.398,-0.932,1.612,1.0,-0.013,0.007,-0.01,0.57,0.419,-0.471,-0.446,0.164,-0.218
0.42,-0.914,1.589,1.0,-0.019,0.017,-0.001,0.566,0.416,-0.594,-3.471,1.124,0.975
0.445,-0.896,1.566,1.0,-0.006,-0.011,-0.01,0.392,0.206,-0.394,-4.726,-0.386,0.369
0.457,-0.887,1.555,1.0,-0.001,0.005,-0.008,0.634,0.433,-0.582,-2.261,0.736,0.399
0.505,-0.849,1.52,1.0,0.008,0.003,-0.012,0.519,0.423,-0.338,0.167,0.206,-0.1
0.52,-0.839,1.514,1.0,0.01,-0.005,-0.009,0.661,0.407,-0.273,0.264,-1.185,0.105
0.566,-0.803,1.499,1.0,0.012,-0.011,-0.012,0.644,0.483,-0.118,-0.24,-0.567,-0.015
0.608,-0.767,1.492,0.996,0.087,-0.022,-0.014,0.596,0.638,-0.011,9.195,-0.79,-0.324
0.613,-0.765,1.491,1.0,0.021,-0.002,-0.022,0.503,0.436,-0.056,0.694,1.198,-0.967
0.626,-0.755,1.49,1.0,0.015,-0.021,-0.012,0.575,0.416,-0.032,-0.739,-0.646,-0.062
0.684,-0.709,1.495,0.999,0.015,-0.043,-0.01,0.489,0.39,0.041,-0.933,-1.739,0.054
0.722,-0.68,1.513,0.999,0.021,-0.038,-0.015,0.459,0.344,0.281,-0.302,-0.67,-0.114
0.727,-0.675,1.515,0.999,0.03,-0.026,-0.017,0.451,0.36,0.22,0.568,0.634,-0.342
0.768,-0.639,1.564,0.999,0.022,-0.036,-0.007,0.351,0.364,0.564,-0.015,0.245,0.494
0.784,-0.625,1.593,0.999,0.026,-0.042,-0.012,0.354,0.322,0.676,-0.027,0.254,-0.07
0.79,-0.619,1.607,0.999,0.024,-0.034,-0.01,0.329,0.327,0.676,-0.028,0.668,0.088
0.802,-0.608,1.637,0.998,0.021,-0.048,-0.015,0.291,0.262,0.758,-0.202,-0.609,-0.149
0.818,-0.59,1.682,0.999,0.022,-0.042,-0.011,0.236,0.294,0.681,-0.406,0.427,0.214
0.822,-0.586,1.693,0.999,0.029,-0.041,-0.014,0.217,0.23,0.625,0.041,0.288,0.06
0.835,-0.57,1.722,0.999,0.017,-0.033,-0.013,0.207,0.268,0.425,-0.593,0.547,0.26
0.836,-0.568,1.726,0.999,0.001,-0.034,-0.006,0.176,0.263,0.373,-2.323,0.207,1.143
0.846,-0.555,1.736,0.999,0.015,-0.036,-0.013,0.202,0.25,0.13,0.008,-0.437,0.356
0.853,-0.544,1.733,0.999,0.013,-0.037,-0.015,0.168,0.227,-0.05,0.033,-0.505,-0.129
0.859,-0.535,1.726,0.999,0.012,-0.033,-0.015,0.159,0.232,-0.174,-0.568,0.132,-0.098
0.865,-0.523,1.708,0.999,0.01,-0.025,-0.017,0.117,0.296,-0.411,0.64,0.445,0.226
0.867,-0.519,1.704,0.999,0.007,-0.05,-0.017,0.137,0.304,-0.372,0.324,-2.276,-0.13
0.869,-0.514,1.696,0.999,0.001,-0.034,-0.012,0.115,0.257,-0.381,-0.147,-0.266,0.31
0.873,-0.491,1.67,1.0,-0.008,-0.007,0.001,-0.002,0.272,-0.22,-0.034,1.428,1.052
0.876,-0.486,1.663,1.0,-0.01,-0.024,-0.011,0.078,0.285,-0.336,-0.251,-0.407,-0.334
0.878,-0.465,1.652,0.999,-0.014,-0.028,-0.013,0.019,0.297,-0.126,-0.081,0.765,-0.012
0.878,-0.46,1.652,0.999,-0.018,-0.03,-0.014,0.021,0.276,-0.028,0.095,-0.108,-0.258
0.877,-0.426,1.647,1.0,-0.018,-0.016,-0.017,-0.015,0.326,-0.06,-0.609,0.787,-0.565
0.875,-0.402,1.647,0.999,-0.027,-0.021,-0.013,-0.023,0.412,-0.031,-0.011,0.507,-0.13
0.875,-0.396,1.646,0.999,-0.033,-0.025,-0.016,-0.039,0.385,-0.045,-0.494,-0.305,-0.285
0.873,-0.389,1.645,0.999,-0.05,-0.003,-0.012,-0.091,0.37,-0.093,-1.988,1.857,0.237
0.871,-0.354,1.65,0.999,-0.027,-0.02,-0.013,-0.029,0.471,0.09,0.207,0.39,0.046
0.869,-0.34,1.653,0.999,-0.027,-0.018,-0.015,-0.049,0.495,0.095,0.541,0.199,-0.174
0.862,-0.293,1.66,0.999,-0.032,-0.022,-0.012,-0.105,0.552,0.005,-0.525,-0.211,0.173
0.862,-0.283,1.663,0.999,-0.026,-0.018,-0.014,-0.046,0.544,0.111,-0.491,0.25,-0.131
0.856,-0.236,1.667,0.999,-0.036,-0.026,-0.008,-0.105,0.611,-0.001,-1.19,-0.897,0.462
0.855,-0.224,1.67,1.0,-0.023,-0.009,-0.014,-0.05,0.658,0.026,0.829,0.719,-0.019
0.849,-0.17,1.671,0.999,-0.028,-0.008,-0.017,-0.087,0.651,0.016,-0.499,0.446,-0.089
0.847,-0.159,1.668,1.0,-0.008,-0.004,-0.022,-0.122,0.702,-0.14,2.246,0.735,-1.004
0.842,-0.104,1.665,1.0,-0.015,-0.011,-0.017,-0.059,0.712,-0.017,1.131,0.445,-0.404
0.84,-0.089,1.664,1.0,-0.018,-0.012,-0.016,-0.063,0.726,-0.035,0.132,-0.014,-0.069
0.833,-0.01,1.65,1.0,-0.011,-0.007,-0.016,-0.059,0.766,-0.148,0.117,-0.016,0.087
0.828,0.037,1.636,1.0,-0.007,-0.007,-0.018,-0.054,0.765,-0.219,0.307,-0.054,-0.164
0.826,0.063,1.626,1.0,-0.006,-0.008,-0.017,-0.052,0.772,-0.275,0.532,-0.203,-0.261
0.821,0.111,1.603,1.0,-0.011,-0.001,-0.013,-0.092,0.803,-0.412,-0.967,0.522,0.532
0.819,0.146,1.582,1.0,0.003,-0.013,-0.016,-0.066,0.794,-0.515,0.863,-0.389,-0.074
0.816,0.175,1.561,1.0,0.003,-0.017,-0.016,-0.069,0.814,-0.607,-0.012,-0.491,0.065
0.815,0.184,1.554,1.0,-0.0,-0.018,-0.017,-0.068,0.776,-0.567,-0.329,-0.584,-0.145
0.812,0.229,1.518,1.0,0.019,-0.017,-0.018,-0.058,0.748,-0.547,0.391,-0.342,-0.024
0.809,0.259,1.496,0.999,0.024,-0.016,-0.017,-0.05,0.727,-0.511,0.478,-0.256,-0.067
0.804,0.309,1.465,0.999,0.03,-0.017,-0.017,-0.051,0.68,-0.395,0.072,-0.127,0.17
0.804,0.309,1.465,0.999,0.03,-0.017,-0.017,-0.051,0.68,-0.395,0.072,-0.127,0.17
0.801,0.335,1.453,0.999,0.033,-0.018,-0.016,-0.063,0.665,-0.318,-0.411,-0.181,0.227
0.797,0.359,1.442,0.998,0.05,-0.004,-0.025,-0.139,0.742,-0.366,0.997,1.425,-0.623
0.794,0.387,1.438,0.999,0.042,-0.023,-0.018,-0.098,0.638,-0.1,-0.248,-0.208,0.197
0.793,0.395,1.438,0.999,0.043,-0.019,-0.016,-0.1,0.631,-0.068,0.073,0.024,0.137
0.788,0.425,1.444,0.998,0.047,-0.025,-0.018,-0.09,0.508,0.154,0.024,-0.376,0.003
0.78,0.461,1.456,0.998,0.048,-0.019,-0.019,-0.117,0.493,0.228,-0.014,0.104,-0.16
0.772,0.483,1.47,0.998,0.049,-0.018,-0.017,-0.14,0.405,0.276,0.193,0.057,-0.091
0.77,0.49,1.476,0.998,0.048,-0.02,-0.02,-0.133,0.395,0.312,0.138,0.07,-0.282
0.765,0.502,1.488,0.999,0.039,-0.014,-0.012,-0.166,0.381,0.348,-0.551,0.474,0.33
0.758,0.518,1.513,0.999,0.048,-0.012,-0.02,-0.168,0.314,0.466,0.505,0.543,-0.276
0.757,0.521,1.518,0.999,0.042,-0.02,-0.016,-0.143,0.304,0.481,-0.152,-0.35,0.173
0.752,0.529,1.532,0.999,0.04,-0.021,-0.016,-0.15,0.287,0.504,0.105,-0.376,-0.087
0.739,0.548,1.576,0.999,0.022,-0.019,-0.016,-0.184,0.222,0.592,-1.265,0.077,0.072
0.736,0.552,1.585,0.999,0.031,-0.021,-0.016,-0.162,0.203,0.576,-0.056,-0.027,-0.035
0.719,0.571,1.623,0.999,0.02,-0.021,-0.015,-0.167,0.185,0.306,-0.127,-0.08,0.044
0.716,0.574,1.625,1.0,0.02,-0.019,-0.016,-0.242,0.253,0.383,-1.063,-0.885,0.391
0.706,0.582,1.63,1.0,0.015,-0.021,-0.015,-0.182,0.155,0.096,-0.239,0.064,-0.02
0.703,0.585,1.63,1.0,0.016,-0.022,-0.015,-0.201,0.187,0.019,0.021,0.191,-0.065
0.7,0.588,1.63,0.999,0.013,-0.029,-0.014,-0.185,0.175,0.002,-0.16,-0.504,0.01
0.679,0.605,1.601,1.0,0.007,-0.025,-0.014,-0.193,0.156,-0.373,-0.03,-0.168,-0.137
0.668,0.614,1.572,0.999,0.005,-0.029,-0.013,-0.142,0.133,-0.403,0.44,-0.907,-0.149
0.663,0.618,1.558,0.999,0.007,-0.028,-0.014,-0.215,0.161,-0.623,0.296,-0.278,-0.153
0.657,0.622,1.539,1.0,0.003,-0.027,-0.013,-0.219,0.169,-0.73,0.174,-0.247,-0.146
0.641,0.635,1.478,0.999,-0.002,-0.035,-0.013,-0.314,0.238,-1.139,-0.222,-0.116,0.077
0.632,0.641,1.443,0.999,-0.003,-0.036,-0.012,-0.247,0.189,-0.946,0.236,-0.374,-0.093
0.618,0.651,1.396,0.999,-0.008,-0.037,-0.012,-0.268,0.182,-0.962,-0.047,-1.116,-0.378
0.615,0.654,1.384,0.999,-0.007,-0.037,-0.011,-0.274,0.203,-0.949,0.002,-0.57,-0.173
0.596,0.667,1.33,0.999,-0.014,-0.031,-0.006,-0.345,0.248,-0.941,-0.022,-0.022,0.257
0.59,0.672,1.316,0.999,-0.01,-0.042,-0.009,-0.368,0.283,-0.858,0.526,-0.63,-0.297
0.586,0.675,1.308,0.999,-0.005,-0.048,-0.01,-0.327,0.24,-0.728,0.638,-1.04,-0.235
0.562,0.692,1.275,0.999,-0.01,-0.045,-0.009,-0.359,0.269,-0.412,-0.122,-0.157,0.041
0.551,0.7,1.267,0.999,-0.008,-0.044,-0.009,-0.395,0.287,-0.285,0.264,-0.264,-0.071
0.546,0.704,1.265,0.999,-0.008,-0.043,-0.009,-0.413,0.205,-0.199,-4.309,-0.252,0.045
0.533,0.712,1.264,0.999,-0.01,-0.047,-0.008,-0.453,0.293,-0.054,-1.002,0.018,0.031
0.509,0.729,1.271,0.999,-0.006,-0.047,-0.009,-0.453,0.295,0.166,0.045,-0.094,-0.026
0.486,0.745,1.285,0.999,-0.005,-0.043,-0.009,-0.461,0.316,0.291,0.058,0.185,-0.054
0.447,0.769,1.318,0.999,0.003,-0.045,-0.008,-0.582,0.372,0.518,0.188,0.086,0.141
0.418,0.787,1.347,0.999,0.001,-0.048,-0.009,-0.904,0.536,1.381,0.402,-4.913,-1.171
0.377,0.811,1.391,0.999,-0.006,-0.038,-0.005,-0.795,0.459,0.738,0.111,1.279,-0.026
0.37,0.816,1.402,0.999,0.005,-0.041,-0.009,-0.682,0.409,0.783,0.842,0.391,-0.359
0.34,0.832,1.433,0.999,0.005,-0.04,-0.01,-0.689,0.378,0.696,-0.26,0.509,0.12
0.326,0.84,1.447,0.999,0.006,-0.035,-0.011,-0.687,0.379,0.683,-0.128,0.439,0.022
0.286,0.861,1.48,0.999,0.009,-0.036,-0.01,-0.677,0.364,0.563,0.238,-0.067,-0.107
0.26,0.875,1.498,1.0,0.007,-0.027,-0.007,-0.763,0.4,0.474,-0.373,0.914,0.404
0.237,0.886,1.511,0.999,0.028,-0.018,-0.02,-0.868,0.382,0.339,2.312,2.683,-1.834
0.17,0.92,1.54,1.0,0.016,-0.024,-0.011,-0.752,0.366,0.24,0.072,0.523,-0.122
0.159,0.925,1.543,1.0,0.013,-0.023,-0.011,-0.707,0.322,0.18,-0.367,0.396,-0.073
0.093,0.955,1.551,0.999,0.021,-0.025,-0.011,-0.746,0.379,0.083,0.569,-1.036,0.442
0.057,0.971,1.549,1.0,0.02,-0.021,-0.01,-0.728,0.316,0.016,0.17,-0.906,-0.067
0.049,0.975,1.549,1.0,0.024,-0.016,-0.012,-0.713,0.32,-0.012,0.454,-0.139,-0.161
-0.002,0.995,1.541,0.999,0.025,-0.017,-0.01,-0.822,0.324,-0.168,0.298,0.107,0.077
-0.002,0.995,1.541,0.999,0.025,-0.017,-0.01,-0.822,0.324,-0.168,0.298,0.107,0.077
-0.07,1.02,1.523,1.0,0.027,-0.008,-0.012,-0.766,0.24,-0.133,0.124,-0.544,-0.433
-0.087,1.026,1.522,1.0,0.023,-0.01,-0.005,-0.716,0.262,-0.049,-0.235,-0.398,0.447
-0.095,1.028,1.523,0.999,0.029,-0.011,-0.011,-0.705,0.205,0.0,0.31,-0.345,-0.201
-0.127,1.037,1.527,1.0,0.028,-0.007,-0.011,-0.715,0.211,0.141,0.163,-0.529,-0.068
-0.149,1.043,1.533,1.0,0.027,-0.006,-0.009,-0.681,0.176,0.18,-0.285,-0.254,0.203
-0.162,1.047,1.536,0.999,0.031,-0.006,-0.011,-1.114,0.32,0.391,-0.284,-0.879,0.2
-0.203,1.057,1.551,1.0,0.026,-0.002,-0.008,-0.672,0.168,0.236,-0.146,0.063,0.154
-0.203,1.057,1.551,1.0,0.026,-0.002,-0.008,-0.672,0.168,0.236,-0.146,0.063,0.154
-0.224,1.06,1.559,1.0,0.025,0.0,-0.011,-0.637,0.137,0.234,-0.119,0.256,-0.1
-0.26,1.067,1.573,1.0,0.026,0.001,-0.011,-0.626,0.109,0.212,0.094,0.269,-0.105
-0.285,1.07,1.58,1.0,0.025,0.005,-0.01,-0.766,0.101,0.191,-0.517,0.371,0.074
-0.326,1.076,1.586,1.0,0.027,0.002,-0.01,-0.565,0.074,0.065,0.148,-0.08,-0.023
-0.326,1.076,1.586,1.0,0.027,0.002,-0.01,-0.565,0.074,0.065,0.148,-0.08,-0.023
-0.343,1.077,1.585,1.0,0.024,0.003,-0.009,-0.587,0.054,-0.027,-0.18,-0.18,0.045
-0.38,1.08,1.577,1.0,0.023,0.006,-0.011,-0.541,0.029,-0.136,0.007,0.228,-0.193
-0.389,1.081,1.575,1.0,0.027,-0.002,-0.009,-0.564,0.063,-0.139,0.36,-0.723,0.126
-0.398,1.081,1.572,1.0,0.024,0.002,-0.009,-0.566,0.02,-0.21,0.431,-0.025,0.111
-0.43,1.082,1.565,1.0,0.025,0.001,-0.008,-0.517,0.019,-0.097,0.061,0.259,0.093
-0.458,1.081,1.562,1.0,0.023,-0.006,-0.008,-0.513,-0.005,-0.021,-0.09,-0.613,0.098
-0.464,1.081,1.561,1.0,0.024,-0.003,-0.009,-0.517,-0.023,-0.039,0.057,-0.354,0.017
-0.5,1.078,1.56,1.0,0.024,-0.005,-0.008,-0.514,-0.057,0.001,-0.025,-0.304,-0.046
-0.51,1.077,1.561,1.0,0.024,-0.005,-0.009,-0.488,-0.058,0.003,-0.139,-0.045,-0.047
-0.543,1.071,1.563,1.0,0.028,-0.011,-0.009,-0.619,-0.081,0.066,-0.452,-0.111,0.366
-0.549,1.07,1.563,1.0,0.028,-0.006,-0.009,-0.538,-0.081,0.044,-0.151,0.213,0.182
-0.568,1.066,1.566,1.0,0.025,-0.012,-0.008,-0.463,-0.11,0.046,-0.175,-0.13,0.029
-0.589,1.06,1.566,0.999,0.032,-0.003,-0.013,-0.482,-0.14,-0.014,0.12,0.704,-0.373
-0.595,1.058,1.567,0.999,0.03,-0.01,-0.007,-0.464,-0.139,0.007,-0.089,-0.122,0.158
-0.606,1.055,1.567,0.999,0.031,-0.015,-0.009,-0.497,-0.165,0.005,-0.129,-0.618,0.123
-0.64,1.043,1.568,0.999,0.033,-0.016,-0.007,-0.448,-0.186,0.017,0.058,-0.191,0.106
-0.652,1.039,1.569,0.999,0.032,-0.015,-0.008,-0.468,-0.176,0.008,-0.156,-0.287,0.087
-0.686,1.023,1.564,0.999,0.033,-0.006,-0.009,-0.473,-0.234,-0.107,-0.221,0.506,-0.035
-0.699,1.016,1.562,0.999,0.031,-0.004,-0.012,-0.489,-0.247,-0.067,-0.441,0.533,-0.442
-0.722,1.004,1.555,0.999,0.036,-0.003,-0.011,-0.464,-0.258,-0.124,0.126,0.36,-0.305
-0.731,0.999,1.554,0.999,0.033,-0.004,-0.009,-0.467,-0.266,-0.087,-0.067,0.513,-0.166
-0.741,0.992,1.554,0.999,0.033,-0.008,-0.008,-0.451,-0.287,-0.056,-0.093,-0.095,-0.043
-0.791,0.958,1.547,1.0,0.029,-0.003,-0.009,-0.407,-0.33,-0.025,0.518,-0.673,-0.636
-0.807,0.947,1.541,1.0,0.008,0.016,0.007,-0.47,-0.268,-0.161,-1.673,1.708,1.264
-0.811,0.942,1.543,1.0,0.021,0.004,-0.006,-0.393,-0.31,-0.054,-0.089,0.416,-0.2
-0.839,0.918,1.541,1.0,0.02,0.003,-0.007,-0.4,-0.344,-0.013,0.007,0.566,-0.165
-0.851,0.907,1.543,1.0,0.019,-0.006,-0.002,-0.387,-0.332,0.057,-0.1,-0.569,0.475
-0.867,0.892,1.545,1.0,0.02,-0.008,-0.007,-0.372,-0.344,0.067,0.186,-0.498,-0.121
-0.89,0.869,1.551,1.0,0.013,-0.006,-0.005,-0.348,-0.354,0.105,-0.296,-0.109,0.111
-0.896,0.863,1.553,1.0,0.012,-0.005,-0.005,-0.347,-0.346,0.102,-0.249,0.056,0.054
-0.917,0.841,1.56,1.0,0.012,-0.01,-0.002,-0.331,-0.331,0.112,-0.171,-0.365,0.236
-0.921,0.836,1.561,1.0,0.013,-0.006,-0.006,-0.333,-0.387,0.119,-0.122,0.155,-0.144
-0.931,0.826,1.564,1.0,0.017,-0.009,-0.006,-0.316,-0.336,0.103,0.223,0.016,-0.084
-0.953,0.802,1.568,1.0,0.017,-0.008,-0.005,-0.323,-0.392,0.058,0.105,-0.219,-0.114
-0.968,0.784,1.569,1.0,0.016,-0.011,-0.005,-0.305,-0.362,0.006,-0.001,-0.222,0.027
-0.983,0.767,1.569,1.0,0.014,-0.016,-0.005,-0.528,-0.783,0.072,-0.043,-3.229,-1.296
-0.986,0.764,1.569,1.0,0.014,-0.011,-0.007,-0.486,-0.678,0.06,-0.159,-1.574,-1.065
-0.995,0.753,1.569,1.0,0.02,-0.014,-0.006,-0.342,-0.427,0.015,0.272,-0.692,-0.125
-1.01,0.735,1.571,1.0,0.017,-0.016,-0.005,-0.311,-0.403,0.068,-0.137,-0.381,0.002
-1.015,0.729,1.574,1.0,0.015,-0.011,-0.004,-0.332,-0.388,0.121,-0.532,0.237,0.199
-1.03,0.71,1.58,1.0,0.019,-0.015,-0.006,-0.295,-0.38,0.111,0.09,0.114,-0.074
-1.043,0.694,1.584,1.0,0.022,-0.007,-0.007,-0.305,-0.391,0.079,0.153,0.779,-0.325
-1.049,0.686,1.586,1.0,0.021,-0.011,-0.006,-0.353,-0.441,0.087,-0.125,0.768,-0.259
-1.055,0.678,1.588,1.0,0.024,-0.017,-0.005,-0.316,-0.4,0.084,0.179,-0.256,-0.039
-1.077,0.648,1.592,1.0,0.025,-0.008,-0.006,-0.304,-0.415,0.042,-0.087,0.282,-0.036
-1.086,0.636,1.592,1.0,0.025,-0.008,-0.005,-0.301,-0.411,0.02,-0.119,0.098,0.114
-1.099,0.617,1.593,0.999,0.03,-0.009,-0.005,-0.288,-0.407,-0.002,0.183,-0.018,0.071
-1.104,0.61,1.592,1.0,0.029,-0.009,-0.007,-0.381,-0.582,-0.044,0.05,0.338,-0.45
-1.12,0.584,1.591,0.999,0.03,-0.008,-0.007,-0.376,-0.561,-0.03,0.28,0.748,0.109
-1.127,0.573,1.592,0.999,0.034,-0.01,-0.007,-0.328,-0.497,0.042,0.236,-0.253,-0.032
-1.134,0.562,1.593,0.999,0.033,-0.011,-0.005,-0.298,-0.512,0.043,0.273,-0.461,0.08
-1.151,0.534,1.597,0.998,0.064,-0.012,-0.011,-0.267,-0.41,0.086,3.492,-0.245,-0.674
-1.151,0.534,1.597,0.998,0.064,-0.012,-0.011,-0.267,-0.41,0.086,3.492,-0.245,-0.674
-1.158,0.52,1.597,0.999,0.032,-0.008,-0.006,-0.264,-0.498,0.044,-0.186,0.139,-0.056
-1.174,0.491,1.6,0.999,0.029,-0.014,-0.005,-0.258,-0.55,0.068,0.149,-0.519,-0.251
-1.187,0.465,1.603,1.0,0.028,-0.012,-0.004,-0.259,-0.524,0.068,-0.124,-0.027,0.131
-1.198,0.442,1.607,1.0,0.026,-0.01,-0.005,-0.244,-0.515,0.077,-0.257,0.207,0.079
-1.205,0.428,1.608,1.0,0.028,-0.008,-0.006,-0.323,-0.756,0.079,0.293,-1.252,0.038
-1.214,0.408,1.61,1.0,0.026,-0.011,-0.007,-0.264,-0.587,0.044,-0.063,-0.138,-0.104
-1.225,0.384,1.609,1.0,0.027,-0.01,-0.005,-0.251,-0.535,-0.01,-0.039,-0.185,0.09
-1.23,0.372,1.609,1.0,0.026,-0.01,-0.006,-0.241,-0.579,-0.028,-0.114,-0.169,0.021
-1.239,0.351,1.607,1.0,0.024,-0.014,-0.004,-0.228,-0.575,-0.034,-0.231,-0.678,0.132
-1.252,0.321,1.601,1.0,0.026,-0.011,-0.006,-0.235,-0.569,-0.12,0.07,-0.412,0.094
-1.252,0.321,1.601,1.0,0.026,-0.011,-0.006,-0.235,-0.569,-0.12,0.07,-0.412,0.094
-1.27,0.277,1.588,1.0,0.029,-0.005,-0.006,-0.219,-0.557,-0.168,0.09,-0.047,0.018
-1.276,0.26,1.584,1.0,0.026,0.0,-0.008,-0.22,-0.581,-0.171,-0.183,0.586,-0.181
-1.283,0.241,1.579,1.0,0.028,-0.007,-0.006,-0.216,-0.599,-0.146,0.05,-0.345,-0.091
-1.293,0.212,1.573,0.999,0.032,-0.009,-0.009,-0.188,-0.572,-0.091,0.305,-0.557,-0.14
-1.302,0.184,1.57,1.0,0.027,-0.001,-0.005,-0.19,-0.599,-0.062,0.023,0.165,0.198
-1.306,0.169,1.57,1.0,0.029,0.001,-0.008,-0.179,-0.604,-0.023,0.073,0.162,-0.145
-1.316,0.133,1.569,0.999,0.03,0.01,-0.012,-0.188,-0.596,-0.028,0.277,0.648,-0.51
-1.317,0.125,1.569,1.0,0.026,0.001,-0.006,-0.139,-0.608,-0.007,-0.171,-0.251,0.172
-1.322,0.105,1.568,1.0,0.027,0.002,-0.006,-0.138,-0.643,-0.014,0.042,-0.244,-0.045
-1.327,0.081,1.566,1.0,0.029,0.006,-0.007,-0.131,-0.629,-0.037,0.172,0.019,-0.092
-1.329,0.068,1.566,1.0,0.028,0.007,-0.006,-0.122,-0.626,-0.021,0.059,0.039,0.026
-1.336,0.025,1.568,1.0,0.024,0.01,-0.007,-0.088,-0.653,0.039,-0.155,0.142,-0.092
-1.338,0.001,1.571,1.0,0.025,0.011,-0.005,-0.078,-0.819,0.091,0.024,-0.465,0.043
-1.34,-0.029,1.576,1.0,0.02,0.009,-0.006,-0.041,-0.675,0.12,-0.29,-0.168,0.022
-1.342,-0.073,1.587,1.0,0.017,0.012,-0.005,-0.025,-0.669,0.18,-0.207,0.073,0.069
-1.342,-0.087,1.591,1.0,0.016,0.008,-0.006,0.002,-0.682,0.198,-0.136,-0.279,0.018
-1.34,-0.148,1.611,1.0,0.011,0.017,-0.004,0.026,-0.64,0.185,-0.184,0.437,0.159
-1.339,-0.156,1.614,1.0,0.015,0.016,-0.007,0.032,-0.681,0.215,0.235,0.419,-0.265
-1.335,-0.198,1.627,1.0,0.012,0.012,-0.005,0.075,-0.673,0.197,-0.007,-0.02,0.123
-1.329,-0.236,1.636,1.0,0.009,0.012,-0.005,0.099,-0.643,0.159,-0.024,0.041,0.007
-1.319,-0.289,1.649,1.0,0.011,0.007,-0.006,0.126,-0.624,0.144,0.326,-0.326,-0.067
-1.314,-0.314,1.653,1.0,0.005,0.009,-0.007,0.146,-0.652,0.113,-0.274,-0.013,-0.075
-1.31,-0.329,1.655,1.0,0.01,0.009,-0.006,0.151,-0.636,0.09,0.049,-0.094,0.03
-1.301,-0.365,1.657,1.0,0.007,0.005,-0.005,0.236,-0.822,0.081,0.063,-1.219,0.078
-1.295,-0.386,1.656,1.0,0.008,0.006,-0.006,0.189,-0.664,0.002,-0.026,-0.196,0.014
-1.293,-0.394,1.656,1.0,0.006,0.006,-0.005,0.192,-0.658,-0.029,-0.236,-0.12,0.051
-1.283,-0.424,1.652,1.0,0.007,0.007,-0.006,0.185,-0.597,-0.081,0.025,0.152,-0.006
-1.279,-0.437,1.65,1.0,0.008,0.005,-0.006,0.201,-0.616,-0.094,0.037,-0.049,-0.028
-1.275,-0.451,1.647,1.0,0.007,0.007,-0.005,0.201,-0.599,-0.133,-0.143,0.198,0.114
-1.261,-0.49,1.636,1.0,0.007,0.005,-0.004,0.209,-0.565,-0.178,0.085,-0.05,0.114
-1.261,-0.49,1.636,1.0,0.007,0.005,-0.004,0.209,-0.565,-0.178,0.085,-0.05,0.114
-1.247,-0.526,1.623,1.0,0.006,0.004,-0.006,0.218,-0.561,-0.213,-0.131,-0.025,-0.013
-1.236,-0.552,1.614,1.0,0.004,-0.0,-0.005,0.226,-0.556,-0.195,-0.067,-0.308,0.043
-1.228,-0.57,1.608,1.0,0.005,-0.0,-0.005,0.239,-0.559,-0.155,0.015,-0.154,0.054
-1.215,-0.599,1.602,1.0,0.005,0.002,-0.004,0.246,-0.549,-0.099,0.074,0.072,0.159
-1.215,-0.599,1.602,1.0,0.005,0.002,-0.004,0.246,-0.549,-0.099,0.074,0.072,0.159
-1.188,-0.653,1.599,1.0,0.003,-0.003,-0.005,0.264,-0.509,0.005,-0.062,-0.25,0.003
-1.188,-0.653,1.599,1.0,0.003,-0.003,-0.005,0.264,-0.509,0.005,-0.062,-0.25,0.003
-1.172,-0.682,1.599,1.0,0.006,0.001,-0.006,0.274,-0.48,-0.006,0.153,0.163,-0.058
-1.161,-0.702,1.6,1.0,0.005,0.002,-0.005,0.29,-0.505,0.027,-0.121,0.236,0.074
-1.161,-0.702,1.6,1.0,0.005,0.002,-0.005,0.29,-0.505,0.027,-0.121,0.236,0.074
-1.144,-0.729,1.603,1.0,0.005,-0.001,-0.006,0.289,-0.478,0.039,-0.037,-0.102,-0.057
-1.13,-0.752,1.604,1.0,0.004,-0.0,-0.005,0.468,-0.725,0.014,-0.513,0.511,0.022
-1.123,-0.76,1.604,1.0,0.009,0.003,-0.007,0.349,-0.513,-0.005,0.258,0.344,-0.082
-1.109,-0.781,1.604,1.0,0.005,0.002,-0.005,0.319,-0.453,-0.011,0.014,0.018,0.024
-1.092,-0.804,1.602,1.0,0.002,0.004,-0.006,0.412,-0.627,-0.071,-0.56,0.827,0.213
-1.076,-0.824,1.6,1.0,0.004,0.005,-0.006,0.336,-0.415,-0.026,0.108,-0.17,-0.088
-1.051,-0.851,1.597,1.0,0.002,0.002,-0.006,0.693,-0.567,0.098,1.566,-4.362,-0.947
-1.045,-0.858,1.595,1.0,0.0,0.01,-0.005,0.495,-0.459,-0.027,0.544,-1.376,-0.413
-1.008,-0.892,1.589,1.0,0.001,0.014,-0.005,0.422,-0.374,-0.073,0.064,0.304,0.02
-0.986,-0.909,1.587,1.0,0.002,0.012,-0.005,0.421,-0.324,-0.027,0.057,0.016,-0.028
-0.978,-0.915,1.587,1.0,0.0,0.01,-0.006,0.437,-0.338,-0.002,-0.158,-0.242,-0.014
-0.952,-0.933,1.589,1.0,0.002,0.01,-0.006,0.466,-0.329,0.03,-0.28,-0.271,0.083
-0.945,-0.937,1.589,1.0,0.005,0.012,-0.003,0.454,-0.272,0.041,0.23,0.011,0.269
-0.932,-0.947,1.59,1.0,0.004,0.016,-0.011,0.444,-0.309,0.022,0.158,0.461,-0.505
-0.901,-0.964,1.597,1.0,0.003,0.01,-0.007,0.563,-0.303,0.126,-0.283,0.152,0.023
-0.901,-0.964,1.597,1.0,0.003,0.01,-0.007,0.563,-0.303,0.126,-0.283,0.152,0.023
-0.882,-0.974,1.602,1.0,0.009,0.007,-0.005,0.507,-0.265,0.13,0.214,-0.152,0.225
-0.85,-0.991,1.608,1.0,0.008,0.003,-0.006,0.547,-0.279,0.104,-0.086,-0.349,0.018
-0.85,-0.991,1.608,1.0,0.008,0.003,-0.006,0.547,-0.279,0.104,-0.086,-0.349,0.018
-0.833,-0.999,1.61,1.0,0.013,0.007,-0.006,0.513,-0.237,0.073,0.393,0.372,0.051
-0.817,-1.007,1.614,1.0,0.009,0.002,-0.007,0.54,-0.259,0.097,-0.001,-0.092,-0.011
-0.761,-1.033,1.618,1.0,0.009,0.002,-0.008,0.558,-0.288,0.017,-0.072,-0.026,-0.184
-0.716,-1.053,1.61,1.0,0.01,-0.001,-0.006,0.526,-0.239,-0.138,0.056,-0.014,0.064
-0.706,-1.057,1.607,1.0,0.009,-0.002,-0.007,0.582,-0.272,-0.18,0.17,-0.316,-0.205
-0.66,-1.076,1.584,1.0,0.014,-0.001,-0.005,0.555,-0.222,-0.305,0.391,0.213,0.168
-0.653,-1.08,1.581,1.0,0.009,-0.005,-0.007,0.615,-0.258,-0.32,-0.284,-0.115,-0.075
-0.607,-1.1,1.552,1.0,0.006,-0.006,-0.007,0.588,-0.261,-0.326,-0.005,-0.621,-0.166
-0.601,-1.102,1.548,1.0,0.006,-0.007,-0.007,0.561,-0.224,-0.336,0.026,-0.327,-0.1
-0.555,-1.121,1.515,1.0,0.014,0.005,-0.011,0.533,-0.21,-0.446,1.249,0.957,-0.642
-0.544,-1.124,1.505,1.0,-0.006,0.016,0.005,0.501,-0.147,-0.514,-0.807,1.878,0.99
-0.488,-1.147,1.468,1.0,0.007,-0.009,-0.005,0.564,-0.238,-0.372,0.163,-0.217,0.137
-0.458,-1.157,1.45,1.0,0.004,-0.01,-0.007,0.55,-0.2,-0.314,-0.088,-0.235,-0.139
-0.454,-1.16,1.448,1.0,0.001,-0.011,-0.008,0.601,-0.25,-0.265,0.205,0.381,-0.667
-0.433,-1.167,1.434,1.0,-0.012,-0.025,0.001,0.745,-0.336,-0.685,-3.928,-3.636,1.853
-0.396,-1.18,1.42,1.0,0.005,-0.001,-0.014,0.528,-0.192,-0.273,0.616,0.854,-0.745
-0.371,-1.187,1.416,1.0,-0.002,-0.013,-0.008,0.565,-0.17,-0.107,0.208,-0.486,-0.18
-0.354,-1.192,1.413,1.0,-0.002,-0.01,-0.006,0.529,-0.173,-0.059,-0.227,-0.254,-0.334
-0.346,-1.193,1.411,1.0,-0.007,-0.002,-0.001,0.58,-0.14,-0.066,-0.838,0.36,0.178
-0.309,-1.203,1.421,1.0,-0.001,-0.01,-0.005,0.526,-0.108,0.213,0.049,-0.334,-0.227
-0.309,-1.203,1.421,1.0,-0.001,-0.01,-0.005,0.526,-0.108,0.213,0.049,-0.334,-0.227
-0.291,-1.208,1.431,1.0,-0.016,0.008,0.003,0.494,-0.143,0.283,-1.812,1.706,1.055
-0.277,-1.211,1.444,1.0,-0.003,-0.013,-0.007,0.516,-0.126,0.416,-0.031,-0.068,-0.045
-0.244,-1.217,1.473,1.0,-0.004,-0.016,-0.007,0.493,-0.098,0.462,0.003,0.068,0.073
-0.219,-1.22,1.497,1.0,0.007,-0.009,-0.008,0.539,0.005,0.476,3.873,-0.272,-0.406
-0.189,-1.223,1.527,1.0,-0.01,-0.014,-0.008,0.486,-0.042,0.533,-0.003,-0.134,-0.418
-0.184,-1.223,1.534,1.0,-0.002,-0.016,-0.007,0.467,0.009,0.531,0.69,-0.18,-0.151
-0.15,-1.224,1.574,1.0,-0.006,-0.003,-0.01,0.405,0.017,0.481,-0.268,0.652,0.047
-0.14,-1.224,1.583,1.0,0.009,-0.004,-0.011,0.411,0.04,0.437,1.398,0.737,-0.285
-0.094,-1.222,1.628,1.0,-0.01,-0.015,-0.007,0.418,0.074,0.364,-0.398,-0.644,0.034
-0.055,-1.218,1.65,1.0,-0.007,-0.006,-0.008,0.421,0.046,0.215,0.101,-0.108,0.015
-0.038,-1.215,1.656,1.0,0.004,0.001,-0.01,0.331,0.064,0.103,0.727,0.414,-0.221
-0.028,-1.214,1.659,1.0,-0.008,-0.005,-0.011,0.432,0.026,0.142,-0.424,-0.312,-0.396
-0.003,-1.208,1.662,1.0,-0.005,-0.001,-0.008,0.411,0.074,0.01,0.083,0.053,-0.012
0.027,-1.201,1.657,1.0,-0.016,-0.002,-0.009,0.402,0.096,-0.049,-0.794,-0.269,-0.12
0.042,-1.195,1.652,1.0,-0.011,0.005,-0.008,0.419,0.15,-0.144,-0.147,0.254,-0.01
0.052,-1.193,1.647,1.0,-0.013,0.003,-0.01,0.421,0.131,-0.189,-0.288,-0.08,-0.082
0.072,-1.185,1.633,1.0,-0.015,0.009,-0.008,0.244,0.1,-0.176,-0.077,0.087,0.082
0.116,-1.168,1.601,1.0,-0.017,0.008,-0.008,0.442,0.204,-0.256,0.032,0.103,0.062
0.153,-1.149,1.595,1.0,-0.016,0.005,-0.012,0.425,0.202,0.002,-0.016,-0.208,-0.291
0.187,-1.129,1.607,1.0,-0.011,0.008,-0.009,0.484,0.292,0.228,-0.124,-0.23,0.447
0.196,-1.123,1.614,1.0,-0.01,0.007,-0.011,0.461,0.273,0.295,-0.154,-0.144,-0.154
0.217,-1.109,1.631,1.0,-0.018,0.006,-0.016,0.441,0.332,0.416,-1.074,-0.179,-0.455
0.23,-1.102,1.64,1.0,-0.011,0.007,-0.013,0.504,0.282,0.402,-0.17,-0.291,-0.233
0.261,-1.081,1.669,1.0,-0.012,0.009,-0.015,0.656,0.443,0.636,-0.28,0.13,-0.197
0.27,-1.075,1.678,1.0,-0.005,0.008,-0.009,0.426,0.294,0.422,0.147,-0.066,0.089
0.278,-1.069,1.686,1.0,-0.003,0.008,-0.011,0.633,0.439,0.618,0.357,-0.022,-0.097
0.301,-1.054,1.705,1.0,-0.006,0.009,-0.011,0.546,0.35,0.428,-0.448,0.151,0.167
0.326,-1.035,1.719,1.0,0.005,0.007,-0.014,0.524,0.416,0.297,0.759,-0.117,-0.308
0.332,-1.032,1.72,1.0,0.003,0.009,-0.008,0.783,0.501,0.307,0.159,0.247,0.701
0.347,-1.022,1.726,1.0,-0.001,0.003,-0.013,0.479,0.321,0.165,-0.051,0.075,-0.189
0.373,-1.003,1.729,1.0,0.002,0.007,-0.011,0.451,0.323,0.018,0.183,0.314,0.14
0.382,-0.998,1.729,1.0,-0.005,-0.002,-0.015,0.607,0.382,0.02,-0.47,-0.586,-0.326
0.412,-0.976,1.723,1.0,-0.005,-0.004,-0.014,0.592,0.406,-0.135,-0.19,-0.153,-0.266
0.44,-0.955,1.712,1.0,-0.002,-0.013,-0.01,0.595,0.415,-0.25,-0.052,-0.518,0.168
0.446,-0.95,1.708,1.0,0.0,-0.01,-0.01,0.442,0.33,-0.238,0.192,-0.011,-0.082
0.488,-0.916,1.68,1.0,0.013,-0.006,-0.017,0.506,0.431,-0.421,1.261,1.171,-0.462
0.496,-0.91,1.676,1.0,-0.005,-0.018,-0.009,0.377,0.312,-0.255,-0.67,-0.211,0.367
0.532,-0.879,1.65,0.999,0.009,-0.035,-0.007,0.659,0.499,-0.467,-0.288,0.055,1.726
0.551,-0.861,1.632,0.999,-0.002,-0.035,-0.007,0.579,0.483,-0.529,-1.094,-2.531,-1.397
0.577,-0.834,1.611,0.998,0.007,-0.054,-0.013,0.395,0.391,-0.217,-0.916,-1.561,0.156
0.583,-0.827,1.606,0.999,0.008,-0.046,-0.011,0.355,0.422,-0.268,-0.473,-0.178,0.139
0.611,-0.789,1.587,0.998,0.01,-0.054,-0.013,0.273,0.354,-0.103,-0.489,-0.17,-0.277
0.615,-0.786,1.586,0.997,0.009,-0.079,-0.01,0.252,0.312,-0.098,-0.068,-1.604,-0.02
0.624,-0.767,1.584,0.998,0.013,-0.055,-0.01,0.2,0.433,-0.03,0.127,0.335,-0.007
0.625,-0.759,1.584,1.0,0.017,-0.017,0.016,0.032,0.327,0.028,0.391,3.702,2.498
0.635,-0.737,1.584,0.998,0.014,-0.063,-0.01,0.124,0.403,0.017,-1.5,-0.526,-0.069
0.638,-0.725,1.588,0.997,0.014,-0.07,-0.014,0.086,0.358,0.138,-0.288,-0.636,-0.309
0.64,-0.715,1.587,0.998,0.024,-0.063,-0.012,0.061,0.315,0.071,-0.108,0.727,-0.15
0.639,-0.688,1.59,0.998,0.02,-0.061,-0.01,-0.033,0.279,0.003,0.196,0.524,0.169
0.638,-0.68,1.591,0.998,0.026,-0.063,-0.012,-0.07,0.328,0.021,0.387,-0.019,-0.064
0.629,-0.657,1.591,0.998,0.019,-0.054,-0.002,-0.154,0.298,-0.121,-0.993,2.504,0.978
0.626,-0.652,1.592,0.997,0.032,-0.062,-0.013,-0.192,0.292,-0.049,0.083,0.622,-0.308
0.615,-0.635,1.592,0.997,0.018,-0.068,-0.011,-0.2,0.272,0.007,-1.352,-0.477,-0.018
0.613,-0.634,1.591,0.998,0.01,-0.068,-0.01,-0.222,0.229,-0.023,-1.569,-0.323,0.077
0.594,-0.617,1.594,0.998,0.022,-0.055,-0.011,-0.28,0.228,0.018,0.061,0.458,-0.088
0.587,-0.612,1.595,0.999,0.001,-0.051,-0.01,-0.334,0.196,0.04,-2.984,0.65,0.325
0.58,-0.606,1.597,0.998,0.02,-0.057,-0.009,-0.311,0.189,0.047,-3.395,0.429,0.269
0.57,-0.601,1.599,0.998,0.021,-0.06,-0.008,-0.344,0.187,0.095,-0.189,-0.395,0.007
0.555,-0.592,1.598,0.999,0.006,-0.043,-0.006,-0.408,0.207,-0.012,-1.318,1.261,0.479
0.54,-0.584,1.602,0.998,0.023,-0.052,-0.013,-0.409,0.214,0.085,0.274,-0.18,-0.195
0.528,-0.579,1.602,0.998,0.021,-0.049,-0.012,-0.478,0.255,0.029,0.297,0.301,-0.113
0.499,-0.566,1.601,0.999,0.003,-0.04,-0.008,-0.546,0.215,-0.086,-1.476,1.535,0.546
0.468,-0.554,1.6,0.999,0.018,-0.037,-0.013,-0.506,0.186,-0.044,0.328,0.706,-0.16
0.442,-0.545,1.595,0.999,0.009,-0.042,-0.012,-0.523,0.179,-0.092,-0.581,0.266,-0.016
0.432,-0.542,1.591,1.0,-0.001,-0.021,-0.003,-0.568,0.186,-0.21,-1.093,1.575,0.583
0.388,-0.528,1.58,0.999,0.022,-0.025,-0.018,-0.589,0.181,-0.189,1.023,0.574,-0.872
0.379,-0.525,1.579,0.999,0.01,-0.034,-0.015,-0.609,0.167,-0.17,-0.219,-0.034,-0.451
0.338,-0.514,1.561,1.0,0.016,-0.02,-0.016,-0.576,0.125,-0.265,-0.08,0.45,-0.449
0.306,-0.503,1.543,1.0,-0.006,-0.017,-0.008,-0.599,0.162,-0.373,-1.148,0.294,0.042
0.274,-0.494,1.518,1.0,0.001,-0.011,-0.007,-0.607,0.188,-0.484,-0.447,0.786,0.385
0.262,-0.491,1.509,1.0,0.002,-0.018,-0.013,-0.595,0.152,-0.465,-0.359,0.065,-0.168
0.22,-0.478,1.474,1.0,-0.017,0.017,-0.003,-0.981,0.183,-1.161,-6.746,10.816,2.339
0.191,-0.469,1.456,1.0,-0.001,-0.002,-0.013,-0.523,0.114,-0.386,-0.419,0.708,-0.16
0.169,-0.46,1.443,1.0,0.0,-0.003,-0.013,-0.52,0.189,-0.299,0.145,-0.129,-0.156
0.165,-0.459,1.441,1.0,0.001,-0.002,-0.013,-0.768,0.34,-0.426,0.929,-0.161,-0.011
0.145,-0.452,1.431,1.0,0.002,-0.005,-0.012,-0.581,0.19,-0.282,0.113,-0.339,0.077
0.118,-0.441,1.42,1.0,0.008,0.004,-0.014,-0.559,0.229,-0.225,0.38,0.427,-0.186
0.113,-0.44,1.42,1.0,0.004,0.0,-0.013,-0.494,0.153,-0.14,0.093,-0.196,-0.167
0.096,-0.432,1.416,1.0,0.011,0.008,-0.016,-0.365,0.136,-0.072,0.219,0.276,-0.201
0.057,-0.415,1.416,1.0,0.013,0.012,-0.015,-0.573,0.181,0.257,5.677,-4.81,-4.839
0.052,-0.412,1.417,1.0,0.013,0.005,-0.014,-0.497,0.199,0.159,2.733,-2.694,-2.489
0.018,-0.397,1.404,1.0,0.012,0.014,-0.01,-0.442,0.227,-0.218,-0.073,0.017,0.111
0.01,-0.393,1.396,1.0,0.02,0.015,-0.014,-0.399,0.158,-0.309,-0.116,0.449,-0.273
-0.021,-0.379,1.358,1.0,0.021,0.016,-0.015,-0.363,0.133,-0.524,0.247,0.321,-0.202
-0.03,-0.374,1.343,1.0,0.018,0.02,-0.009,-0.376,0.195,-0.569,0.025,1.202,0.434
-0.051,-0.364,1.302,0.999,0.036,0.022,-0.016,-0.41,0.246,-0.818,1.81,0.093,-0.346
-0.054,-0.363,1.296,1.0,0.017,0.022,-0.006,-0.397,0.196,-0.801,-0.578,0.123,0.733
-0.069,-0.355,1.254,1.0,0.017,0.022,-0.007,-0.366,0.188,-0.863,-0.359,0.362,0.691
-0.083,-0.348,1.214,0.999,0.025,0.023,-0.015,-0.332,0.178,-0.91,-0.065,1.115,0.268
-0.098,-0.341,1.173,1.0,0.018,0.012,-0.013,-0.222,0.122,-0.579,-0.017,-0.247,0.042
-0.099,-0.34,1.17,1.0,0.015,0.016,-0.011,-0.189,0.112,-0.467,-0.199,0.13,0.2
-0.108,-0.336,1.15,1.0,0.019,0.016,-0.014,-0.165,0.069,-0.347,1.133,1.749,-0.054
-0.116,-0.33,1.144,1.0,0.018,0.009,-0.013,-0.156,0.112,-0.097,0.291,-0.013,0.103
-0.116,-0.33,1.144,1.0,0.018,0.009,-0.013,-0.156,0.112,-0.097,0.291,-0.013,0.103
-0.121,-0.327,1.146,1.0,0.017,0.001,-0.013,-0.108,0.103,0.091,0.087,-0.916,0.01
-0.124,-0.325,1.15,0.999,0.039,0.012,-0.017,-0.109,0.179,0.192,2.799,-0.561,0.095
-0.13,-0.321,1.179,1.0,0.011,0.0,-0.012,-0.077,0.047,0.425,-0.165,-0.262,-0.046
-0.133,-0.32,1.186,1.0,0.005,0.015,-0.005,-0.115,0.08,0.395,-0.723,1.244,0.586
-0.137,-0.315,1.232,1.0,0.003,0.004,-0.009,-0.067,0.064,0.439,-0.567,0.116,0.263
-0.139,-0.311,1.255,1.0,0.011,0.0,-0.009,-0.115,0.109,0.434,-1.077,1.081,0.92
-0.139,-0.311,1.259,1.0,0.011,0.005,-0.008,-0.08,0.068,0.383,-0.668,1.059,0.634
-0.141,-0.307,1.276,0.999,0.041,-0.001,-0.01,-0.059,0.153,0.313,2.769,0.377,0.277
-0.141,-0.307,1.297,1.0,0.014,-0.005,-0.012,-0.02,0.024,0.119,-0.489,0.739,0.484
-0.141,-0.307,1.297,1.0,0.013,-0.006,-0.015,-0.002,-0.003,0.014,-0.128,-0.002,-0.137
-0.142,-0.305,1.296,1.0,0.014,-0.007,-0.015,-0.013,0.058,-0.019,0.026,-0.099,-0.073
-0.141,-0.305,1.29,1.0,0.014,-0.003,-0.014,-0.001,0.008,-0.169,-0.192,0.259,0.107
-0.142,-0.304,1.284,1.0,0.021,0.001,-0.016,-0.017,0.003,-0.231,0.124,0.473,-0.434
-0.142,-0.303,1.28,1.0,0.013,-0.006,-0.013,0.011,0.03,-0.195,-0.457,-0.244,0.128
-0.141,-0.302,1.261,1.0,0.004,-0.0,-0.008,0.0,0.038,-0.265,-0.788,0.278,0.309
-0.141,-0.302,1.261,1.0,0.004,-0.0,-0.008,0.0,0.038,-0.265,-0.788,0.278,0.309
-0.14,-0.302,1.243,1.0,0.007,0.003,-0.01,0.001,0.022,-0.276,-0.072,0.793,0.095
-0.137,-0.302,1.236,1.0,0.012,-0.007,-0.014,0.038,-0.001,-0.112,0.425,-0.321,-0.185
-0.137,-0.303,1.234,1.0,0.008,-0.004,-0.014,0.046,-0.016,-0.155,-0.019,-0.047,-0.152
-0.134,-0.302,1.23,1.0,0.008,-0.011,-0.013,0.059,-0.0,-0.029,0.07,-0.205,-0.05
-0.133,-0.303,1.23,1.0,0.009,-0.006,-0.014,0.052,-0.012,0.005,-0.017,0.15,-0.052
-0.132,-0.303,1.231,1.0,0.01,-0.011,-0.013,0.061,-0.013,0.042,0.067,-0.308,0.028
-0.132,-0.302,1.232,1.0,0.006,-0.007,-0.009,0.019,0.018,0.028,-0.31,0.329,0.29
-0.126,-0.304,1.241,1.0,0.008,-0.013,-0.015,-0.08,0.03,-0.251,-5.404,7.128,2.801
-0.125,-0.304,1.243,1.0,0.009,-0.013,-0.012,0.012,-0.033,-0.081,-2.863,3.528,1.533
-0.124,-0.303,1.246,1.0,-0.01,0.022,-0.001,-0.018,0.048,-0.054,-1.619,3.388,1.26
-0.121,-0.304,1.252,1.0,0.009,-0.012,-0.013,0.087,-0.009,0.208,0.815,-0.998,-0.32
-0.118,-0.305,1.259,1.0,0.009,-0.015,-0.014,0.071,-0.031,0.165,-0.148,-0.24,-0.076
-0.117,-0.305,1.265,1.0,0.01,-0.017,-0.012,0.073,-0.043,0.215,0.31,-0.801,-0.117
-0.117,-0.305,1.265,1.0,0.009,-0.013,-0.011,0.043,-0.007,0.156,-0.034,-0.265,0.137
-0.115,-0.305,1.271,1.0,0.003,-0.007,-0.009,0.011,0.018,0.104,-0.565,0.562,0.186
-0.112,-0.307,1.278,1.0,0.008,-0.016,-0.012,0.011,0.159,0.219,0.995,0.366,0.078
-0.112,-0.306,1.279,1.0,0.002,-0.011,-0.009,0.008,0.083,0.106,-0.091,0.65,0.293
-0.111,-0.307,1.28,1.0,0.0,-0.012,-0.009,0.014,0.034,0.076,-0.327,0.585,0.269
-0.109,-0.307,1.282,1.0,-0.001,-0.02,-0.01,0.014,0.017,-0.029,-0.945,0.898,0.455
-0.109,-0.307,1.283,1.0,0.002,-0.012,-0.007,0.007,0.013,0.01,-0.272,1.174,0.681
-0.106,-0.308,1.284,1.0,0.005,-0.015,-0.013,0.029,0.012,0.004,-0.115,0.114,0.112
-0.104,-0.309,1.285,1.0,0.006,-0.02,-0.012,0.04,-0.006,0.007,0.15,-0.277,0.067
-0.104,-0.308,1.283,1.0,0.001,-0.014,-0.009,0.001,0.011,-0.038,-0.489,0.488,0.406
-0.101,-0.308,1.276,1.0,0.002,-0.016,-0.014,0.018,0.007,-0.142,-0.153,0.17,0.01
-0.1,-0.307,1.263,1.0,0.003,-0.014,-0.014,0.021,0.007,-0.169,-0.108,-0.219,0.05
-0.1,-0.307,1.26,1.0,-0.0,-0.018,-0.015,-0.002,-0.004,-0.208,-0.25,-0.139,-0.232
-0.099,-0.305,1.237,1.0,0.0,-0.012,-0.014,0.046,-0.027,-0.253,-0.26,-0.049,0.056
-0.1,-0.3,1.224,1.0,-0.001,-0.014,-0.01,-0.036,0.086,-0.242,-0.196,0.18,0.543
-0.099,-0.301,1.223,1.0,0.002,-0.014,-0.013,0.011,0.028,-0.222,0.067,0.069,0.088
-0.099,-0.299,1.214,1.0,-0.001,-0.008,-0.011,0.005,0.023,-0.209,-0.223,0.402,0.162
-0.099,-0.293,1.195,1.0,0.007,-0.007,-0.016,-0.01,0.057,-0.208,0.53,0.317,-0.303
-0.1,-0.287,1.181,1.0,-0.003,-0.003,-0.011,-0.034,0.12,-0.232,-0.157,0.648,0.176
-0.1,-0.286,1.179,1.0,0.003,-0.016,-0.014,-0.001,0.08,-0.165,0.475,-0.556,-0.222
-0.101,-0.28,1.164,1.0,0.002,-0.018,-0.012,0.004,0.063,-0.168,0.208,-0.36,0.0
-0.101,-0.278,1.161,1.0,0.001,-0.014,-0.014,-0.025,0.098,-0.171,0.043,0.077,-0.121
-0.103,-0.27,1.152,1.0,0.003,-0.016,-0.013,-0.005,0.068,-0.054,0.146,-0.255,-0.153
-0.104,-0.267,1.151,1.0,0.009,-0.012,-0.018,-0.034,0.112,-0.048,0.931,0.427,-0.711
-0.105,-0.259,1.154,1.0,0.005,-0.017,-0.014,-0.017,0.078,0.069,0.194,0.102,-0.036
-0.107,-0.257,1.152,1.0,-0.016,0.015,-0.003,-0.05,0.082,-0.035,-1.081,1.734,0.543
-0.107,-0.252,1.165,1.0,0.006,-0.013,-0.014,-0.025,0.102,0.166,0.668,0.469,-0.386
-0.11,-0.244,1.18,1.0,0.003,-0.013,-0.01,-0.053,0.155,0.278,-0.346,0.201,0.369
-0.112,-0.24,1.194,1.0,0.003,-0.006,-0.01,-0.026,0.084,0.297,-0.604,0.442,0.337
-0.114,-0.232,1.221,1.0,0.009,-0.014,-0.013,-0.009,0.092,0.46,-0.101,-0.099,-0.134
-0.115,-0.229,1.231,1.0,0.009,-0.012,-0.011,-0.038,0.132,0.452,0.076,0.012,0.053
-0.115,-0.228,1.234,1.0,0.009,-0.011,-0.013,-0.019,0.097,0.444,-0.045,0.051,-0.227
-0.117,-0.224,1.252,1.0,0.008,-0.01,-0.014,-0.02,0.08,0.412,-0.521,0.195,-0.04
-0.122,-0.214,1.279,1.0,0.012,-0.006,-0.009,-0.069,0.131,0.276,-0.197,0.154,0.3
-0.121,-0.214,1.282,1.0,0.015,-0.008,-0.015,-0.025,0.097,0.281,0.176,-0.085,-0.281
-0.126,-0.204,1.296,1.0,0.018,-0.003,-0.018,-0.072,0.11,0.068,0.358,0.764,-0.414
-0.127,-0.199,1.297,1.0,0.013,-0.009,-0.015,-0.014,0.037,-0.008,-0.043,-0.077,-0.144
-0.131,-0.193,1.292,1.0,0.013,-0.004,-0.006,-0.084,0.13,-0.121,-0.446,0.455,0.6
-0.131,-0.191,1.288,1.0,0.018,-0.006,-0.014,-0.048,0.117,-0.158,0.526,-0.059,-0.22
-0.132,-0.188,1.281,1.0,0.017,-0.002,-0.009,-0.032,0.084,-0.155,0.151,0.38,0.32
-0.133,-0.186,1.271,1.0,0.011,-0.003,-0.01,-0.042,0.056,-0.296,-0.64,0.001,0.213
-0.133,-0.183,1.261,1.0,0.019,-0.006,-0.014,-0.011,0.061,-0.277,-0.062,0.037,0.064
-0.134,-0.183,1.256,1.0,0.014,-0.001,-0.01,-0.026,0.053,-0.32,-0.458,0.502,0.366
-0.135,-0.179,1.243,1.0,0.022,-0.006,-0.015,-0.018,0.068,-0.305,0.418,-0.065,-0.159
-0.135,-0.178,1.235,1.0,0.023,-0.011,-0.012,0.004,0.066,-0.283,0.404,-0.388,0.156
-0.135,-0.178,1.226,1.0,0.016,-0.006,-0.016,0.008,0.01,-0.315,-0.195,-0.009,-0.359
-0.136,-0.175,1.207,1.0,0.019,-0.009,-0.015,0.001,0.025,-0.254,-0.044,-0.69,0.107
-0.136,-0.175,1.207,1.0,0.019,-0.009,-0.015,0.001,0.025,-0.254,-0.044,-0.69,0.107
-0.136,-0.171,1.174,1.0,0.016,-0.007,-0.014,0.011,-0.002,-0.182,-0.165,0.079,-0.057
-0.136,-0.17,1.173,1.0,0.014,-0.015,-0.013,-0.009,0.022,-0.087,-0.121,-0.404,-0.045
-0.137,-0.169,1.175,1.0,0.007,-0.01,-0.009,-0.011,0.025,0.094,-0.631,0.201,0.344
-0.135,-0.169,1.179,1.0,0.016,-0.012,-0.012,0.028,0.008,0.164,0.194,-0.175,0.142
-0.136,-0.169,1.198,1.0,0.011,-0.008,-0.011,0.003,-0.005,0.286,0.048,0.445,0.062
-0.136,-0.169,1.202,1.0,0.019,-0.006,-0.019,-0.005,-0.016,0.244,0.6,0.382,-0.495
-0.136,-0.169,1.222,1.0,0.012,-0.017,-0.013,0.001,-0.005,0.267,0.708,-0.108,-0.355
-0.135,-0.17,1.225,1.0,0.011,-0.018,-0.014,0.035,-0.048,0.252,0.01,-0.524,-0.045
-0.137,-0.169,1.237,1.0,0.005,-0.008,-0.01,-0.023,0.02,0.15,-0.571,0.377,0.381
-0.137,-0.17,1.241,1.0,0.01,-0.019,-0.012,0.012,-0.016,0.127,0.134,-0.32,-0.032
-0.138,-0.17,1.244,1.0,0.009,-0.014,-0.012,-0.001,0.005,0.085,0.344,-0.223,-0.298
-0.138,-0.17,1.244,1.0,0.009,-0.015,-0.012,-0.006,-0.002,0.078,0.238,-0.206,-0.156
-0.14,-0.168,1.242,1.0,-0.001,-0.006,-0.008,-0.053,0.033,-0.099,-0.816,1.026,0.518
-0.14,-0.169,1.24,1.0,0.016,-0.007,-0.016,-0.021,-0.015,-0.117,0.696,0.744,-0.286
-0.141,-0.168,1.238,1.0,0.0,-0.008,-0.008,-0.061,0.032,-0.151,-0.902,0.548,0.516
-0.142,-0.167,1.232,1.0,0.004,-0.017,-0.009,-0.069,0.064,-0.216,-0.279,-0.318,0.217
-0.144,-0.167,1.212,1.0,0.007,-0.011,-0.009,-0.039,0.031,-0.302,0.01,-0.008,0.284
-0.144,-0.168,1.206,1.0,0.008,-0.016,-0.013,-0.013,-0.008,-0.271,0.126,-0.338,-0.09
-0.147,-0.166,1.175,1.0,0.002,-0.021,-0.006,-0.014,0.036,-0.364,-0.336,-0.689,0.595
-0.149,-0.165,1.163,1.0,0.013,-0.008,-0.017,-0.064,0.035,-0.442,0.701,0.19,-0.623
-0.151,-0.164,1.14,1.0,0.008,-0.012,-0.014,-0.04,0.021,-0.461,0.136,0.025,-0.053
-0.152,-0.164,1.134,1.0,0.008,-0.012,-0.013,-0.043,0.037,-0.463,0.231,0.106,0.031
-0.154,-0.162,1.114,1.0,0.002,-0.007,-0.012,-0.067,0.079,-0.498,-0.445,0.549,0.129
-0.156,-0.161,1.093,1.0,0.01,-0.014,-0.013,-0.043,0.039,-0.472,0.387,-0.5,-0.175
-0.157,-0.16,1.087,1.0,0.001,-0.007,-0.006,-0.082,0.086,-0.491,-0.639,0.344,0.653
-0.158,-0.16,1.072,1.0,0.01,-0.01,-0.013,-0.038,0.02,-0.44,-0.501,-0.36,0.088
-0.163,-0.156,1.031,1.0,0.012,-0.011,-0.014,-0.039,0.034,-0.389,0.044,-0.068,-0.049
-0.166,-0.155,1.006,1.0,0.015,-0.006,-0.017,-0.064,0.015,-0.428,0.348,0.372,-0.415
-0.167,-0.154,0.998,1.0,0.01,-0.013,-0.014,-0.043,0.028,-0.351,-0.065,-0.094,-0.038
-0.17,-0.15,0.969,1.0,0.013,-0.017,-0.013,-0.048,0.06,-0.331,0.032,0.003,0.048
-0.172,-0.148,0.963,1.0,0.025,-0.008,-0.012,-0.077,0.098,-0.389,0.888,0.62,-0.023
-0.175,-0.147,0.938,1.0,0.011,-0.012,-0.015,-0.052,0.006,-0.316,-1.115,0.053,-0.297
-0.177,-0.146,0.927,1.0,0.013,-0.017,-0.014,-0.052,0.058,-0.313,-0.081,-0.243,-0.109
-0.179,-0.144,0.916,1.0,0.006,-0.004,-0.008,-0.083,0.048,-0.353,-0.562,0.97,0.38
-0.182,-0.143,0.898,1.0,0.016,-0.014,-0.015,-0.036,0.022,-0.32,0.359,-0.078,-0.513
-0.185,-0.141,0.884,1.0,0.009,-0.005,-0.008,-0.077,0.037,-0.383,-0.312,0.194,0.129
-0.185,-0.141,0.884,1.0,0.009,-0.005,-0.008,-0.077,0.037,-0.383,-0.312,0.194,0.129
-0.188,-0.14,0.863,1.0,0.022,-0.012,-0.017,-0.076,0.028,-0.373,0.576,0.058,-0.391
-0.195,-0.137,0.818,1.0,0.015,-0.003,-0.013,-0.049,0.044,-0.427,0.01,0.466,0.162
-0.2,-0.137,0.784,1.0,0.007,-0.003,-0.012,-0.07,0.013,-0.502,-0.494,0.1,-0.102
-0.199,-0.137,0.779,1.0,0.012,-0.006,-0.015,-0.038,0.001,-0.46,0.076,-0.139,-0.275
-0.202,-0.136,0.741,1.0,0.012,-0.002,-0.013,-0.015,0.002,-0.478,-0.065,-0.374,0.004
-0.203,-0.136,0.732,1.0,0.014,-0.001,-0.014,-0.015,0.021,-0.386,0.184,-0.687,-0.043
-0.204,-0.135,0.696,1.0,0.016,-0.0,-0.012,-0.01,0.032,-0.484,0.371,-0.115,0.041
-0.205,-0.136,0.687,1.0,0.021,0.003,-0.014,-0.028,-0.002,-0.511,0.537,0.192,-0.214
-0.205,-0.135,0.652,1.0,0.012,-0.004,-0.012,0.027,-0.012,-0.483,-0.669,-1.135,0.051
-0.204,-0.136,0.642,1.0,0.011,-0.001,-0.012,0.065,-0.041,-0.483,0.081,-0.524,-0.32
-0.203,-0.135,0.621,1.0,0.025,0.011,-0.015,0.016,-0.0,-0.398,0.706,0.588,-0.149
-0.203,-0.136,0.611,1.0,0.015,0.007,-0.018,0.013,-0.022,-0.469,-0.178,-0.064,-0.282
-0.201,-0.136,0.586,1.0,-0.006,0.028,-0.004,-0.006,-0.075,-0.569,-3.006,2.283,0.428
-0.197,-0.136,0.579,1.0,0.013,0.001,-0.014,0.099,-0.021,-0.273,0.72,-1.228,-0.574
-0.197,-0.137,0.573,0.999,0.021,0.021,-0.02,0.035,-0.031,-0.301,0.769,0.801,-0.69
-0.195,-0.137,0.568,1.0,0.015,0.01,-0.013,0.059,-0.014,-0.179,-0.056,0.007,0.116
-0.188,-0.137,0.547,1.0,-0.001,0.014,-0.012,0.077,-0.003,-0.268,-1.542,1.1,0.179
-0.185,-0.137,0.541,1.0,0.019,0.008,-0.018,0.096,0.009,-0.258,0.813,0.602,-0.29
-0.176,-0.138,0.532,1.0,-0.004,0.017,-0.007,0.115,0.022,-0.108,-1.18,1.095,0.645
-0.173,-0.139,0.533,1.0,0.007,-0.005,-0.013,0.173,-0.068,-0.016,0.476,-1.129,-0.146
-0.161,-0.137,0.537,1.0,0.005,-0.001,-0.013,0.179,0.019,0.119,-0.139,-0.733,-0.049
-0.159,-0.138,0.535,0.999,-0.008,-0.043,-0.008,0.148,-0.043,-0.059,-2.014,-4.597,0.695
-0.146,-0.137,0.542,0.999,0.026,0.006,-0.019,0.135,0.025,-0.012,0.981,0.932,-0.338
-0.142,-0.136,0.544,1.0,0.02,-0.01,-0.013,0.183,0.029,0.065,-0.198,-0.887,0.448
-0.132,-0.136,0.544,1.0,0.004,0.005,-0.009,0.119,0.026,-0.069,-1.142,1.12,0.292
-0.127,-0.136,0.545,1.0,0.017,-0.013,-0.014,0.187,0.006,0.012,0.275,-0.495,-0.004
-0.115,-0.136,0.54,1.0,0.018,-0.016,-0.015,0.167,-0.027,-0.106,0.517,0.335,-0.017
-0.11,-0.137,0.535,0.999,0.025,-0.016,-0.011,0.203,-0.037,-0.171,0.807,-0.193,0.376
