0.01,0.002,-0.002,1.0,-0.002,-0.0,0.002,0.001,0.001,-0.0,0.001,0.003,0.001
0.01,0.002,-0.002,1.0,-0.002,-0.0,0.002,0.001,0.001,-0.0,0.001,0.003,0.001
0.01,0.002,-0.002,1.0,-0.002,-0.0,0.002,-0.008,-0.007,0.022,-0.003,0.015,-0.005
0.01,0.003,-0.002,1.0,-0.002,-0.001,0.002,-0.004,0.011,-0.006,0.001,-0.006,-0.001
0.009,0.002,-0.002,1.0,-0.002,-0.001,0.002,-0.026,-0.013,0.019,-0.002,0.003,0.004
0.01,0.003,-0.002,1.0,-0.001,-0.001,0.002,0.022,0.018,-0.004,0.004,-0.002,-0.0
0.009,0.003,0.004,1.0,-0.003,-0.001,0.002,-0.03,0.012,0.167,-0.078,0.002,-0.006
0.009,0.004,0.021,1.0,-0.003,0.0,0.002,0.011,0.023,0.51,-0.003,0.04,0.002
0.009,0.004,0.021,1.0,-0.003,0.0,0.002,0.011,0.023,0.51,-0.003,0.04,0.002
0.009,0.005,0.054,1.0,-0.002,0.002,0.002,-0.02,0.025,0.996,0.039,0.113,0.033
0.012,0.01,0.09,1.0,-0.001,0.002,0.002,0.095,0.154,1.084,0.069,-0.015,-0.002
0.012,0.012,0.135,1.0,0.0,0.003,0.002,0.024,0.054,1.414,0.076,0.061,-0.02
0.009,0.01,0.199,1.0,0.001,0.005,0.002,-0.111,-0.056,1.851,0.045,0.148,0.01
0.01,0.004,0.291,1.0,0.002,0.005,0.003,-0.132,-0.237,1.356,0.013,-0.02,0.064
0.01,0.004,0.291,1.0,0.002,0.005,0.003,-0.132,-0.237,1.356,0.013,-0.02,0.064
0.025,-0.012,0.349,1.0,0.003,0.001,0.004,0.511,-0.453,0.719,0.018,-0.138,0.098
0.021,-0.01,0.391,1.0,0.004,0.002,0.004,-0.137,0.065,1.242,0.028,0.048,-0.011
0.021,-0.01,0.391,1.0,0.004,0.002,0.004,-0.137,0.065,1.242,0.028,0.048,-0.011
0.021,-0.013,0.425,1.0,0.003,0.003,0.004,-0.001,-0.088,1.025,-0.008,0.068,0.012
0.025,-0.018,0.45,1.0,0.003,0.003,0.004,0.119,-0.16,0.766,-0.055,0.013,0.008
0.024,-0.017,0.47,1.0,0.0,0.004,0.004,-0.013,0.012,0.584,-0.15,0.042,-0.022
0.023,-0.022,0.496,1.0,-0.002,0.005,0.004,-0.052,-0.154,0.795,-0.155,0.067,-0.004
0.026,-0.031,0.501,1.0,-0.004,0.003,0.004,0.112,-0.266,0.157,-0.082,-0.117,0.03
0.026,-0.026,0.505,1.0,-0.004,0.003,0.004,-0.027,0.082,0.107,0.019,0.009,-0.026
0.029,-0.036,0.508,1.0,-0.004,0.004,0.005,0.093,-0.289,0.097,-0.032,0.032,0.05
0.029,-0.036,0.508,1.0,-0.004,0.004,0.005,0.093,-0.289,0.097,-0.032,0.032,0.05
0.03,-0.037,0.508,1.0,-0.004,0.004,0.005,0.025,-0.021,-0.023,-0.007,-0.006,0.001
0.031,-0.037,0.508,1.0,-0.004,0.004,0.005,0.01,-0.028,0.004,0.031,0.012,0.007
0.028,-0.038,0.507,1.0,-0.004,0.005,0.005,-0.065,-0.028,-0.037,-0.021,0.037,-0.012
0.032,-0.041,0.491,1.0,-0.005,0.004,0.004,0.032,0.03,-0.162,-0.013,0.001,-0.009
0.032,-0.041,0.491,1.0,-0.005,0.004,0.004,0.032,0.03,-0.162,-0.013,0.001,-0.009
0.038,-0.051,0.47,1.0,-0.006,0.002,0.005,0.055,-0.017,-0.261,0.011,-0.051,0.001
0.038,-0.051,0.47,1.0,-0.006,0.002,0.005,0.055,-0.017,-0.261,0.011,-0.051,0.001
0.039,-0.053,0.467,1.0,-0.005,0.003,0.005,0.013,0.022,-0.026,0.022,0.024,-0.01
0.042,-0.059,0.461,1.0,-0.004,0.002,0.005,0.097,-0.178,-0.181,0.059,-0.021,0.02
0.042,-0.059,0.461,1.0,-0.004,0.002,0.005,0.097,-0.178,-0.181,0.059,-0.021,0.02
0.045,-0.059,0.458,1.0,-0.003,0.002,0.006,0.084,0.008,-0.086,0.054,0.015,0.002
0.046,-0.06,0.454,1.0,-0.003,0.003,0.005,0.128,-0.033,-0.331,-0.002,-0.026,-0.012
0.046,-0.06,0.454,1.0,-0.003,0.003,0.005,0.128,-0.033,-0.331,-0.002,-0.026,-0.012
0.044,-0.058,0.455,1.0,-0.002,0.006,0.005,-0.0,0.002,0.003,0.006,0.065,-0.01
0.044,-0.058,0.455,1.0,-0.002,0.006,0.005,-0.0,0.002,0.003,0.006,0.065,-0.01
0.056,-0.07,0.458,1.0,-0.003,0.007,0.006,0.239,-0.158,-0.124,-0.042,-0.055,0.014
0.058,-0.073,0.462,1.0,-0.003,0.007,0.006,0.06,-0.095,0.115,-0.018,0.016,0.023
0.058,-0.073,0.462,1.0,-0.003,0.007,0.006,0.06,-0.095,0.115,-0.018,0.016,0.023
0.065,-0.069,0.487,1.0,-0.004,0.009,0.005,0.009,0.25,0.639,-0.004,0.123,-0.071
0.06,-0.055,0.522,1.0,-0.003,0.013,0.003,-0.147,0.445,1.05,0.05,0.272,-0.138
0.06,-0.055,0.522,1.0,-0.003,0.013,0.003,-0.147,0.445,1.05,0.05,0.272,-0.138
0.067,-0.075,0.594,1.0,-0.004,0.019,0.004,0.056,-0.111,0.581,-0.045,0.044,-0.003
0.069,-0.077,0.624,1.0,-0.004,0.021,0.004,0.06,-0.05,0.907,-0.016,0.148,0.006
0.069,-0.077,0.624,1.0,-0.004,0.021,0.004,0.06,-0.05,0.907,-0.016,0.148,0.006
0.072,-0.077,0.687,1.0,0.0,0.026,0.004,0.089,0.13,0.595,0.112,0.143,-0.031
0.072,-0.077,0.687,1.0,0.0,0.026,0.004,0.089,0.13,0.595,0.112,0.143,-0.031
0.075,-0.079,0.702,1.0,0.002,0.028,0.004,0.093,-0.081,0.46,0.086,0.112,0.023
0.124,-0.097,0.703,1.0,-0.003,0.031,0.004,0.305,-0.248,-0.278,-0.034,-0.026,0.046
0.124,-0.097,0.703,1.0,-0.003,0.031,0.004,0.305,-0.248,-0.278,-0.034,-0.026,0.046
0.133,-0.106,0.696,0.999,-0.004,0.031,0.005,0.266,-0.267,-0.218,-0.069,0.013,0.046
0.145,-0.087,0.689,0.999,-0.005,0.032,0.002,0.368,0.561,-0.2,-0.047,0.049,-0.173
0.145,-0.087,0.689,0.999,-0.005,0.032,0.002,0.368,0.561,-0.2,-0.047,0.049,-0.173
0.19,-0.111,0.653,0.999,-0.009,0.032,0.003,0.489,-0.394,-0.21,-0.165,0.024,0.046
0.205,-0.12,0.647,0.999,-0.011,0.031,0.004,0.466,-0.275,-0.189,-0.135,-0.019,0.061
0.205,-0.12,0.647,0.999,-0.011,0.031,0.004,0.466,-0.275,-0.189,-0.135,-0.019,0.061
0.231,-0.127,0.628,0.999,-0.014,0.029,0.005,0.793,-0.209,-0.573,-0.152,-0.177,0.032
0.252,-0.119,0.621,1.0,-0.012,0.026,0.004,0.614,0.228,-0.228,0.121,-0.127,-0.071
0.252,-0.119,0.621,1.0,-0.012,0.026,0.004,0.614,0.228,-0.228,0.121,-0.127,-0.071
0.279,-0.125,0.635,1.0,-0.01,0.026,0.005,0.3,-0.163,0.377,0.048,-0.0,0.025
0.304,-0.128,0.631,1.0,-0.011,0.023,0.004,0.738,-0.078,-0.123,-0.05,-0.156,-0.03
0.343,-0.133,0.64,1.0,-0.014,0.02,0.005,0.536,-0.096,0.234,-0.087,-0.098,0.011
0.392,-0.135,0.656,1.0,-0.016,0.015,0.005,0.687,0.059,0.277,-0.022,-0.114,-0.019
0.392,-0.135,0.656,1.0,-0.016,0.015,0.005,0.687,0.059,0.277,-0.022,-0.114,-0.019
0.435,-0.139,0.683,1.0,-0.016,0.013,0.005,0.564,-0.0,0.428,-0.068,-0.031,-0.019
0.456,-0.134,0.698,1.0,-0.018,0.012,0.004,0.611,0.143,0.466,-0.094,-0.038,-0.038
0.525,-0.128,0.741,1.0,-0.022,0.008,0.003,0.7,0.264,0.604,-0.027,-0.051,-0.067
0.525,-0.128,0.741,1.0,-0.022,0.008,0.003,0.7,0.264,0.604,-0.027,-0.051,-0.067
0.543,-0.133,0.759,1.0,-0.023,0.007,0.004,0.544,-0.149,0.551,-0.061,-0.032,0.046
0.572,-0.127,0.765,1.0,-0.024,0.005,0.003,0.867,0.195,0.174,-0.062,-0.146,-0.054
0.597,-0.129,0.772,1.0,-0.025,0.003,0.004,0.752,-0.057,0.221,-0.041,-0.117,0.03
0.627,-0.12,0.787,1.0,-0.025,-0.0,0.003,0.468,0.144,0.417,0.019,-0.057,-0.01
0.627,-0.12,0.787,1.0,-0.025,-0.0,0.003,0.468,0.144,0.417,0.019,-0.057,-0.01
0.656,-0.116,0.788,1.0,-0.025,-0.002,0.004,0.887,0.117,0.041,0.018,-0.136,0.013
0.693,-0.109,0.803,1.0,-0.025,-0.005,0.004,0.471,0.088,0.223,-0.067,-0.056,-0.003
0.72,-0.11,0.8,1.0,-0.026,-0.007,0.004,0.839,-0.021,-0.101,-0.012,-0.125,0.038
0.743,-0.103,0.797,1.0,-0.027,-0.01,0.004,0.677,0.195,-0.072,-0.062,-0.166,-0.024
0.758,-0.098,0.812,1.0,-0.028,-0.01,0.004,0.441,0.157,0.437,-0.057,-0.02,-0.007
0.783,-0.089,0.805,1.0,-0.027,-0.013,0.004,0.762,0.257,-0.223,0.006,-0.155,-0.021
0.801,-0.081,0.805,0.999,-0.029,-0.015,0.003,0.519,0.237,0.003,-0.068,-0.108,-0.013
0.81,-0.079,0.815,0.999,-0.029,-0.015,0.004,0.293,0.06,0.307,-0.013,-0.04,0.037
0.886,-0.04,0.838,0.999,-0.031,-0.02,0.003,0.63,0.2,-0.047,-0.012,-0.124,0.005
0.934,0.03,0.94,0.999,-0.032,-0.023,0.0,-0.038,0.489,1.341,0.02,0.132,-0.019
0.934,0.03,0.94,0.999,-0.032,-0.023,0.0,-0.038,0.489,1.341,0.02,0.132,-0.019
0.971,0.06,0.996,0.999,-0.03,-0.028,0.001,0.404,0.327,0.29,0.06,-0.135,0.009
0.964,0.088,1.042,0.999,-0.029,-0.026,0.0,-0.2,0.857,1.376,0.068,0.082,-0.076
0.969,0.097,1.07,0.999,-0.029,-0.027,0.001,0.148,0.276,0.845,0.006,-0.064,0.03
0.963,0.134,1.135,0.999,-0.028,-0.023,-0.001,-0.178,1.071,1.937,0.078,0.252,-0.108
0.962,0.148,1.165,0.999,-0.026,-0.022,-0.001,-0.039,0.434,0.898,0.095,0.061,-0.007
0.947,0.172,1.21,1.0,-0.024,-0.02,-0.002,-0.426,0.715,1.361,0.117,0.168,-0.035
0.955,0.192,1.22,1.0,-0.023,-0.02,-0.002,0.231,0.607,0.304,0.05,-0.028,0.008
0.952,0.217,1.237,1.0,-0.023,-0.02,-0.003,-0.105,0.744,0.499,0.045,-0.003,-0.043
0.95,0.24,1.249,1.0,-0.022,-0.02,-0.003,-0.035,0.709,0.359,0.049,0.016,-0.039
0.917,0.324,1.28,1.0,-0.017,-0.016,-0.005,-0.396,0.722,0.215,0.077,0.091,-0.035
0.915,0.352,1.269,1.0,-0.015,-0.016,-0.006,-0.067,0.847,-0.33,0.152,-0.027,-0.045
0.892,0.413,1.249,1.0,-0.013,-0.015,-0.008,-0.357,0.961,-0.444,0.073,0.014,-0.048
0.889,0.454,1.226,1.0,-0.011,-0.016,-0.01,-0.074,1.228,-0.693,0.089,-0.022,-0.155
0.855,0.529,1.165,1.0,-0.007,-0.014,-0.011,-0.448,0.944,-0.396,0.09,0.139,-0.054
0.855,0.529,1.165,1.0,-0.007,-0.014,-0.011,-0.448,0.944,-0.396,0.09,0.139,-0.054
0.842,0.56,1.128,1.0,-0.005,-0.015,-0.013,-0.388,0.932,-1.097,0.105,-0.037,-0.072
0.806,0.651,1.041,1.0,0.002,-0.015,-0.015,-0.281,1.036,-0.791,0.145,0.016,-0.079
0.806,0.651,1.041,1.0,0.002,-0.015,-0.015,-0.281,1.036,-0.791,0.145,0.016,-0.079
0.795,0.673,1.015,1.0,0.006,-0.015,-0.015,-0.323,0.67,-0.787,0.232,-0.022,0.033
0.778,0.693,0.999,1.0,0.009,-0.014,-0.014,-0.523,0.585,-0.475,0.202,0.055,0.027
0.778,0.693,0.999,1.0,0.009,-0.014,-0.014,-0.523,0.585,-0.475,0.202,0.055,0.027
0.766,0.707,0.972,1.0,0.012,-0.015,-0.013,-0.35,0.428,-0.804,0.181,-0.048,0.048
0.745,0.736,0.996,1.0,0.016,-0.01,-0.014,-0.654,0.854,0.702,0.226,0.33,-0.047
0.725,0.739,1.012,1.0,0.02,-0.006,-0.012,-0.651,0.106,0.544,0.243,0.271,0.155
0.653,0.809,1.1,1.0,0.024,0.003,-0.013,-0.698,0.434,1.069,0.003,0.209,-0.02
0.653,0.809,1.1,1.0,0.024,0.003,-0.013,-0.698,0.434,1.069,0.003,0.209,-0.02
0.635,0.815,1.126,1.0,0.025,0.005,-0.012,-0.549,0.166,0.793,0.057,0.088,0.049
0.605,0.825,1.176,1.0,0.024,0.009,-0.012,-0.933,0.312,1.572,-0.067,0.252,0.008
0.591,0.833,1.188,1.0,0.023,0.007,-0.013,-0.405,0.24,0.339,-0.046,-0.086,-0.034
0.571,0.837,1.232,1.0,0.021,0.01,-0.013,-0.6,0.108,1.328,-0.113,0.14,-0.012
0.549,0.839,1.277,1.0,0.02,0.013,-0.012,-0.663,0.052,1.346,-0.065,0.173,0.043
0.465,0.862,1.421,0.999,0.014,0.026,-0.014,-0.627,0.174,0.569,-0.101,0.127,-0.048
0.465,0.862,1.421,0.999,0.014,0.026,-0.014,-0.627,0.174,0.569,-0.101,0.127,-0.048
0.419,0.862,1.409,1.0,0.008,0.027,-0.013,-0.348,0.076,-0.181,-0.18,-0.008,-0.012
0.419,0.862,1.409,1.0,0.008,0.027,-0.013,-0.348,0.076,-0.181,-0.18,-0.008,-0.012
0.383,0.862,1.387,1.0,0.003,0.028,-0.014,-0.329,0.061,-0.256,-0.08,0.031,-0.028
0.383,0.862,1.387,1.0,0.003,0.028,-0.014,-0.329,0.061,-0.256,-0.08,0.031,-0.028
0.377,0.862,1.368,1.0,0.001,0.027,-0.013,-0.179,-0.011,-0.576,-0.096,-0.029,0.024
0.366,0.869,1.358,1.0,0.0,0.028,-0.014,-0.323,0.214,-0.294,-0.075,0.011,-0.055
0.351,0.872,1.261,1.0,-0.003,0.02,-0.013,-0.148,-0.137,-0.78,-0.047,-0.153,0.05
0.351,0.872,1.261,1.0,-0.003,0.02,-0.013,-0.148,-0.137,-0.78,-0.047,-0.153,0.05
0.351,0.873,1.253,1.0,-0.004,0.019,-0.013,-0.004,0.034,-0.236,-0.034,-0.046,0.013
0.338,0.874,1.241,1.0,-0.005,0.017,-0.012,-0.009,-0.104,-0.507,-0.034,-0.196,0.061
0.338,0.874,1.241,1.0,-0.005,0.017,-0.012,-0.009,-0.104,-0.507,-0.034,-0.196,0.061
0.335,0.89,1.234,1.0,-0.006,0.015,-0.013,-0.11,0.532,-0.242,-0.008,-0.116,-0.102
0.334,0.886,1.215,1.0,-0.008,0.009,-0.012,0.125,0.059,-0.111,-0.055,-0.144,0.0
0.334,0.886,1.215,1.0,-0.008,0.009,-0.012,0.125,0.059,-0.111,-0.055,-0.144,0.0
0.334,0.889,1.199,1.0,-0.008,0.004,-0.012,0.0,0.095,-0.489,-0.022,-0.264,0.008
0.328,0.884,1.216,1.0,-0.009,0.004,-0.011,-0.178,-0.147,0.501,-0.036,-0.019,0.057
0.308,0.907,1.239,1.0,-0.007,-0.001,-0.012,-0.234,0.257,0.32,0.082,-0.055,-0.014
0.303,0.915,1.233,1.0,-0.006,-0.005,-0.012,-0.135,0.224,-0.162,0.077,-0.24,0.008
0.303,0.915,1.233,1.0,-0.006,-0.005,-0.012,-0.135,0.224,-0.162,0.077,-0.24,0.008
0.289,0.929,1.232,1.0,-0.006,-0.009,-0.013,-0.444,0.438,-0.031,0.014,-0.245,-0.075
0.28,0.934,1.241,1.0,-0.005,-0.011,-0.013,-0.268,0.153,0.283,0.044,-0.111,-0.004
0.28,0.934,1.241,1.0,-0.005,-0.011,-0.013,-0.268,0.153,0.283,0.044,-0.111,-0.004
0.264,0.952,1.242,1.0,-0.006,-0.015,-0.014,-0.465,0.526,0.037,-0.04,-0.23,-0.094
0.245,0.958,1.264,1.0,-0.005,-0.014,-0.014,-0.269,0.104,0.138,0.055,-0.058,0.005
0.245,0.958,1.264,1.0,-0.005,-0.014,-0.014,-0.269,0.104,0.138,0.055,-0.058,0.005
0.199,0.977,1.282,1.0,-0.002,-0.015,-0.014,-0.555,0.3,-0.124,0.145,-0.101,-0.013
0.199,0.977,1.282,1.0,-0.002,-0.015,-0.014,-0.555,0.3,-0.124,0.145,-0.101,-0.013
0.134,0.988,1.27,1.0,0.002,-0.018,-0.014,-0.76,-0.082,-0.096,0.126,0.069,-0.013
0.134,0.988,1.27,1.0,0.002,-0.018,-0.014,-0.76,-0.082,-0.096,0.126,0.069,-0.013
0.117,1.006,1.288,1.0,0.003,-0.015,-0.016,-0.502,0.523,0.535,0.058,0.142,-0.083
0.069,1.004,1.31,1.0,0.005,-0.014,-0.014,-0.777,0.06,0.284,0.094,0.017,0.036
0.069,1.004,1.31,1.0,0.005,-0.014,-0.014,-0.777,0.06,0.284,0.094,0.017,0.036
0.043,1.009,1.345,1.0,0.006,-0.01,-0.013,-0.798,0.137,1.064,0.024,0.244,0.003
-0.009,1.015,1.329,1.0,0.007,-0.013,-0.013,-0.747,0.218,-0.309,0.064,-0.1,-0.039
-0.009,1.015,1.329,1.0,0.007,-0.013,-0.013,-0.747,0.218,-0.309,0.064,-0.1,-0.039
-0.063,1.003,1.367,1.0,0.006,-0.008,-0.011,-0.824,-0.214,0.647,-0.028,0.185,0.069
-0.063,1.003,1.367,1.0,0.006,-0.008,-0.011,-0.824,-0.214,0.647,-0.028,0.185,0.069
-0.097,1.042,1.378,1.0,0.005,-0.007,-0.015,-1.028,1.168,0.331,-0.086,0.018,-0.256
-0.188,1.041,1.427,1.0,0.006,0.001,-0.013,-0.769,0.326,-0.058,-0.007,0.015,-0.05
-0.188,1.041,1.427,1.0,0.006,0.001,-0.013,-0.769,0.326,-0.058,-0.007,0.015,-0.05
-0.215,1.034,1.418,1.0,0.007,0.0,-0.012,-0.808,-0.228,-0.27,0.038,-0.026,0.039
-0.24,1.042,1.419,1.0,0.007,0.002,-0.013,-0.752,0.25,0.032,0.0,0.082,-0.038
-0.343,1.055,1.428,1.0,0.007,0.007,-0.013,-1.223,-0.068,0.25,-0.005,0.159,0.056
-0.367,1.067,1.407,1.0,0.01,0.007,-0.014,-0.695,0.364,-0.639,0.151,-0.006,-0.071
-0.434,1.084,1.407,1.0,0.016,0.014,-0.013,-1.305,0.304,0.412,0.118,0.257,0.005
-0.51,1.087,1.381,1.0,0.019,0.017,-0.013,-0.72,-0.132,-0.013,-0.041,0.121,0.008
-0.51,1.087,1.381,1.0,0.019,0.017,-0.013,-0.72,-0.132,-0.013,-0.041,0.121,0.008
-0.545,1.085,1.388,1.0,0.019,0.021,-0.013,-1.045,-0.047,0.212,0.022,0.186,0.031
-0.568,1.086,1.375,0.999,0.02,0.022,-0.013,-0.702,0.036,-0.4,0.018,0.073,-0.011
-0.67,1.096,1.387,0.999,0.022,0.031,-0.013,-1.287,0.276,0.925,0.048,0.357,-0.064
-0.67,1.096,1.387,0.999,0.022,0.031,-0.013,-1.287,0.276,0.925,0.048,0.357,-0.064
-0.684,1.088,1.376,0.999,0.021,0.031,-0.012,-0.425,-0.244,-0.32,-0.044,0.003,0.051
-0.714,1.08,1.371,0.999,0.021,0.032,-0.012,-0.901,-0.239,-0.167,-0.025,0.07,0.009
-0.723,1.071,1.356,0.999,0.02,0.033,-0.012,-0.259,-0.246,-0.432,-0.002,0.013,0.035
-0.746,1.062,1.35,0.999,0.02,0.034,-0.011,-0.702,-0.284,-0.189,-0.055,0.079,0.015
-0.781,1.058,1.366,0.999,0.019,0.037,-0.011,-1.061,-0.13,0.464,-0.06,0.183,0.01
-0.847,1.046,1.277,0.999,0.023,0.04,-0.013,-0.243,-0.081,-0.892,0.07,0.076,-0.022
-0.869,1.035,1.261,0.999,0.022,0.04,-0.012,-0.684,-0.307,-0.472,-0.031,0.021,0.009
-0.926,0.957,1.156,0.999,0.02,0.04,-0.01,-0.605,-0.336,-0.306,-0.046,0.028,-0.04
-0.934,0.946,1.141,0.999,0.019,0.039,-0.009,-0.229,-0.331,-0.443,-0.032,-0.087,0.035
-0.934,0.946,1.141,0.999,0.019,0.039,-0.009,-0.229,-0.331,-0.443,-0.032,-0.087,0.035
-0.935,0.93,1.132,0.999,0.018,0.037,-0.009,-0.019,-0.482,-0.261,-0.061,-0.076,0.008
-0.943,0.904,1.105,0.999,0.016,0.031,-0.009,-0.158,-0.4,-0.25,-0.065,-0.119,-0.015
-0.943,0.904,1.105,0.999,0.016,0.031,-0.009,-0.158,-0.4,-0.25,-0.065,-0.119,-0.015
-0.947,0.891,1.101,0.999,0.014,0.03,-0.009,-0.122,-0.395,-0.143,-0.079,-0.077,0.016
-0.958,0.884,1.112,0.999,0.014,0.029,-0.01,-0.324,-0.218,0.352,-0.024,-0.055,-0.072
-0.948,0.821,1.143,1.0,0.011,0.02,-0.008,0.058,-0.367,0.168,-0.049,-0.256,-0.047
-0.948,0.821,1.143,1.0,0.011,0.02,-0.008,0.058,-0.367,0.168,-0.049,-0.256,-0.047
-0.961,0.807,1.167,1.0,0.009,0.019,-0.008,-0.394,-0.401,0.723,-0.076,-0.095,-0.015
-0.956,0.777,1.191,1.0,0.008,0.013,-0.007,0.16,-0.27,0.25,-0.021,-0.189,-0.005
-0.956,0.777,1.191,1.0,0.008,0.013,-0.007,0.16,-0.27,0.25,-0.021,-0.189,-0.005
-0.96,0.767,1.205,1.0,0.007,0.01,-0.009,-0.117,-0.303,0.425,-0.066,-0.168,-0.075
-0.958,0.74,1.223,1.0,0.007,0.01,-0.008,0.073,-0.807,0.536,-0.006,-0.012,0.061
-0.957,0.716,1.236,1.0,0.007,0.008,-0.006,0.008,-0.729,0.409,0.031,-0.092,0.082
-0.964,0.666,1.254,1.0,0.008,-0.0,-0.007,0.134,-0.455,-0.434,0.033,-0.282,-0.002
-0.975,0.649,1.276,1.0,0.008,0.001,-0.006,-0.336,-0.504,0.657,0.014,0.054,0.027
-0.981,0.635,1.29,1.0,0.008,0.001,-0.006,-0.181,-0.423,0.432,0.011,0.02,0.001
-0.991,0.621,1.294,1.0,0.009,-0.0,-0.006,-0.278,-0.409,0.123,0.043,-0.066,-0.009
-0.995,0.605,1.301,1.0,0.009,-0.001,-0.006,-0.133,-0.484,0.205,0.002,-0.028,0.029
-1.008,0.587,1.312,1.0,0.009,-0.001,-0.006,-0.384,-0.542,0.331,-0.02,-0.006,0.007
-1.005,0.562,1.303,1.0,0.008,-0.004,-0.005,0.073,-0.754,-0.273,-0.081,-0.176,0.036
-1.013,0.549,1.307,1.0,0.006,-0.005,-0.006,-0.233,-0.382,0.113,-0.105,-0.069,-0.023
-1.02,0.525,1.303,1.0,0.004,-0.006,-0.005,-0.193,-0.737,-0.119,-0.092,-0.085,0.017
-1.065,0.431,1.309,1.0,0.001,-0.007,-0.004,-0.431,-0.682,-0.034,-0.033,-0.004,0.006
-1.085,0.408,1.31,1.0,-0.0,-0.005,-0.003,-0.598,-0.697,0.031,-0.051,0.121,0.046
-1.122,0.376,1.296,1.0,-0.001,-0.003,-0.003,-0.67,-0.202,-0.067,-0.017,0.092,-0.047
-1.13,0.348,1.278,1.0,-0.003,-0.003,-0.002,-0.222,-0.844,-0.54,-0.075,-0.017,0.062
-1.13,0.348,1.278,1.0,-0.003,-0.003,-0.002,-0.222,-0.844,-0.54,-0.075,-0.017,0.062
-1.185,0.295,1.264,1.0,-0.006,0.0,-0.003,-0.64,-0.553,-0.216,-0.073,0.089,-0.009
-1.2,0.279,1.252,1.0,-0.007,0.001,-0.003,-0.449,-0.493,-0.368,-0.079,0.045,-0.026
-1.219,0.257,1.242,1.0,-0.007,0.004,-0.002,-0.579,-0.671,-0.311,0.013,0.175,0.086
-1.246,0.243,1.239,1.0,-0.007,0.007,-0.002,-0.791,-0.401,-0.078,-0.02,0.178,-0.026
-1.26,0.226,1.237,1.0,-0.008,0.008,-0.002,-0.422,-0.528,-0.067,-0.072,0.079,0.01
-1.277,0.216,1.234,1.0,-0.009,0.009,-0.002,-0.513,-0.285,-0.089,-0.047,0.056,-0.003
-1.287,0.191,1.213,1.0,-0.009,0.01,-0.001,-0.3,-0.772,-0.618,-0.013,0.018,0.043
-1.346,0.152,1.229,1.0,-0.009,0.016,-0.001,-0.417,-0.278,0.063,0.041,0.103,0.019
-1.371,0.138,1.241,1.0,-0.008,0.019,-0.001,-0.726,-0.436,0.342,0.038,0.198,-0.004
-1.4,0.133,1.249,1.0,-0.007,0.023,-0.002,-0.874,-0.143,0.236,0.061,0.185,-0.037
-1.413,0.119,1.258,1.0,-0.007,0.025,-0.001,-0.402,-0.418,0.293,0.021,0.135,0.009
-1.454,0.074,1.28,1.0,-0.004,0.028,0.0,0.534,-0.502,-0.329,0.005,-0.14,0.029
-1.446,0.066,1.273,1.0,-0.002,0.031,-0.0,0.235,-0.241,-0.204,0.092,0.161,-0.021
-1.446,0.066,1.273,1.0,-0.002,0.031,-0.0,0.235,-0.241,-0.204,0.092,0.161,-0.021
-1.463,0.051,1.288,0.999,-0.002,0.032,0.0,-0.508,-0.467,0.435,0.034,0.109,0.027
-1.484,0.048,1.29,0.999,-0.0,0.034,-0.001,-0.62,-0.084,0.071,0.085,0.102,-0.059
-1.502,0.026,1.313,0.999,0.002,0.036,0.0,0.03,-0.477,0.388,0.028,-0.072,0.046
-1.499,0.019,1.333,0.999,0.002,0.033,-0.0,0.083,-0.211,0.578,0.03,-0.179,-0.012
-1.499,0.019,1.333,0.999,0.002,0.033,-0.0,0.083,-0.211,0.578,0.03,-0.179,-0.012
-1.458,-0.016,1.338,1.0,0.005,0.027,0.001,1.404,-0.537,-0.815,0.053,0.065,0.108
-1.465,-0.018,1.348,1.0,0.006,0.027,0.001,-0.214,-0.041,0.297,0.073,-0.012,-0.031
-1.485,-0.051,1.377,1.0,0.008,0.027,0.001,-0.13,-0.522,0.377,0.037,0.004,0.083
-1.485,-0.051,1.377,1.0,0.008,0.027,0.001,-0.13,-0.522,0.377,0.037,0.004,0.083
-1.49,-0.059,1.386,1.0,0.01,0.026,0.001,-0.158,-0.219,0.255,0.094,-0.03,0.006
-1.482,-0.118,1.439,1.0,0.012,0.013,0.002,-0.147,-0.473,0.07,-0.009,-0.037,0.026
-1.482,-0.118,1.439,1.0,0.012,0.013,0.002,-0.147,-0.473,0.07,-0.009,-0.037,0.026
-1.5,-0.169,1.466,1.0,0.011,0.016,0.002,-0.247,-0.493,0.333,-0.02,0.107,-0.0
-1.5,-0.169,1.466,1.0,0.011,0.016,0.002,-0.247,-0.493,0.333,-0.02,0.107,-0.0
-1.508,-0.182,1.457,1.0,0.01,0.016,0.002,-0.245,-0.385,-0.269,-0.017,-0.034,0.01
-1.523,-0.196,1.453,1.0,0.01,0.018,0.002,-0.44,-0.422,-0.121,-0.005,0.102,-0.01
-1.556,-0.242,1.426,1.0,0.008,0.024,0.003,-0.361,-0.368,-0.454,-0.03,0.111,0.014
-1.569,-0.256,1.416,1.0,0.007,0.026,0.002,-0.41,-0.424,-0.287,-0.037,0.155,-0.044
-1.569,-0.256,1.416,1.0,0.007,0.026,0.002,-0.41,-0.424,-0.287,-0.037,0.155,-0.044
-1.592,-0.304,1.372,0.999,0.006,0.034,0.002,-0.013,-0.467,-0.828,0.009,0.055,-0.01
-1.592,-0.304,1.372,0.999,0.006,0.034,0.002,-0.013,-0.467,-0.828,0.009,0.055,-0.01
-1.601,-0.324,1.362,0.999,0.005,0.036,0.002,-0.264,-0.592,-0.296,-0.052,0.137,0.011
-1.627,-0.358,1.336,0.999,0.005,0.04,0.003,-0.309,-0.429,-0.279,0.027,0.146,0.016
-1.627,-0.358,1.336,0.999,0.005,0.04,0.003,-0.309,-0.429,-0.279,0.027,0.146,0.016
-1.635,-0.369,1.338,0.999,0.006,0.044,0.002,-0.243,-0.358,0.039,0.029,0.19,-0.022
-1.633,-0.388,1.336,0.999,0.006,0.043,0.003,0.059,-0.553,-0.067,-0.012,-0.042,0.022
-1.62,-0.456,1.366,0.999,0.005,0.042,0.005,0.474,-0.036,0.317,0.015,0.023,-0.038
-1.62,-0.456,1.366,0.999,0.005,0.042,0.005,0.474,-0.036,0.317,0.015,0.023,-0.038
-1.621,-0.474,1.378,0.999,0.005,0.043,0.004,-0.043,-0.543,0.335,-0.029,0.04,-0.016
-1.624,-0.512,1.406,0.999,0.004,0.045,0.005,-0.124,-0.628,0.401,-0.02,0.066,0.0
-1.624,-0.512,1.406,0.999,0.004,0.045,0.005,-0.124,-0.628,0.401,-0.02,0.066,0.0
-1.616,-0.524,1.417,0.999,0.004,0.044,0.005,0.225,-0.355,0.332,-0.007,-0.029,-0.004
-1.599,-0.528,1.442,0.999,0.005,0.044,0.004,0.515,-0.137,0.753,0.046,-0.014,-0.036
-1.592,-0.545,1.46,0.999,0.006,0.043,0.004,0.21,-0.497,0.541,0.086,-0.071,0.019
-1.573,-0.578,1.459,0.999,0.007,0.039,0.007,0.566,-1.004,-0.031,0.06,-0.241,0.159
-1.563,-0.648,1.468,0.999,0.004,0.043,0.006,0.112,-0.612,-0.142,-0.047,0.053,0.013
-1.563,-0.648,1.468,0.999,0.004,0.043,0.006,0.112,-0.612,-0.142,-0.047,0.053,0.013
-1.555,-0.672,1.467,0.999,0.004,0.043,0.007,0.24,-0.726,-0.031,-0.017,0.044,0.06
-1.512,-0.765,1.44,0.999,0.0,0.042,0.009,0.07,-0.746,-0.244,-0.145,-0.033,0.032
-1.483,-0.806,1.409,0.999,-0.004,0.041,0.008,0.41,-0.688,-0.523,-0.103,-0.054,0.015
-1.483,-0.806,1.409,0.999,-0.004,0.041,0.008,0.41,-0.688,-0.523,-0.103,-0.054,0.015
-1.472,-0.836,1.394,0.999,-0.006,0.041,0.01,0.347,-0.889,-0.447,-0.128,-0.028,0.074
-1.459,-0.856,1.384,0.999,-0.008,0.041,0.01,0.373,-0.622,-0.292,-0.089,-0.0,-0.0
-1.459,-0.856,1.384,0.999,-0.008,0.041,0.01,0.373,-0.622,-0.292,-0.089,-0.0,-0.0
-1.442,-0.88,1.365,0.999,-0.009,0.04,0.011,0.505,-0.714,-0.555,-0.066,-0.034,0.078
-1.428,-0.903,1.358,0.999,-0.01,0.041,0.011,0.42,-0.692,-0.237,-0.102,0.05,0.003
-1.408,-0.925,1.354,0.999,-0.012,0.041,0.012,0.61,-0.642,-0.097,-0.119,0.024,0.025
-1.388,-0.936,1.346,0.999,-0.014,0.041,0.012,0.608,-0.339,-0.252,-0.09,0.008,-0.008
-1.326,-0.997,1.34,0.999,-0.017,0.038,0.013,0.229,-0.39,-0.026,-0.026,-0.034,0.02
-1.316,-1.019,1.354,0.999,-0.018,0.039,0.014,0.292,-0.662,0.421,-0.065,0.052,0.043
-1.294,-1.035,1.352,0.999,-0.018,0.037,0.014,0.664,-0.486,-0.053,-0.006,-0.138,0.035
-1.268,-1.057,1.358,0.999,-0.019,0.035,0.016,0.77,-0.654,0.201,-0.071,-0.093,0.076
-1.249,-1.087,1.362,0.999,-0.021,0.033,0.017,0.58,-0.888,0.101,-0.105,-0.098,0.086
-1.227,-1.105,1.377,0.999,-0.021,0.033,0.018,0.667,-0.533,0.462,-0.031,-0.04,0.035
-1.201,-1.13,1.392,0.999,-0.022,0.032,0.019,0.77,-0.768,0.45,-0.036,-0.039,0.097
-1.181,-1.137,1.41,0.999,-0.023,0.031,0.018,0.602,-0.22,0.53,-0.055,-0.076,-0.101
-1.157,-1.132,1.424,0.999,-0.022,0.03,0.015,0.727,0.175,0.422,0.042,-0.042,-0.148
-1.134,-1.14,1.436,0.999,-0.021,0.029,0.016,0.677,-0.24,0.374,0.09,-0.05,0.037
-1.084,-1.17,1.452,0.999,-0.02,0.028,0.018,0.914,-0.724,0.115,-0.01,-0.063,0.112
-1.083,-1.181,1.481,0.999,-0.02,0.03,0.018,0.039,-0.325,0.879,0.001,0.125,0.022
-1.056,-1.205,1.484,0.999,-0.021,0.028,0.019,0.81,-0.704,0.083,-0.024,-0.108,0.086
-0.967,-1.24,1.49,0.999,-0.026,0.025,0.019,1.202,-0.308,-0.157,-0.114,-0.091,-0.058
-0.837,-1.297,1.498,0.999,-0.029,0.021,0.02,0.805,0.055,-0.439,0.04,-0.135,-0.06
-0.803,-1.278,1.491,0.999,-0.026,0.019,0.018,1.009,0.561,-0.206,0.157,-0.083,-0.127
-0.787,-1.27,1.487,0.999,-0.025,0.02,0.017,0.482,0.217,-0.105,0.087,0.016,-0.05
-0.757,-1.271,1.476,0.999,-0.024,0.019,0.016,0.888,-0.006,-0.348,0.054,-0.063,-0.034
-0.706,-1.291,1.434,0.999,-0.026,0.02,0.017,0.867,-0.018,-0.661,-0.082,-0.1,-0.039
-0.663,-1.28,1.4,0.999,-0.025,0.015,0.016,1.295,0.338,-1.017,0.063,-0.292,-0.05
-0.589,-1.269,1.363,1.0,-0.018,0.009,0.017,0.282,0.343,0.304,0.282,0.035,-0.032
-0.589,-1.269,1.363,1.0,-0.018,0.009,0.017,0.282,0.343,0.304,0.282,0.035,-0.032
-0.589,-1.269,1.363,1.0,-0.018,0.009,0.017,0.282,0.343,0.304,0.282,0.035,-0.032
-0.49,-1.251,1.338,1.0,-0.008,0.006,0.019,0.876,0.267,-0.375,0.112,-0.169,-0.01
-0.49,-1.251,1.338,1.0,-0.008,0.006,0.019,0.876,0.267,-0.375,0.112,-0.169,-0.01
-0.46,-1.245,1.332,1.0,-0.002,0.006,0.02,0.452,-0.102,0.049,0.157,0.098,0.044
-0.462,-1.249,1.34,1.0,-0.0,0.011,0.021,-0.076,-0.145,0.247,0.111,0.27,0.078
-0.371,-1.227,1.248,1.0,0.005,0.01,0.019,0.588,-0.077,-0.414,0.065,-0.037,0.023
-0.357,-1.226,1.241,1.0,0.005,0.01,0.019,0.424,0.016,-0.238,0.019,0.004,0.0
-0.357,-1.226,1.241,1.0,0.005,0.01,0.019,0.424,0.016,-0.238,0.019,0.004,0.0
-0.322,-1.223,1.214,1.0,0.006,0.008,0.018,0.799,0.364,-0.908,-0.02,-0.214,-0.14
-0.322,-1.223,1.214,1.0,0.006,0.008,0.018,0.799,0.364,-0.908,-0.02,-0.214,-0.14
-0.306,-1.241,1.193,1.0,0.005,0.008,0.02,0.448,-0.538,-0.628,-0.04,0.012,0.118
-0.305,-1.255,1.219,1.0,0.004,0.016,0.021,0.033,-0.433,0.802,-0.061,0.466,0.067
-0.286,-1.257,1.186,1.0,0.001,0.013,0.02,0.583,-0.044,-0.99,-0.167,-0.18,-0.073
-0.234,-1.255,1.164,1.0,-0.001,0.013,0.018,0.677,0.527,-0.399,0.022,-0.094,-0.079
-0.234,-1.255,1.164,1.0,-0.001,0.013,0.018,0.677,0.527,-0.399,0.022,-0.094,-0.079
-0.209,-1.27,1.148,1.0,-0.002,0.009,0.02,0.743,-0.445,-0.461,-0.035,-0.231,0.098
-0.192,-1.272,1.159,1.0,-0.002,0.008,0.02,0.506,-0.066,0.337,0.014,-0.062,-0.008
-0.134,-1.303,1.213,1.0,-0.005,0.005,0.02,0.665,0.021,0.269,-0.018,-0.156,-0.02
-0.134,-1.303,1.213,1.0,-0.005,0.005,0.02,0.665,0.021,0.269,-0.018,-0.156,-0.02
-0.138,-1.305,1.289,1.0,-0.003,0.011,0.02,-0.125,-0.062,2.269,0.12,0.375,-0.006
-0.116,-1.304,1.351,1.0,-0.002,0.009,0.019,0.228,0.214,1.067,0.041,-0.012,-0.079
-0.063,-1.306,1.518,1.0,-0.007,0.017,0.015,0.268,0.146,1.382,-0.021,0.131,-0.09
-0.063,-1.306,1.518,1.0,-0.007,0.017,0.015,0.268,0.146,1.382,-0.021,0.131,-0.09
-0.07,-1.332,1.558,1.0,-0.007,0.019,0.018,-0.211,-0.782,1.211,-0.023,0.096,0.179
-0.063,-1.348,1.59,1.0,-0.009,0.02,0.018,0.207,-0.484,0.953,-0.091,0.049,0.026
-0.053,-1.364,1.602,1.0,-0.01,0.019,0.02,0.292,-0.459,0.373,-0.061,-0.034,0.071
-0.056,-1.376,1.634,0.999,-0.011,0.023,0.02,-0.091,-0.356,0.947,-0.056,0.239,0.002
-0.035,-1.392,1.649,0.999,-0.013,0.025,0.019,0.242,-0.18,0.025,-0.002,0.035,0.016
-0.026,-1.403,1.633,0.999,-0.015,0.028,0.019,0.037,-0.442,-0.479,-0.033,0.036,0.071
-0.026,-1.403,1.633,0.999,-0.015,0.028,0.019,0.037,-0.442,-0.479,-0.033,0.036,0.071
0.011,-1.446,1.537,0.999,-0.026,0.033,0.019,0.443,-0.226,-0.99,-0.19,0.087,-0.006
0.011,-1.446,1.537,0.999,-0.026,0.033,0.019,0.443,-0.226,-0.99,-0.19,0.087,-0.006
0.015,-1.467,1.511,0.999,-0.029,0.035,0.021,0.131,-0.628,-0.794,-0.178,0.126,0.084
0.036,-1.478,1.475,0.999,-0.031,0.036,0.021,0.624,-0.328,-1.078,-0.122,0.044,0.008
0.036,-1.478,1.475,0.999,-0.031,0.036,0.021,0.624,-0.328,-1.078,-0.122,0.044,0.008
0.087,-1.486,1.356,0.998,-0.041,0.033,0.019,0.667,0.404,-1.214,-0.15,-0.128,-0.176
0.121,-1.48,1.34,0.998,-0.042,0.032,0.017,0.999,0.184,-0.48,-0.072,-0.056,-0.092
0.121,-1.48,1.34,0.998,-0.042,0.032,0.017,0.999,0.184,-0.48,-0.072,-0.056,-0.092
0.174,-1.484,1.33,0.998,-0.045,0.028,0.018,0.814,0.238,-0.09,-0.024,-0.171,-0.052
0.174,-1.484,1.33,0.998,-0.045,0.028,0.018,0.814,0.238,-0.09,-0.024,-0.171,-0.052
0.195,-1.469,1.354,0.999,-0.043,0.027,0.018,0.632,0.432,0.72,0.121,-0.052,-0.045
0.216,-1.462,1.358,0.999,-0.041,0.022,0.019,0.643,0.227,0.118,0.132,-0.275,0.075
0.216,-1.462,1.358,0.999,-0.041,0.022,0.019,0.643,0.227,0.118,0.132,-0.275,0.075
0.287,-1.44,1.416,0.999,-0.033,0.013,0.022,0.823,0.971,0.526,0.112,-0.152,-0.155
0.319,-1.402,1.437,0.999,-0.032,0.012,0.019,1.012,1.201,0.673,0.094,-0.083,-0.193
0.339,-1.395,1.435,0.999,-0.03,0.008,0.02,0.568,0.2,-0.047,0.092,-0.222,0.047
0.367,-1.372,1.456,0.999,-0.029,0.008,0.019,0.457,0.404,0.042,-0.024,-0.035,-0.024
0.367,-1.372,1.456,0.999,-0.029,0.008,0.019,0.457,0.404,0.042,-0.024,-0.035,-0.024
0.379,-1.356,1.452,0.999,-0.029,0.007,0.019,0.356,0.457,-0.11,0.018,-0.058,-0.017
0.411,-1.316,1.461,0.999,-0.026,0.006,0.018,0.458,0.883,0.023,0.157,-0.095,-0.122
0.411,-1.316,1.461,0.999,-0.026,0.006,0.018,0.458,0.883,0.023,0.157,-0.095,-0.122
0.453,-1.275,1.436,1.0,-0.025,0.003,0.016,0.675,0.529,-0.401,-0.044,-0.044,-0.085
0.459,-1.279,1.433,1.0,-0.024,0.003,0.018,0.162,-0.096,-0.065,0.024,0.012,0.132
0.459,-1.279,1.433,1.0,-0.024,0.003,0.018,0.162,-0.096,-0.065,0.024,0.012,0.132
0.482,-1.257,1.45,1.0,-0.021,0.007,0.019,0.087,-0.007,0.654,0.155,0.217,0.146
0.502,-1.209,1.466,1.0,-0.019,0.01,0.015,0.593,1.415,0.487,0.131,0.189,-0.244
0.502,-1.209,1.466,1.0,-0.019,0.01,0.015,0.593,1.415,0.487,0.131,0.189,-0.244
0.515,-1.193,1.458,1.0,-0.018,0.009,0.015,0.398,0.479,-0.251,0.056,-0.048,-0.016
0.54,-1.168,1.429,1.0,-0.022,0.008,0.014,0.223,0.331,-0.371,-0.178,0.026,-0.031
0.54,-1.168,1.429,1.0,-0.022,0.008,0.014,0.223,0.331,-0.371,-0.178,0.026,-0.031
0.554,-1.159,1.414,1.0,-0.025,0.009,0.013,0.408,0.258,-0.442,-0.174,0.019,-0.047
0.567,-1.138,1.397,1.0,-0.027,0.009,0.012,0.389,0.612,-0.502,-0.118,0.001,-0.069
0.582,-1.122,1.396,1.0,-0.024,0.008,0.013,0.437,0.485,-0.029,0.214,-0.035,0.063
0.585,-1.101,1.392,1.0,-0.023,0.008,0.013,0.117,0.663,-0.127,0.062,-0.005,0.002
0.612,-1.073,1.377,1.0,-0.022,0.008,0.009,0.798,0.838,-0.452,0.013,-0.006,-0.205
0.636,-1.023,1.348,1.0,-0.021,0.007,0.008,0.559,1.346,-0.48,-0.008,-0.026,-0.181
0.661,-0.992,1.339,1.0,-0.021,0.007,0.008,0.242,0.378,0.128,0.068,0.033,0.038
0.661,-0.992,1.339,1.0,-0.021,0.007,0.008,0.242,0.378,0.128,0.068,0.033,0.038
0.681,-0.952,1.341,1.0,-0.021,0.007,0.008,0.215,0.714,0.214,0.025,0.039,-0.063
0.682,-0.945,1.348,1.0,-0.021,0.008,0.009,0.039,0.185,0.201,0.039,0.03,0.088
0.695,-0.909,1.364,1.0,-0.017,0.007,0.007,0.363,1.105,0.487,0.2,-0.029,-0.1
0.7,-0.889,1.376,1.0,-0.014,0.006,0.008,0.173,0.586,0.345,0.187,-0.049,0.036
0.7,-0.889,1.376,1.0,-0.014,0.006,0.008,0.173,0.586,0.345,0.187,-0.049,0.036
0.722,-0.854,1.359,1.0,-0.014,0.003,0.006,0.642,1.049,-0.493,0.031,-0.192,-0.132
0.728,-0.818,1.387,1.0,-0.012,0.006,0.006,0.024,0.489,0.461,0.066,0.11,0.007
0.741,-0.799,1.377,1.0,-0.013,0.005,0.005,0.378,0.555,-0.296,-0.045,-0.076,-0.035
0.752,-0.774,1.37,1.0,-0.013,0.005,0.004,0.328,0.75,-0.198,-0.011,-0.011,-0.066
0.756,-0.746,1.379,1.0,-0.012,0.007,0.003,0.143,0.852,0.267,0.017,0.113,-0.088
0.756,-0.746,1.379,1.0,-0.012,0.007,0.003,0.143,0.852,0.267,0.017,0.113,-0.088
0.786,-0.677,1.353,1.0,-0.013,0.006,0.003,0.224,0.699,-0.173,-0.029,0.025,-0.028
0.786,-0.677,1.353,1.0,-0.013,0.006,0.003,0.224,0.699,-0.173,-0.029,0.025,-0.028
0.795,-0.663,1.354,1.0,-0.014,0.007,0.003,0.263,0.419,0.028,-0.042,0.042,0.015
0.805,-0.612,1.339,1.0,-0.011,0.006,0.002,0.271,0.781,-0.675,0.041,-0.17,-0.022
0.805,-0.612,1.339,1.0,-0.011,0.006,0.002,0.271,0.781,-0.675,0.041,-0.17,-0.022
0.823,-0.594,1.311,1.0,-0.01,0.003,0.002,0.534,0.549,-0.824,0.057,-0.176,0.003
0.825,-0.574,1.31,1.0,-0.01,0.004,0.002,0.057,0.59,-0.026,0.034,0.044,0.011
0.831,-0.523,1.306,1.0,-0.009,0.005,0.001,0.036,0.445,-0.135,0.049,-0.02,0.0
0.837,-0.501,1.303,1.0,-0.009,0.005,0.001,0.169,0.647,-0.08,0.005,-0.0,-0.038
0.837,-0.501,1.303,1.0,-0.009,0.005,0.001,0.169,0.647,-0.08,0.005,-0.0,-0.038
0.847,-0.459,1.298,1.0,-0.009,0.004,-0.0,0.045,0.476,-0.004,-0.007,-0.047,0.003
0.857,-0.444,1.287,1.0,-0.01,0.001,-0.0,0.306,0.456,-0.319,-0.045,-0.185,-0.008
0.857,-0.444,1.287,1.0,-0.01,0.001,-0.0,0.306,0.456,-0.319,-0.045,-0.185,-0.008
0.862,-0.407,1.298,1.0,-0.011,0.0,-0.002,0.078,0.581,0.136,-0.001,0.009,-0.078
0.861,-0.386,1.314,1.0,-0.011,0.001,-0.003,-0.009,0.642,0.483,-0.008,0.048,-0.034
0.861,-0.386,1.314,1.0,-0.011,0.001,-0.003,-0.009,0.642,0.483,-0.008,0.048,-0.034
0.868,-0.349,1.336,1.0,-0.014,0.003,-0.004,0.166,0.496,-0.085,-0.093,-0.075,-0.032
0.866,-0.329,1.35,1.0,-0.014,0.003,-0.005,-0.071,0.603,0.4,-0.026,0.015,-0.052
0.866,-0.329,1.35,1.0,-0.014,0.003,-0.005,-0.071,0.603,0.4,-0.026,0.015,-0.052
0.864,-0.302,1.35,1.0,-0.015,0.0,-0.005,-0.169,0.565,0.678,-0.021,0.104,-0.015
0.863,-0.285,1.359,1.0,-0.015,0.001,-0.004,-0.02,0.486,0.286,0.029,0.023,0.007
0.863,-0.285,1.359,1.0,-0.015,0.001,-0.004,-0.02,0.486,0.286,0.029,0.023,0.007
0.854,-0.218,1.384,1.0,-0.014,0.001,-0.007,-0.131,0.732,0.223,0.026,0.009,-0.047
0.854,-0.218,1.384,1.0,-0.014,0.001,-0.007,-0.131,0.732,0.223,0.026,0.009,-0.047
0.85,-0.186,1.387,1.0,-0.015,0.002,-0.007,-0.335,0.281,0.401,-0.014,0.152,0.039
0.85,-0.186,1.387,1.0,-0.015,0.002,-0.007,-0.335,0.281,0.401,-0.014,0.152,0.039
0.847,-0.169,1.37,1.0,-0.017,-0.0,-0.008,-0.079,0.517,-0.503,-0.107,-0.136,-0.055
0.845,-0.148,1.367,1.0,-0.017,-0.001,-0.009,-0.072,0.639,-0.091,-0.0,-0.048,-0.048
0.837,-0.117,1.375,1.0,-0.018,0.001,-0.011,-0.235,0.922,0.215,-0.062,0.12,-0.105
0.823,-0.069,1.329,1.0,-0.018,-0.003,-0.011,-0.248,0.005,-0.665,-0.053,-0.107,0.099
0.815,-0.04,1.332,1.0,-0.02,-0.0,-0.013,-0.234,0.843,0.105,-0.097,0.135,-0.125
0.808,-0.014,1.317,1.0,-0.022,-0.0,-0.015,-0.225,0.763,-0.452,-0.108,0.002,-0.081
0.79,0.025,1.294,1.0,-0.022,-0.0,-0.015,-0.208,0.508,-0.523,-0.008,-0.053,0.022
0.79,0.025,1.294,1.0,-0.022,-0.0,-0.015,-0.208,0.508,-0.523,-0.008,-0.053,0.022
0.784,0.046,1.283,1.0,-0.021,-0.001,-0.015,-0.174,0.64,-0.325,0.085,-0.008,-0.016
0.772,0.068,1.271,1.0,-0.02,-0.001,-0.015,-0.395,0.696,-0.364,0.081,-0.03,0.007
0.755,0.106,1.252,1.0,-0.02,-0.002,-0.015,-0.256,0.743,-0.395,0.072,-0.062,-0.011
0.748,0.139,1.248,1.0,-0.017,-0.002,-0.016,-0.206,0.999,-0.124,0.142,0.003,-0.067
0.732,0.155,1.248,1.0,-0.016,-0.002,-0.016,-0.482,0.489,0.018,0.061,0.025,0.039
0.712,0.206,1.26,1.0,-0.014,-0.0,-0.017,-0.305,0.712,0.084,0.071,0.004,0.004
0.7,0.236,1.281,1.0,-0.013,0.002,-0.018,-0.36,0.894,0.596,0.055,0.14,-0.066
0.7,0.236,1.281,1.0,-0.013,0.002,-0.018,-0.36,0.894,0.596,0.055,0.14,-0.066
0.669,0.29,1.312,1.0,-0.009,0.005,-0.019,-0.451,0.789,0.577,0.127,0.108,-0.039
0.669,0.29,1.312,1.0,-0.009,0.005,-0.019,-0.451,0.789,0.577,0.127,0.108,-0.039
0.655,0.309,1.319,1.0,-0.006,0.005,-0.019,-0.433,0.567,0.214,0.155,-0.02,0.041
0.635,0.341,1.341,1.0,-0.005,0.007,-0.02,-0.596,0.961,0.675,0.046,0.125,-0.102
0.597,0.385,1.376,1.0,-0.001,0.01,-0.02,-0.652,0.662,0.572,0.139,0.09,0.03
0.586,0.416,1.383,1.0,0.001,0.01,-0.021,-0.321,0.936,0.199,0.111,0.029,-0.073
0.55,0.468,1.376,1.0,0.004,0.009,-0.022,-0.524,0.978,-0.223,0.097,-0.052,-0.089
0.539,0.493,1.365,1.0,0.005,0.008,-0.023,-0.338,0.783,-0.344,0.061,-0.027,-0.038
0.522,0.512,1.36,1.0,0.007,0.009,-0.022,-0.519,0.554,-0.152,0.11,0.013,0.021
0.503,0.538,1.364,1.0,0.006,0.011,-0.024,-0.569,0.79,0.136,-0.034,0.111,-0.088
0.489,0.542,1.342,1.0,0.007,0.009,-0.022,-0.416,0.12,-0.676,0.045,-0.102,0.111
0.402,0.645,1.268,1.0,0.011,0.012,-0.024,-0.482,0.897,-0.518,0.118,0.006,-0.073
0.402,0.645,1.268,1.0,0.011,0.012,-0.024,-0.482,0.897,-0.518,0.118,0.006,-0.073
0.379,0.661,1.264,1.0,0.013,0.015,-0.024,-0.695,0.452,-0.115,0.098,0.165,-0.004
0.367,0.682,1.237,1.0,0.014,0.013,-0.025,-0.361,0.632,-0.803,0.067,-0.083,-0.039
0.367,0.682,1.237,1.0,0.014,0.013,-0.025,-0.361,0.632,-0.803,0.067,-0.083,-0.039
0.335,0.712,1.2,1.0,0.014,0.011,-0.025,-0.539,0.535,-0.115,0.037,0.046,-0.025
0.32,0.735,1.181,1.0,0.012,0.008,-0.027,-0.451,0.7,-0.561,-0.129,-0.143,-0.117
0.32,0.735,1.181,1.0,0.012,0.008,-0.027,-0.451,0.7,-0.561,-0.129,-0.143,-0.117
0.303,0.745,1.186,1.0,0.013,0.01,-0.027,-0.501,0.284,0.145,0.032,0.093,0.017
0.251,0.783,1.188,1.0,0.013,0.008,-0.027,-0.598,0.595,0.485,-0.001,0.058,-0.043
0.251,0.783,1.188,1.0,0.013,0.008,-0.027,-0.598,0.595,0.485,-0.001,0.058,-0.043
0.233,0.794,1.197,1.0,0.013,0.008,-0.027,-0.498,0.302,0.265,-0.011,-0.014,-0.001
0.188,0.808,1.224,0.999,0.016,0.009,-0.026,-0.649,-0.002,0.552,0.104,0.058,0.09
0.169,0.812,1.234,1.0,0.017,0.008,-0.025,-0.574,0.118,0.325,0.053,-0.057,0.058
0.154,0.828,1.235,0.999,0.017,0.005,-0.026,-0.465,0.468,0.017,0.022,-0.159,-0.048
0.127,0.844,1.258,0.999,0.018,0.007,-0.027,-0.8,0.474,0.717,0.044,0.1,-0.081
0.103,0.866,1.279,0.999,0.018,0.008,-0.029,-0.748,0.662,0.62,0.011,0.053,-0.097
0.038,0.867,1.326,0.999,0.013,0.01,-0.028,-0.669,0.124,0.374,-0.125,0.032,-0.035
0.018,0.869,1.331,0.999,0.011,0.009,-0.029,-0.58,0.056,0.133,-0.14,-0.031,-0.045
-0.006,0.869,1.341,0.999,0.01,0.01,-0.029,-0.736,-0.002,0.299,-0.043,0.056,0.022
-0.077,0.871,1.362,0.999,0.009,0.012,-0.028,-0.662,-0.017,0.014,0.015,0.028,0.053
-0.077,0.871,1.362,0.999,0.009,0.012,-0.028,-0.662,-0.017,0.014,0.015,0.028,0.053
-0.105,0.88,1.379,0.999,0.009,0.015,-0.029,-0.818,0.265,0.509,0.015,0.164,-0.063
-0.154,0.881,1.397,0.999,0.008,0.018,-0.028,-0.97,-0.011,0.577,-0.051,0.175,-0.005
-0.154,0.881,1.397,0.999,0.008,0.018,-0.028,-0.97,-0.011,0.577,-0.051,0.175,-0.005
-0.171,0.882,1.392,0.999,0.008,0.018,-0.028,-0.518,0.043,-0.138,-0.038,-0.022,0.025
-0.216,0.877,1.398,0.999,0.005,0.018,-0.027,-0.525,-0.341,-0.127,-0.098,-0.038,0.075
-0.216,0.877,1.398,0.999,0.005,0.018,-0.027,-0.525,-0.341,-0.127,-0.098,-0.038,0.075
-0.232,0.871,1.399,0.999,0.004,0.019,-0.026,-0.48,-0.174,0.039,-0.061,0.01,0.042
-0.28,0.871,1.393,0.999,0.003,0.02,-0.026,-0.677,0.006,-0.251,-0.052,0.003,0.007
-0.28,0.871,1.393,0.999,0.003,0.02,-0.026,-0.677,0.006,-0.251,-0.052,0.003,0.007
-0.308,0.865,1.389,0.999,0.003,0.021,-0.026,-0.831,-0.163,-0.129,-0.038,0.039,0.025
-0.339,0.865,1.378,0.999,-0.0,0.02,-0.026,-0.542,-0.097,-0.187,-0.112,-0.023,-0.019
-0.339,0.865,1.378,0.999,-0.0,0.02,-0.026,-0.542,-0.097,-0.187,-0.112,-0.023,-0.019
-0.354,0.859,1.375,0.999,-0.002,0.019,-0.026,-0.469,-0.186,-0.106,-0.13,-0.065,0.015
-0.394,0.855,1.377,1.0,-0.004,0.019,-0.025,-0.523,-0.102,-0.092,-0.019,-0.044,0.04
-0.394,0.855,1.377,1.0,-0.004,0.019,-0.025,-0.523,-0.102,-0.092,-0.019,-0.044,0.04
-0.431,0.854,1.377,1.0,-0.004,0.018,-0.024,-0.605,0.038,0.099,-0.025,0.004,0.02
-0.451,0.853,1.38,1.0,-0.005,0.018,-0.024,-0.592,-0.029,0.1,-0.016,0.016,0.009
-0.451,0.853,1.38,1.0,-0.005,0.018,-0.024,-0.592,-0.029,0.1,-0.016,0.016,0.009
-0.472,0.853,1.39,1.0,-0.004,0.019,-0.024,-0.619,-0.006,0.299,0.022,0.031,0.026
-0.474,0.859,1.377,1.0,-0.004,0.016,-0.024,-0.082,0.199,-0.399,0.028,-0.174,-0.028
-0.474,0.859,1.377,1.0,-0.004,0.016,-0.024,-0.082,0.199,-0.399,0.028,-0.174,-0.028
-0.501,0.864,1.377,1.0,-0.004,0.015,-0.025,-0.794,0.157,-0.005,0.012,-0.053,-0.02
-0.532,0.869,1.383,1.0,-0.003,0.015,-0.025,-0.558,0.028,0.105,0.021,0.023,0.018
-0.532,0.869,1.383,1.0,-0.003,0.015,-0.025,-0.558,0.028,0.105,0.021,0.023,0.018
-0.596,0.884,1.394,1.0,-0.001,0.016,-0.025,-0.81,0.287,0.397,0.036,0.068,-0.059
-0.596,0.884,1.394,1.0,-0.001,0.016,-0.025,-0.81,0.287,0.397,0.036,0.068,-0.059
-0.609,0.882,1.39,1.0,0.002,0.014,-0.024,-0.384,-0.075,-0.116,0.139,-0.117,0.055
-0.659,0.903,1.371,1.0,0.007,0.01,-0.025,-0.627,0.081,0.21,0.087,0.057,0.024
-0.659,0.903,1.371,1.0,0.007,0.01,-0.025,-0.627,0.081,0.21,0.087,0.057,0.024
-0.674,0.914,1.373,1.0,0.008,0.01,-0.026,-0.45,0.327,0.068,0.082,0.009,-0.041
-0.694,0.917,1.368,1.0,0.01,0.01,-0.026,-0.618,0.104,-0.155,0.087,-0.027,0.005
-0.72,0.926,1.367,1.0,0.012,0.011,-0.026,-0.768,0.276,-0.027,0.117,0.067,-0.039
-0.757,0.915,1.355,1.0,0.014,0.012,-0.024,-0.341,-0.237,-0.202,0.037,0.005,0.074
-0.757,0.915,1.355,1.0,0.014,0.012,-0.024,-0.341,-0.237,-0.202,0.037,0.005,0.074
-0.824,0.921,1.35,0.999,0.017,0.014,-0.024,-0.811,0.292,0.125,0.106,0.092,-0.042
-0.849,0.912,1.351,0.999,0.019,0.016,-0.023,-0.743,-0.264,0.001,0.096,0.122,0.101
-0.849,0.912,1.351,0.999,0.019,0.016,-0.023,-0.743,-0.264,0.001,0.096,0.122,0.101
-0.872,0.915,1.344,0.999,0.02,0.017,-0.023,-0.699,0.083,-0.201,0.068,0.016,-0.039
-0.9,0.915,1.341,0.999,0.021,0.018,-0.024,-0.844,0.022,-0.088,0.069,0.075,-0.023
-0.9,0.915,1.341,0.999,0.021,0.018,-0.024,-0.844,0.022,-0.088,0.069,0.075,-0.023
-0.922,0.898,1.348,0.999,0.021,0.018,-0.023,-0.228,-0.048,-0.075,0.021,-0.028,-0.035
-0.964,0.887,1.347,0.999,0.022,0.02,-0.023,-0.657,-0.353,0.166,-0.03,0.103,0.022
-0.964,0.887,1.347,0.999,0.022,0.02,-0.023,-0.657,-0.353,0.166,-0.03,0.103,0.022
-0.993,0.881,1.353,0.999,0.021,0.021,-0.024,-0.858,-0.192,0.173,-0.08,0.063,-0.035
-1.008,0.877,1.35,0.999,0.021,0.022,-0.024,-0.449,-0.106,-0.09,0.028,0.042,-0.006
-1.026,0.873,1.348,0.999,0.022,0.024,-0.024,-0.549,-0.121,-0.047,0.037,0.092,-0.013
-1.046,0.867,1.351,0.999,0.023,0.026,-0.024,-0.597,-0.173,0.085,0.049,0.125,-0.016
-1.077,0.844,1.368,0.999,0.024,0.027,-0.023,-0.345,-0.313,0.19,0.0,0.01,0.026
-1.109,0.828,1.383,0.999,0.023,0.029,-0.022,-0.957,-0.479,0.454,-0.029,0.099,0.053
-1.182,0.794,1.395,0.999,0.023,0.031,-0.024,-0.695,0.038,0.165,0.03,0.06,-0.133
-1.186,0.778,1.4,0.999,0.022,0.031,-0.023,-0.097,-0.469,0.122,-0.012,0.006,0.045
-1.186,0.778,1.4,0.999,0.022,0.031,-0.023,-0.097,-0.469,0.122,-0.012,0.006,0.045
-1.199,0.765,1.397,0.999,0.023,0.03,-0.023,-0.407,-0.414,-0.061,0.025,-0.057,0.026
-1.21,0.749,1.403,0.999,0.023,0.03,-0.023,-0.333,-0.472,0.164,0.022,0.004,0.009
-1.223,0.737,1.413,0.999,0.023,0.031,-0.023,-0.385,-0.343,0.311,-0.018,0.017,-0.022
-1.24,0.724,1.416,0.999,0.023,0.031,-0.023,-0.497,-0.416,0.086,-0.008,0.007,-0.018
-1.257,0.67,1.422,0.999,0.022,0.029,-0.023,-0.224,-0.536,0.19,-0.02,-0.041,0.017
-1.277,0.634,1.439,0.999,0.02,0.029,-0.022,-0.085,-0.61,0.061,-0.06,-0.054,0.032
-1.277,0.634,1.439,0.999,0.02,0.029,-0.022,-0.085,-0.61,0.061,-0.06,-0.054,0.032
-1.293,0.576,1.44,0.999,0.018,0.026,-0.02,-0.229,-1.11,0.073,-0.066,-0.04,0.166
-1.293,0.576,1.44,0.999,0.018,0.026,-0.02,-0.229,-1.11,0.073,-0.066,-0.04,0.166
-1.306,0.56,1.45,0.999,0.018,0.027,-0.02,-0.386,-0.466,0.299,-0.007,0.073,-0.01
-1.31,0.544,1.45,0.999,0.017,0.026,-0.021,-0.128,-0.481,-0.006,-0.054,-0.071,-0.055
-1.325,0.519,1.458,0.999,0.016,0.027,-0.02,-0.456,-0.76,0.24,-0.06,0.03,0.037
-1.325,0.491,1.459,0.999,0.015,0.026,-0.019,0.004,-0.85,0.029,-0.076,-0.057,0.076
-1.329,0.469,1.456,0.999,0.014,0.025,-0.019,-0.101,-0.651,-0.094,-0.049,-0.063,0.003
-1.336,0.435,1.464,0.999,0.011,0.025,-0.018,-0.232,-1.028,0.244,-0.166,-0.004,0.066
-1.377,0.268,1.431,1.0,-0.003,0.022,-0.016,-0.348,-0.464,-0.168,-0.095,0.012,-0.062
-1.377,0.268,1.431,1.0,-0.003,0.022,-0.016,-0.348,-0.464,-0.168,-0.095,0.012,-0.062
-1.389,0.222,1.403,1.0,-0.005,0.022,-0.015,-0.434,-0.637,-0.148,-0.088,0.102,-0.009
-1.394,0.171,1.369,1.0,-0.007,0.022,-0.014,-0.023,-0.687,-0.489,-0.075,-0.063,0.016
-1.394,0.171,1.369,1.0,-0.007,0.022,-0.014,-0.023,-0.687,-0.489,-0.075,-0.063,0.016
-1.397,0.14,1.358,1.0,-0.01,0.021,-0.013,-0.067,-0.948,-0.346,-0.13,-0.012,0.062
-1.407,0.095,1.315,1.0,-0.01,0.021,-0.012,-0.22,-0.623,-0.52,0.022,0.061,0.012
-1.407,0.095,1.315,1.0,-0.01,0.021,-0.012,-0.22,-0.623,-0.52,0.022,0.061,0.012
-1.428,0.039,1.266,1.0,-0.009,0.023,-0.011,-0.319,-0.595,-0.31,0.004,0.069,0.01
-1.428,0.039,1.266,1.0,-0.009,0.023,-0.011,-0.319,-0.595,-0.31,0.004,0.069,0.01
-1.432,-0.023,1.243,1.0,-0.01,0.022,-0.01,0.052,-0.441,-0.259,-0.013,-0.035,-0.018
-1.432,-0.023,1.243,1.0,-0.01,0.022,-0.01,0.052,-0.441,-0.259,-0.013,-0.035,-0.018
-1.435,-0.055,1.24,1.0,-0.01,0.022,-0.009,-0.016,-0.614,0.076,0.011,0.045,0.027
-1.453,-0.068,1.242,1.0,-0.01,0.023,-0.01,-0.525,-0.376,0.079,0.027,0.044,-0.031
-1.436,-0.106,1.231,1.0,-0.01,0.026,-0.008,0.858,-0.619,-0.806,-0.001,0.004,0.08
-1.44,-0.114,1.244,1.0,-0.008,0.026,-0.009,-0.119,-0.22,0.388,0.073,0.036,-0.047
-1.44,-0.114,1.244,1.0,-0.008,0.026,-0.009,-0.119,-0.22,0.388,0.073,0.036,-0.047
-1.446,-0.126,1.259,1.0,-0.008,0.027,-0.009,-0.177,-0.366,0.454,0.056,0.053,0.003
-1.453,-0.138,1.278,1.0,-0.007,0.028,-0.009,-0.213,-0.364,0.576,0.054,0.055,-0.021
-1.443,-0.178,1.33,1.0,-0.005,0.025,-0.009,0.274,-0.226,0.699,0.028,-0.131,-0.038
-1.443,-0.178,1.33,1.0,-0.005,0.025,-0.009,0.274,-0.226,0.699,0.028,-0.131,-0.038
-1.436,-0.185,1.345,1.0,-0.003,0.023,-0.009,0.195,-0.223,0.47,0.105,-0.123,-0.018
-1.438,-0.197,1.365,1.0,-0.002,0.022,-0.009,-0.06,-0.377,0.589,0.102,-0.051,0.043
-1.452,-0.255,1.434,1.0,0.005,0.025,-0.008,-0.08,-0.259,0.248,0.062,0.018,-0.022
-1.452,-0.255,1.434,1.0,0.005,0.025,-0.008,-0.08,-0.259,0.248,0.062,0.018,-0.022
-1.454,-0.269,1.445,1.0,0.007,0.025,-0.007,-0.072,-0.431,0.313,0.073,0.008,0.031
-1.458,-0.288,1.452,1.0,0.01,0.025,-0.007,-0.222,-0.452,0.231,0.08,0.031,0.008
-1.458,-0.288,1.452,1.0,0.01,0.025,-0.007,-0.222,-0.452,0.231,0.08,0.031,0.008
-1.462,-0.306,1.453,1.0,0.011,0.025,-0.006,-0.114,-0.517,0.046,0.054,0.031,0.062
-1.46,-0.319,1.443,1.0,0.011,0.025,-0.007,0.057,-0.389,-0.3,0.043,-0.016,-0.019
-1.47,-0.375,1.422,1.0,0.011,0.028,-0.005,-0.006,-0.641,-0.338,-0.032,0.059,0.048
-1.47,-0.375,1.422,1.0,0.011,0.028,-0.005,-0.006,-0.641,-0.338,-0.032,0.059,0.048
-1.471,-0.418,1.398,0.999,0.009,0.031,-0.005,0.38,-0.637,-0.715,-0.051,-0.008,0.011
-1.473,-0.448,1.367,0.999,0.008,0.034,-0.005,-0.09,-0.418,-0.311,-0.033,0.113,-0.03
-1.473,-0.448,1.367,0.999,0.008,0.034,-0.005,-0.09,-0.418,-0.311,-0.033,0.113,-0.03
-1.485,-0.464,1.356,0.999,0.007,0.036,-0.005,-0.359,-0.485,-0.356,-0.078,0.123,-0.023
-1.482,-0.509,1.332,0.999,0.004,0.036,-0.003,-0.126,-0.606,-0.384,-0.096,0.015,0.033
-1.482,-0.509,1.332,0.999,0.004,0.036,-0.003,-0.126,-0.606,-0.384,-0.096,0.015,0.033
-1.481,-0.538,1.33,0.999,0.003,0.037,-0.003,0.044,-0.863,-0.053,-0.108,0.081,0.028
-1.47,-0.567,1.326,0.999,0.0,0.036,-0.002,0.332,-0.87,-0.132,-0.133,-0.109,0.048
-1.47,-0.567,1.326,0.999,0.0,0.036,-0.002,0.332,-0.87,-0.132,-0.133,-0.109,0.048
-1.458,-0.646,1.322,0.999,-0.0,0.038,-0.0,0.232,-0.684,-0.05,-0.019,0.051,0.052
-1.458,-0.646,1.322,0.999,-0.0,0.038,-0.0,0.232,-0.684,-0.05,-0.019,0.051,0.052
-1.45,-0.659,1.322,0.999,-0.002,0.038,-0.002,0.247,-0.386,-0.01,-0.062,0.045,-0.091
-1.448,-0.683,1.33,0.999,-0.003,0.039,-0.001,0.069,-0.718,0.247,-0.1,0.062,0.031
-1.438,-0.731,1.337,0.999,-0.007,0.039,-0.0,0.011,-0.905,0.22,-0.112,0.019,0.076
-1.408,-0.749,1.326,0.999,-0.009,0.037,0.0,0.927,-0.523,-0.308,-0.153,-0.082,0.029
-1.389,-0.816,1.351,0.999,-0.014,0.036,0.002,0.158,-0.576,0.229,-0.101,-0.017,0.003
-1.377,-0.834,1.362,0.999,-0.014,0.035,0.002,0.335,-0.532,0.325,0.001,-0.02,0.021
-1.377,-0.834,1.362,0.999,-0.014,0.035,0.002,0.335,-0.532,0.325,0.001,-0.02,0.021
-1.368,-0.853,1.37,0.999,-0.015,0.034,0.003,0.285,-0.571,0.257,-0.019,-0.066,0.047
-1.363,-0.879,1.377,0.999,-0.016,0.034,0.004,0.153,-0.791,0.203,-0.068,0.016,0.048
-1.328,-0.935,1.405,0.999,-0.016,0.032,0.005,0.426,-0.543,0.134,0.002,-0.079,0.009
-1.328,-0.935,1.405,0.999,-0.016,0.032,0.005,0.426,-0.543,0.134,0.002,-0.079,0.009
-1.32,-0.96,1.413,0.999,-0.017,0.032,0.007,0.248,-0.743,0.25,-0.01,0.005,0.094
-1.315,-0.974,1.418,0.999,-0.016,0.032,0.007,0.157,-0.419,0.145,0.016,-0.008,0.042
-1.285,-0.999,1.425,0.999,-0.017,0.033,0.007,0.591,-0.368,-0.017,-0.014,0.04,0.015
-1.279,-1.008,1.425,0.999,-0.016,0.034,0.007,0.182,-0.26,0.001,0.016,0.025,-0.035
-1.269,-1.021,1.423,0.999,-0.018,0.035,0.006,0.282,-0.38,-0.076,-0.075,0.058,-0.045
-1.224,-1.086,1.41,0.999,-0.021,0.035,0.008,0.175,-0.452,0.084,-0.101,0.116,-0.053
-1.224,-1.086,1.41,0.999,-0.021,0.035,0.008,0.175,-0.452,0.084,-0.101,0.116,-0.053
-1.185,-1.114,1.396,0.999,-0.023,0.035,0.007,0.376,-0.096,0.002,0.012,0.01,-0.06
-1.185,-1.114,1.396,0.999,-0.023,0.035,0.007,0.376,-0.096,0.002,0.012,0.01,-0.06
-1.171,-1.115,1.392,0.999,-0.022,0.035,0.006,0.427,-0.014,-0.093,0.025,-0.021,-0.07
-1.137,-1.122,1.385,0.999,-0.021,0.035,0.005,0.69,0.036,-0.267,0.025,-0.026,-0.076
-1.121,-1.134,1.377,0.999,-0.02,0.035,0.005,0.47,-0.333,-0.241,0.024,-0.046,0.022
-1.115,-1.143,1.38,0.999,-0.02,0.036,0.006,0.187,-0.288,0.07,0.019,0.056,0.042
-1.1,-1.15,1.387,0.999,-0.019,0.037,0.006,0.447,-0.204,0.215,0.063,0.097,0.041
-1.052,-1.163,1.392,0.999,-0.014,0.037,0.007,0.549,-0.151,0.103,0.138,0.005,0.045
-1.034,-1.159,1.394,0.999,-0.012,0.036,0.006,0.549,0.143,0.049,0.11,-0.024,-0.083
-0.974,-1.163,1.416,0.999,-0.005,0.033,0.005,0.471,-0.075,0.385,0.165,-0.047,0.014
-0.943,-1.174,1.406,1.0,-0.004,0.03,0.006,0.912,-0.312,-0.285,0.064,-0.195,0.05
-0.938,-1.186,1.415,0.999,-0.004,0.031,0.007,0.162,-0.369,0.271,0.032,0.055,0.056
-0.919,-1.184,1.42,0.999,-0.003,0.032,0.006,0.578,0.04,0.139,0.027,0.027,-0.056
-0.827,-1.226,1.442,1.0,-0.002,0.03,0.008,0.52,-0.398,0.24,0.014,0.059,0.033
-0.827,-1.226,1.442,1.0,-0.002,0.03,0.008,0.52,-0.398,0.24,0.014,0.059,0.033
-0.761,-1.24,1.438,1.0,-0.003,0.029,0.006,0.806,-0.101,-0.351,-0.077,-0.126,-0.068
-0.761,-1.24,1.438,1.0,-0.003,0.029,0.006,0.806,-0.101,-0.351,-0.077,-0.126,-0.068
-0.692,-1.273,1.396,1.0,-0.006,0.025,0.008,0.591,-0.607,-0.257,-0.063,-0.033,0.114
-0.692,-1.273,1.396,1.0,-0.006,0.025,0.008,0.591,-0.607,-0.257,-0.063,-0.033,0.114
-0.663,-1.296,1.384,1.0,-0.009,0.026,0.008,0.399,-0.435,-0.244,-0.107,0.009,0.053
-0.633,-1.309,1.364,1.0,-0.011,0.023,0.008,0.894,-0.398,-0.607,-0.109,-0.159,0.022
-0.633,-1.309,1.364,1.0,-0.011,0.023,0.008,0.894,-0.398,-0.607,-0.109,-0.159,0.022
-0.613,-1.319,1.366,1.0,-0.011,0.023,0.008,0.626,-0.293,0.061,-0.006,0.014,-0.007
-0.593,-1.322,1.353,1.0,-0.012,0.02,0.008,0.6,-0.091,-0.385,-0.06,-0.171,-0.014
-0.593,-1.322,1.353,1.0,-0.012,0.02,0.008,0.6,-0.091,-0.385,-0.06,-0.171,-0.014
-0.531,-1.364,1.337,1.0,-0.018,0.019,0.009,0.773,-0.727,-0.256,-0.073,-0.085,0.125
-0.508,-1.368,1.333,1.0,-0.02,0.017,0.009,0.693,-0.105,-0.115,-0.112,-0.083,-0.037
-0.477,-1.358,1.318,1.0,-0.021,0.013,0.006,0.922,0.307,-0.469,-0.083,-0.233,-0.176
-0.464,-1.357,1.331,1.0,-0.022,0.014,0.005,0.391,0.022,0.404,-0.019,0.035,-0.066
-0.425,-1.396,1.364,1.0,-0.021,0.016,0.009,0.374,-0.474,0.509,-0.025,0.069,0.111
-0.425,-1.396,1.364,1.0,-0.021,0.016,0.009,0.374,-0.474,0.509,-0.025,0.069,0.111
-0.407,-1.391,1.37,1.0,-0.024,0.015,0.006,0.537,0.141,0.163,-0.156,-0.021,-0.159
-0.389,-1.409,1.379,1.0,-0.025,0.015,0.008,0.542,-0.541,0.26,-0.095,-0.02,0.092
-0.372,-1.406,1.392,1.0,-0.026,0.015,0.007,0.51,0.08,0.393,-0.034,-0.018,-0.034
-0.318,-1.427,1.439,1.0,-0.025,0.015,0.01,0.476,-0.353,-0.059,-0.135,0.028,0.029
-0.318,-1.427,1.439,1.0,-0.025,0.015,0.01,0.476,-0.353,-0.059,-0.135,0.028,0.029
-0.288,-1.436,1.439,0.999,-0.028,0.017,0.011,0.54,-0.223,0.098,-0.049,0.03,0.02
-0.288,-1.436,1.439,0.999,-0.028,0.017,0.011,0.54,-0.223,0.098,-0.049,0.03,0.02
-0.288,-1.436,1.439,0.999,-0.028,0.017,0.011,0.54,-0.223,0.098,-0.049,0.03,0.02
-0.29,-1.442,1.44,0.999,-0.029,0.018,0.011,-0.052,-0.18,0.033,-0.085,0.059,0.054
-0.259,-1.438,1.433,0.999,-0.031,0.018,0.011,0.449,0.259,-0.022,-0.019,0.017,-0.064
-0.259,-1.438,1.433,0.999,-0.031,0.018,0.011,0.449,0.259,-0.022,-0.019,0.017,-0.064
-0.246,-1.445,1.424,0.999,-0.032,0.018,0.012,0.408,-0.205,-0.269,-0.05,-0.026,0.071
-0.223,-1.453,1.425,0.999,-0.034,0.019,0.013,0.184,-0.031,0.092,-0.024,0.03,0.046
-0.223,-1.453,1.425,0.999,-0.034,0.019,0.013,0.184,-0.031,0.092,-0.024,0.03,0.046
-0.193,-1.443,1.424,0.999,-0.035,0.02,0.012,0.445,0.296,0.005,-0.042,0.079,-0.117
-0.174,-1.438,1.415,0.999,-0.034,0.02,0.012,0.576,0.147,-0.262,0.065,-0.033,0.014
-0.174,-1.438,1.415,0.999,-0.034,0.02,0.012,0.576,0.147,-0.262,0.065,-0.033,0.014
-0.143,-1.415,1.423,0.999,-0.033,0.023,0.011,0.259,0.146,-0.067,-0.008,0.055,0.006
-0.143,-1.415,1.423,0.999,-0.033,0.023,0.011,0.259,0.146,-0.067,-0.008,0.055,0.006
-0.136,-1.409,1.431,0.999,-0.032,0.025,0.012,0.211,0.17,0.231,0.033,0.145,0.032
-0.115,-1.408,1.426,0.999,-0.031,0.024,0.013,0.629,0.02,-0.158,0.066,-0.09,0.062
-0.109,-1.398,1.43,0.999,-0.03,0.023,0.013,0.182,0.311,0.144,0.042,-0.018,0.002
-0.09,-1.381,1.446,0.999,-0.03,0.025,0.011,0.556,0.506,0.47,0.031,0.118,-0.1
-0.07,-1.361,1.448,0.999,-0.029,0.024,0.01,0.6,0.6,0.065,0.079,-0.066,-0.095
-0.062,-1.354,1.454,0.999,-0.028,0.025,0.011,0.249,0.206,0.173,0.019,0.019,0.067
-0.051,-1.35,1.461,0.999,-0.027,0.025,0.011,0.338,0.123,0.19,0.07,0.002,0.052
-0.038,-1.341,1.482,0.999,-0.027,0.027,0.011,0.398,0.256,0.636,0.021,0.157,-0.042
-0.01,-1.312,1.494,0.999,-0.026,0.028,0.01,0.266,0.238,0.246,0.003,0.054,0.017
0.002,-1.31,1.499,0.999,-0.026,0.028,0.011,0.344,0.057,0.147,0.022,0.008,0.064
0.173,-1.154,1.534,0.999,-0.022,0.031,0.006,0.476,0.522,-0.004,-0.003,0.073,-0.054
0.173,-1.154,1.534,0.999,-0.022,0.031,0.006,0.476,0.522,-0.004,-0.003,0.073,-0.054
0.211,-1.116,1.513,0.999,-0.022,0.03,0.004,0.606,0.658,-0.394,-0.017,-0.031,-0.067
0.238,-1.089,1.496,0.999,-0.022,0.03,0.002,0.766,0.775,-0.512,-0.011,-0.031,-0.16
0.238,-1.089,1.496,0.999,-0.022,0.03,0.002,0.766,0.775,-0.512,-0.011,-0.031,-0.16
0.253,-1.086,1.483,0.999,-0.023,0.031,0.003,0.452,0.085,-0.377,-0.018,0.042,0.094
0.269,-1.074,1.464,0.999,-0.024,0.03,0.003,0.494,0.367,-0.579,-0.09,-0.005,0.004
0.298,-1.046,1.459,0.999,-0.024,0.031,0.001,0.877,0.842,-0.156,0.048,0.044,-0.131
0.328,-1.026,1.433,0.999,-0.022,0.028,0.001,0.876,0.591,-0.769,0.103,-0.182,0.004
0.356,-0.972,1.44,0.999,-0.019,0.029,-0.004,0.833,1.631,0.223,0.168,0.068,-0.299
0.386,-0.949,1.421,1.0,-0.016,0.026,-0.004,0.908,0.667,-0.566,0.18,-0.188,0.014
0.465,-0.878,1.391,1.0,-0.01,0.019,-0.005,0.777,0.59,-0.46,-0.004,-0.136,-0.029
0.49,-0.851,1.363,1.0,-0.009,0.017,-0.005,0.741,0.797,-0.822,0.05,-0.137,0.014
0.517,-0.83,1.349,1.0,-0.008,0.013,-0.006,0.811,0.655,-0.443,0.06,-0.246,-0.037
0.539,-0.819,1.345,1.0,-0.006,0.01,-0.004,0.655,0.315,-0.116,0.135,-0.145,0.095
0.567,-0.796,1.34,1.0,-0.004,0.007,-0.004,0.859,0.717,-0.147,0.091,-0.171,0.0
0.589,-0.772,1.345,1.0,-0.002,0.006,-0.005,0.637,0.71,0.136,0.131,-0.098,-0.071
0.682,-0.687,1.345,1.0,0.004,-0.004,-0.007,0.436,0.347,0.344,0.081,-0.031,0.042
0.798,-0.589,1.402,1.0,0.01,-0.014,-0.01,0.314,0.232,0.741,-0.004,0.028,-0.02
0.798,-0.589,1.402,1.0,0.01,-0.014,-0.01,0.314,0.232,0.741,-0.004,0.028,-0.02
0.804,-0.579,1.433,1.0,0.008,-0.013,-0.01,0.195,0.276,0.923,-0.094,0.082,0.002
0.819,-0.564,1.448,1.0,0.007,-0.014,-0.012,0.441,0.464,0.432,-0.074,-0.088,-0.066
0.827,-0.554,1.478,1.0,0.008,-0.013,-0.012,0.257,0.307,0.939,0.014,0.044,-0.023
0.852,-0.547,1.529,1.0,0.005,-0.013,-0.011,0.332,-0.055,0.217,-0.103,-0.012,0.032
0.852,-0.547,1.529,1.0,0.005,-0.013,-0.011,0.332,-0.055,0.217,-0.103,-0.012,0.032
0.859,-0.549,1.548,1.0,-0.003,-0.01,-0.01,0.138,-0.09,-0.228,-0.117,-0.013,0.039
0.859,-0.549,1.548,1.0,-0.003,-0.01,-0.01,0.138,-0.09,-0.228,-0.117,-0.013,0.039
0.85,-0.551,1.561,1.0,-0.004,-0.007,-0.01,-0.285,-0.072,0.379,-0.067,0.179,0.029
0.869,-0.553,1.525,1.0,-0.009,-0.009,-0.01,0.373,-0.341,-0.684,-0.189,-0.064,0.025
0.869,-0.553,1.525,1.0,-0.009,-0.009,-0.01,0.373,-0.341,-0.684,-0.189,-0.064,0.025
0.863,-0.554,1.526,1.0,-0.011,-0.006,-0.009,-0.163,-0.023,0.042,-0.15,0.148,0.03
0.854,-0.549,1.516,1.0,-0.014,-0.005,-0.01,-0.274,0.162,-0.314,-0.172,0.074,-0.056
0.859,-0.555,1.507,1.0,-0.017,-0.004,-0.01,0.139,-0.169,-0.265,-0.179,0.048,0.026
0.864,-0.552,1.478,1.0,-0.021,-0.005,-0.01,0.134,0.075,-0.878,-0.246,-0.093,-0.012
0.853,-0.554,1.474,1.0,-0.023,-0.003,-0.01,-0.304,-0.064,-0.114,-0.128,0.118,0.018
0.856,-0.553,1.467,1.0,-0.026,-0.003,-0.01,0.071,0.034,-0.199,-0.173,0.046,-0.006
0.857,-0.539,1.464,0.999,-0.034,-0.0,-0.012,0.043,0.275,-0.194,-0.228,0.025,-0.07
0.853,-0.521,1.473,0.999,-0.036,0.003,-0.014,-0.113,0.562,0.271,-0.137,0.169,-0.104
0.839,-0.52,1.472,0.999,-0.039,0.005,-0.013,-0.299,-0.203,-0.222,-0.06,-0.002,0.13
0.836,-0.508,1.475,0.999,-0.04,0.006,-0.014,-0.074,0.37,0.101,-0.07,0.079,-0.042
0.838,-0.486,1.479,0.999,-0.042,0.007,-0.016,0.049,0.648,0.11,-0.094,0.085,-0.136
0.827,-0.482,1.483,0.999,-0.043,0.009,-0.016,-0.343,0.134,0.125,-0.072,0.099,0.025
0.821,-0.474,1.478,0.999,-0.044,0.009,-0.015,-0.168,0.241,-0.146,-0.05,0.02,0.031
0.818,-0.459,1.48,0.999,-0.044,0.01,-0.016,-0.082,0.433,0.069,-0.032,0.037,-0.03
0.81,-0.442,1.489,0.999,-0.045,0.011,-0.016,-0.234,0.519,0.258,-0.05,0.078,-0.037
0.808,-0.427,1.491,0.999,-0.044,0.011,-0.016,-0.069,0.481,0.078,0.062,-0.014,0.019
0.804,-0.404,1.498,0.999,-0.044,0.012,-0.017,-0.132,0.654,0.193,0.035,0.048,-0.061
0.79,-0.355,1.519,0.999,-0.044,0.015,-0.02,-0.15,0.413,0.273,-0.062,0.096,-0.024
0.764,-0.274,1.557,0.999,-0.041,0.021,-0.022,-0.209,1.113,0.511,0.123,0.141,-0.048
0.731,-0.104,1.57,0.999,-0.034,0.024,-0.026,-0.269,1.03,0.158,0.095,0.065,-0.053
0.733,-0.071,1.562,0.999,-0.032,0.023,-0.027,0.06,1.01,-0.221,0.116,-0.024,-0.064
0.707,0.098,1.54,0.999,-0.023,0.025,-0.031,0.023,1.225,-0.455,0.077,-0.068,-0.086
0.707,0.098,1.54,0.999,-0.023,0.025,-0.031,0.023,1.225,-0.455,0.077,-0.068,-0.086
0.702,0.172,1.507,0.999,-0.016,0.024,-0.032,-0.165,1.225,-0.399,0.232,0.002,-0.055
0.697,0.221,1.494,0.999,-0.012,0.024,-0.034,-0.143,1.468,-0.404,0.245,0.025,-0.12
0.697,0.221,1.494,0.999,-0.012,0.024,-0.034,-0.143,1.468,-0.404,0.245,0.025,-0.12
0.701,0.289,1.439,0.999,-0.004,0.021,-0.035,0.068,0.863,-0.889,0.267,-0.129,0.019
0.701,0.289,1.439,0.999,-0.004,0.021,-0.035,0.068,0.863,-0.889,0.267,-0.129,0.019
0.7,0.34,1.413,0.999,0.001,0.019,-0.037,-0.026,1.53,-0.78,0.296,-0.087,-0.115
0.701,0.455,1.335,0.999,0.015,0.015,-0.038,-0.211,1.294,-0.235,0.285,0.108,-0.059
0.701,0.455,1.335,0.999,0.015,0.015,-0.038,-0.211,1.294,-0.235,0.285,0.108,-0.059
0.696,0.49,1.321,0.999,0.02,0.014,-0.039,-0.146,1.052,-0.439,0.314,0.006,-0.049
0.688,0.545,1.283,0.999,0.027,0.011,-0.039,-0.181,0.489,-0.475,0.089,-0.126,0.081
0.688,0.545,1.283,0.999,0.027,0.011,-0.039,-0.181,0.489,-0.475,0.089,-0.126,0.081
0.689,0.561,1.265,0.999,0.028,0.008,-0.038,0.021,0.478,-0.546,0.11,-0.176,0.055
0.689,0.596,1.274,0.999,0.031,0.01,-0.039,0.009,1.06,0.273,0.171,0.108,-0.09
0.659,0.664,1.274,0.999,0.035,0.01,-0.04,-0.469,0.204,-0.373,-0.093,-0.049,-0.006
0.659,0.664,1.274,0.999,0.035,0.01,-0.04,-0.469,0.204,-0.373,-0.093,-0.049,-0.006
0.655,0.659,1.279,0.999,0.034,0.009,-0.038,-0.109,-0.153,0.154,-0.102,-0.06,0.119
0.642,0.671,1.308,0.999,0.03,0.01,-0.038,-0.326,-0.019,0.577,-0.138,0.038,0.053
0.642,0.671,1.308,0.999,0.03,0.01,-0.038,-0.326,-0.019,0.577,-0.138,0.038,0.053
0.638,0.687,1.33,0.999,0.028,0.011,-0.039,-0.141,0.46,0.645,-0.142,0.049,-0.071
0.63,0.682,1.346,0.999,0.028,0.01,-0.037,-0.242,-0.137,0.493,0.019,-0.036,0.127
0.621,0.696,1.378,0.999,0.025,0.013,-0.039,-0.265,0.431,0.971,-0.172,0.154,-0.116
0.607,0.688,1.398,0.999,0.023,0.013,-0.037,-0.406,-0.251,0.603,-0.156,-0.002,0.087
0.602,0.684,1.414,0.999,0.02,0.012,-0.037,-0.163,-0.128,0.504,-0.18,-0.057,-0.01
0.593,0.689,1.455,0.999,0.015,0.015,-0.039,-0.251,0.15,1.153,-0.27,0.175,-0.087
0.588,0.677,1.469,0.999,0.011,0.015,-0.037,-0.173,-0.373,0.444,-0.273,-0.054,0.077
0.582,0.671,1.478,0.999,0.006,0.014,-0.037,-0.168,-0.17,0.267,-0.25,-0.052,-0.016
0.579,0.673,1.486,0.999,0.005,0.014,-0.037,-0.091,0.043,0.246,-0.097,-0.018,0.005
0.565,0.683,1.51,0.999,-0.0,0.016,-0.038,-0.239,0.155,0.181,-0.067,0.057,-0.039
0.559,0.679,1.498,0.999,-0.002,0.014,-0.037,-0.156,-0.113,-0.355,-0.092,-0.111,0.066
0.544,0.668,1.445,0.999,-0.009,0.011,-0.036,0.018,-0.02,-0.532,-0.104,-0.023,0.018
0.544,0.668,1.445,0.999,-0.009,0.011,-0.036,0.018,-0.02,-0.532,-0.104,-0.023,0.018
0.54,0.654,1.421,0.999,-0.012,0.009,-0.034,-0.112,-0.437,-0.731,-0.162,-0.122,0.105
0.529,0.662,1.366,0.999,-0.017,0.006,-0.034,-0.259,0.112,-0.88,-0.109,-0.123,0.017
0.529,0.662,1.366,0.999,-0.017,0.006,-0.034,-0.259,0.112,-0.88,-0.109,-0.123,0.017
0.524,0.669,1.294,0.999,-0.017,0.002,-0.032,-0.07,0.072,-1.278,-0.014,-0.211,0.059
0.519,0.67,1.268,0.999,-0.019,0.001,-0.032,-0.158,0.029,-0.769,-0.071,-0.071,0.025
0.519,0.67,1.268,0.999,-0.019,0.001,-0.032,-0.158,0.029,-0.769,-0.071,-0.071,0.025
0.516,0.673,1.24,0.999,-0.019,-0.001,-0.031,-0.091,0.112,-0.86,-0.033,-0.12,0.053
0.487,0.703,1.198,0.999,-0.021,-0.003,-0.032,-0.221,0.524,-0.605,-0.002,-0.089,-0.049
0.487,0.703,1.198,0.999,-0.021,-0.003,-0.032,-0.221,0.524,-0.605,-0.002,-0.089,-0.049
0.444,0.722,1.17,0.999,-0.019,-0.007,-0.031,-0.446,-0.075,-0.452,0.057,-0.182,0.103
0.444,0.722,1.17,0.999,-0.019,-0.007,-0.031,-0.446,-0.075,-0.452,0.057,-0.182,0.103
0.397,0.779,1.192,0.999,-0.014,-0.008,-0.033,-0.571,0.564,0.276,0.21,-0.004,-0.007
0.397,0.779,1.192,0.999,-0.014,-0.008,-0.033,-0.571,0.564,0.276,0.21,-0.004,-0.007
0.378,0.79,1.195,0.999,-0.011,-0.01,-0.033,-0.584,0.326,0.099,0.161,-0.089,0.03
0.352,0.811,1.208,0.999,-0.009,-0.01,-0.033,-0.796,0.653,0.386,0.136,-0.0,-0.019
0.338,0.826,1.229,0.999,-0.009,-0.009,-0.035,-0.414,0.437,0.621,0.025,0.066,-0.097
0.26,0.861,1.284,0.999,-0.007,-0.007,-0.035,-0.726,0.403,0.41,0.05,-0.003,0.002
0.26,0.861,1.284,0.999,-0.007,-0.007,-0.035,-0.726,0.403,0.41,0.05,-0.003,0.002
0.156,0.922,1.382,0.999,-0.004,0.005,-0.039,-0.918,0.428,0.55,0.073,0.142,-0.018
0.156,0.922,1.382,0.999,-0.004,0.005,-0.039,-0.918,0.428,0.55,0.073,0.142,-0.018
0.134,0.93,1.39,0.999,-0.003,0.006,-0.038,-0.684,0.256,0.244,0.031,0.068,0.017
0.095,0.961,1.425,0.999,-0.002,0.011,-0.041,-1.19,0.922,1.044,0.084,0.336,-0.161
0.067,0.956,1.42,0.999,0.001,0.01,-0.038,-0.82,-0.133,-0.124,0.147,-0.056,0.209
0.003,0.98,1.43,0.999,0.002,0.013,-0.038,-1.057,0.549,0.116,-0.003,0.057,-0.1
-0.116,1.038,1.411,0.999,0.008,0.014,-0.039,-0.766,0.346,-0.613,0.11,-0.204,0.009
-0.116,1.038,1.411,0.999,0.008,0.014,-0.039,-0.766,0.346,-0.613,0.11,-0.204,0.009
-0.204,1.08,1.397,0.999,0.011,0.019,-0.04,-1.127,0.559,-0.062,0.18,0.174,-0.049
-0.204,1.08,1.397,0.999,0.011,0.019,-0.04,-1.127,0.559,-0.062,0.18,0.174,-0.049
-0.225,1.074,1.389,0.999,0.011,0.02,-0.039,-0.625,-0.161,-0.235,-0.007,0.08,0.085
-0.288,1.089,1.381,0.999,0.013,0.026,-0.038,-0.967,0.099,-0.131,0.023,0.117,0.052
-0.288,1.089,1.381,0.999,0.013,0.026,-0.038,-0.967,0.099,-0.131,0.023,0.117,0.052
-0.319,1.096,1.375,0.999,0.014,0.027,-0.037,-0.953,0.199,-0.175,0.015,0.074,0.027
-0.371,1.113,1.372,0.999,0.015,0.03,-0.038,-1.116,0.136,0.177,0.056,0.183,0.012
-0.371,1.113,1.372,0.999,0.015,0.03,-0.038,-1.116,0.136,0.177,0.056,0.183,0.012
-0.404,1.124,1.381,0.999,0.016,0.032,-0.039,-1.008,0.341,0.261,0.052,0.153,-0.056
-0.445,1.114,1.397,0.999,0.014,0.033,-0.036,-0.854,-0.135,0.472,-0.054,0.101,0.059
-0.445,1.114,1.397,0.999,0.014,0.033,-0.036,-0.854,-0.135,0.472,-0.054,0.101,0.059
-0.513,1.128,1.413,0.999,0.012,0.035,-0.038,-0.607,0.11,0.121,-0.01,0.069,0.006
-0.513,1.128,1.413,0.999,0.012,0.035,-0.038,-0.607,0.11,0.121,-0.01,0.069,0.006
-0.566,1.134,1.422,0.999,0.012,0.037,-0.038,-0.606,0.186,-0.395,0.04,-0.143,-0.005
-0.588,1.13,1.421,0.999,0.011,0.036,-0.038,-0.648,-0.101,-0.037,-0.033,-0.04,-0.003
-0.588,1.13,1.421,0.999,0.011,0.036,-0.038,-0.648,-0.101,-0.037,-0.033,-0.04,-0.003
-0.612,1.121,1.416,0.999,0.01,0.037,-0.036,-0.518,-0.266,0.032,-0.058,0.035,0.063
-0.631,1.123,1.412,0.999,0.01,0.036,-0.036,-0.57,0.068,-0.133,-0.015,-0.046,-0.001
-0.631,1.123,1.412,0.999,0.01,0.036,-0.036,-0.57,0.068,-0.133,-0.015,-0.046,-0.001
-0.667,1.133,1.41,0.999,0.011,0.036,-0.037,-0.344,0.174,-0.078,0.036,-0.006,-0.002
-0.669,1.12,1.386,0.999,0.012,0.031,-0.035,-0.042,-0.396,-0.725,0.052,-0.27,0.114
-0.695,1.13,1.396,0.999,0.011,0.032,-0.036,-0.781,0.286,0.3,-0.046,0.039,-0.071
-0.707,1.128,1.393,0.999,0.011,0.03,-0.036,-0.382,-0.064,-0.08,-0.021,-0.096,-0.011
-0.716,1.125,1.388,0.999,0.011,0.028,-0.036,-0.255,-0.089,-0.137,0.007,-0.123,0.034
-0.757,1.123,1.38,0.999,0.013,0.024,-0.036,-0.231,0.182,-0.232,0.084,-0.131,-0.044
-0.757,1.123,1.38,0.999,0.013,0.024,-0.036,-0.231,0.182,-0.232,0.084,-0.131,-0.044
-0.77,1.124,1.387,0.999,0.014,0.023,-0.036,-0.41,0.029,0.203,0.083,-0.035,0.019
-0.803,1.115,1.387,0.999,0.015,0.021,-0.035,-0.911,0.015,0.221,0.066,0.084,0.006
-0.803,1.115,1.387,0.999,0.015,0.021,-0.035,-0.911,0.015,0.221,0.066,0.084,0.006
-0.843,1.116,1.379,0.999,0.018,0.018,-0.036,-0.356,-0.062,-0.292,0.035,-0.159,-0.028
-0.843,1.116,1.379,0.999,0.018,0.018,-0.036,-0.356,-0.062,-0.292,0.035,-0.159,-0.028
-0.894,1.096,1.385,0.999,0.02,0.02,-0.035,-0.844,-0.368,0.268,0.003,0.202,0.055
-0.894,1.096,1.385,0.999,0.02,0.02,-0.035,-0.844,-0.368,0.268,0.003,0.202,0.055
-0.93,1.064,1.371,0.999,0.021,0.023,-0.032,-0.743,-0.62,-0.101,0.026,0.133,0.114
-0.93,1.064,1.371,0.999,0.021,0.023,-0.032,-0.743,-0.62,-0.101,0.026,0.133,0.114
-0.948,1.058,1.361,0.999,0.021,0.023,-0.032,-0.519,-0.171,-0.297,-0.012,-0.008,-0.026
-0.957,1.054,1.36,0.999,0.02,0.024,-0.032,-0.289,-0.138,-0.03,-0.017,0.066,-0.013
-0.972,1.041,1.36,0.999,0.021,0.025,-0.032,-0.444,-0.377,-0.002,0.003,0.062,0.028
-1.036,0.963,1.361,0.999,0.012,0.027,-0.029,-0.213,-0.82,-0.105,-0.196,-0.064,0.052
-1.036,0.963,1.361,0.999,0.012,0.027,-0.029,-0.213,-0.82,-0.105,-0.196,-0.064,0.052
-1.081,0.919,1.366,0.999,0.005,0.028,-0.029,-0.564,-0.294,0.091,-0.087,0.027,-0.046
-1.081,0.919,1.366,0.999,0.005,0.028,-0.029,-0.564,-0.294,0.091,-0.087,0.027,-0.046
-1.093,0.898,1.37,0.999,0.005,0.026,-0.029,-0.493,-0.29,0.174,0.01,-0.013,0.001
-1.101,0.873,1.377,0.999,0.003,0.025,-0.027,-0.232,-0.739,0.2,-0.116,-0.076,0.071
-1.108,0.857,1.39,0.999,0.001,0.024,-0.027,-0.225,-0.474,0.388,-0.104,-0.047,0.005
-1.122,0.835,1.397,0.999,-0.0,0.022,-0.028,-0.039,-0.357,0.009,0.012,-0.038,0.024
-1.122,0.835,1.397,0.999,-0.0,0.022,-0.028,-0.039,-0.357,0.009,0.012,-0.038,0.024
-1.159,0.803,1.393,0.999,0.001,0.02,-0.028,-0.242,-0.488,-0.237,0.023,-0.038,0.066
-1.159,0.803,1.393,0.999,0.001,0.02,-0.028,-0.242,-0.488,-0.237,0.023,-0.038,0.066
-1.17,0.787,1.399,0.999,0.002,0.022,-0.027,-0.334,-0.478,0.202,0.04,0.092,0.064
-1.19,0.767,1.411,0.999,0.003,0.02,-0.027,-0.295,-0.142,0.196,0.024,-0.044,-0.031
-1.19,0.767,1.411,0.999,0.003,0.02,-0.027,-0.295,-0.142,0.196,0.024,-0.044,-0.031
-1.201,0.744,1.405,1.0,0.004,0.016,-0.027,-0.428,-0.251,0.008,0.037,-0.072,-0.026
-1.201,0.744,1.405,1.0,0.004,0.016,-0.027,-0.428,-0.251,0.008,0.037,-0.072,-0.026
-1.201,0.744,1.405,1.0,0.004,0.016,-0.027,-0.428,-0.251,0.008,0.037,-0.072,-0.026
-1.215,0.731,1.424,0.999,0.003,0.018,-0.026,-0.408,-0.385,0.594,-0.062,0.087,0.022
-1.217,0.728,1.427,0.999,0.003,0.017,-0.027,-0.08,-0.092,0.065,0.027,-0.026,-0.052
-1.222,0.709,1.424,1.0,0.003,0.016,-0.026,-0.133,-0.545,-0.064,0.018,-0.08,0.046
-1.278,0.679,1.429,0.999,0.009,0.019,-0.027,-0.47,-0.067,-0.184,0.085,0.055,-0.038
-1.278,0.679,1.429,0.999,0.009,0.019,-0.027,-0.47,-0.067,-0.184,0.085,0.055,-0.038
-1.306,0.655,1.431,0.999,0.011,0.022,-0.026,-0.435,-0.264,-0.042,0.077,0.065,-0.009
-1.312,0.641,1.433,0.999,0.013,0.023,-0.025,-0.162,-0.425,0.069,0.108,0.053,0.089
-1.312,0.641,1.433,0.999,0.013,0.023,-0.025,-0.162,-0.425,0.069,0.108,0.053,0.089
-1.327,0.607,1.427,0.999,0.014,0.02,-0.023,-0.139,-0.797,-0.048,0.017,-0.071,0.13
-1.331,0.597,1.42,0.999,0.015,0.019,-0.023,-0.144,-0.303,-0.205,0.072,-0.041,0.011
-1.331,0.597,1.42,0.999,0.015,0.019,-0.023,-0.144,-0.303,-0.205,0.072,-0.041,0.011
-1.356,0.57,1.428,0.999,0.017,0.023,-0.024,-0.136,-0.678,0.079,0.049,0.068,0.063
-1.366,0.557,1.433,0.999,0.017,0.023,-0.023,-0.29,-0.383,0.144,0.029,-0.005,0.019
-1.366,0.557,1.433,0.999,0.017,0.023,-0.023,-0.29,-0.383,0.144,0.029,-0.005,0.019
-1.374,0.491,1.434,0.999,0.015,0.02,-0.02,-0.177,-0.688,0.124,-0.06,-0.007,0.086
-1.374,0.491,1.434,0.999,0.015,0.02,-0.02,-0.177,-0.688,0.124,-0.06,-0.007,0.086
-1.388,0.45,1.444,1.0,0.013,0.019,-0.021,-0.166,-0.857,0.254,-0.049,-0.005,0.081
-1.402,0.441,1.452,0.999,0.013,0.02,-0.022,-0.406,-0.285,0.247,-0.02,0.073,-0.065
-1.402,0.441,1.452,0.999,0.013,0.02,-0.022,-0.406,-0.285,0.247,-0.02,0.073,-0.065
-1.415,0.401,1.444,1.0,0.013,0.019,-0.021,-0.234,-0.492,-0.042,-0.005,0.029,-0.007
-1.426,0.379,1.445,1.0,0.012,0.02,-0.02,-0.335,-0.645,0.016,-0.06,0.026,0.022
-1.426,0.379,1.445,1.0,0.012,0.02,-0.02,-0.335,-0.645,0.016,-0.06,0.026,0.022
-1.457,0.319,1.441,0.999,0.01,0.023,-0.02,0.045,-0.473,-0.217,0.024,0.014,0.011
-1.457,0.319,1.441,0.999,0.01,0.023,-0.02,0.045,-0.473,-0.217,0.024,0.014,0.011
-1.466,0.3,1.426,0.999,0.011,0.024,-0.02,-0.266,-0.569,-0.437,0.035,0.042,0.001
-1.486,0.283,1.432,0.999,0.012,0.026,-0.019,-0.589,-0.514,0.165,0.045,0.165,0.013
-1.486,0.283,1.432,0.999,0.012,0.026,-0.019,-0.589,-0.514,0.165,0.045,0.165,0.013
-1.493,0.267,1.422,0.999,0.012,0.027,-0.02,-0.219,-0.478,-0.305,0.007,0.061,-0.019
-1.49,0.237,1.41,0.999,0.012,0.028,-0.018,0.086,-0.885,-0.368,-0.013,0.037,0.091
-1.499,0.224,1.402,0.999,0.011,0.028,-0.019,-0.256,-0.415,-0.213,-0.019,0.025,-0.023
-1.531,0.141,1.391,0.999,0.011,0.031,-0.018,-0.318,-0.751,-0.165,-0.012,0.113,0.039
-1.531,0.141,1.391,0.999,0.011,0.031,-0.018,-0.318,-0.751,-0.165,-0.012,0.113,0.039
-1.55,0.092,1.386,0.999,0.01,0.036,-0.017,-0.289,-0.784,0.051,-0.005,0.174,0.058
-1.555,0.062,1.378,0.999,0.01,0.036,-0.015,-0.159,-0.915,-0.241,-0.009,0.024,0.119
-1.555,0.062,1.378,0.999,0.01,0.036,-0.015,-0.159,-0.915,-0.241,-0.009,0.024,0.119
-1.569,-0.016,1.377,0.999,0.009,0.039,-0.013,-0.3,-0.685,0.094,-0.073,0.07,-0.016
-1.569,-0.016,1.377,0.999,0.009,0.039,-0.013,-0.3,-0.685,0.094,-0.073,0.07,-0.016
-1.575,-0.1,1.381,0.999,0.004,0.04,-0.012,0.03,-0.868,0.08,-0.122,0.037,0.022
-1.575,-0.1,1.381,0.999,0.004,0.04,-0.012,0.03,-0.868,0.08,-0.122,0.037,0.022
-1.566,-0.136,1.384,0.999,0.002,0.039,-0.01,0.261,-1.109,0.072,-0.125,-0.03,0.083
-1.573,-0.149,1.388,0.999,0.001,0.04,-0.011,-0.223,-0.388,0.139,-0.086,0.038,-0.063
-1.578,-0.24,1.418,0.999,-0.004,0.044,-0.012,0.163,-0.636,0.275,-0.044,0.011,-0.017
-1.578,-0.24,1.418,0.999,-0.004,0.044,-0.012,0.163,-0.636,0.275,-0.044,0.011,-0.017
-1.578,-0.264,1.427,0.999,-0.005,0.044,-0.012,-0.009,-0.726,0.268,-0.046,0.01,-0.002
-1.558,-0.381,1.455,0.999,-0.01,0.042,-0.008,0.324,-0.544,0.052,0.025,-0.029,0.006
-1.553,-0.402,1.463,0.999,-0.009,0.042,-0.008,0.146,-0.644,0.239,0.023,-0.011,0.03
-1.553,-0.402,1.463,0.999,-0.009,0.042,-0.008,0.146,-0.644,0.239,0.023,-0.011,0.03
-1.554,-0.427,1.471,0.999,-0.009,0.042,-0.007,-0.026,-0.728,0.221,0.005,-0.036,0.038
-1.515,-0.471,1.466,0.999,-0.009,0.039,-0.006,0.459,-0.709,0.047,0.0,-0.054,0.045
-1.515,-0.471,1.466,0.999,-0.009,0.039,-0.006,0.459,-0.709,0.047,0.0,-0.054,0.045
-1.513,-0.506,1.48,0.999,-0.01,0.04,-0.007,-0.028,-0.397,0.321,-0.006,0.09,-0.072
-1.496,-0.534,1.465,0.999,-0.009,0.037,-0.005,0.501,-0.832,-0.466,0.005,-0.192,0.101
-1.496,-0.534,1.465,0.999,-0.009,0.037,-0.005,0.501,-0.832,-0.466,0.005,-0.192,0.101
-1.49,-0.552,1.464,0.999,-0.01,0.037,-0.006,0.187,-0.535,-0.025,-0.017,-0.017,-0.024
-1.476,-0.577,1.453,0.999,-0.01,0.036,-0.005,0.416,-0.743,-0.339,-0.031,-0.015,0.054
-1.454,-0.625,1.453,0.999,-0.011,0.035,-0.006,0.395,-0.336,-0.218,0.015,-0.034,-0.045
-1.447,-0.647,1.448,0.999,-0.012,0.035,-0.005,0.213,-0.681,-0.163,-0.07,-0.036,0.029
-1.447,-0.647,1.448,0.999,-0.012,0.035,-0.005,0.213,-0.681,-0.163,-0.07,-0.036,0.029
-1.413,-0.711,1.434,0.999,-0.014,0.033,-0.004,0.404,-0.275,-0.16,-0.021,-0.056,-0.101
-1.413,-0.711,1.434,0.999,-0.014,0.033,-0.004,0.404,-0.275,-0.16,-0.021,-0.056,-0.101
-1.389,-0.746,1.434,0.999,-0.013,0.032,-0.003,0.214,-0.618,0.135,0.048,0.016,0.035
-1.388,-0.769,1.437,0.999,-0.013,0.033,-0.003,0.024,-0.696,0.069,-0.015,0.04,0.041
-1.388,-0.769,1.437,0.999,-0.013,0.033,-0.003,0.024,-0.696,0.069,-0.015,0.04,0.041
-1.362,-0.798,1.432,0.999,-0.014,0.032,-0.003,0.33,-0.461,-0.057,0.007,-0.053,0.022
-1.35,-0.812,1.431,0.999,-0.013,0.031,-0.002,0.357,-0.437,-0.03,0.058,-0.036,0.05
-1.34,-0.833,1.438,0.999,-0.011,0.031,-0.001,0.3,-0.601,0.204,0.075,0.014,0.073
-1.323,-0.872,1.438,0.999,-0.012,0.033,0.001,-0.054,-0.627,0.055,-0.028,0.119,0.048
-1.323,-0.872,1.438,0.999,-0.012,0.033,0.001,-0.054,-0.627,0.055,-0.028,0.119,0.048
-1.299,-0.915,1.432,0.999,-0.013,0.035,0.002,0.165,-0.416,-0.013,0.007,0.055,0.024
-1.299,-0.915,1.432,0.999,-0.013,0.035,0.002,0.165,-0.416,-0.013,0.007,0.055,0.024
-1.281,-0.927,1.427,0.999,-0.013,0.035,0.001,0.531,-0.347,-0.162,-0.04,-0.032,-0.035
-1.271,-0.945,1.428,0.999,-0.014,0.036,0.001,0.294,-0.553,0.039,-0.032,0.062,0.029
-1.264,-0.96,1.425,0.999,-0.015,0.037,0.002,0.214,-0.433,-0.108,-0.045,0.075,0.012
-1.231,-1.003,1.398,0.999,-0.017,0.04,0.002,0.353,-0.164,-0.269,-0.027,0.049,-0.046
-1.187,-1.036,1.394,0.999,-0.017,0.041,0.002,0.741,-0.274,-0.027,0.044,-0.074,0.002
-1.187,-1.036,1.394,0.999,-0.017,0.041,0.002,0.741,-0.274,-0.027,0.044,-0.074,0.002
-1.163,-1.05,1.403,0.999,-0.016,0.042,0.002,0.4,0.126,0.13,0.029,0.058,-0.111
-1.136,-1.058,1.403,0.999,-0.016,0.04,0.002,0.796,-0.248,0.004,0.016,-0.09,0.026
-1.136,-1.058,1.403,0.999,-0.016,0.04,0.002,0.796,-0.248,0.004,0.016,-0.09,0.026
-1.117,-1.072,1.395,0.999,-0.016,0.039,0.003,0.568,-0.432,-0.268,-0.004,-0.083,0.038
-1.077,-1.086,1.408,0.999,-0.014,0.038,0.004,0.528,-0.314,0.273,0.055,-0.039,0.064
-1.077,-1.086,1.408,0.999,-0.014,0.038,0.004,0.528,-0.314,0.273,0.055,-0.039,0.064
-1.055,-1.092,1.417,0.999,-0.012,0.036,0.004,0.679,-0.175,0.271,0.099,-0.101,0.015
-1.036,-1.096,1.431,0.999,-0.01,0.036,0.004,0.559,-0.108,0.419,0.116,-0.025,0.007
-1.007,-1.104,1.437,0.999,-0.009,0.034,0.004,0.883,-0.247,0.184,0.073,-0.125,0.035
-0.985,-1.11,1.45,0.999,-0.008,0.033,0.004,0.666,-0.201,0.396,0.073,-0.065,-0.006
-0.968,-1.121,1.452,0.999,-0.008,0.032,0.004,0.496,-0.315,0.037,-0.019,-0.046,0.01
-0.947,-1.125,1.452,0.999,-0.008,0.031,0.004,0.646,-0.116,0.006,0.007,-0.065,-0.021
-0.93,-1.141,1.461,0.999,-0.008,0.031,0.005,0.513,-0.47,0.269,-0.009,0.004,0.086
-0.912,-1.145,1.468,0.999,-0.008,0.032,0.005,0.538,-0.137,0.211,-0.02,0.035,-0.014
-0.889,-1.143,1.465,1.0,-0.008,0.03,0.004,0.67,0.071,-0.076,0.029,-0.099,-0.087
-0.855,-1.154,1.45,1.0,-0.007,0.027,0.006,1.024,-0.346,-0.463,0.024,-0.183,0.101
-0.809,-1.172,1.447,1.0,-0.008,0.025,0.006,0.606,-0.366,-0.068,-0.015,-0.061,0.056
-0.79,-1.195,1.438,1.0,-0.008,0.024,0.008,0.578,-0.71,-0.251,-0.052,-0.074,0.121
-0.765,-1.195,1.431,1.0,-0.008,0.023,0.007,0.742,0.017,-0.223,0.012,-0.074,-0.062
-0.743,-1.19,1.419,1.0,-0.009,0.023,0.004,0.662,0.154,-0.364,-0.068,0.003,-0.141
-0.613,-1.258,1.334,1.0,-0.012,0.022,0.008,0.489,-0.242,-0.251,0.072,0.02,0.071
-0.584,-1.266,1.321,1.0,-0.013,0.02,0.007,0.862,-0.242,-0.389,-0.063,-0.1,-0.026
-0.488,-1.304,1.255,1.0,-0.019,0.015,0.007,0.943,-0.226,-0.877,-0.173,-0.162,-0.072
-0.488,-1.304,1.255,1.0,-0.019,0.015,0.007,0.943,-0.226,-0.877,-0.173,-0.162,-0.072
-0.459,-1.307,1.243,1.0,-0.018,0.015,0.006,0.438,-0.278,-0.156,0.063,-0.01,0.081
-0.437,-1.316,1.238,1.0,-0.019,0.015,0.007,0.683,-0.253,-0.122,-0.037,0.002,0.022
-0.437,-1.316,1.238,1.0,-0.019,0.015,0.007,0.683,-0.253,-0.122,-0.037,0.002,0.022
-0.413,-1.312,1.241,1.0,-0.019,0.016,0.005,0.716,0.109,0.068,0.017,0.05,-0.089
-0.374,-1.342,1.243,1.0,-0.02,0.013,0.009,0.673,-0.377,-0.243,-0.066,-0.15,0.102
-0.374,-1.342,1.243,1.0,-0.02,0.013,0.009,0.673,-0.377,-0.243,-0.066,-0.15,0.102
-0.318,-1.358,1.267,1.0,-0.022,0.011,0.009,0.67,-0.058,0.227,-0.046,-0.025,-0.01
-0.318,-1.358,1.267,1.0,-0.022,0.011,0.009,0.67,-0.058,0.227,-0.046,-0.025,-0.01
-0.312,-1.361,1.287,1.0,-0.022,0.012,0.009,0.199,-0.091,0.602,-0.02,0.039,0.011
-0.294,-1.356,1.298,1.0,-0.021,0.011,0.009,0.511,0.16,0.325,0.025,-0.074,-0.039
-0.251,-1.387,1.341,1.0,-0.024,0.012,0.011,0.385,-0.102,0.307,-0.083,-0.029,-0.006
-0.23,-1.388,1.354,1.0,-0.025,0.011,0.011,0.626,-0.036,0.402,-0.014,-0.021,-0.017
-0.224,-1.381,1.375,1.0,-0.025,0.013,0.01,0.196,0.209,0.618,-0.041,0.093,-0.077
-0.204,-1.382,1.39,1.0,-0.025,0.013,0.01,0.585,-0.024,0.453,-0.0,0.016,-0.009
-0.166,-1.38,1.438,0.999,-0.025,0.018,0.009,0.344,-0.273,0.137,-0.001,0.047,0.062
-0.146,-1.385,1.468,0.999,-0.024,0.023,0.011,0.073,-0.278,0.583,0.092,0.111,0.132
-0.146,-1.385,1.468,0.999,-0.024,0.023,0.011,0.073,-0.278,0.583,0.092,0.111,0.132
-0.132,-1.371,1.462,0.999,-0.024,0.022,0.01,0.422,0.425,-0.176,-0.005,-0.005,-0.039
-0.082,-1.365,1.457,0.999,-0.026,0.025,0.01,0.462,-0.152,-0.383,-0.104,-0.041,0.027
-0.073,-1.361,1.443,0.999,-0.028,0.026,0.009,0.261,0.109,-0.394,-0.153,0.048,-0.062
-0.073,-1.361,1.443,0.999,-0.028,0.026,0.009,0.261,0.109,-0.394,-0.153,0.048,-0.062
-0.07,-1.362,1.438,0.999,-0.03,0.027,0.01,0.092,-0.027,-0.158,-0.084,0.094,0.039
-0.058,-1.367,1.422,0.999,-0.032,0.028,0.01,0.35,-0.156,-0.49,-0.126,0.033,0.023
-0.022,-1.355,1.395,0.999,-0.035,0.031,0.009,0.337,0.144,-0.219,-0.011,-0.007,-0.005
-0.004,-1.337,1.394,0.999,-0.034,0.032,0.008,0.536,0.54,-0.018,0.041,0.047,-0.095
0.06,-1.3,1.403,0.999,-0.03,0.031,0.007,0.482,0.152,0.258,0.081,-0.005,0.062
0.084,-1.267,1.433,0.999,-0.028,0.033,0.006,0.21,0.391,0.424,0.05,0.065,-0.002
0.084,-1.267,1.433,0.999,-0.028,0.033,0.006,0.21,0.391,0.424,0.05,0.065,-0.002
0.098,-1.259,1.44,0.999,-0.028,0.032,0.006,0.41,0.234,0.208,0.028,-0.03,-0.0
0.131,-1.243,1.476,0.999,-0.026,0.032,0.007,0.466,0.231,0.531,0.057,-0.034,0.066
0.131,-1.243,1.476,0.999,-0.026,0.032,0.007,0.466,0.231,0.531,0.057,-0.034,0.066
0.149,-1.23,1.492,0.999,-0.024,0.031,0.007,0.551,0.409,0.462,0.105,-0.085,0.016
0.185,-1.197,1.53,0.999,-0.022,0.031,0.006,0.626,0.392,0.39,0.071,-0.043,-0.02
0.185,-1.197,1.53,0.999,-0.022,0.031,0.006,0.626,0.392,0.39,0.071,-0.043,-0.02
0.214,-1.158,1.56,0.999,-0.02,0.032,0.005,0.377,0.283,0.537,0.033,0.065,0.018
0.246,-1.137,1.553,0.999,-0.02,0.027,0.004,0.962,0.639,-0.207,0.004,-0.249,-0.083
0.246,-1.137,1.553,0.999,-0.02,0.027,0.004,0.962,0.639,-0.207,0.004,-0.249,-0.083
0.272,-1.122,1.56,0.999,-0.019,0.027,0.004,0.776,0.438,0.201,0.01,-0.053,-0.006
0.291,-1.097,1.57,0.999,-0.02,0.027,0.001,0.582,0.773,0.31,-0.018,0.0,-0.125
0.379,-1.047,1.526,1.0,-0.02,0.014,0.0,0.989,0.453,-0.835,-0.065,-0.315,-0.027
0.404,-1.022,1.528,1.0,-0.018,0.012,-0.001,0.754,0.761,0.056,0.134,-0.148,-0.07
0.485,-0.964,1.484,1.0,-0.014,-0.001,-0.001,0.695,0.447,-0.53,0.113,-0.321,0.062
0.485,-0.964,1.484,1.0,-0.014,-0.001,-0.001,0.695,0.447,-0.53,0.113,-0.321,0.062
0.538,-0.929,1.459,1.0,-0.011,-0.008,-0.001,0.592,0.647,-0.181,0.135,-0.15,-0.046
0.568,-0.902,1.435,1.0,-0.01,-0.013,-0.003,0.885,0.821,-0.722,0.057,-0.28,-0.111
0.588,-0.867,1.437,1.0,-0.008,-0.014,-0.005,0.613,1.03,0.05,0.121,-0.082,-0.113
0.61,-0.843,1.421,1.0,-0.006,-0.018,-0.005,0.67,0.742,-0.475,0.139,-0.232,-0.037
0.651,-0.801,1.396,1.0,-0.004,-0.023,-0.005,0.255,0.43,-0.042,0.025,-0.052,-0.007
0.665,-0.781,1.392,1.0,-0.003,-0.025,-0.006,0.418,0.606,-0.143,0.082,-0.091,-0.038
0.665,-0.781,1.392,1.0,-0.003,-0.025,-0.006,0.418,0.606,-0.143,0.082,-0.091,-0.038
0.701,-0.722,1.392,1.0,0.003,-0.029,-0.007,0.448,0.765,0.069,0.221,-0.122,-0.027
0.701,-0.722,1.392,1.0,0.003,-0.029,-0.007,0.448,0.765,0.069,0.221,-0.122,-0.027
0.698,-0.689,1.391,0.999,0.005,-0.032,-0.006,0.014,0.189,-0.149,0.035,-0.073,0.049
0.698,-0.689,1.391,0.999,0.005,-0.032,-0.006,0.014,0.189,-0.149,0.035,-0.073,0.049
0.703,-0.67,1.39,0.999,0.006,-0.032,-0.007,0.154,0.575,-0.03,0.052,-0.04,-0.074
0.701,-0.663,1.387,0.999,0.007,-0.033,-0.006,-0.077,0.21,-0.089,0.038,-0.067,0.073
0.703,-0.646,1.388,0.999,0.007,-0.034,-0.007,0.062,0.498,0.026,0.034,-0.028,-0.066
0.688,-0.609,1.386,0.999,0.008,-0.034,-0.008,-0.202,0.281,-0.11,-0.067,0.058,-0.027
0.688,-0.609,1.386,0.999,0.008,-0.034,-0.008,-0.202,0.281,-0.11,-0.067,0.058,-0.027
0.675,-0.607,1.396,0.999,0.007,-0.032,-0.008,-0.38,0.083,0.296,-0.053,0.114,0.018
0.661,-0.59,1.39,0.999,0.006,-0.031,-0.009,-0.189,0.069,0.04,-0.021,0.035,-0.008
0.661,-0.59,1.39,0.999,0.006,-0.031,-0.009,-0.189,0.069,0.04,-0.021,0.035,-0.008
0.629,-0.576,1.397,1.0,0.004,-0.029,-0.01,-0.362,0.225,-0.022,-0.05,0.022,-0.04
0.617,-0.566,1.4,1.0,0.004,-0.028,-0.011,-0.37,0.29,0.086,-0.026,0.093,-0.058
0.617,-0.566,1.4,1.0,0.004,-0.028,-0.011,-0.37,0.29,0.086,-0.026,0.093,-0.058
0.545,-0.57,1.417,1.0,0.0,-0.021,-0.009,-0.605,0.07,-0.001,-0.093,0.084,-0.017
0.545,-0.57,1.417,1.0,0.0,-0.021,-0.009,-0.605,0.07,-0.001,-0.093,0.084,-0.017
0.521,-0.571,1.425,1.0,-0.001,-0.019,-0.009,-0.717,-0.031,0.236,-0.086,0.156,-0.0
0.507,-0.567,1.419,1.0,-0.003,-0.018,-0.009,-0.416,0.121,-0.181,-0.089,0.047,-0.022
0.478,-0.562,1.434,1.0,-0.003,-0.014,-0.01,-0.875,0.146,0.448,-0.035,0.235,-0.011
0.46,-0.549,1.428,1.0,-0.004,-0.013,-0.011,-0.539,0.4,-0.181,-0.033,0.058,-0.075
0.326,-0.541,1.427,1.0,-0.008,0.001,-0.011,-0.768,-0.201,-0.424,-0.09,0.068,0.081
0.326,-0.541,1.427,1.0,-0.008,0.001,-0.011,-0.768,-0.201,-0.424,-0.09,0.068,0.081
0.268,-0.541,1.404,1.0,-0.011,0.005,-0.011,-0.873,0.042,-0.276,-0.072,0.146,-0.007
0.246,-0.534,1.39,1.0,-0.012,0.007,-0.012,-0.671,0.202,-0.427,-0.056,0.113,-0.045
0.17,-0.535,1.34,1.0,-0.015,0.013,-0.011,-0.705,0.206,-0.601,-0.115,0.081,-0.04
0.17,-0.535,1.34,1.0,-0.015,0.013,-0.011,-0.705,0.206,-0.601,-0.115,0.081,-0.04
0.14,-0.528,1.324,1.0,-0.015,0.014,-0.011,-0.891,0.218,-0.48,-0.018,0.082,-0.027
0.102,-0.512,1.294,1.0,-0.017,0.017,-0.013,-0.495,0.305,-0.67,-0.038,-0.011,-0.069
0.102,-0.512,1.294,1.0,-0.017,0.017,-0.013,-0.495,0.305,-0.67,-0.038,-0.011,-0.069
0.074,-0.496,1.294,1.0,-0.017,0.021,-0.015,-0.843,0.475,-0.0,-0.032,0.263,-0.095
0.033,-0.478,1.283,0.999,-0.015,0.025,-0.015,-0.876,0.392,0.54,0.06,0.349,-0.064
0.033,-0.478,1.283,0.999,-0.015,0.025,-0.015,-0.876,0.392,0.54,0.06,0.349,-0.064
-0.008,-0.457,1.273,0.999,-0.012,0.028,-0.016,-0.579,0.337,-0.044,0.105,0.096,-0.015
-0.021,-0.445,1.278,0.999,-0.011,0.03,-0.016,-0.404,0.36,0.133,0.088,0.116,-0.02
-0.049,-0.433,1.297,0.999,-0.008,0.034,-0.017,-0.843,0.376,0.59,0.149,0.225,-0.018
-0.064,-0.43,1.286,0.999,-0.006,0.033,-0.016,-0.429,0.089,-0.334,0.115,-0.043,0.067
-0.103,-0.394,1.285,0.999,-0.002,0.037,-0.018,-0.562,0.496,-0.238,0.095,0.079,-0.052
-0.127,-0.39,1.285,0.999,-0.001,0.04,-0.018,-0.717,0.123,-0.021,0.093,0.161,0.023
-0.136,-0.387,1.266,0.999,-0.0,0.04,-0.018,-0.251,0.071,-0.546,0.023,-0.007,0.011
-0.178,-0.362,1.204,0.999,0.002,0.041,-0.019,-0.418,0.204,-0.672,0.043,0.022,-0.013
-0.178,-0.362,1.204,0.999,0.002,0.041,-0.019,-0.418,0.204,-0.672,0.043,0.022,-0.013
-0.198,-0.355,1.112,0.999,0.003,0.038,-0.018,-0.002,0.177,-1.013,-0.024,-0.106,-0.007
-0.198,-0.355,1.112,0.999,0.003,0.038,-0.018,-0.002,0.177,-1.013,-0.024,-0.106,-0.007
-0.201,-0.348,1.051,0.999,0.0,0.036,-0.018,-0.106,0.083,-0.58,-0.092,-0.033,-0.024
-0.206,-0.359,1.023,0.999,-0.0,0.034,-0.016,-0.134,-0.306,-0.831,-0.036,-0.124,0.128
-0.206,-0.359,1.023,0.999,-0.0,0.034,-0.016,-0.134,-0.306,-0.831,-0.036,-0.124,0.128
-0.216,-0.349,1.012,0.999,-0.001,0.034,-0.017,-0.31,0.288,-0.335,-0.038,0.013,-0.058
-0.215,-0.345,0.991,0.999,-0.001,0.03,-0.017,0.151,0.037,-0.287,-0.032,-0.167,0.022
-0.215,-0.345,0.991,0.999,-0.001,0.03,-0.017,0.151,0.037,-0.287,-0.032,-0.167,0.022
-0.216,-0.337,0.992,0.999,-0.001,0.029,-0.018,-0.011,0.228,0.031,0.012,-0.087,-0.054
-0.209,-0.325,0.992,0.999,-0.002,0.026,-0.019,0.196,0.362,-0.007,-0.01,-0.135,-0.095
-0.214,-0.344,0.996,1.0,-0.004,0.024,-0.017,-0.152,-0.578,0.108,-0.127,-0.139,0.133
-0.221,-0.339,1.021,0.999,-0.005,0.026,-0.018,-0.206,0.158,0.762,-0.098,0.095,-0.048
-0.226,-0.322,1.084,1.0,-0.005,0.02,-0.02,-0.062,0.229,0.399,0.004,-0.071,-0.034
-0.226,-0.322,1.084,1.0,-0.005,0.02,-0.02,-0.062,0.229,0.399,0.004,-0.071,-0.034
-0.225,-0.332,1.092,1.0,-0.005,0.018,-0.018,0.026,-0.303,0.251,0.034,-0.1,0.085
-0.226,-0.335,1.097,1.0,-0.005,0.017,-0.017,-0.022,-0.101,0.17,-0.002,-0.092,0.056
-0.224,-0.322,1.135,1.0,-0.004,0.017,-0.018,-0.059,-0.159,0.132,0.022,0.027,0.072
-0.224,-0.322,1.135,1.0,-0.004,0.017,-0.018,-0.059,-0.159,0.132,0.022,0.027,0.072
-0.227,-0.309,1.129,1.0,-0.003,0.017,-0.02,-0.001,-0.029,-0.145,0.016,-0.008,0.027
-0.226,-0.304,1.123,1.0,-0.002,0.017,-0.02,0.034,0.154,-0.188,0.039,-0.017,-0.017
-0.226,-0.304,1.123,1.0,-0.002,0.017,-0.02,0.034,0.154,-0.188,0.039,-0.017,-0.017
-0.226,-0.314,1.093,1.0,-0.007,0.016,-0.02,0.088,0.046,-0.291,-0.087,-0.003,-0.048
-0.226,-0.314,1.093,1.0,-0.007,0.016,-0.02,0.088,0.046,-0.291,-0.087,-0.003,-0.048
-0.223,-0.321,1.085,1.0,-0.008,0.016,-0.02,0.067,-0.203,-0.228,-0.085,0.011,0.018
-0.218,-0.322,1.07,1.0,-0.01,0.016,-0.019,0.093,0.042,-0.14,-0.029,0.02,-0.022
-0.218,-0.322,1.07,1.0,-0.01,0.016,-0.019,0.093,0.042,-0.14,-0.029,0.02,-0.022
-0.212,-0.318,1.063,1.0,-0.009,0.015,-0.02,0.176,0.134,-0.213,0.015,-0.08,-0.017
-0.209,-0.322,1.059,1.0,-0.009,0.013,-0.019,0.133,0.011,-0.129,0.01,-0.084,0.002
-0.209,-0.322,1.059,1.0,-0.009,0.013,-0.019,0.133,0.011,-0.129,0.01,-0.084,0.002
-0.204,-0.315,1.059,1.0,-0.008,0.012,-0.02,0.155,0.193,0.006,0.046,-0.042,-0.044
-0.199,-0.324,1.058,1.0,-0.008,0.011,-0.018,0.171,-0.258,-0.031,-0.009,-0.06,0.079
-0.197,-0.32,1.061,1.0,-0.008,0.01,-0.019,0.033,0.125,0.101,0.017,-0.032,-0.025
-0.194,-0.323,1.075,1.0,-0.007,0.01,-0.019,0.075,-0.249,0.124,0.023,-0.068,0.079
-0.194,-0.323,1.075,1.0,-0.007,0.01,-0.019,0.075,-0.249,0.124,0.023,-0.068,0.079
-0.189,-0.318,1.079,1.0,-0.007,0.009,-0.019,0.157,0.131,0.122,0.016,-0.041,-0.045
-0.185,-0.325,1.09,1.0,-0.007,0.009,-0.018,0.136,-0.15,0.076,-0.005,-0.048,0.054
-0.185,-0.325,1.09,1.0,-0.007,0.009,-0.018,0.136,-0.15,0.076,-0.005,-0.048,0.054
-0.186,-0.325,1.098,1.0,-0.007,0.009,-0.018,-0.012,-0.013,0.245,0.019,-0.004,-0.004
-0.18,-0.318,1.096,1.0,-0.006,0.007,-0.019,0.163,0.211,-0.068,0.028,-0.116,-0.068
-0.179,-0.321,1.101,1.0,-0.006,0.007,-0.019,0.044,-0.075,0.149,-0.004,0.013,0.038
-0.179,-0.325,1.102,1.0,-0.008,0.007,-0.019,-0.005,-0.123,0.02,-0.095,-0.004,0.003
-0.175,-0.335,1.114,1.0,-0.01,0.007,-0.018,0.001,-0.097,0.22,-0.03,0.016,0.006
-0.175,-0.335,1.114,1.0,-0.01,0.007,-0.018,0.001,-0.097,0.22,-0.03,0.016,0.006
-0.171,-0.34,1.123,1.0,-0.012,0.007,-0.018,-0.054,-0.017,0.112,0.028,0.017,-0.005
-0.171,-0.34,1.123,1.0,-0.012,0.007,-0.018,-0.054,-0.017,0.112,0.028,0.017,-0.005
-0.167,-0.34,1.12,1.0,-0.011,0.006,-0.018,0.118,0.014,-0.087,0.019,-0.059,0.006
-0.167,-0.338,1.116,1.0,-0.012,0.005,-0.019,-0.011,0.051,-0.121,-0.035,-0.02,-0.028
-0.167,-0.344,1.119,1.0,-0.012,0.006,-0.018,0.011,-0.165,0.106,-0.026,0.058,0.036
-0.163,-0.347,1.114,1.0,-0.013,0.006,-0.018,0.111,-0.115,-0.171,-0.034,-0.034,0.016
-0.166,-0.344,1.116,1.0,-0.014,0.007,-0.019,-0.068,0.118,0.079,-0.033,0.061,-0.052
-0.165,-0.344,1.079,1.0,-0.015,0.009,-0.019,0.039,-0.043,0.026,0.044,0.063,0.007
-0.165,-0.344,1.079,1.0,-0.015,0.009,-0.019,0.039,-0.043,0.026,0.044,0.063,0.007
-0.16,-0.344,1.066,1.0,-0.015,0.009,-0.019,0.152,0.002,-0.404,-0.024,-0.043,0.0
-0.161,-0.343,1.061,1.0,-0.015,0.009,-0.018,-0.03,0.025,-0.149,0.016,0.009,0.023
-0.168,-0.339,1.055,1.0,-0.015,0.009,-0.019,-0.23,0.131,-0.177,-0.017,0.04,-0.019
-0.167,-0.335,1.048,1.0,-0.015,0.009,-0.019,0.053,0.12,-0.204,-0.007,-0.008,-0.039
-0.17,-0.331,1.042,1.0,-0.015,0.009,-0.019,-0.098,0.115,-0.183,0.002,-0.025,0.002
-0.168,-0.33,1.028,1.0,-0.015,0.008,-0.019,0.055,0.04,-0.437,0.014,-0.085,0.009
-0.165,-0.325,1.025,1.0,-0.015,0.008,-0.02,0.084,0.152,-0.064,-0.0,0.026,-0.032
-0.168,-0.323,1.019,1.0,-0.015,0.008,-0.019,-0.076,0.045,-0.202,0.003,-0.015,0.013
-0.164,-0.322,1.007,1.0,-0.015,0.006,-0.019,0.107,0.029,-0.388,0.024,-0.118,0.022
-0.163,-0.275,0.989,1.0,-0.011,0.006,-0.021,-0.046,0.087,0.001,0.036,-0.012,0.005
-0.163,-0.275,0.989,1.0,-0.011,0.006,-0.021,-0.046,0.087,0.001,0.036,-0.012,0.005
-0.169,-0.257,1.013,1.0,-0.009,0.007,-0.021,-0.107,0.3,0.227,0.063,-0.002,-0.037
-0.169,-0.257,1.013,1.0,-0.009,0.007,-0.021,-0.107,0.3,0.227,0.063,-0.002,-0.037
-0.171,-0.254,1.025,1.0,-0.008,0.007,-0.021,-0.073,0.085,0.376,0.054,0.043,0.023
-0.175,-0.252,1.039,1.0,-0.008,0.008,-0.021,-0.094,0.073,0.418,0.014,0.062,-0.004
-0.175,-0.252,1.039,1.0,-0.008,0.008,-0.021,-0.094,0.073,0.418,0.014,0.062,-0.004
-0.176,-0.246,1.055,1.0,-0.007,0.009,-0.021,-0.043,0.182,0.472,0.009,0.064,-0.009
-0.178,-0.24,1.066,1.0,-0.007,0.009,-0.022,-0.069,0.159,0.313,0.029,0.002,-0.014
-0.184,-0.231,1.085,1.0,-0.006,0.011,-0.022,-0.163,0.282,0.575,0.041,0.074,-0.044
-0.209,-0.195,1.146,1.0,-0.003,0.015,-0.023,-0.122,0.329,0.196,0.02,0.056,-0.045
-0.209,-0.195,1.146,1.0,-0.003,0.015,-0.023,-0.122,0.329,0.196,0.02,0.056,-0.045
-0.211,-0.193,1.143,1.0,-0.002,0.015,-0.023,-0.064,0.061,-0.064,0.035,-0.028,0.021
-0.212,-0.189,1.143,1.0,-0.002,0.015,-0.023,-0.032,0.108,0.0,0.022,0.028,0.003
-0.212,-0.183,1.141,1.0,-0.002,0.016,-0.023,-0.012,0.184,-0.076,0.001,0.02,-0.03
-0.216,-0.183,1.141,1.0,-0.001,0.017,-0.023,-0.106,0.004,-0.005,0.022,0.063,-0.003
-0.222,-0.169,1.13,1.0,0.001,0.018,-0.023,-0.117,0.09,-0.137,0.048,0.043,0.034
-0.222,-0.169,1.13,1.0,0.001,0.018,-0.023,-0.117,0.09,-0.137,0.048,0.043,0.034
-0.225,-0.162,1.109,1.0,0.002,0.017,-0.023,-0.038,-0.017,-0.203,0.06,0.039,0.035
-0.221,-0.163,1.086,1.0,0.002,0.016,-0.023,0.108,-0.013,-0.693,-0.017,-0.118,0.008
-0.221,-0.163,1.086,1.0,0.002,0.016,-0.023,0.108,-0.013,-0.693,-0.017,-0.118,0.008
-0.224,-0.162,1.084,1.0,0.002,0.016,-0.023,-0.089,0.009,-0.079,0.011,0.041,0.022
-0.216,-0.155,1.055,1.0,0.002,0.014,-0.024,0.358,0.134,-0.618,-0.012,-0.145,-0.042
-0.219,-0.153,1.052,1.0,0.001,0.015,-0.024,-0.107,0.038,-0.09,-0.021,0.064,-0.015
-0.219,-0.159,1.044,1.0,0.001,0.015,-0.023,0.003,-0.169,-0.242,-0.028,-0.004,0.062
-0.219,-0.155,1.034,1.0,-0.0,0.015,-0.024,-0.007,0.125,-0.3,-0.061,-0.019,-0.041
-0.219,-0.164,1.032,1.0,-0.001,0.015,-0.022,0.016,-0.262,-0.043,-0.038,0.01,0.079
-0.221,-0.157,1.029,1.0,-0.002,0.015,-0.024,-0.062,0.208,-0.104,-0.066,0.013,-0.088
-0.221,-0.161,1.027,1.0,-0.002,0.014,-0.023,-0.016,-0.143,-0.064,-0.044,-0.048,0.036
-0.216,-0.16,1.023,1.0,-0.003,0.013,-0.024,0.177,0.041,-0.116,-0.012,-0.079,-0.026
-0.203,-0.155,1.066,1.0,-0.005,0.009,-0.026,0.017,0.022,0.173,-0.035,-0.014,-0.042
-0.203,-0.155,1.066,1.0,-0.005,0.009,-0.026,0.017,0.022,0.173,-0.035,-0.014,-0.042
-0.2,-0.162,1.071,1.0,-0.005,0.009,-0.024,0.092,-0.211,0.131,-0.01,-0.035,0.063
-0.207,-0.162,1.09,1.0,-0.007,0.01,-0.025,0.007,0.053,0.007,0.004,-0.015,-0.002
-0.207,-0.162,1.09,1.0,-0.007,0.01,-0.025,0.007,0.053,0.007,0.004,-0.015,-0.002
-0.206,-0.17,1.088,1.0,-0.008,0.01,-0.024,0.044,-0.221,-0.035,-0.047,-0.039,0.048
-0.208,-0.17,1.087,1.0,-0.008,0.008,-0.024,-0.055,-0.04,-0.005,0.018,-0.009,0.029
-0.208,-0.17,1.087,1.0,-0.008,0.008,-0.024,-0.055,-0.04,-0.005,0.018,-0.009,0.029
-0.211,-0.169,1.075,1.0,-0.009,0.009,-0.024,0.007,0.027,-0.236,-0.001,-0.03,-0.003
-0.211,-0.169,1.075,1.0,-0.009,0.009,-0.024,0.007,0.027,-0.236,-0.001,-0.03,-0.003
-0.216,-0.171,1.049,1.0,-0.009,0.009,-0.024,-0.033,-0.03,-0.272,-0.026,0.016,0.002
-0.216,-0.171,1.049,1.0,-0.009,0.009,-0.024,-0.033,-0.03,-0.272,-0.026,0.016,0.002
-0.218,-0.172,1.03,1.0,-0.009,0.008,-0.023,-0.068,-0.019,-0.554,-0.029,-0.055,0.006
-0.22,-0.168,1.006,1.0,-0.01,0.009,-0.024,0.008,0.193,-0.469,-0.02,0.007,-0.046
-0.22,-0.168,1.006,1.0,-0.01,0.009,-0.024,0.008,0.193,-0.469,-0.02,0.007,-0.046
-0.226,-0.173,0.997,1.0,-0.009,0.01,-0.023,-0.174,-0.142,-0.273,0.017,0.055,0.049
-0.228,-0.17,0.963,1.0,-0.009,0.01,-0.023,0.13,-0.086,-0.498,0.016,-0.006,0.03
-0.228,-0.17,0.963,1.0,-0.009,0.01,-0.023,0.13,-0.086,-0.498,0.016,-0.006,0.03
-0.228,-0.163,0.947,1.0,-0.008,0.01,-0.023,0.004,0.189,-0.478,0.03,0.017,-0.021
-0.228,-0.155,0.917,1.0,-0.007,0.01,-0.024,0.063,0.283,-0.351,0.086,0.053,-0.052
-0.229,-0.151,0.902,1.0,-0.006,0.01,-0.024,-0.009,0.109,-0.434,0.078,-0.013,0.002
-0.227,-0.151,0.872,1.0,-0.005,0.009,-0.024,0.011,-0.003,-0.424,-0.002,-0.021,0.007
-0.231,-0.148,0.87,1.0,-0.005,0.011,-0.024,-0.129,0.079,-0.065,-0.001,0.078,-0.031
-0.234,-0.139,0.803,1.0,-0.007,0.007,-0.025,0.013,0.285,-0.263,0.001,-0.006,-0.08
-0.22,-0.139,0.774,1.0,-0.006,0.003,-0.025,0.441,0.015,-0.928,0.079,-0.226,0.004
-0.231,-0.132,0.772,1.0,-0.004,0.004,-0.025,-0.31,0.179,-0.033,0.064,0.035,-0.041
-0.235,-0.138,0.767,1.0,-0.004,0.005,-0.024,-0.129,-0.176,-0.151,0.023,0.071,0.062
-0.235,-0.138,0.767,1.0,-0.004,0.005,-0.024,-0.129,-0.176,-0.151,0.023,0.071,0.062
-0.24,-0.135,0.759,1.0,-0.004,0.005,-0.024,-0.134,0.101,-0.254,0.02,0.028,-0.012
-0.246,-0.133,0.747,1.0,-0.004,0.004,-0.025,-0.206,0.064,-0.363,0.015,-0.073,-0.009
-0.247,-0.127,0.739,1.0,-0.002,0.006,-0.025,-0.004,0.186,-0.221,0.096,0.089,-0.019
-0.25,-0.123,0.732,1.0,-0.001,0.006,-0.025,-0.116,0.106,-0.218,0.069,0.028,0.003
-0.248,-0.12,0.711,1.0,-0.001,0.005,-0.025,0.08,0.099,-0.64,0.008,-0.078,-0.033
-0.252,-0.124,0.708,1.0,-0.0,0.008,-0.024,-0.138,-0.133,-0.094,0.01,0.162,0.07
-0.254,-0.126,0.693,1.0,-0.001,0.008,-0.024,-0.06,-0.052,-0.456,-0.045,0.018,0.007
-0.258,-0.127,0.678,1.0,-0.002,0.009,-0.024,-0.105,-0.019,-0.427,-0.031,0.069,0.002
-0.264,-0.131,0.665,1.0,-0.002,0.01,-0.023,-0.193,-0.129,-0.391,-0.048,0.058,0.049
-0.269,-0.129,0.607,1.0,-0.003,0.01,-0.023,-0.033,0.004,-0.788,-0.013,-0.04,-0.001
-0.271,-0.135,0.588,1.0,-0.003,0.011,-0.022,-0.069,-0.177,-0.558,0.004,0.039,0.055
-0.283,-0.136,0.555,1.0,-0.003,0.015,-0.022,-0.157,-0.017,-0.259,-0.045,0.105,-0.021
-0.285,-0.144,0.471,1.0,-0.003,0.016,-0.021,-0.008,-0.084,-0.407,-0.047,0.009,0.01
-0.285,-0.144,0.471,1.0,-0.003,0.016,-0.021,-0.008,-0.084,-0.407,-0.047,0.009,0.01
-0.284,-0.144,0.461,1.0,-0.004,0.016,-0.021,0.03,-0.013,-0.298,-0.031,0.052,-0.004
-0.277,-0.153,0.423,1.0,-0.005,0.016,-0.02,0.185,-0.233,-0.713,-0.016,-0.066,0.062
-0.277,-0.153,0.423,1.0,-0.005,0.016,-0.02,0.185,-0.233,-0.713,-0.016,-0.066,0.062
-0.268,-0.141,0.391,1.0,-0.006,0.016,-0.022,-0.007,0.069,-0.39,0.01,-0.046,-0.019
-0.26,-0.139,0.389,1.0,-0.006,0.017,-0.022,0.213,0.046,-0.068,-0.012,0.044,-0.018
-0.254,-0.123,0.381,1.0,-0.006,0.016,-0.024,0.185,0.48,-0.219,-0.009,-0.013,-0.133
-0.251,-0.129,0.381,1.0,-0.006,0.016,-0.024,0.093,-0.188,0.003,-0.016,-0.007,0.02
-0.248,-0.13,0.374,1.0,-0.008,0.014,-0.024,0.081,-0.011,-0.237,-0.109,-0.111,0.007
-0.239,-0.134,0.367,1.0,-0.008,0.013,-0.023,0.271,-0.116,-0.209,-0.018,-0.1,0.034
-0.234,-0.133,0.366,1.0,-0.008,0.012,-0.023,0.162,0.015,-0.011,0.043,-0.04,-0.012
-0.232,-0.127,0.376,1.0,-0.008,0.013,-0.024,0.065,0.185,0.296,0.008,0.064,-0.069
-0.233,-0.127,0.377,1.0,-0.007,0.012,-0.025,-0.04,-0.005,0.039,0.023,-0.066,-0.003
-0.223,-0.125,0.378,1.0,-0.005,0.01,-0.024,0.317,0.075,0.012,0.103,-0.103,0.012
-0.2,-0.129,0.382,1.0,-0.0,0.007,-0.023,0.294,0.179,-0.001,0.028,-0.031,-0.036
