-0.006,0.007,0.001,1.0,0.001,0.001,-0.008,-0.01,-0.006,0.012,0.0,0.01,0.0
-0.005,0.008,0.0,1.0,0.001,0.001,-0.007,0.027,0.007,-0.014,0.004,-0.009,0.005
-0.005,0.008,-0.0,1.0,0.001,0.001,-0.008,-0.02,-0.0,0.011,-0.011,-0.004,-0.014
-0.005,0.008,-0.0,1.0,0.001,0.001,-0.008,0.016,0.014,-0.002,-0.013,0.008,0.005
-0.005,0.007,0.0,1.0,0.001,0.001,-0.007,-0.007,-0.032,0.013,0.007,0.006,0.009
-0.006,0.007,0.001,1.0,0.001,0.001,-0.008,-0.024,0.0,0.016,0.008,-0.01,-0.01
-0.005,0.007,0.001,1.0,0.001,0.001,-0.007,0.013,-0.005,-0.002,0.01,0.011,0.014
-0.004,0.008,0.001,1.0,0.001,0.001,-0.007,0.034,0.035,0.016,-0.003,0.007,0.005
-0.006,0.008,0.005,1.0,0.001,0.001,-0.007,-0.052,-0.015,0.103,0.027,0.02,0.005
-0.007,0.008,0.009,1.0,0.002,0.002,-0.007,-0.025,-0.001,0.119,0.014,0.023,-0.002
-0.007,0.008,0.013,1.0,0.002,0.002,-0.007,-0.017,-0.007,0.133,0.007,0.004,-0.002
-0.007,0.009,0.018,1.0,0.002,0.002,-0.008,0.011,0.048,0.157,-0.009,0.006,-0.02
-0.007,0.009,0.025,1.0,0.002,0.002,-0.008,-0.019,0.004,0.198,0.001,0.0,0.003
-0.009,0.01,0.033,1.0,0.002,0.002,-0.007,-0.035,0.009,0.259,0.017,-0.012,0.012
-0.01,0.01,0.044,1.0,0.002,0.002,-0.007,-0.028,0.023,0.318,-0.01,0.014,-0.003
-0.009,0.011,0.056,1.0,0.002,0.002,-0.007,0.015,0.011,0.354,0.009,0.011,0.004
-0.009,0.012,0.07,1.0,0.002,0.002,-0.008,-0.012,0.036,0.417,0.025,-0.008,-0.017
-0.011,0.013,0.085,1.0,0.002,0.002,-0.007,-0.055,0.032,0.449,-0.003,-0.005,0.006
-0.012,0.014,0.102,1.0,0.002,0.002,-0.008,-0.021,0.017,0.517,-0.02,0.031,-0.023
-0.01,0.016,0.117,1.0,0.003,0.002,-0.008,0.05,0.087,0.465,0.05,-0.029,-0.02
-0.013,0.016,0.139,1.0,0.004,0.002,-0.008,-0.069,-0.005,0.652,0.053,0.028,0.017
-0.009,0.021,0.154,1.0,0.003,0.002,-0.008,0.101,0.138,0.461,-0.043,-0.043,-0.032
-0.011,0.019,0.18,1.0,0.004,0.002,-0.008,-0.048,-0.067,0.761,0.059,0.017,0.014
-0.015,0.02,0.208,1.0,0.003,0.002,-0.008,-0.111,0.03,0.857,-0.026,0.033,-0.008
-0.01,0.017,0.235,1.0,0.004,0.003,-0.008,0.13,-0.078,0.791,0.042,0.03,0.018
-0.008,0.019,0.258,1.0,0.004,0.002,-0.008,0.058,0.066,0.714,0.017,-0.031,-0.022
-0.011,0.018,0.291,1.0,0.004,0.003,-0.008,-0.096,-0.053,0.965,-0.013,0.053,0.026
-0.013,0.02,0.316,1.0,0.004,0.003,-0.008,-0.035,0.06,0.764,-0.031,-0.023,-0.028
-0.016,0.013,0.352,1.0,0.004,0.004,-0.008,-0.092,-0.185,1.081,0.02,0.089,0.053
-0.018,0.016,0.387,1.0,0.004,0.005,-0.008,-0.069,0.069,1.065,-0.011,0.025,-0.0
-0.019,0.013,0.406,1.0,0.004,0.003,-0.007,-0.028,-0.091,0.581,-0.012,-0.111,0.005
-0.022,0.017,0.438,1.0,0.003,0.004,-0.008,-0.08,0.136,0.95,-0.023,0.057,-0.03
-0.022,0.017,0.438,1.0,0.003,0.004,-0.008,-0.08,0.136,0.95,-0.023,0.057,-0.03
-0.031,0.016,0.525,1.0,0.003,0.007,-0.008,-0.074,0.017,0.703,-0.017,0.02,-0.015
-0.031,0.016,0.525,1.0,0.003,0.007,-0.008,-0.074,0.017,0.703,-0.017,0.02,-0.015
-0.039,0.021,0.592,1.0,0.004,0.008,-0.009,-0.146,0.185,0.836,0.051,0.108,-0.029
-0.039,0.021,0.592,1.0,0.004,0.008,-0.009,-0.146,0.185,0.836,0.051,0.108,-0.029
-0.039,0.022,0.61,1.0,0.004,0.009,-0.009,-0.003,0.018,0.521,0.033,0.021,0.002
-0.038,0.024,0.646,1.0,0.005,0.01,-0.009,0.189,-0.036,0.458,0.018,0.009,0.01
-0.038,0.024,0.646,1.0,0.005,0.01,-0.009,0.189,-0.036,0.458,0.018,0.009,0.01
-0.046,0.034,0.685,1.0,0.005,0.012,-0.01,0.146,0.19,0.203,0.005,-0.028,-0.025
-0.047,0.03,0.687,1.0,0.006,0.011,-0.01,-0.044,-0.128,0.049,0.049,-0.069,0.009
-0.047,0.03,0.687,1.0,0.006,0.011,-0.01,-0.044,-0.128,0.049,0.049,-0.069,0.009
-0.047,0.027,0.702,1.0,0.007,0.011,-0.009,0.006,-0.105,0.471,0.043,-0.005,0.022
-0.05,0.028,0.729,1.0,0.005,0.009,-0.009,0.113,0.002,-0.029,-0.044,-0.191,0.012
-0.05,0.028,0.729,1.0,0.005,0.009,-0.009,0.113,0.002,-0.029,-0.044,-0.191,0.012
-0.046,0.027,0.741,1.0,0.005,0.008,-0.009,0.106,-0.016,0.359,-0.001,-0.087,0.004
-0.047,0.018,0.756,1.0,0.004,0.007,-0.009,-0.003,-0.126,0.109,-0.069,-0.096,0.018
-0.047,0.018,0.756,1.0,0.004,0.007,-0.009,-0.003,-0.126,0.109,-0.069,-0.096,0.018
-0.048,0.017,0.774,1.0,0.003,0.007,-0.009,-0.01,-0.052,0.516,-0.03,0.035,-0.001
-0.054,0.026,0.798,1.0,0.002,0.01,-0.01,-0.104,0.155,0.381,-0.005,-0.021,-0.017
-0.054,0.026,0.798,1.0,0.002,0.01,-0.01,-0.104,0.155,0.381,-0.005,-0.021,-0.017
-0.057,0.022,0.817,1.0,0.003,0.01,-0.009,-0.09,-0.12,0.576,0.009,0.014,0.024
-0.062,0.017,0.857,1.0,0.001,0.01,-0.009,0.101,-0.22,0.607,-0.007,-0.045,0.026
-0.062,0.017,0.857,1.0,0.001,0.01,-0.009,0.101,-0.22,0.607,-0.007,-0.045,0.026
-0.066,0.027,0.892,1.0,0.003,0.01,-0.01,-0.191,0.177,0.783,0.063,0.062,-0.016
-0.069,0.026,0.916,1.0,0.003,0.011,-0.01,-0.079,-0.019,0.73,0.002,0.087,-0.002
-0.069,0.026,0.916,1.0,0.003,0.011,-0.01,-0.079,-0.019,0.73,0.002,0.087,-0.002
-0.082,0.023,0.944,1.0,0.002,0.01,-0.01,-0.157,0.063,0.533,-0.062,-0.021,-0.025
-0.08,0.022,0.951,1.0,0.001,0.008,-0.01,0.073,-0.007,0.217,-0.038,-0.11,-0.02
-0.091,0.015,0.997,1.0,0.0,0.01,-0.009,-0.131,0.046,0.394,0.006,0.035,-0.003
-0.091,0.015,0.997,1.0,0.0,0.01,-0.009,-0.131,0.046,0.394,0.006,0.035,-0.003
-0.103,0.025,1.006,1.0,0.002,0.011,-0.01,0.04,0.04,-0.342,0.057,-0.003,0.006
-0.103,0.025,1.006,1.0,0.002,0.011,-0.01,0.04,0.04,-0.342,0.057,-0.003,0.006
-0.112,0.034,1.013,1.0,0.002,0.011,-0.011,-0.106,0.147,-0.022,0.016,-0.049,-0.018
-0.115,0.033,1.01,1.0,0.002,0.01,-0.011,-0.077,-0.028,-0.076,0.011,-0.007,0.012
-0.115,0.033,1.01,1.0,0.002,0.01,-0.011,-0.077,-0.028,-0.076,0.011,-0.007,0.012
-0.133,0.041,1.032,1.0,0.002,0.011,-0.011,-0.119,0.114,0.181,-0.017,-0.007,-0.033
-0.133,0.041,1.032,1.0,0.002,0.011,-0.011,-0.119,0.114,0.181,-0.017,-0.007,-0.033
-0.148,0.039,1.059,1.0,0.004,0.011,-0.01,-0.15,-0.091,0.336,0.036,0.013,0.048
-0.148,0.039,1.059,1.0,0.004,0.011,-0.01,-0.15,-0.091,0.336,0.036,0.013,0.048
-0.18,0.051,1.112,1.0,0.005,0.015,-0.011,-0.053,0.126,0.185,0.038,-0.048,-0.019
-0.18,0.051,1.112,1.0,0.005,0.015,-0.011,-0.053,0.126,0.185,0.038,-0.048,-0.019
-0.207,0.059,1.158,1.0,0.005,0.017,-0.012,-0.379,0.037,0.483,-0.011,0.064,0.003
-0.207,0.059,1.158,1.0,0.005,0.017,-0.012,-0.379,0.037,0.483,-0.011,0.064,0.003
-0.216,0.05,1.166,1.0,0.005,0.018,-0.01,-0.276,-0.272,0.246,-0.007,0.032,0.081
-0.223,0.058,1.183,1.0,0.005,0.017,-0.011,-0.011,-0.146,0.237,0.014,-0.01,0.063
-0.223,0.058,1.183,1.0,0.005,0.017,-0.011,-0.011,-0.146,0.237,0.014,-0.01,0.063
-0.251,0.065,1.228,1.0,0.005,0.021,-0.012,-0.221,0.124,0.361,0.036,0.087,-0.006
-0.255,0.066,1.232,1.0,0.005,0.021,-0.012,-0.096,0.043,0.127,0.022,0.022,-0.006
-0.263,0.063,1.237,1.0,0.005,0.022,-0.012,-0.255,-0.093,0.164,-0.06,0.024,0.019
-0.275,0.064,1.256,1.0,0.003,0.023,-0.012,-0.35,0.012,0.564,-0.096,0.068,-0.042
-0.279,0.065,1.257,1.0,0.002,0.022,-0.012,-0.144,0.056,0.035,-0.043,-0.069,-0.016
-0.279,0.065,1.257,1.0,0.002,0.022,-0.012,-0.144,0.056,0.035,-0.043,-0.069,-0.016
-0.295,0.066,1.277,1.0,0.003,0.023,-0.012,-0.224,-0.084,0.407,0.026,0.105,0.055
-0.299,0.072,1.283,1.0,0.002,0.024,-0.013,-0.121,0.195,0.162,-0.026,0.039,-0.053
-0.299,0.072,1.283,1.0,0.002,0.024,-0.013,-0.121,0.195,0.162,-0.026,0.039,-0.053
-0.331,0.074,1.322,1.0,0.003,0.028,-0.012,-0.159,0.04,0.028,0.059,0.018,0.032
-0.331,0.074,1.322,1.0,0.003,0.028,-0.012,-0.159,0.04,0.028,0.059,0.018,0.032
-0.352,0.087,1.346,0.999,0.003,0.031,-0.013,-0.355,0.268,0.273,0.027,0.102,-0.059
-0.354,0.092,1.348,0.999,0.004,0.031,-0.013,-0.076,0.154,0.08,0.06,0.004,-0.004
-0.354,0.092,1.348,0.999,0.004,0.031,-0.013,-0.076,0.154,0.08,0.06,0.004,-0.004
-0.374,0.099,1.36,0.999,0.006,0.032,-0.013,-0.16,0.224,-0.01,0.032,0.004,-0.041
-0.374,0.099,1.36,0.999,0.006,0.032,-0.013,-0.16,0.224,-0.01,0.032,0.004,-0.041
-0.376,0.104,1.353,0.999,0.007,0.032,-0.013,-0.067,0.15,-0.184,0.079,-0.013,0.002
-0.391,0.117,1.37,0.999,0.01,0.035,-0.013,0.012,0.082,-0.211,0.069,-0.028,-0.001
-0.391,0.117,1.37,0.999,0.01,0.035,-0.013,0.012,0.082,-0.211,0.069,-0.028,-0.001
-0.399,0.132,1.361,0.999,0.013,0.035,-0.014,0.073,0.067,-0.168,0.089,-0.034,0.009
-0.399,0.132,1.361,0.999,0.013,0.035,-0.014,0.073,0.067,-0.168,0.089,-0.034,0.009
-0.405,0.139,1.361,0.999,0.014,0.035,-0.014,-0.18,0.229,0.006,0.057,0.014,-0.032
-0.404,0.144,1.36,0.999,0.014,0.035,-0.015,0.048,0.154,-0.048,0.01,-0.044,-0.025
-0.402,0.147,1.371,0.999,0.014,0.032,-0.016,0.067,0.063,-0.036,-0.011,-0.092,-0.033
-0.402,0.147,1.371,0.999,0.014,0.032,-0.016,0.067,0.063,-0.036,-0.011,-0.092,-0.033
-0.398,0.144,1.376,0.999,0.014,0.031,-0.015,-0.03,-0.017,0.048,-0.009,-0.039,-0.001
-0.397,0.139,1.38,0.999,0.015,0.031,-0.015,0.045,-0.154,0.111,0.058,-0.005,0.032
-0.392,0.147,1.378,0.999,0.016,0.028,-0.016,0.083,-0.036,-0.098,0.025,-0.125,0.017
-0.393,0.145,1.387,0.999,0.016,0.028,-0.016,-0.026,-0.053,0.262,-0.0,-0.005,-0.007
-0.393,0.145,1.387,0.999,0.016,0.028,-0.016,-0.026,-0.053,0.262,-0.0,-0.005,-0.007
-0.387,0.133,1.396,0.999,0.015,0.026,-0.016,0.223,-0.143,0.001,-0.044,-0.065,-0.005
-0.387,0.133,1.396,0.999,0.015,0.026,-0.016,0.223,-0.143,0.001,-0.044,-0.065,-0.005
-0.379,0.119,1.39,1.0,0.013,0.023,-0.015,0.149,-0.123,-0.02,-0.056,-0.084,-0.002
-0.382,0.115,1.401,1.0,0.011,0.024,-0.015,-0.11,-0.109,0.337,-0.069,0.06,-0.003
-0.382,0.115,1.401,1.0,0.011,0.024,-0.015,-0.11,-0.109,0.337,-0.069,0.06,-0.003
-0.384,0.095,1.411,1.0,0.008,0.022,-0.016,-0.139,-0.076,0.14,-0.056,-0.041,-0.036
-0.384,0.095,1.411,1.0,0.008,0.022,-0.016,-0.139,-0.076,0.14,-0.056,-0.041,-0.036
-0.369,0.081,1.397,1.0,0.007,0.019,-0.015,0.331,-0.166,-0.316,-0.05,-0.111,-0.005
-0.369,0.081,1.397,1.0,0.007,0.019,-0.015,0.331,-0.166,-0.316,-0.05,-0.111,-0.005
-0.393,0.057,1.407,1.0,0.004,0.023,-0.015,-0.226,-0.327,-0.034,-0.047,0.048,0.008
-0.393,0.057,1.407,1.0,0.004,0.023,-0.015,-0.226,-0.327,-0.034,-0.047,0.048,0.008
-0.374,0.036,1.351,1.0,0.002,0.021,-0.014,0.014,-0.207,0.003,-0.04,-0.004,0.019
-0.374,0.036,1.351,1.0,0.002,0.021,-0.014,0.014,-0.207,0.003,-0.04,-0.004,0.019
-0.371,0.033,1.35,1.0,0.001,0.02,-0.015,0.094,-0.103,-0.028,-0.064,-0.061,-0.029
-0.376,0.015,1.344,1.0,-0.002,0.019,-0.015,-0.211,-0.314,0.075,-0.09,0.039,0.027
-0.376,0.015,1.344,1.0,-0.002,0.019,-0.015,-0.211,-0.314,0.075,-0.09,0.039,0.027
-0.376,-0.001,1.325,1.0,-0.005,0.02,-0.014,-0.086,-0.221,-0.11,-0.07,-0.018,0.019
-0.378,-0.005,1.324,1.0,-0.007,0.02,-0.014,-0.049,-0.13,-0.022,-0.104,0.021,-0.029
-0.378,-0.005,1.324,1.0,-0.007,0.02,-0.014,-0.049,-0.13,-0.022,-0.104,0.021,-0.029
-0.386,-0.014,1.323,1.0,-0.009,0.021,-0.015,-0.077,-0.045,-0.028,-0.07,0.049,-0.014
-0.386,-0.014,1.323,1.0,-0.009,0.021,-0.015,-0.077,-0.045,-0.028,-0.07,0.049,-0.014
-0.396,-0.022,1.33,1.0,-0.01,0.023,-0.014,-0.292,-0.235,0.218,-0.061,0.078,0.031
-0.407,-0.023,1.331,1.0,-0.011,0.024,-0.015,-0.125,-0.011,-0.013,-0.009,0.028,-0.015
-0.407,-0.023,1.331,1.0,-0.011,0.024,-0.015,-0.125,-0.011,-0.013,-0.009,0.028,-0.015
-0.407,-0.022,1.331,1.0,-0.011,0.024,-0.014,-0.01,0.042,-0.011,0.014,-0.01,0.008
-0.406,-0.028,1.332,1.0,-0.01,0.024,-0.014,0.033,-0.191,0.016,0.022,0.008,0.044
-0.425,-0.014,1.337,1.0,-0.008,0.026,-0.015,-0.119,0.074,0.051,0.024,0.032,-0.013
-0.425,-0.014,1.337,1.0,-0.008,0.026,-0.015,-0.119,0.074,0.051,0.024,0.032,-0.013
-0.428,-0.013,1.342,1.0,-0.008,0.027,-0.015,-0.105,0.023,0.154,0.008,0.069,0.014
-0.444,-0.006,1.356,0.999,-0.006,0.028,-0.015,-0.184,0.204,0.201,0.073,0.026,-0.017
-0.444,-0.006,1.356,0.999,-0.006,0.028,-0.015,-0.184,0.204,0.201,0.073,0.026,-0.017
-0.453,0.002,1.365,0.999,-0.005,0.028,-0.015,-0.034,0.017,0.012,0.044,-0.024,0.027
-0.453,0.002,1.365,0.999,-0.005,0.028,-0.015,-0.034,0.017,0.012,0.044,-0.024,0.027
-0.459,0.015,1.371,0.999,-0.003,0.029,-0.015,-0.19,0.393,0.183,0.096,0.048,-0.031
-0.46,0.02,1.37,0.999,-0.002,0.029,-0.015,-0.024,0.147,-0.043,0.069,-0.005,0.015
-0.469,0.027,1.374,0.999,-0.001,0.03,-0.015,-0.282,0.217,0.129,0.075,0.061,-0.01
-0.472,0.035,1.375,0.999,0.0,0.03,-0.016,-0.077,0.24,0.016,0.06,0.03,-0.023
-0.481,0.041,1.385,0.999,0.001,0.032,-0.016,-0.286,0.168,0.313,0.044,0.114,0.003
-0.483,0.043,1.384,0.999,0.002,0.032,-0.016,-0.044,0.09,-0.02,0.035,-0.008,0.015
-0.48,0.051,1.379,0.999,0.002,0.032,-0.016,0.095,0.239,-0.145,0.05,-0.022,-0.025
-0.494,0.06,1.393,0.999,0.004,0.034,-0.016,-0.427,0.244,0.399,0.082,0.119,-0.002
-0.495,0.074,1.388,0.999,0.006,0.033,-0.017,-0.032,0.446,-0.134,0.108,-0.062,-0.051
-0.496,0.078,1.388,0.999,0.007,0.033,-0.017,-0.031,0.123,-0.004,0.095,0.031,0.02
-0.502,0.084,1.39,0.999,0.008,0.034,-0.017,-0.172,0.169,0.046,0.072,0.042,-0.001
-0.51,0.09,1.387,0.999,0.01,0.034,-0.017,-0.243,0.186,-0.078,0.074,0.033,-0.008
-0.513,0.098,1.385,0.999,0.013,0.036,-0.017,-0.107,0.148,-0.088,0.106,0.036,0.016
-0.52,0.102,1.392,0.999,0.014,0.038,-0.016,-0.199,0.118,0.223,0.074,0.112,0.012
-0.522,0.105,1.391,0.999,0.015,0.039,-0.016,-0.061,0.094,-0.02,0.038,0.051,0.003
-0.521,0.14,1.384,0.999,0.023,0.038,-0.017,-0.055,0.175,0.069,0.106,0.031,0.006
-0.514,0.146,1.371,0.999,0.024,0.037,-0.018,0.215,0.165,-0.364,0.058,-0.105,-0.033
-0.511,0.144,1.376,0.999,0.024,0.038,-0.018,0.081,-0.064,0.154,0.017,0.068,0.021
-0.509,0.145,1.378,0.999,0.024,0.038,-0.017,0.055,0.032,0.032,0.026,-0.0,0.009
-0.509,0.144,1.375,0.999,0.025,0.038,-0.018,-0.001,-0.016,-0.073,0.008,-0.001,-0.018
-0.506,0.14,1.377,0.999,0.025,0.038,-0.017,0.085,-0.142,0.058,-0.003,0.019,0.024
-0.492,0.124,1.381,0.999,0.024,0.037,-0.017,0.159,0.053,0.147,-0.01,-0.012,-0.034
-0.492,0.124,1.381,0.999,0.024,0.037,-0.017,0.159,0.053,0.147,-0.01,-0.012,-0.034
-0.466,0.103,1.386,0.999,0.021,0.033,-0.016,0.223,-0.17,0.209,-0.055,-0.022,0.023
-0.466,0.103,1.386,0.999,0.021,0.033,-0.016,0.223,-0.17,0.209,-0.055,-0.022,0.023
-0.449,0.082,1.389,0.999,0.018,0.031,-0.016,0.319,-0.257,0.067,-0.075,-0.072,0.006
-0.443,0.078,1.391,0.999,0.017,0.029,-0.017,0.188,-0.127,0.06,-0.078,-0.107,-0.046
-0.443,0.078,1.391,0.999,0.017,0.029,-0.017,0.188,-0.127,0.06,-0.078,-0.107,-0.046
-0.424,0.057,1.399,0.999,0.014,0.027,-0.017,0.266,-0.504,0.271,-0.103,-0.042,0.019
-0.414,0.045,1.4,0.999,0.012,0.025,-0.017,0.273,-0.343,0.017,-0.115,-0.116,0.003
-0.414,0.045,1.4,0.999,0.012,0.025,-0.017,0.273,-0.343,0.017,-0.115,-0.116,0.003
-0.404,0.034,1.404,1.0,0.01,0.024,-0.016,0.305,-0.329,0.141,-0.125,-0.064,0.015
-0.382,0.015,1.4,1.0,0.007,0.02,-0.017,0.32,-0.217,-0.204,-0.092,-0.126,-0.012
-0.382,0.015,1.4,1.0,0.007,0.02,-0.017,0.32,-0.217,-0.204,-0.092,-0.126,-0.012
-0.366,-0.019,1.405,1.0,-0.001,0.017,-0.017,0.277,-0.453,-0.072,-0.158,-0.083,0.014
-0.366,-0.019,1.405,1.0,-0.001,0.017,-0.017,0.277,-0.453,-0.072,-0.158,-0.083,0.014
-0.361,-0.04,1.413,1.0,-0.004,0.015,-0.017,0.007,-0.132,0.113,-0.08,-0.046,-0.022
-0.347,-0.053,1.396,1.0,-0.006,0.013,-0.017,0.435,-0.381,-0.51,-0.095,-0.162,0.002
-0.347,-0.053,1.396,1.0,-0.006,0.013,-0.017,0.435,-0.381,-0.51,-0.095,-0.162,0.002
-0.332,-0.077,1.395,1.0,-0.011,0.009,-0.017,0.033,-0.234,0.153,-0.086,-0.04,0.008
-0.332,-0.077,1.395,1.0,-0.011,0.009,-0.017,0.033,-0.234,0.153,-0.086,-0.04,0.008
-0.326,-0.098,1.399,1.0,-0.015,0.006,-0.017,0.088,-0.132,0.068,-0.114,-0.077,-0.042
-0.326,-0.098,1.399,1.0,-0.015,0.006,-0.017,0.088,-0.132,0.068,-0.114,-0.077,-0.042
-0.32,-0.109,1.412,1.0,-0.017,0.004,-0.017,0.106,0.015,0.183,-0.031,-0.062,-0.031
-0.32,-0.109,1.412,1.0,-0.017,0.004,-0.017,0.106,0.015,0.183,-0.031,-0.062,-0.031
-0.337,-0.114,1.44,1.0,-0.017,0.005,-0.017,-0.173,-0.064,0.195,0.01,0.03,-0.005
-0.337,-0.114,1.44,1.0,-0.017,0.005,-0.017,-0.173,-0.064,0.195,0.01,0.03,-0.005
-0.367,-0.106,1.469,1.0,-0.015,0.007,-0.018,-0.128,0.139,0.194,0.055,0.041,-0.002
-0.367,-0.106,1.469,1.0,-0.015,0.007,-0.018,-0.128,0.139,0.194,0.055,0.041,-0.002
-0.395,-0.099,1.481,1.0,-0.012,0.011,-0.017,-0.15,-0.171,0.047,0.048,0.109,0.08
-0.395,-0.099,1.481,1.0,-0.012,0.011,-0.017,-0.15,-0.171,0.047,0.048,0.109,0.08
-0.41,-0.095,1.487,1.0,-0.011,0.013,-0.017,-0.44,0.125,0.168,0.051,0.114,0.002
-0.431,-0.083,1.487,1.0,-0.01,0.014,-0.018,-0.634,0.362,0.008,0.066,0.088,-0.058
-0.441,-0.077,1.489,1.0,-0.009,0.016,-0.018,-0.304,0.178,0.048,0.054,0.099,-0.007
-0.532,-0.056,1.476,0.999,-0.007,0.026,-0.017,-0.469,0.165,-0.095,0.026,0.13,-0.0
-0.532,-0.056,1.476,0.999,-0.007,0.026,-0.017,-0.469,0.165,-0.095,0.026,0.13,-0.0
-0.59,-0.03,1.455,0.999,-0.002,0.036,-0.017,-0.586,0.129,-0.102,0.126,0.267,0.031
-0.59,-0.03,1.455,0.999,-0.002,0.036,-0.017,-0.586,0.129,-0.102,0.126,0.267,0.031
-0.646,0.001,1.441,0.999,0.001,0.045,-0.019,-0.826,0.35,0.076,0.073,0.228,-0.024
-0.646,0.001,1.441,0.999,0.001,0.045,-0.019,-0.826,0.35,0.076,0.073,0.228,-0.024
-0.662,0.012,1.452,0.999,0.002,0.048,-0.019,-0.478,0.328,0.331,0.053,0.173,-0.024
-0.692,0.023,1.443,0.998,0.003,0.052,-0.019,-0.492,-0.01,-0.011,0.008,0.16,0.037
-0.692,0.023,1.443,0.998,0.003,0.052,-0.019,-0.492,-0.01,-0.011,0.008,0.16,0.037
-0.701,0.037,1.434,0.998,0.004,0.054,-0.02,-0.288,0.418,-0.295,0.037,0.086,-0.047
-0.731,0.047,1.435,0.998,0.006,0.06,-0.019,-0.527,0.479,0.203,0.066,0.186,-0.058
-0.731,0.047,1.435,0.998,0.006,0.06,-0.019,-0.527,0.479,0.203,0.066,0.186,-0.058
-0.748,0.049,1.438,0.998,0.007,0.064,-0.018,-0.193,-0.014,-0.048,-0.006,0.058,0.016
-0.756,0.061,1.434,0.998,0.007,0.065,-0.019,-0.225,0.345,-0.131,0.003,0.075,-0.056
-0.756,0.061,1.434,0.998,0.007,0.065,-0.019,-0.225,0.345,-0.131,0.003,0.075,-0.056
-0.752,0.084,1.416,0.998,0.011,0.065,-0.02,0.083,0.31,-0.23,0.137,-0.002,0.004
-0.754,0.099,1.41,0.998,0.013,0.066,-0.02,-0.056,0.428,-0.197,0.17,0.079,-0.01
-0.754,0.099,1.41,0.998,0.013,0.066,-0.02,-0.056,0.428,-0.197,0.17,0.079,-0.01
-0.741,0.107,1.402,0.998,0.014,0.064,-0.02,0.403,0.257,-0.236,0.035,-0.107,-0.002
-0.735,0.117,1.41,0.998,0.016,0.064,-0.021,0.173,0.263,0.161,0.091,-0.009,-0.028
-0.735,0.117,1.41,0.998,0.016,0.064,-0.021,0.173,0.263,0.161,0.091,-0.009,-0.028
-0.703,0.141,1.423,0.998,0.021,0.057,-0.021,0.262,0.182,0.408,0.095,-0.128,0.005
-0.703,0.141,1.423,0.998,0.021,0.057,-0.021,0.262,0.182,0.408,0.095,-0.128,0.005
-0.649,0.157,1.441,0.998,0.023,0.046,-0.022,0.582,0.27,0.261,0.062,-0.201,-0.04
-0.649,0.157,1.441,0.998,0.023,0.046,-0.022,0.582,0.27,0.261,0.062,-0.201,-0.04
-0.611,0.161,1.452,0.999,0.023,0.04,-0.023,0.68,-0.082,0.177,0.011,-0.175,0.018
-0.597,0.177,1.456,0.999,0.024,0.037,-0.024,0.446,0.478,0.113,0.05,-0.169,-0.075
-0.544,0.158,1.445,0.999,0.023,0.027,-0.023,0.64,-0.137,-0.373,-0.002,-0.277,0.04
-0.544,0.158,1.445,0.999,0.023,0.027,-0.023,0.64,-0.137,-0.373,-0.002,-0.277,0.04
-0.485,0.161,1.434,0.999,0.022,0.016,-0.025,0.663,0.228,-0.43,-0.052,-0.293,-0.094
-0.485,0.161,1.434,0.999,0.022,0.016,-0.025,0.663,0.228,-0.43,-0.052,-0.293,-0.094
-0.473,0.155,1.435,0.999,0.022,0.015,-0.025,0.354,-0.174,0.02,0.003,-0.082,0.02
-0.46,0.148,1.429,0.999,0.021,0.012,-0.025,0.397,-0.219,-0.175,-0.06,-0.153,0.011
-0.414,0.116,1.41,1.0,0.017,0.002,-0.024,0.482,-0.287,-0.259,-0.077,-0.219,-0.005
-0.401,0.115,1.411,1.0,0.017,-0.0,-0.025,0.389,-0.012,0.022,-0.004,-0.152,-0.043
-0.392,0.108,1.416,1.0,0.017,-0.002,-0.025,0.279,-0.207,0.15,-0.006,-0.086,0.03
-0.38,0.088,1.418,1.0,0.016,-0.005,-0.024,0.048,-0.254,0.288,-0.066,-0.029,-0.001
-0.38,0.088,1.418,1.0,0.016,-0.005,-0.024,0.048,-0.254,0.288,-0.066,-0.029,-0.001
-0.368,0.065,1.43,1.0,0.012,-0.007,-0.024,0.321,-0.174,-0.096,-0.142,-0.11,-0.035
-0.368,0.065,1.43,1.0,0.012,-0.007,-0.024,0.321,-0.174,-0.096,-0.142,-0.11,-0.035
-0.386,0.014,1.464,1.0,0.004,-0.004,-0.024,-0.385,-0.312,0.368,-0.149,0.152,-0.033
-0.386,0.014,1.464,1.0,0.004,-0.004,-0.024,-0.385,-0.312,0.368,-0.149,0.152,-0.033
-0.409,-0.024,1.474,1.0,-0.0,-0.0,-0.024,0.011,-0.365,-0.159,-0.066,-0.02,0.005
-0.409,-0.024,1.474,1.0,-0.0,-0.0,-0.024,0.011,-0.365,-0.159,-0.066,-0.02,0.005
-0.427,-0.048,1.483,1.0,-0.003,0.002,-0.023,-0.404,-0.348,0.22,-0.083,0.13,0.02
-0.442,-0.056,1.486,1.0,-0.004,0.005,-0.024,-0.45,-0.242,0.072,-0.063,0.167,-0.009
-0.442,-0.056,1.486,1.0,-0.004,0.005,-0.024,-0.45,-0.242,0.072,-0.063,0.167,-0.009
-0.476,-0.083,1.487,1.0,-0.008,0.01,-0.023,-0.238,-0.484,-0.183,-0.11,0.061,0.043
-0.493,-0.093,1.493,1.0,-0.009,0.013,-0.023,-0.49,-0.285,0.169,-0.087,0.174,0.012
-0.546,-0.123,1.483,0.999,-0.014,0.022,-0.023,-0.702,-0.308,0.064,-0.09,0.219,0.008
-0.546,-0.123,1.483,0.999,-0.014,0.022,-0.023,-0.702,-0.308,0.064,-0.09,0.219,0.008
-0.583,-0.149,1.48,0.999,-0.018,0.027,-0.021,-0.516,-0.313,-0.039,-0.111,0.159,0.026
-0.607,-0.156,1.481,0.999,-0.02,0.031,-0.022,-0.705,-0.207,0.044,-0.124,0.202,-0.024
-0.607,-0.156,1.481,0.999,-0.02,0.031,-0.022,-0.705,-0.207,0.044,-0.124,0.202,-0.024
-0.641,-0.16,1.474,0.999,-0.022,0.036,-0.023,-0.658,0.106,-0.053,-0.067,0.218,-0.053
-0.659,-0.173,1.463,0.999,-0.023,0.039,-0.022,-0.516,-0.399,-0.352,-0.056,0.14,0.057
-0.659,-0.173,1.463,0.999,-0.023,0.039,-0.022,-0.516,-0.399,-0.352,-0.056,0.14,0.057
-0.677,-0.171,1.464,0.999,-0.023,0.043,-0.022,-0.562,0.062,0.044,-0.031,0.247,-0.03
-0.737,-0.167,1.446,0.998,-0.022,0.055,-0.022,-0.261,0.099,-0.078,0.025,0.135,-0.011
-0.746,-0.166,1.441,0.998,-0.023,0.056,-0.023,-0.269,0.056,-0.126,-0.035,0.08,-0.022
-0.746,-0.166,1.441,0.998,-0.023,0.056,-0.023,-0.269,0.056,-0.126,-0.035,0.08,-0.022
-0.766,-0.152,1.443,0.998,-0.023,0.059,-0.024,-0.174,0.133,0.036,-0.02,0.095,-0.016
-0.769,-0.147,1.446,0.998,-0.022,0.06,-0.024,-0.107,0.147,0.089,0.064,0.066,0.006
-0.769,-0.147,1.446,0.998,-0.022,0.06,-0.024,-0.107,0.147,0.089,0.064,0.066,0.006
-0.77,-0.143,1.458,0.998,-0.02,0.061,-0.023,-0.029,0.101,0.353,0.081,0.017,0.041
-0.767,-0.118,1.474,0.998,-0.017,0.059,-0.023,0.14,0.41,0.228,0.14,-0.059,-0.011
-0.767,-0.118,1.474,0.998,-0.017,0.059,-0.023,0.14,0.41,0.228,0.14,-0.059,-0.011
-0.77,-0.093,1.51,0.998,-0.012,0.059,-0.024,-0.304,0.737,0.931,0.149,0.104,-0.083
-0.762,-0.076,1.52,0.998,-0.01,0.058,-0.024,0.222,0.525,0.321,0.134,-0.045,-0.033
-0.738,-0.029,1.532,0.998,-0.004,0.051,-0.026,0.409,0.494,0.068,0.149,-0.154,-0.033
-0.738,-0.029,1.532,0.998,-0.004,0.051,-0.026,0.409,0.494,0.068,0.149,-0.154,-0.033
-0.725,0.033,1.538,0.998,0.006,0.048,-0.027,0.173,0.619,-0.126,0.246,-0.031,-0.004
-0.725,0.033,1.538,0.998,0.006,0.048,-0.027,0.173,0.619,-0.126,0.246,-0.031,-0.004
-0.718,0.058,1.539,0.998,0.009,0.048,-0.028,0.215,0.748,0.023,0.212,-0.015,-0.057
-0.664,0.118,1.522,0.999,0.019,0.039,-0.03,0.304,0.426,-0.169,0.126,-0.112,-0.007
-0.652,0.135,1.512,0.999,0.022,0.037,-0.03,0.357,0.503,-0.299,0.17,-0.107,-0.003
-0.618,0.174,1.494,0.999,0.028,0.033,-0.031,0.464,0.275,-0.133,0.122,-0.009,0.009
-0.618,0.174,1.494,0.999,0.028,0.033,-0.031,0.464,0.275,-0.133,0.122,-0.009,0.009
-0.587,0.195,1.479,0.999,0.033,0.028,-0.031,0.202,0.247,-0.025,0.091,-0.093,-0.021
-0.587,0.195,1.479,0.999,0.033,0.028,-0.031,0.202,0.247,-0.025,0.091,-0.093,-0.021
-0.543,0.203,1.471,0.999,0.034,0.021,-0.032,0.543,0.049,-0.074,-0.012,-0.172,-0.018
-0.543,0.203,1.471,0.999,0.034,0.021,-0.032,0.543,0.049,-0.074,-0.012,-0.172,-0.018
-0.516,0.194,1.479,0.999,0.031,0.016,-0.032,0.261,0.008,0.119,-0.045,-0.057,-0.033
-0.516,0.194,1.479,0.999,0.031,0.016,-0.032,0.261,0.008,0.119,-0.045,-0.057,-0.033
-0.491,0.175,1.478,0.999,0.027,0.011,-0.032,0.099,-0.428,0.145,-0.112,-0.078,0.057
-0.491,0.175,1.478,0.999,0.027,0.011,-0.032,0.099,-0.428,0.145,-0.112,-0.078,0.057
-0.476,0.153,1.487,0.999,0.023,0.008,-0.033,0.213,-0.269,-0.059,-0.083,-0.091,-0.006
-0.476,0.153,1.487,0.999,0.023,0.008,-0.033,0.213,-0.269,-0.059,-0.083,-0.091,-0.006
-0.477,0.108,1.491,0.999,0.015,0.009,-0.031,-0.048,-0.644,0.037,-0.184,0.018,0.061
-0.477,0.108,1.491,0.999,0.015,0.009,-0.031,-0.048,-0.644,0.037,-0.184,0.018,0.061
-0.481,0.095,1.491,0.999,0.012,0.01,-0.031,-0.113,-0.368,-0.018,-0.178,0.057,-0.007
-0.48,0.078,1.488,0.999,0.009,0.01,-0.031,0.006,-0.528,-0.088,-0.192,0.018,0.018
-0.502,0.015,1.474,0.999,-0.004,0.014,-0.03,-0.315,-0.588,-0.042,-0.237,0.083,0.026
-0.502,0.015,1.474,0.999,-0.004,0.014,-0.03,-0.315,-0.588,-0.042,-0.237,0.083,0.026
-0.515,-0.029,1.439,0.999,-0.012,0.017,-0.029,0.108,-0.462,-0.748,-0.159,-0.009,0.024
-0.515,-0.029,1.439,0.999,-0.012,0.017,-0.029,0.108,-0.462,-0.748,-0.159,-0.009,0.024
-0.527,-0.038,1.436,0.999,-0.014,0.018,-0.03,-0.354,-0.276,-0.094,-0.153,0.097,-0.004
-0.552,-0.061,1.427,0.999,-0.019,0.022,-0.029,-0.432,-0.482,-0.098,-0.14,0.143,0.036
-0.552,-0.061,1.427,0.999,-0.019,0.022,-0.029,-0.432,-0.482,-0.098,-0.14,0.143,0.036
-0.563,-0.068,1.424,0.999,-0.021,0.024,-0.029,-0.321,-0.192,-0.101,-0.102,0.111,0.011
-0.568,-0.075,1.42,0.999,-0.022,0.024,-0.029,-0.155,-0.219,-0.117,-0.071,0.0,0.017
-0.574,-0.081,1.423,0.999,-0.023,0.025,-0.028,-0.193,-0.165,0.077,-0.064,0.042,0.011
-0.579,-0.08,1.418,0.999,-0.023,0.025,-0.028,-0.153,0.006,-0.146,-0.015,0.022,0.011
-0.589,-0.084,1.42,0.999,-0.023,0.027,-0.028,-0.302,-0.114,0.07,-0.005,0.093,0.017
-0.604,-0.09,1.427,0.999,-0.024,0.03,-0.028,-0.424,-0.173,0.195,-0.036,0.182,0.037
-0.634,-0.083,1.44,0.999,-0.024,0.034,-0.028,-0.076,-0.027,-0.003,-0.003,0.013,-0.0
-0.645,-0.083,1.446,0.999,-0.024,0.037,-0.028,-0.321,0.0,0.2,0.021,0.126,0.023
-0.678,-0.047,1.464,0.998,-0.02,0.041,-0.03,-0.152,0.186,0.12,0.056,0.052,-0.003
-0.678,-0.047,1.464,0.998,-0.02,0.041,-0.03,-0.152,0.186,0.12,0.056,0.052,-0.003
-0.706,0.001,1.487,0.998,-0.016,0.045,-0.032,-0.077,0.49,0.216,0.08,0.029,-0.031
-0.706,0.001,1.487,0.998,-0.016,0.045,-0.032,-0.077,0.49,0.216,0.08,0.029,-0.031
-0.722,0.04,1.502,0.998,-0.011,0.047,-0.033,0.025,0.568,-0.044,0.131,-0.048,-0.036
-0.722,0.04,1.502,0.998,-0.011,0.047,-0.033,0.025,0.568,-0.044,0.131,-0.048,-0.036
-0.736,0.103,1.522,0.998,-0.002,0.048,-0.036,0.002,0.529,0.054,0.218,-0.022,0.001
-0.736,0.103,1.522,0.998,-0.002,0.048,-0.036,0.002,0.529,0.054,0.218,-0.022,0.001
-0.74,0.13,1.525,0.998,0.001,0.048,-0.037,-0.115,0.804,0.081,0.218,0.008,-0.069
-0.744,0.173,1.527,0.998,0.01,0.047,-0.037,-0.164,0.738,0.166,0.265,0.005,-0.022
-0.744,0.173,1.527,0.998,0.01,0.047,-0.037,-0.164,0.738,0.166,0.265,0.005,-0.022
-0.745,0.193,1.533,0.998,0.013,0.046,-0.038,-0.045,0.59,0.209,0.22,-0.029,-0.007
-0.744,0.207,1.532,0.998,0.017,0.045,-0.038,0.046,0.436,-0.043,0.233,-0.045,0.016
-0.739,0.225,1.53,0.998,0.02,0.044,-0.038,0.153,0.539,-0.047,0.194,-0.061,-0.008
-0.737,0.247,1.521,0.998,0.023,0.042,-0.038,0.051,0.648,-0.288,0.182,-0.118,-0.017
-0.73,0.259,1.513,0.998,0.027,0.041,-0.038,0.2,0.38,-0.231,0.216,-0.024,0.031
-0.725,0.341,1.475,0.997,0.044,0.043,-0.04,0.292,0.187,-0.285,0.049,-0.131,-0.018
-0.725,0.341,1.475,0.997,0.044,0.043,-0.04,0.292,0.187,-0.285,0.049,-0.131,-0.018
-0.723,0.346,1.47,0.997,0.045,0.042,-0.04,0.074,0.147,-0.152,0.08,-0.056,-0.008
-0.717,0.346,1.471,0.997,0.046,0.042,-0.04,0.173,-0.011,0.021,0.061,-0.006,0.033
-0.718,0.353,1.467,0.997,0.048,0.041,-0.04,-0.032,0.205,-0.119,0.105,-0.072,-0.031
-0.707,0.349,1.47,0.997,0.049,0.04,-0.04,0.323,-0.1,0.069,0.054,-0.013,0.031
-0.661,0.297,1.486,0.998,0.043,0.031,-0.038,0.175,-0.489,0.141,-0.105,-0.092,0.049
-0.661,0.297,1.486,0.998,0.043,0.031,-0.038,0.175,-0.489,0.141,-0.105,-0.092,0.049
-0.644,0.249,1.516,0.998,0.037,0.029,-0.038,-0.014,-0.486,0.409,-0.116,0.045,0.003
-0.644,0.249,1.516,0.998,0.037,0.029,-0.038,-0.014,-0.486,0.409,-0.116,0.045,0.003
-0.631,0.185,1.549,0.999,0.027,0.027,-0.037,-0.052,-0.71,0.329,-0.267,-0.064,-0.004
-0.631,0.185,1.549,0.999,0.027,0.027,-0.037,-0.052,-0.71,0.329,-0.267,-0.064,-0.004
-0.617,0.15,1.56,0.999,0.023,0.026,-0.035,0.432,-1.042,0.329,-0.272,-0.049,0.085
-0.61,0.083,1.572,0.999,0.013,0.027,-0.033,0.201,-0.919,0.287,-0.281,0.075,0.051
-0.61,0.083,1.572,0.999,0.013,0.027,-0.033,0.201,-0.919,0.287,-0.281,0.075,0.051
-0.613,0.037,1.566,0.999,0.004,0.026,-0.034,-0.027,-0.552,-0.157,-0.248,-0.022,-0.03
-0.62,0.011,1.568,0.999,-0.001,0.027,-0.033,-0.196,-0.807,0.079,-0.279,0.07,0.039
-0.62,0.011,1.568,0.999,-0.001,0.027,-0.033,-0.196,-0.807,0.079,-0.279,0.07,0.039
-0.607,-0.075,1.55,0.999,-0.015,0.025,-0.03,0.141,-0.739,-0.315,-0.267,-0.114,0.015
-0.607,-0.075,1.55,0.999,-0.015,0.025,-0.03,0.141,-0.739,-0.315,-0.267,-0.114,0.015
-0.592,-0.086,1.52,0.999,-0.019,0.021,-0.032,0.442,-0.316,-0.882,-0.23,-0.232,-0.084
-0.593,-0.122,1.497,0.999,-0.024,0.023,-0.031,-0.09,-0.624,-0.409,-0.144,0.055,0.045
-0.593,-0.122,1.497,0.999,-0.024,0.023,-0.031,-0.09,-0.624,-0.409,-0.144,0.055,0.045
-0.604,-0.138,1.494,0.999,-0.027,0.025,-0.03,-0.315,-0.48,-0.087,-0.179,0.136,0.047
-0.601,-0.155,1.479,0.999,-0.029,0.025,-0.029,0.088,-0.505,-0.439,-0.122,-0.013,0.029
-0.6,-0.189,1.452,0.999,-0.033,0.023,-0.028,-0.121,-0.178,0.007,-0.06,0.018,0.01
-0.6,-0.189,1.452,0.999,-0.033,0.023,-0.028,-0.121,-0.178,0.007,-0.06,0.018,0.01
-0.601,-0.195,1.452,0.999,-0.034,0.023,-0.028,-0.045,-0.181,0.006,-0.041,-0.016,-0.007
-0.597,-0.203,1.446,0.999,-0.035,0.022,-0.028,0.112,-0.256,-0.174,-0.049,-0.051,0.024
-0.603,-0.21,1.441,0.999,-0.036,0.024,-0.028,-0.075,-0.24,-0.009,-0.058,0.016,0.048
-0.608,-0.2,1.448,0.999,-0.035,0.025,-0.029,0.203,0.086,-0.219,0.066,-0.084,-0.006
-0.608,-0.2,1.448,0.999,-0.035,0.025,-0.029,0.203,0.086,-0.219,0.066,-0.084,-0.006
-0.632,-0.179,1.48,0.999,-0.032,0.028,-0.029,-0.144,0.229,0.194,0.103,0.042,-0.002
-0.632,-0.179,1.48,0.999,-0.032,0.028,-0.029,-0.144,0.229,0.194,0.103,0.042,-0.002
-0.632,-0.158,1.488,0.999,-0.029,0.029,-0.03,0.02,0.348,0.183,0.101,-0.024,-0.007
-0.637,-0.141,1.502,0.999,-0.026,0.029,-0.03,-0.142,0.5,0.415,0.147,0.013,-0.033
-0.637,-0.141,1.502,0.999,-0.026,0.029,-0.03,-0.142,0.5,0.415,0.147,0.013,-0.033
-0.648,-0.108,1.525,0.999,-0.02,0.029,-0.031,-0.281,0.49,0.524,0.188,0.076,-0.014
-0.658,-0.089,1.537,0.999,-0.017,0.03,-0.032,-0.305,0.592,0.371,0.179,0.055,-0.041
-0.658,-0.089,1.537,0.999,-0.017,0.03,-0.032,-0.305,0.592,0.371,0.179,0.055,-0.041
-0.665,-0.043,1.544,0.999,-0.01,0.03,-0.033,-0.123,0.562,0.047,0.232,-0.006,0.006
-0.675,-0.027,1.551,0.999,-0.006,0.032,-0.033,-0.293,0.466,0.209,0.244,0.105,0.015
-0.688,0.0,1.555,0.999,-0.002,0.033,-0.034,-0.387,0.832,0.123,0.226,0.089,-0.041
-0.699,0.015,1.552,0.999,0.001,0.036,-0.034,-0.341,0.449,-0.095,0.204,0.137,0.017
-0.706,0.03,1.543,0.999,0.004,0.036,-0.034,-0.202,0.446,-0.271,0.193,0.048,0.013
-0.738,0.086,1.52,0.998,0.014,0.042,-0.035,-0.246,0.471,-0.418,0.163,0.034,-0.012
-0.738,0.086,1.52,0.998,0.014,0.042,-0.035,-0.246,0.471,-0.418,0.163,0.034,-0.012
-0.745,0.104,1.508,0.998,0.017,0.043,-0.035,-0.193,0.548,-0.367,0.164,0.065,0.001
-0.762,0.139,1.49,0.998,0.022,0.046,-0.035,0.009,0.502,-0.63,0.163,0.001,0.003
-0.762,0.139,1.49,0.998,0.022,0.046,-0.035,0.009,0.502,-0.63,0.163,0.001,0.003
-0.776,0.15,1.485,0.998,0.024,0.049,-0.035,-0.266,0.28,0.067,0.027,0.107,-0.019
-0.777,0.165,1.477,0.998,0.025,0.049,-0.036,-0.04,0.424,-0.245,0.038,-0.029,-0.05
-0.777,0.165,1.477,0.998,0.025,0.049,-0.036,-0.04,0.424,-0.245,0.038,-0.029,-0.05
-0.778,0.177,1.478,0.998,0.026,0.049,-0.036,0.063,0.262,0.079,0.035,-0.027,-0.041
-0.769,0.181,1.479,0.998,0.026,0.047,-0.036,0.273,0.127,0.009,0.054,-0.12,0.019
-0.769,0.181,1.479,0.998,0.026,0.047,-0.036,0.273,0.127,0.009,0.054,-0.12,0.019
-0.762,0.193,1.491,0.998,0.028,0.045,-0.036,0.019,0.323,0.241,0.067,-0.02,-0.019
-0.766,0.2,1.503,0.998,0.028,0.044,-0.036,-0.106,0.213,0.363,0.031,-0.016,-0.041
-0.766,0.2,1.503,0.998,0.028,0.044,-0.036,-0.106,0.213,0.363,0.031,-0.016,-0.041
-0.746,0.198,1.53,0.998,0.027,0.04,-0.036,0.311,-0.049,0.144,-0.055,-0.169,0.0
-0.746,0.198,1.53,0.998,0.027,0.04,-0.036,0.311,-0.049,0.144,-0.055,-0.169,0.0
-0.739,0.189,1.544,0.998,0.027,0.038,-0.035,-0.071,-0.242,0.263,-0.015,0.007,0.062
-0.738,0.189,1.546,0.998,0.026,0.037,-0.036,0.036,-0.006,0.06,-0.049,-0.04,-0.031
-0.738,0.189,1.546,0.998,0.026,0.037,-0.036,0.036,-0.006,0.06,-0.049,-0.04,-0.031
-0.74,0.188,1.557,0.998,0.025,0.038,-0.035,-0.071,-0.033,0.335,-0.022,0.086,0.003
-0.727,0.17,1.55,0.998,0.023,0.036,-0.035,0.333,-0.326,-0.184,-0.09,-0.143,0.034
-0.728,0.166,1.553,0.999,0.022,0.036,-0.035,-0.017,-0.127,0.099,-0.112,-0.053,-0.027
-0.725,0.163,1.555,0.999,0.019,0.035,-0.036,0.081,-0.091,0.059,-0.141,-0.02,-0.038
-0.72,0.154,1.548,0.999,0.017,0.034,-0.035,0.143,-0.261,-0.19,-0.1,-0.056,0.014
-0.72,0.154,1.548,0.999,0.017,0.034,-0.035,0.143,-0.261,-0.19,-0.1,-0.056,0.014
-0.712,0.124,1.551,0.999,0.013,0.034,-0.034,0.027,-0.298,0.08,-0.1,-0.013,0.03
-0.712,0.124,1.551,0.999,0.013,0.034,-0.034,0.027,-0.298,0.08,-0.1,-0.013,0.03
-0.704,0.104,1.543,0.999,0.01,0.033,-0.033,0.342,-0.349,-0.361,-0.05,-0.126,0.067
-0.704,0.093,1.546,0.999,0.009,0.032,-0.032,-0.022,-0.318,0.09,-0.096,-0.014,0.014
-0.704,0.093,1.546,0.999,0.009,0.032,-0.032,-0.022,-0.318,0.09,-0.096,-0.014,0.014
-0.694,0.078,1.54,0.999,0.006,0.03,-0.032,0.163,-0.419,-0.284,-0.087,-0.119,0.052
-0.692,0.074,1.543,0.999,0.004,0.03,-0.033,0.083,-0.143,0.063,-0.112,-0.012,-0.029
-0.692,0.074,1.543,0.999,0.004,0.03,-0.033,0.083,-0.143,0.063,-0.112,-0.012,-0.029
-0.688,0.064,1.538,0.999,0.0,0.029,-0.034,0.135,-0.163,-0.083,-0.092,-0.075,-0.027
-0.684,0.06,1.539,0.999,-0.002,0.029,-0.034,0.112,-0.114,0.031,-0.119,-0.013,-0.027
-0.684,0.06,1.539,0.999,-0.002,0.029,-0.034,0.112,-0.114,0.031,-0.119,-0.013,-0.027
-0.683,0.044,1.536,0.999,-0.003,0.029,-0.033,0.013,-0.473,-0.08,-0.099,-0.008,0.054
-0.681,0.037,1.535,0.999,-0.005,0.029,-0.033,0.061,-0.203,-0.038,-0.07,0.008,0.02
-0.668,0.032,1.513,0.999,-0.005,0.027,-0.033,0.204,-0.075,-0.403,-0.009,-0.041,0.007
-0.675,0.032,1.518,0.999,-0.004,0.028,-0.033,0.093,-0.018,-0.152,0.019,-0.038,-0.002
-0.675,0.032,1.518,0.999,-0.004,0.028,-0.033,0.093,-0.018,-0.152,0.019,-0.038,-0.002
-0.673,0.03,1.51,0.999,-0.004,0.027,-0.033,0.085,-0.067,-0.204,0.003,-0.065,-0.002
-0.673,0.023,1.511,0.999,-0.005,0.027,-0.033,-0.01,-0.207,0.026,-0.057,0.033,0.026
-0.673,0.023,1.511,0.999,-0.005,0.027,-0.033,-0.01,-0.207,0.026,-0.057,0.033,0.026
-0.679,0.022,1.512,0.999,-0.005,0.028,-0.033,-0.046,-0.003,0.137,0.014,0.025,0.022
-0.68,0.024,1.513,0.999,-0.005,0.028,-0.033,-0.032,0.075,0.024,0.026,0.006,0.007
-0.68,0.024,1.513,0.999,-0.005,0.028,-0.033,-0.032,0.075,0.024,0.026,0.006,0.007
-0.683,0.026,1.514,0.999,-0.005,0.028,-0.033,-0.081,0.062,0.021,0.03,0.015,-0.028
-0.688,0.028,1.514,0.999,-0.004,0.028,-0.033,-0.198,-0.021,0.043,-0.008,0.034,0.018
-0.688,0.028,1.514,0.999,-0.004,0.028,-0.033,-0.198,-0.021,0.043,-0.008,0.034,0.018
-0.694,0.027,1.514,0.999,-0.004,0.029,-0.033,-0.135,0.087,-0.041,0.025,0.016,-0.017
-0.698,0.03,1.514,0.999,-0.003,0.03,-0.033,-0.124,0.103,0.0,0.064,0.026,0.009
-0.698,0.03,1.514,0.999,-0.003,0.03,-0.033,-0.124,0.103,0.0,0.064,0.026,0.009
-0.697,0.035,1.501,0.999,-0.002,0.029,-0.033,0.025,0.145,-0.396,0.056,-0.054,-0.026
-0.713,0.032,1.504,0.999,-0.002,0.031,-0.032,-0.417,-0.095,0.29,0.003,0.149,0.053
-0.713,0.032,1.504,0.999,-0.002,0.031,-0.032,-0.417,-0.095,0.29,0.003,0.149,0.053
-0.72,0.037,1.494,0.999,-0.001,0.033,-0.032,-0.179,0.07,-0.02,0.033,0.068,-0.0
-0.727,0.043,1.495,0.999,0.0,0.034,-0.032,-0.209,0.192,0.021,0.044,0.064,-0.003
-0.727,0.043,1.495,0.999,0.0,0.034,-0.032,-0.209,0.192,0.021,0.044,0.064,-0.003
-0.74,0.052,1.489,0.999,0.001,0.036,-0.032,-0.22,0.179,-0.251,0.001,0.072,-0.031
-0.74,0.052,1.489,0.999,0.001,0.036,-0.032,-0.22,0.179,-0.251,0.001,0.072,-0.031
-0.738,0.05,1.479,0.999,0.001,0.037,-0.032,0.046,-0.046,-0.282,-0.032,0.02,0.013
-0.753,0.061,1.478,0.999,0.002,0.039,-0.033,0.004,0.205,-0.322,0.067,-0.017,0.009
-0.753,0.061,1.478,0.999,0.002,0.039,-0.033,0.004,0.205,-0.322,0.067,-0.017,0.009
-0.77,0.069,1.475,0.999,0.005,0.042,-0.032,-0.354,-0.003,-0.023,0.056,0.06,0.033
-0.77,0.069,1.475,0.999,0.005,0.042,-0.032,-0.354,-0.003,-0.023,0.056,0.06,0.033
-0.776,0.08,1.479,0.999,0.006,0.043,-0.033,-0.185,0.326,0.107,0.065,0.062,-0.034
-0.768,0.084,1.485,0.999,0.007,0.042,-0.033,-0.137,0.173,0.338,0.017,0.047,-0.018
-0.768,0.084,1.485,0.999,0.007,0.042,-0.033,-0.137,0.173,0.338,0.017,0.047,-0.018
-0.766,0.086,1.491,0.999,0.008,0.042,-0.033,0.075,0.047,0.173,0.058,-0.049,0.025
-0.776,0.097,1.524,0.998,0.009,0.044,-0.033,0.016,0.183,0.243,0.058,0.026,-0.003
-0.778,0.094,1.527,0.998,0.01,0.044,-0.032,-0.037,-0.091,0.071,0.023,0.006,0.038
-0.778,0.094,1.527,0.998,0.01,0.044,-0.032,-0.037,-0.091,0.071,0.023,0.006,0.038
-0.778,0.106,1.536,0.998,0.011,0.045,-0.033,-0.053,0.034,0.098,0.038,0.01,0.006
-0.778,0.106,1.54,0.998,0.011,0.046,-0.033,0.025,-0.018,0.116,0.007,0.021,-0.002
-0.778,0.106,1.54,0.998,0.011,0.046,-0.033,0.025,-0.018,0.116,0.007,0.021,-0.002
-0.764,0.105,1.545,0.998,0.01,0.043,-0.033,0.168,-0.044,0.055,-0.047,-0.028,0.014
-0.764,0.105,1.545,0.998,0.01,0.043,-0.033,0.168,-0.044,0.055,-0.047,-0.028,0.014
-0.758,0.102,1.546,0.999,0.008,0.042,-0.033,0.307,0.014,-0.175,-0.029,-0.092,0.016
-0.755,0.101,1.546,0.999,0.007,0.041,-0.033,0.094,-0.043,0.005,-0.036,-0.049,-0.002
-0.755,0.101,1.546,0.999,0.007,0.041,-0.033,0.094,-0.043,0.005,-0.036,-0.049,-0.002
-0.744,0.096,1.548,0.999,0.006,0.04,-0.033,0.226,-0.153,-0.011,-0.048,-0.071,0.006
-0.736,0.093,1.549,0.999,0.005,0.039,-0.033,0.242,-0.101,0.041,-0.035,-0.059,0.041
-0.736,0.093,1.549,0.999,0.005,0.039,-0.033,0.242,-0.101,0.041,-0.035,-0.059,0.041
-0.727,0.095,1.552,0.999,0.005,0.036,-0.033,0.317,-0.038,-0.132,0.024,-0.132,0.031
-0.72,0.094,1.553,0.999,0.005,0.036,-0.033,0.205,-0.017,0.037,-0.026,-0.036,-0.022
-0.72,0.094,1.553,0.999,0.005,0.036,-0.033,0.205,-0.017,0.037,-0.026,-0.036,-0.022
-0.699,0.087,1.54,0.999,0.004,0.032,-0.032,0.326,-0.122,-0.102,-0.036,-0.104,0.021
-0.697,0.089,1.542,0.999,0.004,0.031,-0.032,0.052,0.056,0.067,-0.021,-0.049,-0.03
-0.697,0.089,1.542,0.999,0.004,0.031,-0.032,0.052,0.056,0.067,-0.021,-0.049,-0.03
-0.687,0.086,1.537,0.999,0.003,0.03,-0.032,0.285,-0.068,-0.161,-0.03,-0.088,0.024
-0.68,0.088,1.535,0.999,0.003,0.028,-0.032,0.153,0.048,-0.039,0.027,-0.061,-0.014
-0.68,0.088,1.535,0.999,0.003,0.028,-0.032,0.153,0.048,-0.039,0.027,-0.061,-0.014
-0.673,0.086,1.534,0.999,0.003,0.027,-0.032,0.214,-0.067,-0.036,-0.019,-0.049,0.014
-0.67,0.089,1.525,0.999,0.004,0.026,-0.032,-0.052,-0.08,-0.018,0.017,0.024,0.018
-0.67,0.089,1.525,0.999,0.004,0.026,-0.032,-0.052,-0.08,-0.018,0.017,0.024,0.018
-0.657,0.087,1.509,0.999,0.004,0.025,-0.031,0.283,-0.094,-0.266,0.022,-0.078,0.05
-0.653,0.089,1.505,0.999,0.004,0.024,-0.031,0.135,0.055,-0.135,0.013,-0.019,-0.011
-0.653,0.089,1.505,0.999,0.004,0.024,-0.031,0.135,0.055,-0.135,0.013,-0.019,-0.011
-0.656,0.087,1.499,0.999,0.004,0.025,-0.031,-0.065,-0.014,-0.071,-0.035,0.023,-0.003
-0.656,0.087,1.499,0.999,0.004,0.025,-0.031,-0.065,-0.014,-0.071,-0.035,0.023,-0.003
-0.657,0.084,1.492,0.999,0.004,0.025,-0.031,0.047,0.092,-0.147,0.018,-0.047,-0.032
-0.657,0.084,1.492,0.999,0.004,0.025,-0.031,0.047,0.092,-0.147,0.018,-0.047,-0.032
-0.66,0.082,1.495,0.999,0.004,0.025,-0.031,-0.161,0.041,0.039,0.013,0.049,-0.015
-0.66,0.082,1.495,0.999,0.004,0.025,-0.031,-0.161,0.041,0.039,0.013,0.049,-0.015
-0.667,0.084,1.495,0.999,0.004,0.026,-0.031,-0.063,-0.04,-0.033,0.007,0.01,0.016
-0.667,0.084,1.495,0.999,0.004,0.026,-0.031,-0.063,-0.04,-0.033,0.007,0.01,0.016
-0.667,0.084,1.495,0.999,0.004,0.026,-0.031,-0.063,-0.04,-0.033,0.007,0.01,0.016
-0.669,0.087,1.496,0.999,0.005,0.027,-0.031,-0.062,0.104,0.003,0.034,0.03,-0.005
-0.68,0.091,1.5,0.999,0.006,0.028,-0.031,-0.168,0.02,0.079,0.036,0.053,-0.016
-0.68,0.091,1.5,0.999,0.006,0.028,-0.031,-0.168,0.02,0.079,0.036,0.053,-0.016
-0.687,0.085,1.499,0.999,0.005,0.03,-0.031,-0.108,-0.131,0.169,-0.037,0.045,0.017
-0.687,0.085,1.499,0.999,0.005,0.03,-0.031,-0.108,-0.131,0.169,-0.037,0.045,0.017
-0.693,0.085,1.5,0.999,0.005,0.031,-0.031,-0.067,0.007,-0.032,0.016,0.013,0.001
-0.696,0.084,1.502,0.999,0.005,0.031,-0.031,-0.079,-0.019,0.035,-0.007,0.04,-0.002
-0.696,0.084,1.502,0.999,0.005,0.031,-0.031,-0.079,-0.019,0.035,-0.007,0.04,-0.002
-0.699,0.085,1.503,0.999,0.005,0.032,-0.031,-0.089,0.023,0.043,0.001,0.033,0.002
-0.721,0.073,1.523,0.999,0.004,0.036,-0.03,-0.23,-0.222,0.255,-0.049,0.131,0.016
-0.721,0.073,1.523,0.999,0.004,0.036,-0.03,-0.23,-0.222,0.255,-0.049,0.131,0.016
-0.727,0.074,1.526,0.999,0.003,0.037,-0.031,-0.035,0.001,-0.016,-0.028,0.015,-0.011
-0.736,0.072,1.533,0.999,0.003,0.038,-0.031,-0.253,-0.047,0.212,0.005,0.049,0.004
-0.736,0.072,1.533,0.999,0.003,0.038,-0.031,-0.253,-0.047,0.212,0.005,0.049,0.004
-0.74,0.067,1.527,0.999,0.001,0.038,-0.031,-0.066,-0.057,0.003,-0.068,0.035,-0.009
-0.74,0.067,1.527,0.999,0.001,0.038,-0.031,-0.066,-0.057,0.003,-0.068,0.035,-0.009
-0.745,0.065,1.531,0.999,0.001,0.039,-0.031,-0.149,-0.068,0.144,-0.038,0.061,-0.014
-0.75,0.059,1.53,0.999,-0.0,0.04,-0.03,-0.086,-0.171,-0.051,-0.025,0.035,0.026
-0.75,0.059,1.53,0.999,-0.0,0.04,-0.03,-0.086,-0.171,-0.051,-0.025,0.035,0.026
-0.754,0.059,1.53,0.999,0.0,0.041,-0.03,-0.099,-0.001,0.001,0.014,0.045,0.0
-0.757,0.06,1.527,0.999,-0.0,0.041,-0.03,-0.103,0.024,-0.084,-0.008,0.027,-0.004
-0.767,0.055,1.525,0.999,-0.0,0.042,-0.03,-0.18,-0.06,0.004,0.013,0.033,0.023
-0.761,0.055,1.517,0.999,-0.001,0.042,-0.03,0.175,-0.007,-0.254,-0.035,0.01,-0.002
-0.761,0.055,1.517,0.999,-0.001,0.042,-0.03,0.175,-0.007,-0.254,-0.035,0.01,-0.002
-0.759,0.056,1.519,0.999,-0.001,0.041,-0.03,0.07,0.202,0.011,0.032,-0.028,-0.044
-0.759,0.056,1.519,0.999,-0.001,0.041,-0.03,0.07,0.202,0.011,0.032,-0.028,-0.044
-0.761,0.058,1.521,0.999,-0.001,0.041,-0.03,-0.059,0.036,0.045,0.021,-0.0,0.014
-0.746,0.063,1.529,0.999,0.001,0.038,-0.03,0.223,0.233,-0.04,0.032,-0.077,-0.041
-0.744,0.067,1.535,0.999,0.002,0.036,-0.03,0.074,0.118,0.16,0.071,-0.068,-0.006
-0.744,0.067,1.535,0.999,0.002,0.036,-0.03,0.074,0.118,0.16,0.071,-0.068,-0.006
-0.742,0.079,1.559,0.999,0.006,0.034,-0.03,-0.038,0.149,0.031,0.073,-0.075,-0.001
-0.742,0.079,1.559,0.999,0.006,0.034,-0.03,-0.038,0.149,0.031,0.073,-0.075,-0.001
-0.732,0.089,1.565,0.999,0.008,0.032,-0.03,0.134,0.144,-0.04,0.057,-0.088,-0.012
-0.732,0.089,1.565,0.999,0.008,0.032,-0.03,0.134,0.144,-0.04,0.057,-0.088,-0.012
-0.736,0.088,1.585,0.999,0.009,0.033,-0.03,-0.048,0.073,0.125,0.029,0.008,-0.005
-0.74,0.091,1.587,0.999,0.01,0.034,-0.03,-0.099,0.09,0.061,0.051,0.023,-0.013
-0.743,0.095,1.594,0.999,0.01,0.035,-0.031,-0.093,0.101,0.196,-0.007,0.076,-0.039
-0.737,0.093,1.587,0.999,0.01,0.035,-0.03,0.189,0.008,-0.167,-0.013,-0.02,0.008
-0.737,0.093,1.587,0.999,0.01,0.035,-0.03,0.189,0.008,-0.167,-0.013,-0.02,0.008
-0.741,0.09,1.596,0.999,0.01,0.035,-0.03,-0.011,-0.011,0.056,-0.016,0.023,-0.01
-0.741,0.09,1.596,0.999,0.01,0.035,-0.03,-0.011,-0.011,0.056,-0.016,0.023,-0.01
-0.741,0.086,1.603,0.999,0.01,0.036,-0.029,0.084,-0.118,0.146,-0.027,-0.044,0.014
-0.741,0.086,1.603,0.999,0.01,0.036,-0.029,0.084,-0.118,0.146,-0.027,-0.044,0.014
-0.738,0.077,1.606,0.999,0.009,0.035,-0.029,0.098,-0.247,0.102,-0.04,-0.039,0.046
-0.729,0.076,1.596,0.999,0.009,0.034,-0.029,0.143,-0.011,-0.078,-0.008,-0.088,0.007
-0.729,0.076,1.596,0.999,0.009,0.034,-0.029,0.143,-0.011,-0.078,-0.008,-0.088,0.007
-0.73,0.067,1.599,0.999,0.007,0.034,-0.029,-0.026,-0.171,0.06,-0.045,-0.003,0.002
-0.73,0.067,1.599,0.999,0.007,0.034,-0.029,-0.026,-0.171,0.06,-0.045,-0.003,0.002
-0.727,0.063,1.592,0.999,0.006,0.033,-0.029,0.115,-0.1,-0.215,-0.054,-0.022,-0.006
-0.723,0.056,1.591,0.999,0.004,0.033,-0.029,0.006,-0.036,-0.0,-0.044,-0.014,0.006
-0.725,0.052,1.591,0.999,0.003,0.033,-0.029,-0.06,-0.14,0.005,-0.054,0.0,0.002
-0.725,0.052,1.591,0.999,0.003,0.033,-0.029,-0.06,-0.14,0.005,-0.054,0.0,0.002
-0.729,0.041,1.591,0.999,0.002,0.033,-0.028,-0.104,-0.136,0.024,-0.044,0.026,-0.01
-0.729,0.035,1.591,0.999,0.001,0.032,-0.028,-0.003,-0.176,-0.014,-0.053,-0.013,0.01
-0.729,0.035,1.591,0.999,0.001,0.032,-0.028,-0.003,-0.176,-0.014,-0.053,-0.013,0.01
-0.732,0.032,1.599,0.999,0.0,0.033,-0.028,-0.092,-0.091,0.263,-0.061,0.06,-0.012
-0.729,0.033,1.586,0.999,0.0,0.032,-0.028,0.094,0.025,-0.415,0.004,-0.076,0.002
-0.731,0.024,1.572,0.999,-0.001,0.033,-0.028,-0.062,0.002,-0.109,-0.017,0.023,0.002
-0.734,0.019,1.567,0.999,-0.002,0.033,-0.028,-0.088,-0.148,-0.154,-0.049,0.011,0.012
-0.738,0.012,1.558,0.999,-0.003,0.033,-0.028,0.044,-0.11,-0.192,-0.03,-0.014,0.014
-0.738,0.012,1.558,0.999,-0.003,0.033,-0.028,0.044,-0.11,-0.192,-0.03,-0.014,0.014
-0.745,0.013,1.553,0.999,-0.004,0.034,-0.028,-0.064,0.058,-0.096,0.021,-0.0,-0.026
-0.745,0.013,1.553,0.999,-0.004,0.034,-0.028,-0.064,0.058,-0.096,0.021,-0.0,-0.026
-0.75,0.015,1.554,0.999,-0.003,0.035,-0.028,-0.139,0.064,0.003,0.019,0.052,-0.022
-0.746,0.013,1.531,0.999,-0.003,0.034,-0.028,-0.085,-0.012,0.048,0.001,0.024,0.02
-0.747,0.013,1.53,0.999,-0.003,0.033,-0.028,-0.032,-0.023,-0.04,0.021,-0.025,-0.004
-0.747,0.013,1.53,0.999,-0.003,0.033,-0.028,-0.032,-0.023,-0.04,0.021,-0.025,-0.004
-0.749,0.019,1.522,0.999,-0.001,0.033,-0.028,0.157,0.049,-0.398,0.06,-0.065,0.039
-0.749,0.019,1.522,0.999,-0.001,0.033,-0.028,0.157,0.049,-0.398,0.06,-0.065,0.039
-0.756,0.021,1.529,0.999,-0.0,0.034,-0.028,-0.2,0.019,0.248,0.028,0.087,0.0
-0.761,0.026,1.532,0.999,-0.0,0.034,-0.028,-0.145,0.166,0.087,-0.005,0.01,-0.027
-0.761,0.026,1.532,0.999,-0.0,0.034,-0.028,-0.145,0.166,0.087,-0.005,0.01,-0.027
-0.767,0.025,1.536,0.999,0.001,0.034,-0.028,-0.014,0.015,-0.128,0.037,-0.038,-0.013
-0.764,0.027,1.545,0.999,-0.0,0.035,-0.028,0.087,0.075,0.292,-0.057,0.041,-0.018
-0.77,0.031,1.545,0.999,0.001,0.034,-0.028,-0.173,0.114,-0.011,0.057,-0.032,0.01
-0.784,0.034,1.56,0.999,0.002,0.037,-0.028,-0.399,0.092,0.449,0.068,0.138,-0.017
-0.784,0.034,1.56,0.999,0.002,0.037,-0.028,-0.399,0.092,0.449,0.068,0.138,-0.017
-0.786,0.035,1.563,0.999,0.002,0.037,-0.028,-0.077,0.025,0.068,0.014,0.02,0.024
-0.795,0.037,1.567,0.999,0.003,0.037,-0.028,-0.254,0.07,0.139,0.046,0.03,-0.018
-0.801,0.04,1.573,0.999,0.005,0.039,-0.028,-0.109,-0.035,-0.25,0.042,0.014,0.029
-0.81,0.043,1.572,0.999,0.005,0.04,-0.028,-0.241,0.094,-0.018,0.018,0.087,-0.011
-0.81,0.043,1.572,0.999,0.005,0.04,-0.028,-0.241,0.094,-0.018,0.018,0.087,-0.011
-0.823,0.047,1.575,0.999,0.005,0.044,-0.028,-0.265,0.104,0.09,0.005,0.105,-0.025
-0.822,0.045,1.571,0.999,0.005,0.044,-0.028,0.029,-0.079,-0.118,-0.02,0.029,0.021
-0.83,0.04,1.568,0.999,0.004,0.047,-0.027,-0.006,-0.139,-0.079,-0.053,0.053,0.035
-0.83,0.039,1.564,0.999,0.004,0.047,-0.027,-0.003,-0.016,-0.117,-0.001,0.009,0.003
-0.835,0.045,1.567,0.998,0.004,0.048,-0.027,-0.158,0.185,0.092,0.012,0.067,-0.028
-0.838,0.046,1.569,0.998,0.005,0.048,-0.027,-0.073,0.016,0.047,0.005,0.027,0.002
-0.838,0.047,1.567,0.998,0.005,0.048,-0.028,-0.001,0.041,-0.041,0.018,0.004,-0.027
-0.838,0.048,1.57,0.998,0.005,0.049,-0.028,-0.019,0.023,0.086,-0.001,0.018,0.008
-0.838,0.045,1.575,0.998,0.005,0.049,-0.027,0.027,-0.094,0.152,-0.011,0.017,0.016
-0.832,0.039,1.576,0.998,0.004,0.048,-0.027,0.169,-0.179,0.02,-0.069,-0.04,0.015
-0.822,0.035,1.58,0.999,0.002,0.046,-0.027,0.074,0.002,0.055,-0.026,-0.06,0.009
-0.813,0.042,1.581,0.999,0.003,0.044,-0.027,0.241,-0.067,-0.133,0.005,-0.11,0.021
-0.804,0.049,1.603,0.999,0.004,0.043,-0.027,0.157,-0.008,0.142,-0.008,-0.012,-0.005
-0.8,0.047,1.606,0.999,0.003,0.042,-0.027,0.123,-0.048,0.078,-0.025,-0.071,0.013
-0.8,0.047,1.606,0.999,0.003,0.042,-0.027,0.123,-0.048,0.078,-0.025,-0.071,0.013
-0.789,0.048,1.609,0.999,0.003,0.041,-0.028,0.117,-0.05,0.047,-0.032,-0.06,-0.013
-0.784,0.047,1.613,0.999,0.001,0.04,-0.028,0.17,-0.022,0.136,-0.085,-0.055,-0.009
-0.784,0.047,1.613,0.999,0.001,0.04,-0.028,0.17,-0.022,0.136,-0.085,-0.055,-0.009
-0.769,0.05,1.619,0.999,0.001,0.037,-0.028,0.252,0.051,0.043,-0.015,-0.079,0.009
-0.766,0.051,1.622,0.999,0.001,0.036,-0.028,0.08,0.02,0.109,-0.016,-0.045,-0.01
-0.766,0.051,1.622,0.999,0.001,0.036,-0.028,0.08,0.02,0.109,-0.016,-0.045,-0.01
-0.755,0.055,1.618,0.999,0.001,0.035,-0.028,0.19,0.038,-0.066,-0.011,-0.047,-0.003
-0.748,0.054,1.621,0.999,0.001,0.034,-0.028,0.217,-0.028,0.092,0.03,-0.02,0.027
-0.748,0.054,1.621,0.999,0.001,0.034,-0.028,0.217,-0.028,0.092,0.03,-0.02,0.027
-0.744,0.059,1.621,0.999,0.001,0.034,-0.028,0.083,0.1,-0.06,0.021,-0.029,-0.025
-0.744,0.059,1.621,0.999,0.001,0.034,-0.028,0.083,0.1,-0.06,0.021,-0.029,-0.025
-0.737,0.066,1.616,0.999,0.003,0.033,-0.028,0.126,0.06,-0.078,0.013,-0.02,0.008
-0.735,0.07,1.613,0.999,0.003,0.033,-0.029,0.062,0.113,-0.071,0.002,-0.027,-0.038
-0.723,0.069,1.6,0.999,0.003,0.031,-0.028,0.055,-0.033,-0.026,0.012,0.003,0.024
-0.723,0.069,1.6,0.999,0.003,0.031,-0.028,0.055,-0.033,-0.026,0.012,0.003,0.024
-0.721,0.076,1.595,0.999,0.004,0.031,-0.028,0.03,0.038,-0.071,0.016,-0.011,-0.008
-0.721,0.076,1.595,0.999,0.004,0.031,-0.028,0.03,0.038,-0.071,0.016,-0.011,-0.008
-0.714,0.08,1.577,0.999,0.005,0.029,-0.028,0.061,0.042,-0.29,-0.017,-0.047,0.001
-0.714,0.08,1.577,0.999,0.005,0.029,-0.028,0.061,0.042,-0.29,-0.017,-0.047,0.001
-0.704,0.082,1.549,0.999,0.005,0.028,-0.028,0.005,0.059,-0.091,0.006,-0.011,-0.003
-0.704,0.082,1.549,0.999,0.005,0.028,-0.028,0.005,0.059,-0.091,0.006,-0.011,-0.003
-0.71,0.082,1.544,0.999,0.005,0.029,-0.028,-0.101,-0.022,-0.032,-0.002,0.005,0.018
-0.71,0.082,1.544,0.999,0.005,0.029,-0.028,-0.101,-0.022,-0.032,-0.002,0.005,0.018
-0.71,0.085,1.544,0.999,0.005,0.029,-0.028,-0.033,0.059,-0.002,0.013,0.002,-0.008
-0.713,0.091,1.542,0.999,0.006,0.029,-0.029,-0.099,0.174,-0.058,0.016,0.002,-0.055
-0.713,0.091,1.542,0.999,0.006,0.029,-0.029,-0.099,0.174,-0.058,0.016,0.002,-0.055
-0.719,0.094,1.539,0.999,0.006,0.03,-0.029,-0.077,0.07,-0.103,-0.0,0.011,-0.011
-0.719,0.094,1.539,0.999,0.006,0.03,-0.029,-0.077,0.07,-0.103,-0.0,0.011,-0.011
-0.734,0.092,1.547,0.999,0.006,0.032,-0.028,-0.436,-0.076,0.221,0.002,0.125,0.023
-0.738,0.096,1.545,0.999,0.007,0.033,-0.028,-0.161,-0.023,-0.014,0.059,0.042,0.021
-0.738,0.096,1.545,0.999,0.007,0.033,-0.028,-0.161,-0.023,-0.014,0.059,0.042,0.021
-0.751,0.099,1.549,0.999,0.009,0.036,-0.029,-0.239,-0.016,0.046,0.04,0.067,0.028
-0.754,0.102,1.544,0.999,0.009,0.037,-0.029,-0.096,0.092,-0.146,0.033,0.068,-0.005
-0.754,0.102,1.544,0.999,0.009,0.037,-0.029,-0.096,0.092,-0.146,0.033,0.068,-0.005
-0.771,0.099,1.546,0.999,0.008,0.04,-0.028,-0.215,-0.047,0.011,-0.049,0.08,0.007
-0.775,0.097,1.546,0.999,0.008,0.041,-0.028,-0.117,-0.062,0.004,-0.013,0.062,-0.004
-0.775,0.097,1.546,0.999,0.008,0.041,-0.028,-0.117,-0.062,0.004,-0.013,0.062,-0.004
-0.768,0.091,1.518,0.999,0.007,0.041,-0.028,0.398,-0.024,-0.811,-0.003,-0.067,-0.014
-0.768,0.091,1.518,0.999,0.007,0.041,-0.028,0.398,-0.024,-0.811,-0.003,-0.067,-0.014
-0.776,0.089,1.519,0.999,0.007,0.042,-0.028,-0.04,-0.002,-0.014,0.012,0.009,0.0
-0.776,0.088,1.517,0.999,0.006,0.042,-0.028,0.008,-0.039,-0.052,-0.036,0.019,-0.003
-0.776,0.088,1.517,0.999,0.006,0.042,-0.028,0.008,-0.039,-0.052,-0.036,0.019,-0.003
-0.779,0.085,1.518,0.999,0.005,0.043,-0.028,-0.104,-0.097,0.013,-0.04,0.052,0.028
-0.769,0.083,1.526,0.999,0.005,0.04,-0.028,0.153,-0.078,0.226,-0.034,-0.109,0.03
-0.769,0.083,1.526,0.999,0.005,0.04,-0.028,0.153,-0.078,0.226,-0.034,-0.109,0.03
-0.764,0.082,1.53,0.999,0.004,0.037,-0.028,-0.015,-0.063,0.016,0.006,-0.064,0.012
-0.767,0.077,1.533,0.999,0.004,0.037,-0.027,-0.087,-0.15,0.104,-0.018,0.006,0.013
-0.767,0.077,1.533,0.999,0.004,0.037,-0.027,-0.087,-0.15,0.104,-0.018,0.006,0.013
-0.767,0.078,1.531,0.999,0.003,0.036,-0.028,0.055,0.145,-0.102,-0.003,-0.023,-0.039
-0.767,0.078,1.531,0.999,0.003,0.036,-0.028,0.055,0.145,-0.102,-0.003,-0.023,-0.039
-0.757,0.071,1.502,0.999,0.003,0.036,-0.028,0.298,-0.207,-0.854,-0.013,-0.022,0.026
-0.767,0.063,1.484,0.999,0.001,0.037,-0.027,-0.201,0.011,-0.282,-0.052,0.068,-0.038
-0.767,0.063,1.484,0.999,0.001,0.037,-0.027,-0.201,0.011,-0.282,-0.052,0.068,-0.038
-0.765,0.053,1.451,0.999,0.0,0.037,-0.026,0.195,-0.187,-0.641,-0.014,-0.086,0.061
-0.764,0.051,1.433,0.999,0.001,0.036,-0.026,0.037,-0.074,-0.541,0.021,-0.037,0.007
-0.76,0.052,1.402,0.999,0.001,0.035,-0.027,0.186,-0.147,-0.603,-0.005,-0.1,0.019
-0.762,0.057,1.388,0.999,0.002,0.035,-0.027,-0.067,0.143,-0.41,0.021,0.022,-0.044
-0.762,0.057,1.388,0.999,0.002,0.035,-0.027,-0.067,0.143,-0.41,0.021,0.022,-0.044
-0.76,0.056,1.351,0.999,0.001,0.035,-0.027,0.112,0.052,-0.501,-0.029,-0.018,-0.033
-0.76,0.058,1.331,0.999,0.001,0.034,-0.028,0.007,0.045,-0.586,-0.055,-0.058,-0.013
-0.753,0.049,1.288,0.999,0.0,0.032,-0.026,0.172,0.026,-0.584,0.027,-0.076,-0.001
-0.753,0.049,1.288,0.999,0.0,0.032,-0.026,0.172,0.026,-0.584,0.027,-0.076,-0.001
-0.761,0.05,1.276,0.999,0.001,0.033,-0.027,-0.219,0.023,-0.365,0.037,0.036,-0.015
-0.76,0.05,1.262,0.999,0.001,0.033,-0.027,0.033,-0.015,-0.419,0.022,-0.03,-0.007
-0.743,0.057,1.186,0.999,0.004,0.029,-0.027,0.096,-0.004,-0.423,0.031,-0.038,0.005
-0.743,0.057,1.186,0.999,0.004,0.029,-0.027,0.096,-0.004,-0.423,0.031,-0.038,0.005
-0.745,0.062,1.156,0.999,0.005,0.028,-0.028,-0.097,0.042,-0.487,0.045,-0.004,-0.019
-0.742,0.059,1.141,0.999,0.005,0.029,-0.027,0.088,-0.079,-0.429,0.019,0.025,0.03
-0.742,0.059,1.141,0.999,0.005,0.029,-0.027,0.088,-0.079,-0.429,0.019,0.025,0.03
-0.74,0.055,1.101,0.999,0.005,0.029,-0.027,-0.12,0.032,-0.218,-0.023,0.005,-0.02
-0.74,0.055,1.101,0.999,0.005,0.029,-0.027,-0.12,0.032,-0.218,-0.023,0.005,-0.02
-0.748,0.049,1.076,0.999,0.003,0.031,-0.027,-0.006,-0.09,-0.278,-0.04,0.012,-0.008
-0.748,0.049,1.076,0.999,0.003,0.031,-0.027,-0.006,-0.09,-0.278,-0.04,0.012,-0.008
-0.748,0.045,1.05,0.999,0.001,0.029,-0.027,-0.234,-0.077,0.029,-0.029,0.056,-0.002
-0.748,0.045,1.05,0.999,0.001,0.029,-0.027,-0.234,-0.077,0.029,-0.029,0.056,-0.002
-0.754,0.04,1.045,0.999,0.001,0.03,-0.027,-0.183,-0.142,-0.157,-0.023,0.058,0.006
-0.75,0.038,1.027,0.999,0.001,0.031,-0.026,0.275,-0.103,-0.453,-0.024,-0.043,0.014
-0.75,0.038,1.027,0.999,0.001,0.031,-0.026,0.275,-0.103,-0.453,-0.024,-0.043,0.014
-0.762,0.039,1.025,0.999,0.0,0.033,-0.026,-0.356,0.022,-0.075,-0.017,0.076,-0.023
-0.766,0.041,1.021,0.999,0.0,0.035,-0.027,-0.121,0.064,-0.103,-0.01,0.116,-0.03
-0.771,0.036,0.989,0.999,-0.002,0.037,-0.027,0.238,-0.111,-0.462,-0.008,-0.161,0.054
-0.771,0.036,0.989,0.999,-0.002,0.037,-0.027,0.238,-0.111,-0.462,-0.008,-0.161,0.054
-0.769,0.035,0.98,0.999,-0.003,0.037,-0.027,-0.018,-0.019,-0.01,-0.036,0.021,-0.021
-0.765,0.035,0.974,0.999,-0.003,0.035,-0.027,0.127,0.023,-0.182,-0.018,-0.09,0.019
-0.765,0.035,0.974,0.999,-0.003,0.035,-0.027,0.127,0.023,-0.182,-0.018,-0.09,0.019
-0.769,0.037,0.978,0.999,-0.002,0.037,-0.027,-0.073,-0.01,0.189,0.014,0.043,-0.018
-0.769,0.037,0.978,0.999,-0.002,0.037,-0.027,-0.073,-0.01,0.189,0.014,0.043,-0.018
-0.752,0.039,0.954,0.999,-0.001,0.034,-0.028,0.308,0.236,-0.453,0.057,-0.175,-0.035
-0.752,0.039,0.954,0.999,-0.001,0.034,-0.028,0.308,0.236,-0.453,0.057,-0.175,-0.035
-0.746,0.04,0.948,0.999,-0.001,0.032,-0.028,0.196,0.015,-0.174,0.024,-0.088,0.002
-0.746,0.04,0.948,0.999,-0.001,0.032,-0.028,0.196,0.015,-0.174,0.024,-0.088,0.002
-0.745,0.041,0.949,0.999,-0.0,0.033,-0.027,0.011,0.047,0.036,0.054,0.023,0.007
-0.743,0.042,0.945,0.999,0.0,0.032,-0.027,0.077,0.04,-0.115,0.014,-0.04,0.003
-0.725,0.035,0.93,0.999,0.0,0.03,-0.026,0.523,-0.228,-0.447,0.0,-0.129,0.068
-0.725,0.044,0.947,0.999,0.004,0.026,-0.027,-0.094,-0.049,0.443,-0.004,-0.068,0.03
-0.725,0.044,0.947,0.999,0.004,0.026,-0.027,-0.094,-0.049,0.443,-0.004,-0.068,0.03
-0.724,0.048,0.956,0.999,0.005,0.026,-0.027,0.006,0.041,0.159,0.003,0.013,-0.015
-0.722,0.049,0.961,0.999,0.005,0.026,-0.027,0.07,0.027,0.173,0.001,0.025,0.002
-0.722,0.049,0.961,0.999,0.005,0.026,-0.027,0.07,0.027,0.173,0.001,0.025,0.002
-0.724,0.048,0.966,0.999,0.004,0.026,-0.027,-0.069,-0.04,0.142,-0.021,-0.03,-0.006
-0.722,0.048,0.966,0.999,0.003,0.025,-0.028,0.059,0.025,-0.01,-0.064,-0.048,-0.042
-0.716,0.039,0.956,0.999,0.002,0.027,-0.027,0.097,-0.134,-0.163,-0.01,0.08,0.028
-0.716,0.04,0.953,0.999,0.002,0.028,-0.027,0.001,0.005,-0.082,-0.007,0.043,-0.012
-0.716,0.04,0.953,0.999,0.002,0.028,-0.027,0.001,0.005,-0.082,-0.007,0.043,-0.012
-0.715,0.042,0.949,0.999,0.002,0.029,-0.027,0.034,0.074,-0.146,-0.012,0.026,-0.017
-0.722,0.045,0.949,0.999,0.001,0.03,-0.028,-0.218,0.086,0.022,-0.01,0.082,-0.035
-0.716,0.04,0.935,0.999,0.002,0.03,-0.027,0.196,-0.132,-0.429,0.003,-0.018,0.062
-0.721,0.043,0.939,0.999,0.001,0.032,-0.028,-0.159,0.078,0.12,-0.02,0.13,-0.065
-0.71,0.048,0.915,0.999,0.002,0.03,-0.028,0.002,-0.062,-0.099,0.002,-0.01,0.004
-0.707,0.049,0.912,0.999,0.002,0.03,-0.028,0.097,0.041,-0.093,0.03,0.0,0.003
-0.707,0.049,0.912,0.999,0.002,0.03,-0.028,0.097,0.041,-0.093,0.03,0.0,0.003
-0.707,0.05,0.91,0.999,0.002,0.03,-0.028,-0.01,0.009,-0.052,0.025,0.01,-0.007
-0.695,0.052,0.899,0.999,0.003,0.03,-0.029,0.034,0.078,-0.018,-0.007,0.006,-0.027
-0.695,0.052,0.899,0.999,0.003,0.03,-0.029,0.034,0.078,-0.018,-0.007,0.006,-0.027
-0.693,0.052,0.9,0.999,0.003,0.03,-0.028,0.044,-0.011,0.035,0.024,0.021,0.015
-0.689,0.05,0.904,0.999,0.003,0.03,-0.028,0.096,-0.033,0.074,0.02,-0.008,0.011
-0.689,0.05,0.904,0.999,0.003,0.03,-0.028,0.096,-0.033,0.074,0.02,-0.008,0.011
-0.688,0.049,0.904,0.999,0.003,0.03,-0.028,0.034,-0.017,0.009,-0.015,0.0,-0.001
-0.688,0.048,0.903,0.999,0.003,0.03,-0.028,-0.015,-0.032,-0.032,0.021,-0.02,-0.012
-0.686,0.05,0.904,0.999,0.003,0.03,-0.028,0.068,0.044,0.024,0.003,0.009,0.003
-0.68,0.049,0.909,0.999,0.004,0.03,-0.028,0.197,-0.021,0.157,0.003,0.027,0.003
-0.678,0.044,0.911,0.999,0.003,0.031,-0.027,0.051,-0.168,0.074,-0.013,0.026,0.044
-0.671,0.045,0.912,0.999,0.003,0.03,-0.028,0.087,0.049,-0.013,-0.015,-0.039,-0.022
-0.668,0.042,0.912,0.999,0.003,0.029,-0.028,0.086,-0.071,-0.006,-0.015,-0.027,-0.004
-0.661,0.041,0.91,0.999,0.003,0.029,-0.028,0.204,-0.032,-0.07,-0.014,-0.042,0.012
-0.652,0.037,0.906,0.999,0.002,0.028,-0.027,0.017,0.073,-0.122,-0.007,-0.038,-0.033
-0.649,0.038,0.907,0.999,0.001,0.029,-0.028,0.068,0.059,-0.045,-0.026,0.01,-0.019
-0.635,0.033,0.911,0.999,0.001,0.028,-0.027,0.038,0.009,0.011,-0.005,-0.047,-0.009
-0.618,0.028,0.907,0.999,0.0,0.026,-0.027,0.001,-0.077,0.131,0.01,0.026,0.014
-0.618,0.028,0.907,0.999,0.0,0.026,-0.027,0.001,-0.077,0.131,0.01,0.026,0.014
-0.619,0.029,0.908,0.999,-0.0,0.025,-0.028,-0.015,0.04,0.028,-0.02,-0.019,-0.015
-0.617,0.028,0.909,0.999,-0.0,0.024,-0.027,0.045,-0.016,0.04,0.001,-0.049,0.006
-0.61,0.023,0.91,0.999,0.001,0.024,-0.026,-0.08,-0.088,0.033,0.001,0.03,0.013
-0.61,0.023,0.91,0.999,0.001,0.024,-0.026,-0.08,-0.088,0.033,0.001,0.03,0.013
-0.606,0.023,0.909,0.999,0.001,0.025,-0.027,0.088,0.018,-0.039,-0.011,-0.001,-0.009
-0.61,0.022,0.909,0.999,0.001,0.025,-0.027,-0.129,-0.024,0.008,-0.002,0.036,0.001
-0.61,0.022,0.909,0.999,0.001,0.025,-0.027,-0.129,-0.024,0.008,-0.002,0.036,0.001
-0.611,0.022,0.905,0.999,0.0,0.025,-0.027,-0.015,-0.003,-0.126,-0.026,-0.005,-0.017
-0.612,0.022,0.905,0.999,0.0,0.026,-0.027,-0.017,-0.017,-0.014,-0.003,0.058,-0.004
-0.612,0.017,0.9,0.999,-0.001,0.029,-0.027,0.056,-0.021,-0.122,-0.017,0.021,-0.014
-0.607,0.017,0.882,0.999,-0.001,0.027,-0.027,0.163,-0.006,-0.529,0.011,-0.079,-0.017
-0.607,0.017,0.882,0.999,-0.001,0.027,-0.027,0.163,-0.006,-0.529,0.011,-0.079,-0.017
-0.614,0.017,0.884,0.999,-0.001,0.03,-0.027,-0.189,0.078,0.125,0.024,0.122,-0.027
-0.605,0.018,0.87,0.999,-0.001,0.028,-0.027,0.245,0.01,-0.405,-0.001,-0.096,-0.001
-0.605,0.018,0.87,0.999,-0.001,0.028,-0.027,0.245,0.01,-0.405,-0.001,-0.096,-0.001
-0.61,0.02,0.872,0.999,-0.001,0.029,-0.027,-0.143,0.069,0.04,0.021,0.037,-0.014
-0.614,0.021,0.876,0.999,-0.001,0.029,-0.028,-0.1,0.025,0.123,-0.004,0.011,-0.02
-0.605,0.015,0.877,0.999,0.0,0.027,-0.027,-0.153,-0.008,0.322,0.017,0.063,-0.026
-0.605,0.015,0.877,0.999,0.0,0.027,-0.027,-0.153,-0.008,0.322,0.017,0.063,-0.026
-0.609,0.023,0.884,0.999,0.001,0.027,-0.028,-0.112,0.248,0.201,0.036,0.001,-0.071
-0.604,0.02,0.876,0.999,0.003,0.026,-0.027,0.031,0.04,-0.238,0.02,-0.037,-0.015
-0.605,0.021,0.881,0.999,0.003,0.028,-0.027,-0.04,0.034,0.14,0.026,0.145,0.01
-0.609,0.02,0.879,0.999,0.002,0.03,-0.028,-0.113,-0.04,-0.038,-0.045,0.086,-0.043
-0.606,0.015,0.872,0.999,0.003,0.03,-0.027,0.078,-0.125,-0.22,0.008,0.029,0.049
-0.613,0.017,0.859,0.999,0.003,0.031,-0.027,-0.189,0.051,-0.392,0.015,0.013,-0.018
-0.613,0.017,0.859,0.999,0.003,0.031,-0.027,-0.189,0.051,-0.392,0.015,0.013,-0.018
-0.612,0.016,0.841,0.999,0.003,0.031,-0.028,-0.094,0.059,-0.276,-0.026,0.009,-0.05
-0.612,0.019,0.829,0.999,0.003,0.031,-0.028,0.0,0.107,-0.358,0.007,-0.02,-0.031
-0.612,0.019,0.829,0.999,0.003,0.031,-0.028,0.0,0.107,-0.358,0.007,-0.02,-0.031
-0.611,0.019,0.824,0.999,0.003,0.032,-0.028,0.021,-0.014,-0.148,-0.023,0.053,-0.003
-0.608,0.02,0.791,0.999,0.002,0.03,-0.028,-0.077,0.078,-0.356,-0.019,0.005,-0.033
-0.608,0.02,0.791,0.999,0.002,0.03,-0.028,-0.077,0.078,-0.356,-0.019,0.005,-0.033
-0.607,0.015,0.781,0.999,0.002,0.031,-0.028,0.048,-0.124,-0.308,-0.007,0.042,0.015
-0.603,0.014,0.777,0.999,0.002,0.032,-0.028,0.114,-0.054,-0.119,0.026,0.088,0.008
-0.599,0.011,0.747,0.999,0.004,0.031,-0.027,-0.03,-0.09,-0.235,-0.002,-0.019,0.037
-0.597,0.015,0.731,0.999,0.005,0.029,-0.028,0.082,0.11,-0.49,0.051,-0.094,-0.022
-0.597,0.015,0.731,0.999,0.005,0.029,-0.028,0.082,0.11,-0.49,0.051,-0.094,-0.022
-0.599,0.013,0.723,0.999,0.005,0.031,-0.028,-0.084,0.009,-0.12,0.025,0.078,-0.015
-0.596,0.011,0.713,0.999,0.005,0.03,-0.028,0.087,-0.074,-0.292,-0.027,-0.057,-0.001
-0.596,0.011,0.713,0.999,0.005,0.03,-0.028,0.087,-0.074,-0.292,-0.027,-0.057,-0.001
-0.593,0.007,0.708,0.999,0.004,0.029,-0.027,0.104,-0.111,-0.16,-0.033,-0.023,0.02
-0.591,0.005,0.698,0.999,0.004,0.029,-0.027,0.046,-0.07,-0.294,-0.043,-0.018,0.003
-0.594,0.003,0.694,0.999,0.003,0.029,-0.027,-0.074,-0.051,-0.122,-0.023,-0.013,-0.011
-0.588,0.007,0.682,0.999,0.004,0.028,-0.028,0.167,0.13,-0.377,0.023,-0.058,-0.032
-0.577,0.0,0.663,0.999,0.003,0.025,-0.027,0.342,-0.208,-0.551,-0.006,-0.15,0.059
-0.57,-0.007,0.647,0.999,0.001,0.025,-0.027,0.091,-0.056,-0.175,-0.059,-0.022,0.006
-0.57,-0.007,0.647,0.999,0.001,0.025,-0.027,0.091,-0.056,-0.175,-0.059,-0.022,0.006
-0.573,-0.01,0.644,0.999,-0.0,0.026,-0.027,-0.052,-0.037,-0.059,-0.033,0.043,-0.009
-0.573,-0.01,0.644,0.999,-0.0,0.026,-0.027,-0.052,-0.037,-0.059,-0.033,0.043,-0.009
-0.566,-0.011,0.628,0.999,-0.001,0.025,-0.027,0.195,-0.025,-0.463,-0.022,-0.084,0.003
-0.565,-0.015,0.62,0.999,-0.002,0.025,-0.027,-0.026,-0.012,-0.01,-0.041,0.018,0.014
-0.565,-0.015,0.62,0.999,-0.002,0.025,-0.027,-0.026,-0.012,-0.01,-0.041,0.018,0.014
-0.568,-0.015,0.625,0.999,-0.002,0.026,-0.027,-0.084,-0.005,0.139,-0.01,0.097,-0.006
-0.545,-0.017,0.575,0.999,-0.002,0.021,-0.027,0.15,-0.123,-0.416,-0.013,-0.034,0.053
-0.545,-0.017,0.575,0.999,-0.002,0.021,-0.027,0.15,-0.123,-0.416,-0.013,-0.034,0.053
-0.536,-0.016,0.532,0.999,-0.002,0.019,-0.026,0.351,0.128,-0.634,0.02,-0.089,-0.014
-0.536,-0.016,0.532,0.999,-0.002,0.019,-0.026,0.351,0.128,-0.634,0.02,-0.089,-0.014
-0.536,-0.019,0.507,0.999,-0.001,0.019,-0.026,-0.17,-0.051,-0.166,-0.024,0.063,-0.015
-0.537,-0.02,0.494,0.999,-0.002,0.019,-0.026,-0.007,-0.025,-0.396,-0.049,-0.004,0.01
-0.537,-0.02,0.494,0.999,-0.002,0.019,-0.026,-0.007,-0.025,-0.396,-0.049,-0.004,0.01
-0.527,-0.021,0.473,1.0,-0.002,0.017,-0.026,0.304,-0.036,-0.625,0.018,-0.115,0.013
-0.524,-0.021,0.466,1.0,-0.002,0.017,-0.026,0.074,-0.007,-0.208,-0.01,0.01,0.008
-0.526,-0.019,0.459,0.999,-0.002,0.017,-0.027,-0.054,0.075,-0.204,0.016,0.004,-0.042
-0.521,-0.018,0.441,1.0,-0.001,0.014,-0.026,0.16,0.012,-0.556,0.063,-0.194,0.023
-0.513,-0.018,0.4,1.0,-0.0,0.015,-0.026,0.066,0.001,-0.194,-0.001,-0.033,0.016
-0.513,-0.018,0.4,1.0,-0.0,0.015,-0.026,0.066,0.001,-0.194,-0.001,-0.033,0.016
-0.513,-0.018,0.398,1.0,-0.0,0.016,-0.026,0.016,-0.004,-0.065,-0.017,0.015,0.002
-0.505,-0.016,0.377,1.0,-0.001,0.015,-0.026,0.085,-0.09,-0.151,-0.035,0.015,0.025
-0.505,-0.012,0.379,1.0,-0.0,0.017,-0.027,-0.007,0.105,0.085,0.008,0.098,-0.044
-0.505,-0.012,0.379,1.0,-0.0,0.017,-0.027,-0.007,0.105,0.085,0.008,0.098,-0.044
-0.507,-0.012,0.371,1.0,0.0,0.017,-0.026,0.232,0.096,-0.267,-0.001,-0.046,-0.012
-0.508,-0.009,0.371,0.999,0.0,0.018,-0.026,-0.027,0.083,-0.007,0.006,0.052,-0.019
-0.508,-0.009,0.371,0.999,0.0,0.018,-0.026,-0.027,0.083,-0.007,0.006,0.052,-0.019
-0.507,-0.008,0.365,0.999,0.001,0.019,-0.026,-0.12,-0.026,-0.075,0.024,0.041,0.011
-0.505,-0.007,0.357,0.999,0.001,0.018,-0.026,0.08,0.03,-0.227,0.019,-0.042,0.009
-0.505,-0.007,0.357,0.999,0.001,0.018,-0.026,0.08,0.03,-0.227,0.019,-0.042,0.009
-0.498,-0.005,0.344,1.0,0.002,0.017,-0.026,0.198,0.081,-0.404,0.051,-0.092,-0.003
-0.499,0.003,0.327,0.999,0.003,0.018,-0.027,-0.003,0.179,-0.316,0.1,0.037,-0.043
-0.499,0.003,0.327,0.999,0.003,0.018,-0.027,-0.003,0.179,-0.316,0.1,0.037,-0.043
-0.493,0.005,0.311,0.999,0.003,0.017,-0.028,0.163,0.053,-0.491,0.029,-0.03,-0.01
-0.486,0.006,0.283,0.999,0.003,0.017,-0.027,0.123,-0.041,-0.4,0.009,-0.009,0.038
-0.486,0.006,0.283,0.999,0.003,0.017,-0.027,0.123,-0.041,-0.4,0.009,-0.009,0.038
