0.036,-0.009,0.171,1.0,0.025,-0.002,-0.008,-0.031,0.001,-0.055,0.813,0.903,-0.6
0.036,-0.009,0.171,1.0,0.018,-0.007,-0.003,-0.002,-0.013,-0.013,0.302,0.434,-0.372
0.037,-0.009,0.173,1.0,0.013,-0.008,0.0,0.013,-0.006,0.039,-0.172,-0.049,0.088
0.036,-0.008,0.175,1.0,0.016,-0.002,-0.005,-0.008,0.01,0.049,0.437,0.577,-0.622
0.036,-0.009,0.184,1.0,0.024,0.002,-0.002,-0.009,0.006,0.291,0.406,0.269,0.196
0.037,-0.009,0.206,1.0,0.01,-0.01,0.001,0.012,0.028,0.622,-0.331,-0.199,0.153
0.038,-0.01,0.232,1.0,0.012,-0.009,0.003,0.048,-0.055,0.804,-0.339,-0.271,0.244
0.037,-0.01,0.251,1.0,0.007,0.001,0.007,-0.014,-0.036,0.869,-0.801,0.841,0.508
0.039,-0.01,0.273,1.0,0.013,-0.009,0.002,0.02,0.001,0.814,-0.271,-0.188,0.049
0.039,-0.01,0.305,1.0,0.017,-0.005,0.004,0.03,-0.015,1.03,0.132,0.23,0.282
0.04,-0.011,0.33,1.0,0.016,-0.013,0.0,0.051,-0.047,1.023,-0.197,-0.795,0.01
0.042,-0.012,0.39,1.0,0.014,-0.013,-0.001,0.035,-0.014,0.943,-0.6,-1.081,-0.174
0.043,-0.012,0.416,1.0,0.02,-0.005,-0.002,0.035,-0.054,0.841,-1.661,0.099,-0.322
0.045,-0.014,0.438,1.0,0.018,-0.008,-0.002,0.051,-0.083,0.79,-1.608,-0.171,-0.379
0.046,-0.015,0.463,1.0,0.016,-0.004,0.001,0.044,-0.026,0.695,0.061,-0.027,-0.089
0.047,-0.015,0.481,0.999,0.0,-0.034,0.002,0.022,0.116,0.52,3.616,-2.105,-1.332
0.048,-0.017,0.5,1.0,0.0,0.008,0.01,-0.003,-0.027,0.462,-0.604,1.671,0.646
0.05,-0.018,0.515,1.0,0.014,-0.01,-0.001,0.073,-0.033,0.512,0.528,-0.389,-0.414
0.052,-0.019,0.527,1.0,0.011,-0.007,0.001,0.059,-0.037,0.445,-0.176,0.001,-0.089
0.053,-0.021,0.537,1.0,0.013,-0.008,0.004,0.095,-0.058,0.426,-0.074,0.294,0.158
0.054,-0.022,0.543,1.0,0.025,0.002,-0.003,0.033,-0.014,0.243,1.775,0.965,-0.742
0.056,-0.023,0.549,1.0,0.013,-0.009,0.001,0.072,-0.051,0.288,-0.091,-0.25,0.088
0.058,-0.025,0.559,1.0,0.006,-0.006,0.007,0.009,-0.046,0.188,-0.336,0.347,0.583
0.06,-0.027,0.564,1.0,0.014,-0.008,0.002,0.017,-0.271,0.081,-6.439,3.005,-0.82
0.062,-0.028,0.57,1.0,0.011,-0.01,0.0,0.054,-0.081,0.172,-1.315,0.215,-0.106
0.063,-0.029,0.575,1.0,0.01,-0.004,0.006,0.04,-0.026,0.13,-0.238,0.901,0.284
0.065,-0.032,0.579,1.0,0.007,-0.008,-0.002,0.057,-0.097,0.142,-0.126,0.128,-0.282
0.067,-0.032,0.584,1.0,0.012,-0.01,0.002,0.059,0.021,0.153,3.093,0.076,-0.237
0.068,-0.034,0.587,1.0,0.018,0.002,-0.002,0.013,-0.035,0.039,0.97,0.903,-0.407
0.07,-0.036,0.589,1.0,0.021,-0.005,-0.003,0.064,-0.043,0.069,0.717,-0.456,-0.567
0.071,-0.036,0.589,1.0,0.013,-0.005,0.002,0.052,-0.045,0.047,-0.276,-0.182,0.181
0.074,-0.039,0.59,1.0,0.014,-0.014,0.001,0.076,-0.043,0.045,-0.18,-0.84,0.262
0.074,-0.039,0.59,1.0,0.014,-0.014,0.001,0.076,-0.043,0.045,-0.18,-0.84,0.262
0.075,-0.041,0.587,1.0,-0.001,0.01,0.009,0.024,-0.054,-0.083,-1.141,1.236,0.581
0.078,-0.043,0.587,1.0,0.012,-0.01,0.001,0.045,-0.019,-0.043,0.441,0.091,0.039
0.08,-0.046,0.585,1.0,0.014,-0.004,-0.0,0.051,-0.054,-0.058,-0.042,0.302,0.1
0.083,-0.048,0.583,1.0,0.012,-0.006,-0.0,0.058,-0.058,-0.048,-0.15,-0.163,0.084
0.088,-0.053,0.579,1.0,0.016,0.001,-0.002,0.065,-0.065,-0.042,-0.009,0.086,-0.108
0.088,-0.053,0.578,1.0,0.01,0.009,0.005,0.057,-0.034,-0.072,-0.378,0.678,0.353
0.091,-0.057,0.573,1.0,0.013,-0.003,0.003,0.022,-0.072,-0.137,-0.137,-0.545,0.19
0.094,-0.057,0.575,1.0,0.018,-0.001,-0.0,0.112,-0.036,0.017,0.41,-0.025,-0.155
0.1,-0.063,0.572,1.0,0.019,0.005,-0.002,0.116,-0.102,-0.024,-0.076,-0.044,-0.006
0.101,-0.063,0.571,1.0,0.021,0.01,-0.002,0.101,-0.073,-0.048,0.239,0.34,-0.035
0.105,-0.066,0.572,1.0,0.013,0.01,0.0,0.094,-0.072,-0.019,-0.293,0.28,-0.08
0.113,-0.072,0.572,1.0,0.013,0.01,-0.002,0.196,-0.179,0.057,-0.177,-0.216,-0.1
0.113,-0.072,0.572,1.0,0.013,0.01,-0.002,0.196,-0.179,0.057,-0.177,-0.216,-0.1
0.124,-0.076,0.577,1.0,0.016,0.015,-0.002,0.167,-0.065,0.064,0.187,0.468,-0.24
0.129,-0.08,0.578,1.0,0.011,0.016,-0.0,0.17,-0.101,0.058,-0.171,0.135,-0.089
0.129,-0.08,0.578,1.0,0.011,0.016,-0.0,0.17,-0.101,0.058,-0.171,0.135,-0.089
0.137,-0.083,0.579,1.0,0.01,0.009,0.0,0.204,-0.075,0.042,-0.164,0.028,0.116
0.146,-0.088,0.581,1.0,0.011,0.019,-0.001,0.467,-0.266,0.162,-0.18,-2.522,-1.286
0.164,-0.094,0.586,0.999,0.023,0.027,-0.011,0.208,-0.101,0.04,1.196,0.955,-1.113
0.184,-0.101,0.598,1.0,0.011,0.007,-0.003,0.307,-0.121,0.189,-1.208,-0.938,-0.005
0.198,-0.105,0.603,1.0,0.004,0.012,-0.001,0.303,-0.063,0.143,-0.904,0.206,0.147
0.203,-0.107,0.605,1.0,0.005,0.023,0.001,0.278,-0.142,0.092,-1.274,0.964,0.146
0.22,-0.111,0.612,1.0,0.009,0.01,-0.001,0.413,-0.141,0.119,-0.059,0.028,-0.165
0.237,-0.115,0.618,1.0,0.003,0.011,0.001,0.421,-0.118,0.171,1.016,-0.432,-0.136
0.237,-0.115,0.618,1.0,0.003,0.011,0.001,0.421,-0.118,0.171,1.016,-0.432,-0.136
0.249,-0.118,0.623,1.0,0.002,0.012,-0.001,0.386,-0.083,0.163,-0.43,-0.231,0.14
0.274,-0.122,0.629,1.0,0.001,0.005,-0.001,0.424,-0.07,0.119,-0.108,-0.591,-0.102
0.274,-0.122,0.629,1.0,0.001,0.005,-0.001,0.424,-0.07,0.119,-0.108,-0.591,-0.102
0.285,-0.123,0.63,1.0,-0.009,0.02,0.01,0.407,-0.053,0.007,-1.356,1.318,1.095
0.312,-0.127,0.635,1.0,0.0,0.008,-0.002,0.404,-0.062,0.066,-0.273,-0.228,-0.3
0.319,-0.127,0.636,1.0,-0.001,0.004,0.0,0.433,-0.034,0.062,-0.157,-0.543,-0.041
0.324,-0.128,0.636,1.0,0.002,0.011,-0.002,0.404,-0.023,0.025,-0.129,0.031,-0.074
0.342,-0.129,0.637,1.0,0.002,0.003,-0.003,0.425,-0.014,0.027,0.384,-0.321,-0.273
0.36,-0.13,0.636,1.0,0.0,0.001,-0.002,0.448,-0.019,0.032,0.033,-0.766,-0.064
0.374,-0.131,0.632,1.0,-0.002,0.006,-0.001,0.435,0.009,-0.086,0.251,-0.101,0.108
0.396,-0.13,0.629,1.0,-0.006,0.002,-0.002,0.502,0.011,-0.015,0.089,-1.322,-0.292
0.412,-0.13,0.626,1.0,-0.003,0.009,-0.006,0.439,0.043,-0.061,0.484,0.365,-0.467
0.426,-0.129,0.624,1.0,-0.017,0.014,0.003,0.464,0.044,-0.068,-0.509,1.124,0.239
0.455,-0.126,0.626,1.0,-0.021,0.002,0.004,0.445,0.062,0.002,-0.845,0.363,0.474
0.463,-0.125,0.629,1.0,-0.019,-0.007,0.0,0.498,0.077,0.099,-0.976,-0.515,0.166
0.475,-0.123,0.631,1.0,-0.016,-0.004,0.0,0.488,0.072,0.113,-0.241,-0.425,-0.01
0.489,-0.122,0.632,1.0,-0.02,0.003,-0.002,0.503,0.0,0.069,-0.5,0.483,-0.247
0.522,-0.112,0.64,1.0,-0.015,-0.01,-0.001,0.496,0.117,0.126,0.292,-0.891,-0.348
0.538,-0.108,0.643,1.0,-0.016,-0.011,0.002,0.487,0.114,0.109,-0.193,-0.36,0.106
0.538,-0.108,0.643,1.0,-0.016,-0.011,0.002,0.487,0.114,0.109,-0.193,-0.36,0.106
0.573,-0.096,0.645,1.0,-0.008,-0.001,-0.005,0.446,0.171,0.025,0.545,0.902,-0.545
0.59,-0.09,0.646,1.0,-0.003,0.003,-0.008,0.431,0.166,-0.042,1.074,1.484,-0.733
0.597,-0.086,0.648,1.0,-0.02,-0.002,0.006,0.414,0.204,0.029,-0.816,0.813,0.707
0.626,-0.071,0.654,1.0,0.014,-0.011,-0.007,0.546,0.304,0.141,3.226,-0.329,-0.787
0.632,-0.069,0.656,1.0,-0.016,-0.017,-0.001,0.512,0.25,0.156,-0.011,-0.501,-0.053
0.648,-0.06,0.663,1.0,-0.015,-0.019,-0.001,0.473,0.259,0.196,0.463,-0.716,-0.203
0.666,-0.049,0.67,1.0,-0.014,-0.019,-0.002,0.43,0.266,0.193,0.136,-0.254,-0.233
0.687,-0.035,0.681,0.999,-0.015,-0.032,0.0,0.411,0.297,0.235,0.198,-1.236,-0.05
0.703,-0.022,0.691,1.0,-0.01,-0.019,0.002,0.389,0.337,0.249,0.629,0.043,0.003
0.726,-0.002,0.703,0.999,0.02,-0.03,0.007,0.382,0.429,0.227,2.934,-0.925,0.624
0.737,0.006,0.709,1.0,-0.011,-0.028,-0.001,0.386,0.347,0.208,-0.174,-0.308,-0.071
0.762,0.031,0.721,0.999,-0.013,-0.036,-0.001,0.342,0.35,0.183,-0.964,-0.688,-0.132
0.771,0.041,0.726,1.0,-0.008,-0.023,-0.003,0.325,0.338,0.151,0.27,0.933,-0.383
0.793,0.069,0.743,0.999,-0.014,-0.034,-0.001,0.305,0.376,0.253,-0.107,-0.223,-0.113
0.801,0.081,0.749,0.999,-0.012,-0.036,-0.0,0.274,0.398,0.229,-0.082,-0.271,0.002
0.82,0.115,0.768,0.999,-0.01,-0.036,-0.002,0.254,0.443,0.272,-0.116,-0.282,-0.018
0.827,0.128,0.777,0.999,-0.006,-0.041,-0.0,0.274,0.488,0.356,0.51,-1.438,-0.441
0.837,0.149,0.788,0.999,-0.004,-0.044,-0.001,0.199,0.43,0.228,0.312,-0.403,-0.22
0.841,0.161,0.792,0.999,-0.001,-0.044,-0.003,0.174,0.449,0.173,0.539,-0.321,-0.323
0.844,0.171,0.795,0.999,-0.013,-0.037,0.004,0.142,0.497,0.15,-0.611,-0.036,0.385
0.853,0.202,0.81,0.999,-0.005,-0.053,-0.0,0.119,0.47,0.227,-0.037,-1.236,-0.015
0.857,0.219,0.817,0.999,-0.003,-0.044,-0.0,0.115,0.502,0.22,-0.129,-0.245,0.099
0.861,0.251,0.833,0.999,-0.002,-0.049,-0.001,0.042,0.491,0.282,-0.223,-0.379,-0.084
0.862,0.27,0.844,0.999,-0.002,-0.047,-0.003,0.037,0.506,0.302,-0.072,-0.047,-0.237
0.86,0.302,0.871,0.998,0.008,-0.055,-0.004,-0.047,0.6,0.512,0.62,-0.656,-0.321
0.857,0.328,0.896,0.999,0.001,-0.047,-0.001,-0.072,0.577,0.586,-0.437,-0.401,0.146
0.854,0.345,0.914,0.999,0.003,-0.049,-0.002,-0.097,0.526,0.523,0.071,0.048,-0.13
0.852,0.349,0.918,0.999,0.006,-0.048,-0.002,-0.114,0.521,0.494,0.351,0.032,-0.108
0.843,0.383,0.95,0.999,0.003,-0.049,-0.0,-0.123,0.505,0.462,0.22,-0.358,-0.266
0.836,0.405,0.966,0.999,0.009,-0.049,-0.001,-0.189,0.537,0.379,0.583,0.184,-0.104
0.831,0.42,0.978,0.999,0.006,-0.049,-0.0,-0.171,0.486,0.412,-1.451,0.013,-0.115
0.814,0.457,1.001,0.998,-0.006,-0.061,0.005,-0.268,0.513,0.236,-1.219,-1.388,0.575
0.804,0.478,1.015,0.999,0.01,-0.05,-0.001,-0.242,0.519,0.306,-0.008,-0.663,0.019
0.788,0.505,1.022,0.999,0.011,-0.04,-0.002,-0.283,0.501,0.15,-0.254,0.377,0.035
0.772,0.532,1.02,0.999,0.015,-0.041,-0.002,-0.314,0.489,-0.059,0.126,0.264,-0.066
0.766,0.543,1.017,0.999,0.016,-0.043,-0.002,-0.304,0.51,-0.131,0.141,-0.149,-0.049
0.749,0.569,1.002,0.999,0.012,-0.046,-0.0,-0.31,0.499,-0.261,-0.332,-0.837,0.333
0.734,0.589,0.984,0.999,0.016,-0.036,-0.001,-0.343,0.476,-0.394,-0.021,-0.043,0.073
0.734,0.589,0.984,0.999,0.016,-0.036,-0.001,-0.343,0.476,-0.394,-0.021,-0.043,0.073
0.708,0.622,0.954,0.999,0.012,-0.041,-0.001,-0.359,0.444,-0.42,-0.014,-0.902,-0.043
0.682,0.653,0.927,0.999,0.014,-0.035,-0.002,-0.42,0.481,-0.422,0.028,0.187,-0.005
0.672,0.665,0.918,0.999,0.019,-0.037,-0.003,-0.446,0.504,-0.385,0.258,-0.137,-0.129
0.639,0.699,0.895,0.999,0.017,-0.031,-0.002,-0.421,0.432,-0.235,0.253,-0.415,-0.203
0.629,0.708,0.89,0.999,0.018,-0.027,-0.001,-0.448,0.43,-0.242,0.074,0.056,0.014
0.598,0.735,0.878,1.0,0.018,-0.024,0.002,-0.39,0.35,-0.166,-0.149,0.143,0.24
0.577,0.753,0.87,1.0,0.015,-0.014,0.003,-0.501,0.383,-0.209,-0.513,1.025,0.394
0.542,0.78,0.863,0.999,0.021,-0.03,-0.001,-0.463,0.363,-0.026,-0.234,-0.835,0.073
0.535,0.785,0.86,1.0,0.011,-0.011,0.005,-0.504,0.364,-0.113,-1.267,0.906,0.705
0.495,0.813,0.862,0.999,0.024,-0.033,-0.002,-0.472,0.315,0.02,-0.06,-0.574,0.011
0.489,0.816,0.863,0.999,0.023,-0.022,-0.002,-0.506,0.309,0.043,-0.136,0.744,-0.043
0.457,0.835,0.869,1.0,0.019,-0.021,-0.002,-0.555,0.305,0.128,-0.92,-0.286,0.062
0.453,0.838,0.871,0.999,0.02,-0.027,-0.002,-0.555,0.32,0.176,-0.315,-0.607,-0.091
0.418,0.856,0.881,1.0,0.022,-0.02,-0.003,-0.525,0.283,0.165,0.079,0.384,0.013
0.416,0.857,0.882,1.0,0.018,-0.018,-0.002,-0.529,0.287,0.169,-0.266,0.417,0.098
0.385,0.872,0.893,1.0,0.01,-0.014,0.0,-0.563,0.261,0.134,-0.987,0.95,0.289
0.364,0.882,0.9,1.0,0.016,-0.025,-0.003,-0.578,0.256,0.149,0.087,-0.133,-0.077
0.364,0.882,0.9,1.0,0.016,-0.025,-0.003,-0.578,0.256,0.149,0.087,-0.133,-0.077
0.349,0.889,0.901,1.0,0.014,-0.022,-0.003,-0.531,0.237,0.068,-0.008,-0.019,-0.042
0.313,0.905,0.898,1.0,0.016,-0.018,-0.002,-0.545,0.237,-0.077,0.257,0.375,0.034
0.307,0.908,0.896,1.0,0.017,-0.018,-0.005,-0.546,0.248,-0.128,0.203,0.315,-0.247
0.294,0.912,0.892,1.0,0.004,0.0,-0.001,-0.585,0.22,-0.187,-0.946,1.844,0.049
0.273,0.921,0.891,1.0,0.02,-0.02,-0.004,-0.544,0.227,-0.086,0.205,0.241,-0.065
0.229,0.937,0.886,1.0,0.001,0.004,0.005,-0.909,0.239,-0.232,-2.508,2.897,0.888
0.226,0.939,0.888,0.999,0.029,-0.019,-0.006,-0.731,0.248,-0.085,0.835,0.136,-0.42
0.184,0.952,0.882,1.0,0.013,-0.011,0.001,-0.592,0.194,-0.117,-0.767,0.88,0.475
0.162,0.958,0.881,1.0,0.02,-0.023,-0.003,-0.56,0.168,-0.069,0.002,-0.036,0.017
0.121,0.969,0.877,1.0,0.019,-0.017,-0.009,-0.678,0.148,-0.113,-0.189,0.784,-1.045
0.112,0.971,0.878,1.0,0.018,-0.022,-0.005,-0.591,0.13,0.002,-0.787,-0.475,0.189
0.085,0.977,0.881,1.0,0.015,-0.019,-0.0,-0.576,0.16,0.043,0.655,0.12,0.271
0.079,0.978,0.882,0.999,0.023,-0.023,-0.002,-0.567,0.121,0.072,0.903,-0.219,0.046
0.043,0.985,0.89,0.999,0.024,-0.024,-0.003,-0.576,0.108,0.111,0.161,-0.069,-0.056
0.034,0.986,0.891,0.999,0.021,-0.024,-0.005,-0.567,0.077,0.091,-0.082,-0.103,-0.193
0.0,0.991,0.895,0.999,0.021,-0.026,-0.003,-0.573,0.076,0.087,-0.294,-0.478,0.17
-0.021,0.993,0.895,0.999,0.028,-0.019,-0.006,-0.587,0.074,0.001,0.36,0.447,-0.172
-0.021,0.993,0.895,0.999,0.028,-0.019,-0.006,-0.587,0.074,0.001,0.36,0.447,-0.172
-0.057,0.996,0.897,0.999,0.024,-0.022,-0.005,-0.644,0.021,0.03,-0.249,-0.356,0.19
-0.107,0.999,0.894,0.999,0.029,-0.02,-0.004,-0.593,0.017,-0.079,-0.093,0.305,0.162
-0.113,0.998,0.893,0.999,0.026,-0.022,-0.006,-0.558,-0.004,-0.07,-0.251,-0.059,0.008
-0.165,0.998,0.884,0.999,0.027,-0.021,-0.004,-0.583,-0.014,-0.104,0.126,-0.11,0.068
-0.177,0.998,0.881,1.0,0.024,-0.014,-0.007,-0.576,-0.015,-0.095,-0.039,0.571,-0.245
-0.217,0.995,0.875,0.999,0.034,-0.016,-0.008,-0.599,-0.034,-0.094,0.884,0.444,-0.224
-0.237,0.994,0.874,1.0,0.016,-0.021,-0.003,-0.617,-0.037,-0.066,-1.077,-0.452,0.363
-0.264,0.99,0.872,1.0,0.02,-0.018,-0.007,-0.607,-0.076,-0.063,-0.374,0.051,-0.142
-0.283,0.988,0.87,1.0,0.022,-0.018,-0.005,-0.62,-0.07,-0.105,-0.143,0.276,0.166
-0.315,0.983,0.867,1.0,0.017,-0.024,-0.005,-0.588,-0.093,-0.048,-0.343,-0.562,0.015
-0.315,0.983,0.867,1.0,0.017,-0.024,-0.005,-0.588,-0.093,-0.048,-0.343,-0.562,0.015
-0.338,0.98,0.864,1.0,0.019,-0.022,-0.005,-0.582,-0.105,-0.042,0.177,-0.648,-0.202
-0.375,0.973,0.86,1.0,0.019,-0.013,-0.004,-0.653,-0.098,-0.022,-0.118,0.957,0.248
-0.375,0.973,0.86,1.0,0.019,-0.013,-0.004,-0.653,-0.098,-0.022,-0.118,0.957,0.248
-0.409,0.966,0.857,1.0,0.019,-0.016,-0.003,-0.593,-0.123,-0.056,0.012,0.157,0.218
-0.463,0.954,0.857,1.0,0.019,-0.015,-0.005,-0.628,-0.151,0.052,0.36,0.112,-0.06
-0.471,0.953,0.858,1.0,0.018,-0.015,-0.004,-0.62,-0.131,0.06,0.051,0.084,0.098
-0.514,0.942,0.865,1.0,0.018,-0.015,-0.005,-0.577,-0.168,0.091,-0.105,-0.207,-0.059
-0.533,0.936,0.869,1.0,0.019,-0.011,-0.006,-0.651,-0.175,0.129,-0.082,-0.136,0.008
-0.568,0.927,0.88,1.0,0.021,-0.011,-0.004,-0.62,-0.164,0.19,-0.187,0.25,0.09
-0.589,0.92,0.888,1.0,0.017,-0.014,-0.002,-0.543,-0.143,0.214,-0.303,-0.362,0.345
-0.631,0.906,0.904,1.0,0.02,-0.011,-0.008,-0.553,-0.193,0.254,0.017,-0.013,-0.105
-0.64,0.904,0.909,0.999,0.02,-0.027,-0.005,-0.553,-0.141,0.269,0.098,-1.543,0.147
-0.678,0.889,0.928,1.0,0.017,-0.012,-0.007,-0.534,-0.199,0.328,-0.285,0.04,-0.084
-0.696,0.882,0.937,1.0,0.018,-0.013,-0.008,-0.54,-0.212,0.285,-0.155,-0.02,-0.103
-0.739,0.867,0.956,1.0,0.019,-0.011,-0.006,-0.548,-0.193,0.202,-0.032,-0.009,0.052
-0.745,0.864,0.957,1.0,0.017,-0.009,-0.005,-0.535,-0.187,0.171,-0.266,0.148,0.127
-0.794,0.844,0.961,1.0,0.018,-0.008,-0.006,-0.523,-0.217,-0.005,-0.092,-0.323,0.142
-0.803,0.841,0.96,1.0,0.017,-0.004,-0.007,-0.538,-0.225,-0.058,-0.133,0.125,-0.041
-0.838,0.825,0.955,1.0,0.019,-0.002,-0.009,-0.527,-0.239,-0.075,0.311,0.14,-0.202
-0.849,0.821,0.953,1.0,0.019,-0.002,-0.006,-0.494,-0.201,-0.087,0.171,0.226,0.075
-0.879,0.806,0.946,1.0,0.016,-0.006,-0.007,-0.479,-0.247,-0.089,-0.047,-0.025,-0.084
-0.884,0.804,0.945,1.0,0.016,0.006,-0.011,-0.503,-0.242,-0.109,-0.139,0.844,-0.341
-0.915,0.788,0.94,1.0,0.015,-0.011,-0.006,-0.476,-0.248,-0.059,-0.271,-1.037,0.289
-0.919,0.786,0.94,1.0,0.015,-0.006,-0.007,-0.458,-0.251,-0.033,-0.481,-0.657,0.263
-0.938,0.776,0.937,1.0,0.016,-0.008,-0.007,-0.433,-0.271,-0.053,-0.125,-0.53,0.09
-0.96,0.764,0.936,1.0,0.022,0.002,-0.006,-0.493,-0.285,-0.075,0.362,0.722,-0.168
-0.989,0.747,0.936,0.999,0.03,0.01,-0.011,-0.428,-0.265,-0.021,0.476,0.558,-0.231
-1.007,0.735,0.938,1.0,0.025,0.006,-0.006,-0.404,-0.281,0.036,0.17,0.144,0.022
-1.02,0.726,0.939,1.0,0.023,0.003,-0.008,-0.385,-0.297,0.02,-0.087,-0.052,-0.082
-1.042,0.71,0.94,1.0,0.026,0.004,-0.007,-0.396,-0.302,0.018,0.028,-0.129,0.174
-1.042,0.71,0.94,1.0,0.026,0.004,-0.007,-0.396,-0.302,0.018,0.028,-0.129,0.174
-1.064,0.691,0.941,1.0,0.024,0.011,-0.009,-0.343,-0.314,0.016,-0.219,0.566,-0.171
-1.086,0.67,0.942,1.0,0.027,0.007,-0.008,-0.314,-0.338,0.019,0.214,-0.209,-0.16
-1.096,0.661,0.942,1.0,0.026,0.006,-0.008,-0.314,-0.321,0.023,-0.356,-0.364,0.196
-1.115,0.638,0.943,1.0,0.025,0.003,-0.006,-0.283,-0.338,0.027,-0.226,-0.222,0.229
-1.118,0.635,0.943,1.0,0.028,0.004,-0.009,-0.444,-0.609,-0.025,1.132,1.613,-1.46
-1.134,0.614,0.942,1.0,0.027,0.002,-0.009,-0.282,-0.388,-0.004,-0.196,0.033,-0.085
-1.149,0.595,0.939,0.999,0.036,0.012,-0.012,-0.292,-0.361,-0.084,0.923,0.818,-0.382
-1.152,0.587,0.939,1.0,0.025,-0.001,-0.008,-0.216,-0.357,-0.045,0.08,-0.119,-0.079
-1.165,0.568,0.934,1.0,0.03,0.002,-0.006,-0.277,-0.411,-0.1,0.266,0.163,0.089
-1.168,0.563,0.933,1.0,0.029,0.009,-0.008,-0.242,-0.398,-0.103,0.147,0.613,0.002
-1.177,0.546,0.928,1.0,0.029,0.007,-0.008,-0.225,-0.406,-0.114,0.02,0.148,0.014
-1.193,0.511,0.917,1.0,0.03,0.003,-0.008,-0.199,-0.458,-0.139,-0.074,-0.129,-0.086
-1.196,0.504,0.915,0.999,0.032,0.003,-0.009,-0.189,-0.475,-0.109,-0.216,0.033,-0.142
-1.21,0.471,0.911,1.0,0.024,0.008,-0.002,-0.193,-0.443,-0.05,-0.618,0.542,0.59
-1.212,0.465,0.911,0.999,0.041,0.007,-0.014,-0.176,-0.441,-0.03,0.97,0.192,-0.618
-1.221,0.432,0.916,1.0,0.029,0.002,-0.008,-0.112,-0.46,0.104,-0.407,-0.316,0.191
-1.228,0.405,0.921,1.0,0.029,-0.005,-0.006,-0.104,-0.479,0.145,-0.527,-0.87,0.599
-1.232,0.388,0.924,0.999,0.03,-0.004,-0.01,-0.107,-0.51,0.112,-0.142,-0.536,-0.045
-1.233,0.383,0.925,0.999,0.032,0.001,-0.01,-0.115,-0.519,0.119,0.049,0.097,-0.064
-1.239,0.353,0.932,1.0,0.028,-0.006,-0.01,-0.097,-0.545,0.152,-0.319,-0.763,-0.117
-1.244,0.331,0.936,1.0,0.029,0.0,-0.009,-0.082,-0.55,0.098,-0.37,-0.121,0.148
-1.245,0.324,0.938,1.0,0.029,-0.006,-0.008,-0.089,-0.559,0.111,-0.242,-0.797,0.139
-1.248,0.308,0.94,0.999,0.033,0.007,-0.013,-0.109,-0.545,0.056,0.137,0.687,-0.335
-1.255,0.259,0.944,1.0,0.028,-0.0,-0.011,-0.077,-0.592,0.02,-0.159,0.018,-0.229
-1.256,0.255,0.944,1.0,0.024,0.002,-0.006,-0.088,-0.575,0.018,-0.795,0.03,0.485
-1.261,0.211,0.943,1.0,0.026,0.005,-0.013,-0.084,-0.633,-0.027,-0.24,0.26,-0.195
-1.262,0.192,0.942,0.999,0.032,0.006,-0.01,-0.067,-0.601,-0.058,0.383,0.55,-0.073
-1.266,0.152,0.938,1.0,0.023,-0.004,-0.008,-0.044,-0.609,-0.065,-0.305,-0.386,0.146
-1.267,0.137,0.936,1.0,0.021,-0.007,-0.008,-0.043,-0.566,-0.049,-0.242,-0.541,0.122
-1.27,0.09,0.93,1.0,0.017,-0.009,-0.01,-0.036,-0.558,-0.054,-0.115,-0.11,-0.123
-1.271,0.077,0.928,1.0,0.015,-0.01,-0.009,-0.029,-0.646,-0.088,-0.225,-0.101,0.014
-1.272,0.053,0.925,1.0,0.013,-0.009,-0.007,-0.045,-0.576,-0.072,-0.283,0.061,0.093
-1.274,0.015,0.92,1.0,0.013,-0.013,-0.007,-0.031,-0.592,-0.073,-0.244,-0.272,0.226
-1.276,-0.002,0.918,1.0,0.021,-0.007,-0.013,-0.084,-0.59,-0.109,0.707,0.632,-0.402
-1.276,-0.012,0.918,1.0,0.014,-0.013,-0.008,-0.024,-0.582,-0.036,-0.188,-0.37,0.384
-1.277,-0.021,0.917,1.0,0.014,-0.012,-0.009,-0.035,-0.616,-0.033,0.086,0.237,0.037
-1.28,-0.063,0.912,1.0,0.01,-0.017,-0.007,-0.033,-0.592,-0.075,0.121,-0.292,0.248
-1.281,-0.082,0.907,1.0,0.01,-0.008,-0.008,-0.031,-0.591,-0.118,-0.184,0.284,0.038
-1.283,-0.098,0.902,1.0,0.003,0.0,-0.007,-0.049,-0.55,-0.17,-0.628,0.818,0.139
-1.285,-0.129,0.893,1.0,0.011,-0.012,-0.006,-0.041,-0.592,-0.208,-0.027,-0.405,0.304
-1.285,-0.134,0.891,1.0,0.008,-0.008,-0.008,-0.037,-0.59,-0.21,-0.309,0.026,0.035
-1.287,-0.157,0.882,1.0,0.008,-0.013,-0.009,-0.034,-0.562,-0.212,-0.13,-0.394,0.06
-1.289,-0.187,0.87,1.0,0.011,-0.01,-0.009,-0.035,-0.545,-0.207,-0.072,-0.333,0.004
-1.289,-0.191,0.868,1.0,0.01,-0.007,-0.009,-0.032,-0.556,-0.22,-0.251,0.027,0.009
-1.29,-0.207,0.861,1.0,0.016,0.001,-0.012,-0.038,-0.57,-0.241,0.053,0.055,0.029
-1.292,-0.24,0.851,1.0,0.019,-0.003,-0.012,-0.039,-0.524,-0.158,0.5,-0.016,-0.182
-1.293,-0.245,0.849,1.0,0.017,0.005,-0.014,-0.077,-0.622,-0.264,0.726,2.216,-1.037
-1.293,-0.281,0.848,1.0,0.014,-0.005,-0.01,-0.019,-0.56,-0.005,-0.076,0.014,-0.068
-1.293,-0.285,0.848,1.0,0.014,-0.007,-0.01,-0.025,-0.543,0.023,-0.083,-0.146,-0.048
-1.293,-0.307,0.85,1.0,0.019,-0.004,-0.009,0.003,-0.561,0.066,0.019,-0.02,-0.003
-1.294,-0.335,0.852,1.0,0.016,0.001,-0.009,0.013,-0.517,0.073,-0.368,-0.304,0.301
-1.294,-0.335,0.852,1.0,0.016,0.001,-0.009,0.013,-0.517,0.073,-0.368,-0.304,0.301
-1.293,-0.367,0.855,1.0,0.015,-0.002,-0.008,0.024,-0.512,0.057,-0.18,-0.31,0.113
-1.292,-0.385,0.858,1.0,0.014,-0.003,-0.009,0.026,-0.506,0.111,-0.199,-0.478,0.171
-1.291,-0.405,0.861,1.0,0.015,-0.002,-0.01,0.042,-0.524,0.115,-0.243,-0.366,0.106
-1.288,-0.439,0.869,1.0,0.018,0.004,-0.009,0.073,-0.517,0.182,-0.161,-0.335,0.322
-1.288,-0.439,0.869,1.0,0.018,0.004,-0.009,0.073,-0.517,0.182,-0.161,-0.335,0.322
-1.284,-0.477,0.876,1.0,0.016,0.003,-0.009,0.053,-0.478,0.1,0.042,-0.048,0.057
-1.276,-0.531,0.885,1.0,0.015,0.004,-0.009,0.089,-0.514,0.11,-0.15,-0.133,0.104
-1.269,-0.569,0.893,1.0,0.014,0.006,-0.01,0.115,-0.495,0.128,-0.454,-0.417,0.168
-1.268,-0.575,0.894,1.0,0.016,0.005,-0.01,0.116,-0.494,0.115,-0.077,-0.245,0.105
-1.259,-0.612,0.902,1.0,0.022,0.014,-0.013,0.103,-0.486,0.08,0.776,0.53,-0.286
-1.256,-0.62,0.905,1.0,0.014,0.007,-0.009,0.153,-0.465,0.124,-0.226,-0.267,0.133
-1.242,-0.663,0.912,1.0,0.014,0.011,-0.009,0.188,-0.451,0.127,-0.236,-0.518,0.268
-1.239,-0.672,0.914,1.0,0.012,0.011,-0.008,0.184,-0.482,0.086,-0.202,-0.035,0.198
-1.224,-0.712,0.921,1.0,0.016,0.016,-0.01,0.209,-0.506,0.12,0.209,0.479,-0.068
-1.22,-0.72,0.923,1.0,0.014,0.014,-0.012,0.207,-0.503,0.1,-0.145,0.125,-0.266
-1.201,-0.758,0.93,1.0,0.014,0.014,-0.008,0.255,-0.49,0.104,-0.03,-0.205,0.225
-1.196,-0.768,0.932,1.0,0.013,0.012,-0.011,0.269,-0.491,0.102,-0.128,-0.467,0.085
-1.171,-0.811,0.939,1.0,0.012,0.011,-0.01,0.299,-0.448,0.115,-0.188,-0.491,0.115
-1.167,-0.818,0.94,1.0,0.012,0.017,-0.006,0.287,-0.429,0.079,-0.133,-0.004,0.407
-1.139,-0.861,0.943,1.0,0.014,0.022,-0.016,0.323,-0.499,0.009,0.03,0.315,-0.466
-1.133,-0.869,0.944,1.0,0.012,0.012,-0.01,0.362,-0.497,0.041,-0.343,-0.789,0.348
-1.103,-0.906,0.954,1.0,0.013,0.005,-0.009,0.379,-0.412,0.165,0.056,-0.631,0.14
-1.096,-0.915,0.957,0.999,0.047,0.01,-0.011,0.35,-0.373,0.144,3.183,-0.138,0.023
-1.062,-0.955,0.967,1.0,0.013,0.007,-0.009,0.418,-0.461,0.105,-0.096,-0.375,0.191
-1.057,-0.963,0.968,1.0,0.015,0.014,-0.015,0.384,-0.483,0.083,-0.023,0.217,-0.37
-1.027,-0.994,0.971,1.0,0.015,0.014,-0.014,0.419,-0.433,0.025,0.136,0.26,-0.171
-1.02,-1.002,0.971,1.0,0.016,0.016,-0.015,0.423,-0.453,0.013,0.159,0.183,-0.291
-0.99,-1.032,0.97,1.0,0.01,0.009,-0.012,0.468,-0.49,-0.0,-0.741,-0.588,-0.005
-0.969,-1.051,0.967,1.0,0.009,0.01,-0.009,0.465,-0.414,-0.046,-0.17,-0.312,0.169
-0.934,-1.083,0.96,1.0,0.008,0.009,-0.009,0.501,-0.419,-0.069,-0.184,-0.348,0.181
-0.926,-1.091,0.957,1.0,0.015,0.02,-0.016,0.461,-0.412,-0.126,0.633,0.804,-0.4
-0.894,-1.122,0.95,0.998,-0.059,0.022,-0.011,0.454,-0.515,-0.14,-4.854,0.864,-0.111
-0.875,-1.133,0.945,1.0,0.013,0.01,-0.015,0.481,-0.337,-0.123,1.941,0.482,-0.433
-0.831,-1.168,0.939,1.0,0.002,0.007,-0.007,0.48,-0.406,-0.067,-0.417,0.703,0.298
-0.824,-1.173,0.939,1.0,0.005,-0.001,-0.012,0.549,-0.425,-0.033,0.021,-0.306,-0.235
-0.772,-1.211,0.93,1.0,-0.005,0.006,-0.005,0.524,-0.397,-0.122,-0.897,0.466,0.816
-0.729,-1.239,0.921,1.0,0.002,-0.005,-0.006,0.523,-0.4,-0.117,-1.249,0.022,0.125
-0.718,-1.245,0.918,1.0,0.009,-0.004,-0.012,0.536,-0.284,-0.126,-0.04,-0.162,-0.046
-0.674,-1.274,0.906,1.0,0.008,-0.001,-0.012,0.529,-0.31,-0.148,0.352,-0.004,-0.12
-0.665,-1.279,0.903,1.0,0.011,0.0,-0.015,0.501,-0.281,-0.189,0.796,0.212,-0.262
-0.622,-1.305,0.884,1.0,-0.006,-0.008,-0.013,0.561,-0.389,-0.274,-0.947,-0.248,-0.621
-0.614,-1.308,0.88,1.0,-0.007,-0.01,-0.011,0.551,-0.307,-0.234,-0.682,-0.831,0.026
-0.573,-1.327,0.856,0.999,0.035,0.002,-0.019,0.475,-0.105,-0.275,3.743,0.563,-0.675
-0.56,-1.336,0.849,1.0,-0.0,-0.001,-0.015,0.497,-0.299,-0.286,-0.002,0.462,-0.299
-0.52,-1.354,0.833,1.0,-0.007,-0.012,-0.01,0.544,-0.201,-0.175,0.453,-0.54,0.066
-0.51,-1.359,0.828,1.0,0.0,-0.004,-0.013,0.529,-0.214,-0.218,0.938,0.214,-0.04
-0.484,-1.369,0.821,1.0,-0.015,-0.011,-0.01,0.533,-0.216,-0.127,-1.045,-0.659,0.277
-0.48,-1.369,0.819,1.0,-0.014,-0.008,-0.011,0.533,-0.141,-0.175,-0.588,-0.163,-0.0
-0.442,-1.384,0.806,1.0,-0.007,-0.006,-0.015,0.702,-0.168,-0.316,-1.645,2.528,0.043
-0.423,-1.388,0.804,1.0,-0.019,-0.011,-0.017,0.528,-0.198,-0.091,-0.768,0.56,-0.557
-0.405,-1.39,0.802,1.0,-0.005,0.002,-0.022,0.495,-0.063,-0.092,0.981,1.166,-0.969
-0.368,-1.396,0.81,1.0,-0.022,-0.004,-0.013,0.615,-0.146,0.229,0.686,-1.081,-0.545
-0.362,-1.394,0.812,1.0,-0.02,-0.008,0.001,0.561,-0.019,0.213,0.188,-0.713,1.171
-0.319,-1.398,0.829,1.0,-0.025,-0.006,-0.015,0.556,-0.022,0.299,-0.66,-0.739,-0.325
-0.308,-1.395,0.833,1.0,-0.02,-0.0,-0.013,0.517,0.09,0.252,-0.128,0.23,0.195
-0.269,-1.392,0.855,1.0,-0.022,0.0,-0.017,0.548,0.055,0.374,-0.582,-0.567,0.14
-0.262,-1.388,0.86,1.0,-0.002,-0.012,-0.006,0.477,0.178,0.343,1.433,-1.58,1.283
-0.226,-1.381,0.892,1.0,-0.01,-0.001,-0.013,0.528,0.106,0.478,0.495,0.188,-0.014
-0.21,-1.374,0.908,1.0,-0.007,0.01,-0.022,0.5,0.206,0.47,0.711,0.563,-0.976
-0.18,-1.365,0.933,1.0,-0.008,0.007,-0.018,0.515,0.159,0.407,0.751,-0.049,-0.288
-0.162,-1.358,0.945,1.0,-0.005,-0.013,-0.014,0.545,0.228,0.356,1.082,-1.762,-0.102
-0.119,-1.34,0.974,1.0,-0.025,0.005,-0.009,0.401,0.178,0.273,-0.316,-0.943,0.135
-0.106,-1.334,0.982,1.0,-0.015,0.013,-0.013,0.547,0.26,0.308,0.157,0.665,0.028
-0.064,-1.315,1.002,1.0,-0.005,0.003,-0.017,0.559,0.3,0.241,0.28,-0.338,-0.134
-0.056,-1.312,1.004,1.0,-0.007,-0.004,-0.013,0.547,0.288,0.178,0.283,-1.546,0.038
-0.012,-1.292,1.012,1.0,0.004,0.006,-0.017,0.585,0.243,0.054,0.843,-0.292,-0.164
0.002,-1.284,1.012,1.0,0.004,0.003,-0.015,0.597,0.291,0.008,0.61,-0.447,-0.052
0.027,-1.272,1.008,1.0,0.016,0.008,-0.023,0.542,0.315,-0.106,1.283,-0.045,-0.618
0.035,-1.268,1.008,1.0,0.008,0.01,-0.02,0.467,0.239,-0.072,0.012,0.153,-0.049
0.078,-1.246,0.991,0.999,0.01,0.011,-0.03,0.529,0.335,-0.237,-0.481,0.2,-1.044
0.078,-1.246,0.991,0.999,0.01,0.011,-0.03,0.529,0.335,-0.237,-0.481,0.2,-1.044
0.117,-1.23,0.964,1.0,0.001,0.006,-0.014,0.607,0.19,-0.523,-1.569,0.472,-0.247
0.137,-1.221,0.947,1.0,0.013,0.001,-0.018,0.591,0.2,-0.513,-0.333,0.54,0.109
0.137,-1.221,0.947,1.0,0.013,0.001,-0.018,0.591,0.2,-0.513,-0.333,0.54,0.109
0.169,-1.205,0.906,0.999,0.02,0.004,-0.027,0.587,0.256,-0.75,0.449,0.126,-0.65
0.193,-1.194,0.879,1.0,0.008,-0.011,-0.02,0.604,0.246,-0.627,-0.962,-1.155,0.228
0.193,-1.194,0.879,1.0,0.008,-0.011,-0.02,0.604,0.246,-0.627,-0.962,-1.155,0.228
0.226,-1.181,0.843,1.0,0.014,-0.013,-0.019,0.575,0.219,-0.588,-0.096,0.006,0.292
0.246,-1.171,0.819,1.0,0.014,0.006,-0.018,0.533,0.199,-0.643,-2.403,1.186,0.605
0.276,-1.159,0.792,0.999,0.025,-0.003,-0.031,0.547,0.193,-0.498,0.776,-0.027,-0.819
0.283,-1.155,0.787,1.0,0.015,-0.005,-0.02,0.448,0.233,-0.373,0.07,-0.182,0.171
0.323,-1.141,0.764,0.999,0.03,-0.031,-0.032,0.485,0.134,-0.164,1.401,-1.62,-0.916
0.337,-1.136,0.755,1.0,0.01,-0.008,-0.021,0.547,0.145,-0.262,-0.521,0.417,0.012
0.388,-1.115,0.735,0.999,0.016,-0.019,-0.022,0.556,0.199,-0.163,0.302,-1.169,-0.364
0.394,-1.113,0.732,1.0,0.016,-0.009,-0.023,0.529,0.181,-0.206,0.619,-0.22,-0.305
0.42,-1.104,0.732,0.999,0.018,-0.01,-0.025,0.561,0.199,-0.01,1.028,-0.079,-0.186
0.424,-1.101,0.733,1.0,0.011,-0.012,-0.019,0.543,0.239,0.05,0.122,-0.19,0.37
0.443,-1.096,0.741,1.0,0.008,-0.007,-0.019,0.546,0.178,0.26,-0.105,-0.111,0.394
0.476,-1.082,0.756,1.0,0.006,-0.012,-0.025,0.535,0.207,0.238,-1.424,-0.326,-0.229
0.497,-1.074,0.767,1.0,0.006,-0.018,-0.022,0.525,0.22,0.291,-0.066,-0.97,0.049
0.519,-1.064,0.776,1.0,-0.006,-0.009,-0.014,0.442,0.28,0.205,-1.243,-0.294,0.936
0.528,-1.063,0.78,1.0,-0.0,-0.008,-0.028,0.683,0.106,0.521,-3.198,-2.449,0.235
0.534,-1.06,0.782,1.0,-0.001,-0.01,-0.024,0.597,0.17,0.386,-1.475,-1.675,-0.1
0.575,-1.042,0.798,0.999,-0.004,-0.024,-0.022,0.5,0.21,0.209,-0.041,-1.667,-0.09
0.583,-1.038,0.8,1.0,0.002,-0.005,-0.025,0.385,0.158,0.107,0.883,0.306,-0.486
0.616,-1.021,0.812,0.999,0.014,-0.025,-0.026,0.386,0.333,0.038,2.69,-2.087,-0.552
0.629,-1.015,0.819,1.0,-0.009,-0.007,-0.021,0.535,0.363,0.199,-0.47,0.819,0.26
0.646,-1.006,0.825,1.0,-0.005,-0.006,-0.022,0.456,0.251,0.158,-0.682,0.637,0.048
0.668,-0.994,0.829,1.0,0.002,-0.007,-0.02,0.483,0.23,0.03,0.775,0.186,0.221
0.688,-0.981,0.832,1.0,-0.006,-0.011,-0.022,0.445,0.271,0.048,0.162,-0.174,0.048
0.706,-0.969,0.834,1.0,-0.006,-0.016,-0.024,0.44,0.294,0.011,0.164,-0.691,-0.038
0.727,-0.954,0.838,1.0,-0.006,-0.005,-0.026,0.434,0.322,0.076,0.6,0.175,-0.615
0.745,-0.942,0.844,0.999,-0.016,-0.019,-0.024,0.563,0.346,0.224,-2.072,-1.843,-0.38
0.748,-0.939,0.845,1.0,-0.008,-0.01,-0.021,0.535,0.363,0.228,-0.306,-1.009,-0.164
0.769,-0.923,0.854,1.0,-0.007,-0.006,-0.023,0.433,0.314,0.198,0.044,0.054,0.067
0.785,-0.909,0.863,1.0,-0.007,-0.011,-0.022,0.522,0.656,0.291,0.284,1.801,-0.197
0.79,-0.905,0.867,1.0,-0.007,-0.009,-0.022,0.474,0.502,0.298,-0.53,1.075,0.223
0.815,-0.885,0.878,0.996,-0.084,-0.016,-0.009,0.463,0.279,0.145,-8.573,-1.8,1.201
0.815,-0.885,0.878,0.996,-0.084,-0.016,-0.009,0.463,0.279,0.145,-8.573,-1.8,1.201
0.844,-0.856,0.887,1.0,-0.004,-0.011,-0.023,0.429,0.387,0.113,0.049,0.378,-0.02
0.872,-0.829,0.9,1.0,-0.001,-0.024,-0.013,0.451,0.404,0.209,0.261,-0.622,0.899
0.886,-0.814,0.908,1.0,0.0,-0.018,-0.019,0.405,0.402,0.19,0.971,-0.438,0.122
0.895,-0.801,0.914,1.0,-0.009,-0.001,-0.015,0.323,0.434,0.184,-1.281,1.437,0.739
0.907,-0.789,0.918,1.0,-0.001,-0.015,-0.024,0.364,0.428,0.118,0.236,0.041,-0.29
0.931,-0.763,0.926,0.999,-0.01,-0.022,-0.025,0.399,0.358,0.118,-0.674,-0.682,-0.055
0.931,-0.763,0.926,0.999,-0.01,-0.022,-0.025,0.399,0.358,0.118,-0.674,-0.682,-0.055
0.942,-0.746,0.926,1.0,-0.002,-0.01,-0.026,0.335,0.442,0.024,0.014,0.492,-0.188
0.961,-0.722,0.927,1.0,-0.002,-0.016,-0.024,0.339,0.47,0.003,0.331,0.213,-0.117
0.981,-0.694,0.927,0.999,0.001,-0.018,-0.026,0.613,0.81,-0.022,-5.396,5.068,0.297
0.984,-0.688,0.927,1.0,0.006,-0.011,-0.026,0.467,0.677,0.001,-1.748,2.471,-0.194
1.008,-0.65,0.925,1.0,-0.01,-0.015,-0.02,0.292,0.532,-0.049,-0.664,0.019,0.362
1.02,-0.633,0.922,1.0,-0.006,-0.022,-0.021,0.306,0.484,-0.001,-0.663,0.12,0.15
1.038,-0.601,0.918,1.0,0.002,-0.014,-0.025,0.279,0.436,-0.079,0.533,0.281,-0.317
1.042,-0.592,0.917,0.999,-0.016,-0.021,-0.02,0.254,0.524,-0.049,-1.252,-0.447,0.317
1.066,-0.542,0.92,0.999,0.003,-0.021,-0.024,0.23,0.511,0.046,0.648,0.029,-0.152
1.084,-0.497,0.931,1.0,0.001,-0.021,-0.022,0.306,0.638,0.206,0.003,-0.511,-0.579
1.087,-0.487,0.933,1.0,-0.005,-0.015,-0.018,0.213,0.61,0.152,-0.466,0.305,0.228
1.1,-0.447,0.946,1.0,-0.005,-0.015,-0.015,0.14,0.608,0.166,-0.58,0.585,0.858
1.107,-0.428,0.953,0.999,-0.002,-0.026,-0.02,0.191,0.522,0.176,0.137,-0.378,-0.108
1.116,-0.393,0.965,0.999,0.007,-0.021,-0.023,0.165,0.534,0.194,0.366,0.617,-0.15
1.119,-0.379,0.972,0.999,-0.001,-0.028,-0.022,0.143,0.551,0.291,0.065,-0.301,-0.176
1.124,-0.352,0.983,0.999,-0.002,-0.035,-0.022,0.144,0.648,0.311,0.138,-0.821,-0.304
1.127,-0.334,0.99,1.0,-0.005,-0.024,-0.019,0.096,0.575,0.232,-0.504,-0.164,0.034
1.132,-0.301,1.003,1.0,0.001,-0.018,-0.019,0.07,0.664,0.205,-0.165,0.5,0.276
1.132,-0.301,1.003,1.0,0.001,-0.018,-0.019,0.07,0.664,0.205,-0.165,0.5,0.276
1.136,-0.266,1.015,1.0,-0.002,-0.017,-0.017,0.027,0.638,0.182,-0.685,0.275,0.779
1.139,-0.224,1.026,1.0,-0.011,-0.015,-0.021,0.016,0.554,0.068,-1.301,0.608,0.145
1.14,-0.212,1.029,0.999,0.006,-0.03,-0.024,0.038,0.604,0.136,0.406,-0.844,-0.189
1.14,-0.168,1.03,0.999,0.01,-0.022,-0.025,0.0,0.615,-0.045,0.926,0.88,-0.323
1.14,-0.154,1.029,0.999,0.004,-0.023,-0.024,-0.008,0.576,-0.067,-0.222,0.525,-0.06
1.138,-0.112,1.026,0.999,0.008,-0.027,-0.025,-0.047,0.585,-0.027,0.218,-0.032,0.081
1.136,-0.096,1.026,0.999,0.003,-0.023,-0.024,-0.045,0.545,0.008,-1.056,0.198,0.198
1.132,-0.056,1.023,0.999,0.003,-0.024,-0.025,-0.189,0.987,-0.318,2.143,3.328,-0.922
1.129,-0.038,1.021,0.999,0.005,-0.023,-0.025,-0.089,0.611,-0.106,0.551,0.521,-0.194
1.123,-0.001,1.014,0.999,0.002,-0.025,-0.025,-0.087,0.566,-0.105,-0.215,-0.582,0.079
1.119,0.019,1.008,0.999,0.007,-0.025,-0.025,-0.098,0.568,-0.156,0.555,-0.051,-0.015
1.112,0.051,0.995,0.999,0.009,-0.03,-0.025,-0.118,0.569,-0.207,0.366,-0.556,-0.048
1.108,0.069,0.985,0.999,0.007,-0.024,-0.025,-0.128,0.604,-0.289,-0.28,-0.229,0.292
1.099,0.104,0.97,0.999,0.011,-0.035,-0.029,-0.131,0.547,-0.173,0.378,-1.21,-0.173
1.093,0.126,0.963,0.999,0.011,-0.024,-0.024,-0.13,0.521,-0.139,0.268,0.051,0.235
1.082,0.159,0.964,0.999,0.007,-0.026,-0.027,-0.17,0.544,0.059,0.052,-0.177,-0.152
1.079,0.17,0.968,0.999,0.014,-0.022,-0.027,-0.149,0.542,0.196,1.356,-0.848,-0.426
1.06,0.218,1.005,0.999,0.004,-0.024,-0.025,-0.195,0.505,0.516,-0.217,-0.25,0.106
1.058,0.225,1.011,0.999,0.004,-0.021,-0.028,-0.199,0.501,0.503,-0.07,0.288,-0.136
1.035,0.277,1.064,0.999,0.005,-0.027,-0.027,-0.225,0.516,0.508,-0.035,-0.328,0.023
1.026,0.299,1.083,0.999,0.003,-0.025,-0.027,-0.226,0.514,0.449,-0.158,-0.419,-0.005
1.023,0.306,1.091,0.999,0.001,-0.025,-0.028,-0.245,0.557,0.545,-0.285,0.038,-0.227
1.01,0.333,1.113,0.999,0.008,-0.021,-0.023,-0.213,0.478,0.409,0.34,0.069,0.344
1.002,0.35,1.127,0.999,0.003,-0.026,-0.026,-0.234,0.497,0.407,-0.049,-0.561,0.058
0.999,0.356,1.131,0.999,0.006,-0.014,-0.029,-0.247,0.52,0.376,0.195,0.512,-0.033
0.991,0.373,1.141,0.999,0.003,-0.021,-0.026,-0.244,0.503,0.313,-0.116,0.115,-0.052
0.974,0.406,1.155,0.999,0.003,-0.022,-0.026,-0.255,0.492,0.171,-0.015,-0.074,0.064
0.957,0.44,1.158,0.999,0.005,-0.024,-0.027,-0.266,0.522,0.033,0.069,-0.215,-0.064
0.955,0.444,1.158,0.999,0.004,-0.03,-0.026,-0.261,0.507,0.001,-0.062,-0.67,0.049
0.94,0.473,1.153,0.999,0.001,-0.027,-0.026,-0.258,0.49,-0.087,-0.165,0.088,0.017
0.929,0.492,1.144,0.999,0.005,-0.024,-0.027,-0.273,0.516,-0.184,-0.098,-0.185,0.109
0.929,0.492,1.144,0.999,0.005,-0.024,-0.027,-0.273,0.516,-0.184,-0.098,-0.185,0.109
0.911,0.525,1.127,0.999,0.005,-0.028,-0.027,-0.276,0.52,-0.265,0.126,-0.053,-0.096
0.887,0.566,1.101,0.999,0.005,-0.023,-0.026,-0.293,0.51,-0.294,0.004,0.119,0.017
0.882,0.574,1.096,0.999,0.008,-0.021,-0.027,-0.283,0.474,-0.315,0.21,0.233,-0.018
0.86,0.609,1.066,0.999,0.018,-0.02,-0.028,-0.318,0.503,-0.473,0.495,0.61,-0.069
0.855,0.617,1.058,0.999,0.011,-0.028,-0.027,-0.313,0.493,-0.477,-0.2,-0.053,0.044
0.823,0.663,1.013,0.999,0.01,-0.039,-0.026,-0.349,0.497,-0.491,-0.103,-0.531,0.029
0.819,0.669,1.007,0.999,0.013,-0.031,-0.027,-0.327,0.475,-0.443,0.216,-0.114,-0.121
0.791,0.706,0.972,0.999,0.017,-0.029,-0.027,-0.367,0.463,-0.451,0.221,0.295,-0.018
0.785,0.713,0.966,0.999,0.012,-0.032,-0.026,-0.294,0.37,-0.326,-0.359,-0.232,0.157
0.764,0.74,0.944,0.999,0.016,-0.027,-0.026,-0.374,0.441,-0.365,0.13,0.565,0.042
0.761,0.742,0.939,0.999,0.009,-0.031,-0.028,-0.345,0.382,-0.431,-0.533,0.181,-0.183
0.746,0.76,0.926,0.999,0.016,-0.037,-0.025,-0.4,0.451,-0.373,-0.018,-0.316,0.1
0.729,0.777,0.911,0.999,0.016,-0.035,-0.026,-0.422,0.413,-0.375,0.061,0.26,-0.278
0.71,0.797,0.894,0.999,0.017,-0.035,-0.025,-0.509,0.537,-0.41,-0.182,-0.78,-0.087
0.688,0.817,0.879,0.999,0.01,-0.033,-0.015,-0.434,0.435,-0.33,0.17,-0.117,1.136
0.688,0.817,0.879,0.999,0.01,-0.033,-0.015,-0.434,0.435,-0.33,0.17,-0.117,1.136
0.66,0.842,0.864,0.998,0.021,-0.049,-0.025,-0.464,0.411,-0.223,0.091,-1.368,0.205
0.642,0.855,0.859,0.999,0.019,-0.035,-0.026,-0.478,0.351,-0.142,-0.416,0.332,-0.021
0.622,0.87,0.858,0.999,0.017,-0.037,-0.026,-0.476,0.353,0.0,-0.385,-0.559,-0.063
0.598,0.886,0.86,0.999,0.023,-0.038,-0.025,-0.505,0.346,0.053,0.353,-0.334,-0.1
0.587,0.893,0.86,0.999,0.029,-0.036,-0.025,-0.537,0.353,0.025,0.624,0.324,-0.136
0.574,0.901,0.862,0.999,0.023,-0.042,-0.024,-0.525,0.317,0.053,0.038,-0.195,0.064
0.539,0.92,0.872,0.999,0.017,-0.033,-0.021,-0.578,0.31,0.198,-1.22,-0.142,0.584
0.527,0.926,0.878,0.999,0.025,-0.038,-0.025,-0.561,0.274,0.244,-0.011,-0.386,0.043
0.52,0.93,0.881,0.999,0.021,-0.035,-0.024,-0.574,0.29,0.246,-0.107,0.004,-0.036
0.493,0.943,0.892,0.999,0.018,-0.032,-0.02,-0.61,0.287,0.222,-0.542,0.428,0.339
0.449,0.961,0.912,1.0,0.01,-0.015,-0.017,-0.678,0.276,0.242,-1.425,1.664,0.58
0.44,0.964,0.92,0.999,0.023,-0.037,-0.025,-0.901,0.372,0.39,-0.916,1.048,0.239
0.392,0.981,0.939,0.999,0.028,-0.027,-0.027,-0.655,0.236,0.229,1.091,0.067,-0.299
0.376,0.987,0.946,0.999,0.022,-0.033,-0.021,-0.617,0.227,0.244,0.014,-0.248,0.28
0.324,1.002,0.956,0.999,0.027,-0.027,-0.026,-0.695,0.177,0.078,-0.875,0.397,0.11
0.313,1.005,0.956,0.999,0.021,-0.025,-0.022,-0.767,0.203,0.049,-0.971,0.275,0.357
0.263,1.018,0.953,0.999,0.023,-0.025,-0.024,-0.674,0.158,-0.099,-0.058,0.224,-0.065
0.246,1.022,0.949,0.999,0.023,-0.027,-0.024,-0.689,0.168,-0.125,-0.076,0.032,0.035
0.181,1.035,0.927,0.999,0.019,-0.02,-0.022,-0.706,0.145,-0.275,-0.308,0.124,0.054
0.169,1.037,0.92,1.0,0.006,0.003,-0.011,-0.68,0.132,-0.346,-0.93,1.318,0.628
0.139,1.042,0.908,0.999,0.025,-0.021,-0.024,-0.676,0.115,-0.314,0.627,-0.496,-0.31
0.13,1.044,0.901,1.0,0.019,-0.011,-0.02,-0.715,0.126,-0.405,-0.237,0.467,0.169
0.1,1.048,0.884,0.999,0.028,-0.024,-0.026,-0.692,0.103,-0.413,0.39,-0.58,-0.137
0.056,1.054,0.851,0.999,0.021,-0.009,-0.027,-0.758,0.027,-0.602,-2.459,1.434,-0.743
0.043,1.055,0.843,0.999,0.023,-0.019,-0.024,-0.741,0.039,-0.534,-0.987,0.188,-0.121
-0.043,1.061,0.788,0.999,0.026,-0.015,-0.024,-0.689,0.044,-0.428,-0.207,0.262,0.032
-0.095,1.062,0.76,0.999,0.029,-0.019,-0.026,-0.712,0.047,-0.339,0.28,0.129,-0.397
-0.149,1.06,0.734,0.999,0.026,-0.022,-0.022,-0.645,-0.034,-0.262,0.13,-0.236,0.102
-0.163,1.06,0.73,0.999,0.023,-0.018,-0.022,-0.666,-0.007,-0.234,-0.077,0.11,0.143
-0.218,1.055,0.72,0.999,0.02,-0.022,-0.026,-0.673,-0.064,-0.084,-0.312,-0.003,-0.341
-0.231,1.053,0.72,0.999,0.02,-0.019,-0.025,-0.662,-0.087,-0.046,-0.397,0.411,-0.199
-0.284,1.047,0.73,0.999,0.023,-0.026,-0.022,-0.666,-0.113,0.167,0.155,-0.338,0.072
-0.289,1.046,0.732,0.999,0.022,-0.025,-0.021,-0.533,-0.074,0.159,-0.012,-0.086,0.143
-0.346,1.037,0.761,0.999,0.021,-0.029,-0.022,-0.68,-0.101,0.436,0.129,-0.614,0.037
-0.36,1.034,0.771,0.999,0.019,-0.023,-0.024,-0.677,-0.139,0.48,-0.247,-0.132,0.024
-0.422,1.022,0.824,0.999,0.017,-0.029,-0.022,-0.739,-0.176,0.656,-0.112,-0.526,0.134
-0.48,1.01,0.878,0.999,0.022,-0.02,-0.023,-0.697,-0.165,0.66,0.298,0.304,-0.298
-0.495,1.006,0.892,0.999,0.022,-0.023,-0.023,-0.701,-0.182,0.664,0.063,-0.135,-0.036
-0.545,0.995,0.941,0.999,0.016,-0.022,-0.023,-0.697,-0.178,0.7,-0.242,-0.037,-0.08
-0.572,0.988,0.968,0.999,0.018,-0.023,-0.023,-0.713,-0.164,0.717,-0.031,0.04,-0.066
-0.604,0.98,1.0,0.999,0.016,-0.028,-0.02,-0.706,-0.171,0.735,-0.047,-0.566,0.136
-0.613,0.978,1.007,0.999,0.019,-0.023,-0.021,-0.712,-0.205,0.654,0.173,-0.232,0.031
-0.643,0.969,1.034,0.999,0.026,-0.036,-0.029,-0.703,-0.231,0.683,0.851,-1.43,-0.674
-0.679,0.961,1.058,0.999,0.014,-0.022,-0.019,-0.739,-0.166,0.527,-0.175,-0.547,0.319
-0.685,0.96,1.061,0.999,0.026,-0.01,-0.029,-0.763,-0.168,0.457,1.014,0.713,-0.67
-0.736,0.946,1.083,0.999,0.019,-0.003,-0.029,-0.763,-0.211,0.208,0.578,1.254,-0.851
-0.736,0.946,1.083,0.999,0.019,-0.003,-0.029,-0.763,-0.211,0.208,0.578,1.254,-0.851
-0.805,0.927,1.092,1.0,0.014,-0.012,-0.022,-0.727,-0.198,0.021,-0.231,-0.259,0.153
-0.805,0.927,1.092,1.0,0.014,-0.012,-0.022,-0.727,-0.198,0.021,-0.231,-0.259,0.153
-0.84,0.917,1.088,1.0,0.015,-0.004,-0.022,-0.736,-0.208,-0.112,-0.393,0.431,0.178
-0.873,0.907,1.081,1.0,0.02,-0.012,-0.021,-0.698,-0.21,-0.153,0.288,-0.462,0.107
-0.873,0.907,1.081,1.0,0.02,-0.012,-0.021,-0.698,-0.21,-0.153,0.288,-0.462,0.107
-0.904,0.898,1.071,0.999,0.025,0.007,-0.026,-0.695,-0.224,-0.229,0.566,0.905,-0.373
-0.915,0.895,1.07,1.0,0.019,-0.003,-0.022,-0.67,-0.198,-0.165,-0.014,-0.186,0.119
-0.968,0.877,1.056,1.0,0.021,0.003,-0.022,-0.639,-0.212,-0.151,0.023,-0.101,0.087
-0.976,0.874,1.053,1.0,0.021,0.006,-0.022,-0.647,-0.217,-0.178,0.086,0.169,0.175
-1.032,0.851,1.033,0.999,0.026,0.006,-0.023,-0.589,-0.243,-0.228,0.194,-0.64,0.124
-1.04,0.848,1.029,0.999,0.025,0.012,-0.025,-0.574,-0.254,-0.226,-0.089,-0.264,-0.011
-1.062,0.838,1.02,0.999,0.023,0.011,-0.021,-0.533,-0.232,-0.202,-0.116,-0.336,0.205
-1.078,0.83,1.014,0.999,0.028,0.008,-0.023,-0.748,-0.399,-0.218,-0.67,-1.796,0.833
-1.109,0.813,1.004,0.999,0.036,0.019,-0.028,-0.521,-0.278,-0.182,0.994,0.408,-0.462
-1.109,0.813,1.004,0.999,0.036,0.019,-0.028,-0.521,-0.278,-0.182,0.994,0.408,-0.462
-1.138,0.794,0.996,0.999,0.023,0.013,-0.023,-0.45,-0.291,-0.114,-0.406,-0.19,0.218
-1.154,0.782,0.992,0.999,0.025,0.018,-0.025,-0.447,-0.334,-0.1,-0.059,-0.077,0.083
-1.154,0.782,0.992,0.999,0.025,0.018,-0.025,-0.447,-0.334,-0.1,-0.059,-0.077,0.083
-1.168,0.775,0.991,0.999,0.044,0.007,-0.014,-0.411,-0.195,-0.028,1.949,-0.782,1.006
-1.193,0.75,0.991,0.999,0.025,0.014,-0.024,-0.376,-0.342,0.016,0.079,0.051,-0.066
-1.193,0.75,0.991,0.999,0.025,0.014,-0.024,-0.376,-0.342,0.016,0.079,0.051,-0.066
-1.221,0.721,0.995,0.999,0.025,0.014,-0.021,-0.337,-0.344,0.038,0.225,0.224,0.229
-1.226,0.715,0.997,0.999,0.023,0.008,-0.024,-0.331,-0.378,0.07,-0.117,-0.559,-0.056
-1.239,0.7,0.999,0.999,0.023,0.008,-0.022,-0.302,-0.361,0.064,-0.186,-0.085,0.137
-1.253,0.681,1.003,1.0,0.019,0.004,-0.025,-0.282,-0.394,0.072,-0.407,-0.315,-0.056
-1.261,0.67,1.004,0.999,0.028,0.016,-0.029,-0.3,-0.377,0.042,0.428,1.047,-0.558
-1.263,0.667,1.005,0.999,0.024,0.004,-0.023,-0.262,-0.383,0.095,-0.016,-0.282,0.168
-1.272,0.65,1.008,0.999,0.029,-0.026,-0.033,-0.194,-0.376,0.094,0.066,-2.103,-0.24
-1.282,0.636,1.006,0.999,0.023,0.004,-0.022,-0.28,-0.406,-0.047,-0.187,1.6,0.301
-1.288,0.626,1.006,0.999,0.023,0.008,-0.023,-0.261,-0.407,-0.023,0.002,0.769,0.153
-1.302,0.599,1.003,0.999,0.024,0.013,-0.027,-0.241,-0.423,-0.079,0.334,0.79,-0.453
-1.302,0.599,1.003,0.999,0.024,0.013,-0.027,-0.241,-0.423,-0.079,0.334,0.79,-0.453
-1.31,0.582,1.0,0.999,0.021,0.001,-0.024,-0.228,-0.486,-0.077,-1.046,-1.118,0.154
-1.313,0.575,0.998,0.999,0.024,0.003,-0.022,-0.239,-0.522,-0.131,-0.34,-0.605,0.491
-1.33,0.531,0.984,1.0,0.02,0.008,-0.016,-0.192,-0.438,-0.159,-0.554,-0.04,0.735
-1.331,0.529,0.983,0.999,0.031,0.014,-0.028,-0.172,-0.43,-0.171,0.545,0.583,-0.521
-1.336,0.508,0.977,0.999,0.027,0.006,-0.025,-0.14,-0.515,-0.166,-0.133,0.197,0.1
-1.339,0.499,0.973,0.999,0.027,0.006,-0.023,-0.128,-0.473,-0.175,-0.077,0.027,0.159
-1.346,0.47,0.962,0.999,0.03,0.007,-0.023,-0.115,-0.483,-0.199,0.21,0.23,0.004
-1.351,0.446,0.954,0.999,0.031,0.005,-0.025,-0.092,-0.48,-0.163,0.235,0.046,-0.069
-1.352,0.435,0.951,0.999,0.027,0.006,-0.023,-0.086,-0.501,-0.165,-0.132,0.037,0.128
-1.358,0.391,0.939,0.999,0.028,0.005,-0.023,-0.059,-0.509,-0.119,-0.103,-0.009,0.109
-1.359,0.382,0.937,0.999,0.027,-0.002,-0.023,-0.051,-0.513,-0.125,-0.305,-0.513,0.204
-1.362,0.339,0.926,0.999,0.028,0.01,-0.024,-0.012,-0.57,-0.161,-0.219,0.316,0.126
-1.363,0.331,0.922,0.999,0.039,0.011,-0.025,-0.029,-0.513,-0.199,0.829,0.496,0.022
-1.364,0.291,0.914,0.999,0.03,0.003,-0.026,-0.037,-0.555,-0.125,0.323,0.127,-0.132
-1.364,0.274,0.911,0.999,0.026,0.0,-0.023,-0.014,-0.554,-0.099,0.053,0.044,0.071
-1.363,0.234,0.906,0.999,0.027,-0.005,-0.022,0.018,-0.564,-0.029,0.105,-0.129,0.217
-1.364,0.213,0.905,0.999,0.024,-0.009,-0.02,-0.006,-0.595,-0.026,-0.314,-0.469,0.522
-1.363,0.168,0.902,0.999,0.025,-0.011,-0.027,0.009,-0.609,-0.014,0.031,-0.305,-0.115
-1.363,0.155,0.902,0.999,0.022,-0.009,-0.026,-0.001,-0.611,-0.028,-0.198,0.322,-0.19
-1.363,0.107,0.897,0.999,0.024,-0.003,-0.03,-0.023,-0.621,-0.098,0.154,0.551,-0.525
-1.362,0.097,0.896,0.999,0.02,-0.013,-0.023,0.016,-0.624,-0.071,-0.151,-0.443,0.306
-1.362,0.043,0.885,0.999,0.023,-0.011,-0.024,-0.012,-0.624,-0.141,0.142,-0.167,-0.02
-1.362,0.027,0.882,0.999,0.019,-0.011,-0.024,0.014,-0.641,-0.136,-0.429,-0.256,0.225
-1.363,-0.02,0.869,0.999,0.026,-0.004,-0.027,-0.02,-0.633,-0.203,0.725,0.456,-0.175
-1.363,-0.03,0.867,0.999,0.026,-0.008,-0.027,-0.023,-0.627,-0.179,0.486,-0.009,-0.093
-1.363,-0.082,0.855,0.999,0.021,-0.007,-0.026,-0.035,-0.646,-0.163,0.289,0.108,-0.145
-1.362,-0.093,0.855,0.999,0.014,-0.024,-0.025,0.027,-0.649,-0.072,-0.437,-1.397,0.071
-1.364,-0.145,0.845,1.0,0.016,-0.013,-0.023,-0.004,-0.651,-0.096,-0.361,-0.415,0.19
-1.364,-0.153,0.844,1.0,0.015,-0.009,-0.025,-0.01,-0.658,-0.086,-0.354,0.08,-0.026
-1.366,-0.202,0.838,1.0,0.015,-0.009,-0.024,-0.007,-0.634,-0.026,-0.739,-0.751,0.257
-1.366,-0.218,0.836,1.0,0.016,-0.007,-0.024,0.031,-0.701,-0.012,-0.969,-0.965,0.567
-1.367,-0.256,0.832,0.999,0.014,0.0,-0.031,-0.024,-0.652,-0.059,-0.735,0.006,-0.431
-1.368,-0.289,0.828,0.999,0.021,0.005,-0.029,-0.043,-0.608,-0.085,0.5,0.945,-0.58
-1.367,-0.326,0.826,1.0,0.013,-0.003,-0.025,0.018,-0.655,-0.016,-0.354,-0.317,0.122
-1.368,-0.341,0.824,0.999,0.018,0.01,-0.028,-0.08,-0.909,-0.178,2.419,2.461,-1.253
-1.367,-0.366,0.825,1.0,0.013,-0.001,-0.024,0.011,-0.63,0.0,0.01,-0.176,0.265
-1.366,-0.394,0.825,1.0,0.011,0.006,-0.024,0.019,-0.573,0.019,-0.006,0.14,-0.088
-1.365,-0.424,0.827,0.999,0.02,0.015,-0.031,0.009,-0.592,0.006,0.663,0.892,-0.455
-1.365,-0.424,0.827,0.999,0.02,0.015,-0.031,0.009,-0.592,0.006,0.663,0.892,-0.455
-1.364,-0.446,0.831,1.0,0.014,0.006,-0.027,0.016,-0.585,0.082,0.116,0.141,-0.142
-1.361,-0.471,0.837,1.0,0.008,0.006,-0.022,0.069,-0.528,0.147,-0.881,-0.466,0.847
-1.359,-0.495,0.844,0.999,0.016,0.011,-0.03,0.052,-0.57,0.165,0.233,0.206,-0.27
-1.358,-0.505,0.848,1.0,0.008,0.006,-0.025,0.076,-0.629,0.218,-0.162,-0.095,0.129
-1.356,-0.516,0.852,1.0,0.008,0.006,-0.024,0.085,-0.611,0.222,-0.221,0.056,0.038
-1.349,-0.563,0.869,1.0,0.009,0.008,-0.024,0.152,-0.667,0.34,1.785,-1.891,-1.22
-1.345,-0.582,0.875,1.0,0.01,0.007,-0.024,0.125,-0.602,0.231,0.272,-0.622,-0.016
-1.341,-0.602,0.881,0.999,0.018,0.017,-0.028,0.098,-0.529,0.137,0.44,0.411,-0.234
-1.339,-0.61,0.883,1.0,0.007,0.018,-0.025,0.148,-0.592,0.215,-0.893,0.231,0.226
-1.33,-0.647,0.89,0.999,0.014,0.02,-0.028,0.202,-0.824,0.051,0.536,0.738,-0.328
-1.324,-0.663,0.892,1.0,0.006,0.017,-0.024,0.186,-0.608,0.071,-0.42,-0.119,0.173
-1.322,-0.671,0.893,1.0,0.007,0.018,-0.024,0.178,-0.556,0.048,-0.207,-0.089,0.172
-1.318,-0.68,0.894,1.0,0.005,0.02,-0.024,0.202,-0.556,0.072,-0.33,-0.239,0.234
-1.307,-0.708,0.895,0.999,0.004,0.023,-0.023,0.219,-0.551,0.012,-0.094,0.08,0.198
-1.304,-0.715,0.894,0.999,0.008,0.029,-0.026,0.241,-0.487,0.018,0.053,0.229,0.133
-1.293,-0.738,0.893,0.999,0.007,0.026,-0.025,0.243,-0.492,-0.023,0.235,0.171,0.023
-1.276,-0.768,0.895,0.999,0.006,0.028,-0.029,0.281,-0.471,0.043,0.056,0.077,-0.249
-1.266,-0.781,0.899,1.0,0.008,0.02,-0.02,0.35,-0.451,0.119,-0.138,-0.878,0.895
-1.244,-0.811,0.91,0.999,0.009,0.018,-0.025,0.366,-0.474,0.202,-0.051,-0.411,0.287
-1.229,-0.828,0.92,0.999,0.016,0.023,-0.027,0.347,-0.412,0.219,0.026,0.998,0.208
-1.209,-0.85,0.932,0.999,0.02,0.02,-0.03,0.389,-0.417,0.255,0.9,0.457,-0.304
-1.18,-0.88,0.946,0.999,0.021,0.024,-0.031,0.405,-0.431,0.14,0.38,0.845,-0.492
-1.163,-0.895,0.95,1.0,0.015,0.01,-0.025,0.46,-0.41,0.121,-0.44,-0.523,0.323
-1.149,-0.909,0.949,0.999,0.018,0.022,-0.034,0.445,-0.461,-0.038,0.003,1.022,-0.781
-1.11,-0.943,0.931,0.999,0.017,0.012,-0.027,0.453,-0.337,-0.29,0.338,-0.197,0.263
-1.104,-0.949,0.926,1.0,0.014,0.009,-0.024,0.479,-0.391,-0.339,0.072,-0.314,0.423
-1.087,-0.965,0.911,1.0,0.006,0.009,-0.025,0.478,-0.375,-0.426,1.401,-0.57,0.021
-1.071,-0.977,0.894,0.999,0.021,0.018,-0.029,0.451,-0.372,-0.533,1.268,0.839,-0.296
-1.045,-1.0,0.868,1.0,0.007,0.005,-0.027,0.499,-0.427,-0.503,-0.281,-0.287,0.101
-1.025,-1.015,0.846,0.999,0.019,0.011,-0.026,0.484,-0.372,-0.523,0.951,0.142,0.128
-1.009,-1.028,0.832,1.0,0.006,0.004,-0.027,0.493,-0.392,-0.412,-0.335,-0.509,-0.021
-0.975,-1.054,0.81,1.0,0.003,0.004,-0.026,0.599,-0.426,-0.318,0.034,-0.286,0.505
-0.956,-1.068,0.802,0.999,0.003,0.005,-0.032,0.516,-0.411,-0.217,-0.551,-0.173,-0.448
-0.92,-1.091,0.796,1.0,0.004,0.003,-0.026,0.574,-0.44,-0.058,-1.022,0.011,-0.075
-0.906,-1.1,0.797,1.0,0.004,0.001,-0.025,0.538,-0.321,0.062,-0.046,-0.094,0.056
-0.867,-1.124,0.809,1.0,0.003,-0.003,-0.024,0.533,-0.331,0.239,-0.589,-0.307,0.156
-0.857,-1.13,0.814,1.0,0.014,0.005,-0.027,0.543,-0.364,0.241,-0.115,0.568,-0.076
-0.806,-1.159,0.848,1.0,0.0,-0.009,-0.025,0.6,-0.379,0.412,-0.081,-0.595,0.045
-0.799,-1.161,0.854,1.0,0.003,-0.013,-0.024,0.59,-0.258,0.49,-0.35,-1.903,0.235
-0.741,-1.191,0.893,1.0,0.005,0.001,-0.029,0.525,-0.247,0.321,0.162,0.217,-0.232
-0.718,-1.201,0.904,1.0,0.005,0.001,-0.027,0.543,-0.251,0.269,0.206,0.087,-0.012
-0.711,-1.206,0.906,1.0,-0.002,-0.002,-0.026,0.442,-0.267,0.18,-0.315,-0.007,0.015
-0.677,-1.222,0.916,1.0,-0.0,-0.002,-0.027,0.569,-0.376,0.11,-2.898,-0.113,0.104
-0.658,-1.228,0.92,1.0,-0.006,-0.009,-0.021,0.547,-0.203,0.146,-0.649,0.481,0.318
-0.653,-1.233,0.921,1.0,-0.0,-0.007,-0.025,0.585,-0.349,0.134,-0.029,0.456,-0.15
-0.625,-1.242,0.922,1.0,-0.014,0.022,-0.012,0.514,-0.112,-0.038,-1.729,2.068,1.448
-0.599,-1.254,0.925,1.0,0.002,-0.005,-0.026,0.536,-0.229,0.026,-0.343,-0.462,-0.027
-0.58,-1.261,0.923,1.0,-0.006,0.004,-0.02,1.552,0.285,-0.146,-0.592,-3.173,1.224
-0.546,-1.275,0.925,1.0,0.003,-0.009,-0.027,0.588,-0.228,0.047,-1.62,-0.366,0.068
-0.529,-1.28,0.927,1.0,-0.007,-0.004,-0.023,0.557,-0.095,0.064,1.906,-0.589,-0.101
-0.49,-1.292,0.931,1.0,0.024,-0.006,-0.014,0.528,-0.086,0.063,2.151,-0.144,1.162
-0.481,-1.297,0.932,1.0,-0.003,-0.005,-0.026,0.53,-0.179,0.044,-0.736,-0.003,-0.239
-0.449,-1.308,0.931,0.999,-0.017,0.014,-0.023,0.536,-0.22,-0.058,-1.74,2.021,0.151
-0.442,-1.31,0.933,1.0,-0.011,0.002,-0.023,0.541,-0.25,0.035,-0.7,0.504,-0.039
-0.424,-1.314,0.936,1.0,0.0,0.004,-0.03,0.532,-0.172,0.049,0.21,0.259,0.003
-0.399,-1.319,0.942,1.0,-0.005,-0.007,-0.025,0.553,-0.124,0.133,-0.099,-0.477,0.332
-0.397,-1.318,0.939,0.999,-0.033,0.037,-0.01,0.44,-0.023,-0.042,-2.928,3.658,1.734
-0.359,-1.326,0.953,1.0,-0.003,-0.001,-0.024,0.519,-0.091,0.173,0.663,-0.081,0.361
-0.348,-1.328,0.957,1.0,-0.013,-0.004,-0.023,0.683,0.075,0.251,3.26,-2.091,1.701
-0.344,-1.33,0.957,0.999,-0.015,0.002,-0.029,0.693,-0.154,0.135,1.532,-0.624,0.331
-0.305,-1.332,0.972,1.0,-0.015,0.002,-0.026,0.527,-0.088,0.213,-0.115,0.07,-0.13
-0.305,-1.332,0.972,1.0,-0.015,0.002,-0.026,0.527,-0.088,0.213,-0.115,0.07,-0.13
-0.284,-1.333,0.982,1.0,-0.013,-0.001,-0.027,0.525,-0.055,0.245,0.315,-0.359,0.079
-0.253,-1.331,0.998,1.0,-0.009,0.001,-0.026,0.764,0.016,0.516,-3.01,-1.632,2.548
-0.253,-1.331,0.998,1.0,-0.009,0.001,-0.026,0.764,0.016,0.516,-3.01,-1.632,2.548
-0.238,-1.332,1.007,1.0,-0.012,0.001,-0.027,0.583,-0.032,0.392,-1.643,-0.434,0.53
-0.203,-1.329,1.03,1.0,-0.004,0.005,-0.027,0.54,0.011,0.36,-0.583,0.635,-0.397
-0.192,-1.328,1.037,1.0,-0.005,0.008,-0.03,0.538,0.004,0.362,-0.091,0.589,-0.45
-0.183,-1.326,1.042,0.999,0.005,0.001,-0.033,0.528,0.075,0.281,0.967,-0.141,-0.529
-0.158,-1.323,1.056,1.0,-0.005,-0.004,-0.027,0.566,0.089,0.302,-0.101,-0.985,0.244
-0.134,-1.32,1.061,0.999,0.005,0.009,-0.036,0.51,0.083,0.129,0.823,0.226,-1.134
-0.128,-1.32,1.063,1.0,-0.004,-0.003,-0.026,0.595,0.012,0.146,-0.302,-1.09,0.171
-0.095,-1.314,1.064,1.0,0.0,-0.001,-0.027,0.595,0.048,0.025,-1.538,-0.01,0.295
-0.095,-1.314,1.064,1.0,0.0,-0.001,-0.027,0.595,0.048,0.025,-1.538,-0.01,0.295
-0.06,-1.307,1.06,0.999,-0.009,0.011,-0.04,0.538,0.061,-0.078,-0.675,0.71,-1.028
-0.04,-1.303,1.056,0.999,-0.013,0.008,-0.032,0.52,0.093,-0.108,-0.8,0.471,-0.173
-0.04,-1.303,1.056,0.999,-0.013,0.008,-0.032,0.52,0.093,-0.108,-0.8,0.471,-0.173
-0.02,-1.3,1.052,1.0,-0.009,0.002,-0.028,0.582,0.027,-0.105,-0.742,0.027,0.106
0.014,-1.291,1.04,0.999,0.002,0.026,-0.043,0.781,0.14,-0.273,-3.312,1.797,-0.119
0.014,-1.291,1.04,0.999,0.002,0.026,-0.043,0.781,0.14,-0.273,-3.312,1.797,-0.119
0.032,-1.287,1.037,1.0,-0.01,0.001,-0.029,0.642,0.042,-0.165,-2.077,-0.436,-0.404
0.064,-1.276,1.027,0.999,-0.004,0.007,-0.033,0.536,0.171,-0.148,-0.256,-0.084,-0.029
0.077,-1.272,1.023,0.999,-0.004,0.012,-0.035,0.527,0.166,-0.127,0.104,0.607,0.118
0.09,-1.27,1.022,1.0,-0.013,0.004,-0.026,0.645,0.124,-0.121,-0.578,0.104,0.572
0.122,-1.258,1.018,0.999,-0.009,0.01,-0.032,0.478,0.134,-0.058,0.292,0.157,-0.468
0.122,-1.258,1.018,0.999,-0.009,0.01,-0.032,0.478,0.134,-0.058,0.292,0.157,-0.468
0.166,-1.243,1.016,1.0,-0.015,0.011,-0.025,0.68,0.145,-0.046,-1.705,0.166,1.053
0.185,-1.233,1.015,1.0,-0.003,0.003,-0.029,0.586,0.266,-0.065,0.183,0.034,0.04
0.185,-1.233,1.015,1.0,-0.003,0.003,-0.029,0.586,0.266,-0.065,0.183,0.034,0.04
0.226,-1.215,1.011,0.999,0.009,0.008,-0.036,0.574,0.291,-0.093,1.583,0.383,-0.525
0.253,-1.203,1.01,0.999,0.003,0.008,-0.034,0.579,0.29,-0.02,0.815,0.3,-0.476
0.259,-1.202,1.012,1.0,-0.009,-0.005,-0.026,0.653,0.231,0.074,-0.453,-1.102,0.491
0.3,-1.182,1.019,1.0,-0.014,0.002,-0.023,0.666,0.302,0.134,-0.79,1.651,0.758
0.3,-1.182,1.019,1.0,-0.014,0.002,-0.023,0.666,0.302,0.134,-0.79,1.651,0.758
0.316,-1.171,1.024,0.999,0.005,0.008,-0.04,0.572,0.331,0.131,0.021,1.604,-1.178
0.349,-1.155,1.034,1.0,-0.006,-0.01,-0.026,1.284,0.685,0.272,1.85,-1.746,5.688
0.374,-1.128,1.041,0.955,0.289,-0.039,-0.052,0.737,1.004,0.28,29.209,-2.747,-1.344
0.376,-1.138,1.037,0.999,0.01,0.018,-0.043,0.555,0.305,0.024,-2.049,1.867,-0.236
0.408,-1.12,1.042,0.999,0.003,0.003,-0.037,0.56,0.345,0.039,0.265,0.679,-0.417
0.432,-1.105,1.044,1.0,-0.014,0.005,-0.026,0.612,0.371,0.018,-0.858,0.821,0.596
0.438,-1.1,1.045,0.999,0.004,0.012,-0.043,0.543,0.397,0.035,0.872,1.458,-1.231
0.448,-1.095,1.045,0.999,0.002,0.013,-0.036,0.465,0.32,-0.031,0.85,3.247,-0.531
0.482,-1.073,1.05,1.0,-0.008,-0.008,-0.028,0.626,0.388,0.073,0.071,-0.702,0.428
0.489,-1.069,1.051,0.999,-0.005,-0.01,-0.03,0.494,0.311,0.072,0.228,-0.557,0.208
0.524,-1.044,1.055,1.0,-0.009,-0.009,-0.028,0.593,0.404,0.022,0.108,-0.079,-0.276
0.555,-1.021,1.053,0.999,-0.003,0.01,-0.037,0.549,0.402,-0.02,-0.508,2.977,-0.575
0.563,-1.016,1.055,0.999,-0.02,-0.013,-0.028,0.596,0.395,0.073,-1.39,-0.5,0.433
0.614,-0.974,1.047,0.999,-0.009,-0.001,-0.032,0.576,0.418,-0.077,-0.393,-0.317,0.273
0.621,-0.968,1.047,0.999,-0.012,-0.011,-0.028,0.571,0.468,-0.039,-0.339,-0.802,0.389
0.667,-0.928,1.043,0.999,-0.012,-0.009,-0.033,0.512,0.447,-0.005,-0.997,0.165,-0.703
0.674,-0.921,1.043,0.999,-0.012,-0.017,-0.029,0.535,0.462,-0.017,-0.408,-0.229,-0.136
0.719,-0.874,1.033,0.999,0.019,-0.002,-0.031,0.512,0.576,-0.177,2.776,1.318,-0.74
0.757,-0.836,1.026,0.999,-0.009,-0.01,-0.032,0.496,0.532,-0.124,0.548,0.465,-0.743
0.773,-0.818,1.024,0.999,-0.015,-0.021,-0.029,0.717,1.163,0.015,0.459,-0.436,-1.095
0.804,-0.781,1.019,0.999,-0.009,-0.019,-0.029,0.473,0.595,-0.074,0.619,0.202,-0.147
0.815,-0.767,1.019,0.999,-0.009,-0.022,-0.029,0.453,0.553,-0.034,0.195,-0.22,-0.187
0.841,-0.733,1.016,0.999,-0.008,-0.022,-0.028,1.358,1.836,-0.292,1.394,-2.781,0.422
0.846,-0.726,1.015,0.999,-0.005,-0.023,-0.027,0.92,1.243,-0.198,1.015,-1.446,0.293
0.873,-0.686,1.01,0.999,-0.004,-0.029,-0.028,0.418,0.634,-0.059,-0.211,-0.536,-0.034
0.886,-0.666,1.008,0.999,-0.0,-0.025,-0.028,0.407,0.623,-0.037,0.073,-0.273,0.126
0.902,-0.639,1.001,0.999,-0.004,-0.022,-0.024,0.475,1.118,-0.372,-4.667,1.679,3.194
0.926,-0.599,0.988,0.999,0.007,-0.028,-0.028,0.351,0.584,-0.216,-0.803,0.291,-0.049
0.935,-0.584,0.983,0.999,0.005,-0.028,-0.028,0.338,0.599,-0.2,-0.229,-0.166,-0.075
0.956,-0.541,0.968,0.999,0.009,-0.038,-0.028,0.321,0.698,-0.232,0.391,-1.263,0.041
0.965,-0.524,0.963,0.999,0.007,-0.033,-0.03,0.306,0.664,-0.186,0.067,-0.597,0.197
0.982,-0.484,0.949,0.999,0.009,-0.029,-0.029,0.274,0.598,-0.217,0.462,-0.034,-0.289
0.991,-0.462,0.938,0.999,0.006,-0.028,-0.028,0.24,0.591,-0.282,-0.292,0.125,0.168
1.008,-0.412,0.921,0.999,0.006,-0.03,-0.029,0.228,0.608,-0.098,-0.904,-0.522,0.292
1.01,-0.405,0.919,0.999,0.007,-0.026,-0.024,0.191,0.612,-0.12,-0.779,-0.153,0.771
1.024,-0.352,0.919,0.999,0.012,-0.03,-0.031,0.13,0.58,0.058,0.376,0.053,-0.197
1.03,-0.323,0.928,0.999,0.01,-0.028,-0.03,0.112,0.579,0.157,0.172,0.415,-0.142
1.033,-0.309,0.934,0.999,0.011,-0.039,-0.029,0.119,0.605,0.257,-0.256,-0.946,0.196
1.036,-0.285,0.943,0.999,0.006,-0.032,-0.031,0.082,0.553,0.257,-0.393,-0.197,-0.448
1.039,-0.261,0.954,0.999,0.005,-0.033,-0.029,0.068,0.581,0.259,-0.337,0.027,0.084
1.04,-0.253,0.959,0.999,0.005,-0.033,-0.028,0.056,0.553,0.274,-0.126,-0.1,0.114
1.042,-0.232,0.968,0.999,0.015,-0.029,-0.024,0.079,0.504,0.249,0.377,0.186,0.443
1.041,-0.22,0.974,0.999,0.01,-0.028,-0.03,0.029,0.541,0.236,-0.315,0.175,-0.043
1.04,-0.178,0.986,1.0,0.011,-0.014,-0.019,-0.067,0.597,0.151,-0.051,1.157,1.139
1.042,-0.163,0.988,0.999,0.011,-0.024,-0.031,-0.008,0.544,0.067,-0.071,0.276,-0.04
1.042,-0.163,0.988,0.999,0.011,-0.024,-0.031,-0.008,0.544,0.067,-0.071,0.276,-0.04
1.04,-0.127,0.986,0.999,0.001,-0.032,-0.027,-0.051,0.545,-0.058,-0.684,-0.437,0.304
1.037,-0.094,0.983,0.999,0.002,-0.034,-0.032,-0.033,0.529,-0.008,-1.015,-1.634,0.294
1.037,-0.092,0.981,0.999,0.006,-0.021,-0.03,-0.031,0.537,-0.086,-0.482,-0.016,0.381
1.035,-0.065,0.975,0.999,0.007,-0.031,-0.031,-0.079,0.611,-0.144,0.121,-0.768,0.092
1.032,-0.044,0.969,0.999,0.008,-0.021,-0.032,-0.072,0.546,-0.159,0.428,0.285,-0.229
1.03,-0.035,0.966,0.999,0.013,-0.019,-0.033,-0.078,0.552,-0.165,0.544,0.079,-0.273
1.028,-0.023,0.961,0.999,0.016,-0.016,-0.035,-0.1,0.528,-0.217,0.653,0.532,-0.374
1.024,0.004,0.955,0.999,0.008,-0.019,-0.025,-0.121,0.555,-0.185,-0.245,0.745,0.565
1.023,0.013,0.953,0.999,0.007,-0.026,-0.03,-0.087,0.519,-0.123,-0.218,0.044,0.095
1.015,0.047,0.943,0.999,0.01,-0.02,-0.032,-0.116,0.525,-0.158,0.267,0.447,-0.228
1.015,0.047,0.943,0.999,0.01,-0.02,-0.032,-0.116,0.525,-0.158,0.267,0.447,-0.228
1.007,0.082,0.935,0.999,0.002,-0.029,-0.031,-0.109,0.475,-0.083,-0.264,-0.772,-0.107
0.998,0.116,0.929,0.999,0.005,-0.023,-0.031,-0.131,0.489,-0.07,-0.045,0.544,-0.156
0.995,0.129,0.927,0.999,0.003,-0.03,-0.03,-0.133,0.465,-0.041,-0.716,-0.446,-0.002
0.982,0.17,0.921,0.999,0.008,-0.027,-0.031,-0.119,0.497,-0.015,-0.32,-1.049,0.063
0.98,0.173,0.919,0.999,0.008,-0.027,-0.03,-0.142,0.466,-0.07,-0.063,-0.525,0.109
0.964,0.217,0.911,0.999,0.015,-0.018,-0.034,-0.218,0.518,-0.147,0.75,0.919,-0.38
0.962,0.223,0.912,0.999,0.006,-0.028,-0.03,-0.176,0.493,-0.05,-0.076,-0.152,0.153
0.95,0.25,0.909,0.999,0.005,-0.03,-0.03,-0.195,0.452,-0.018,-0.021,-0.417,0.072
0.941,0.268,0.909,0.999,-0.002,-0.022,-0.041,-0.226,0.404,-0.02,-0.413,0.805,-0.965
0.923,0.307,0.914,0.999,0.003,-0.029,-0.03,-0.23,0.493,0.097,-0.103,0.287,-0.004
0.918,0.317,0.916,0.999,0.002,-0.03,-0.029,-0.26,0.476,0.099,-0.112,0.007,0.044
0.9,0.35,0.926,0.999,0.0,-0.029,-0.029,-0.259,0.464,0.189,-0.154,0.33,-0.018
0.893,0.362,0.932,0.999,0.0,-0.029,-0.029,-0.275,0.476,0.229,-0.22,0.309,0.104
0.86,0.414,0.951,0.999,0.008,-0.034,-0.03,-0.293,0.44,0.13,0.528,0.125,-0.166
0.844,0.438,0.956,0.999,-0.002,-0.02,-0.025,-0.355,0.506,0.045,-0.839,1.457,0.487
0.839,0.442,0.958,0.999,0.001,-0.026,-0.041,-0.367,0.412,0.062,-0.402,0.59,-1.172
0.826,0.463,0.959,0.999,0.009,-0.037,-0.03,-0.319,0.457,0.037,-0.207,-0.453,0.07
0.816,0.477,0.96,0.999,0.001,-0.04,-0.03,-0.353,0.467,0.041,-0.536,-0.275,0.018
0.793,0.507,0.959,0.999,0.002,-0.037,-0.03,-0.383,0.49,-0.019,-0.463,-0.213,0.139
0.78,0.522,0.958,0.999,0.01,-0.031,-0.033,-0.392,0.467,-0.072,0.553,0.746,-0.26
0.776,0.528,0.958,0.999,0.003,-0.036,-0.031,-0.375,0.463,-0.032,-0.287,-0.043,-0.03
0.764,0.542,0.956,0.999,0.01,-0.022,-0.031,-0.407,0.478,-0.075,0.438,1.552,-0.103
0.751,0.558,0.957,0.999,0.008,-0.032,-0.031,-0.396,0.463,0.014,0.444,-0.002,-0.052
0.734,0.578,0.958,0.999,0.007,-0.034,-0.03,-0.397,0.472,0.03,-0.21,-0.302,0.033
0.72,0.593,0.958,0.999,0.005,-0.033,-0.03,-0.433,0.462,0.051,-0.503,-0.123,0.103
0.699,0.618,0.958,0.999,0.007,-0.033,-0.031,-0.415,0.481,0.016,0.052,-0.432,-0.038
0.693,0.623,0.958,0.999,0.008,-0.035,-0.029,-0.413,0.462,0.015,0.189,-0.389,0.094
0.678,0.639,0.956,0.999,0.007,-0.026,-0.03,-0.447,0.476,-0.052,0.037,0.317,0.015
0.669,0.648,0.955,0.999,0.007,-0.032,-0.031,-0.625,0.712,-0.059,1.274,-0.967,0.265
0.645,0.674,0.954,0.999,0.005,-0.033,-0.029,-0.45,0.476,0.019,0.217,-1.02,-0.181
0.641,0.678,0.954,0.999,0.007,-0.033,-0.03,-0.461,0.49,-0.003,0.329,-0.654,-0.159
0.61,0.708,0.953,0.999,0.007,-0.029,-0.03,-0.375,0.37,-0.007,-0.042,0.06,-0.019
0.61,0.708,0.953,0.999,0.007,-0.029,-0.03,-0.375,0.37,-0.007,-0.042,0.06,-0.019
0.569,0.746,0.95,0.999,0.011,-0.024,-0.029,-0.486,0.459,-0.071,0.361,0.28,0.09
0.527,0.784,0.94,0.999,0.016,-0.028,-0.03,-0.491,0.448,-0.127,0.572,-0.407,-0.199
0.489,0.817,0.925,0.999,0.015,-0.026,-0.029,-0.551,0.479,-0.102,1.348,-2.338,-0.637
0.468,0.833,0.917,1.0,0.006,-0.019,-0.021,-0.542,0.414,-0.191,-0.485,0.362,0.552
0.44,0.855,0.906,0.999,0.013,-0.023,-0.028,-0.574,0.432,-0.262,-0.459,0.373,0.239
0.404,0.882,0.892,0.999,0.027,-0.021,-0.033,-0.566,0.416,-0.225,0.538,0.209,-0.115
0.36,0.912,0.877,0.999,0.025,-0.017,-0.031,-0.591,0.345,-0.215,-0.64,1.193,-0.41
0.337,0.927,0.872,0.999,0.021,-0.024,-0.03,-0.552,0.384,-0.107,1.363,-0.41,-0.263
0.33,0.932,0.871,0.999,0.023,-0.027,-0.029,-0.571,0.369,-0.117,0.977,-0.395,0.007
0.299,0.95,0.868,0.999,0.022,-0.024,-0.03,-0.576,0.329,-0.041,0.283,-0.089,-0.217
0.264,0.969,0.869,0.999,0.027,-0.02,-0.03,-0.627,0.343,0.023,0.712,0.597,-0.086
0.25,0.975,0.871,0.999,0.02,-0.03,-0.029,-0.586,0.285,0.076,-0.356,-0.438,0.048
0.205,0.997,0.889,0.999,0.025,-0.031,-0.031,-0.605,0.266,0.292,0.353,-0.371,-0.242
0.19,1.003,0.898,0.999,0.02,-0.024,-0.03,-0.611,0.26,0.338,-0.121,0.471,-0.089
0.156,1.017,0.92,0.999,0.015,-0.018,-0.024,-0.643,0.249,0.394,-0.869,0.67,0.576
0.148,1.02,0.927,0.999,0.023,-0.035,-0.029,-0.615,0.231,0.474,0.155,-0.97,-0.008
0.107,1.034,0.958,0.999,0.024,-0.023,-0.029,-0.614,0.212,0.491,-0.071,-0.128,-0.025
0.091,1.04,0.97,0.999,0.03,-0.024,-0.029,-0.614,0.207,0.481,0.499,0.01,-0.089
0.083,1.041,0.975,0.999,0.028,-0.025,-0.031,-0.624,0.174,0.467,0.111,-0.071,-0.207
0.049,1.052,1.0,0.999,0.028,-0.017,-0.03,-0.645,0.174,0.432,0.064,0.672,-0.095
0.033,1.056,1.01,0.999,0.027,-0.022,-0.03,-0.99,0.18,0.642,-1.063,0.227,-0.392
0.023,1.059,1.016,0.999,0.038,-0.019,-0.031,-0.798,0.191,0.461,0.775,0.077,-0.271
0.001,1.064,1.029,0.999,0.031,-0.027,-0.03,-0.654,0.148,0.419,0.564,-0.906,-0.191
-0.042,1.072,1.048,0.999,0.03,-0.008,-0.038,-0.662,0.087,0.233,0.115,1.178,-0.96
-0.084,1.08,1.057,0.999,0.026,-0.02,-0.027,-0.692,0.104,0.106,-0.209,-0.17,0.127
-0.086,1.081,1.057,0.999,0.029,-0.016,-0.029,-0.676,0.109,0.071,0.079,0.281,-0.127
-0.129,1.087,1.057,0.999,0.026,-0.02,-0.027,-0.638,0.111,0.001,0.072,-0.366,0.126
-0.15,1.09,1.055,0.999,0.019,-0.003,-0.026,-0.654,0.088,-0.078,-0.583,1.269,0.189
-0.15,1.09,1.055,0.999,0.019,-0.003,-0.026,-0.654,0.088,-0.078,-0.583,1.269,0.189
-0.17,1.092,1.054,0.999,0.027,-0.014,-0.028,-0.641,0.084,-0.049,0.264,-0.028,0.064
-0.209,1.095,1.047,0.999,0.035,-0.012,-0.032,-0.727,0.076,-0.134,1.161,-0.505,-0.177
-0.238,1.096,1.04,0.999,0.025,-0.015,-0.028,-0.661,0.041,-0.156,-0.035,0.007,0.021
-0.248,1.096,1.037,0.999,0.025,-0.019,-0.026,-0.657,-0.002,-0.178,-0.572,-0.449,0.435
-0.292,1.097,1.025,0.999,0.027,-0.013,-0.028,-0.599,0.014,-0.142,0.127,-0.075,0.025
-0.33,1.095,1.015,0.999,0.026,-0.013,-0.029,-0.618,-0.031,-0.15,-0.107,-0.074,-0.084
-0.352,1.094,1.008,0.999,0.025,-0.014,-0.029,-0.61,-0.069,-0.176,0.105,-0.457,-0.028
-0.371,1.093,1.003,0.999,0.028,-0.006,-0.028,-0.592,-0.041,-0.172,0.309,0.423,0.148
-0.413,1.088,0.995,0.999,0.024,-0.005,-0.027,-0.596,-0.072,-0.082,-0.104,0.251,0.039
-0.442,1.082,0.99,0.999,0.028,-0.009,-0.028,-0.583,-0.101,-0.085,-0.106,0.073,0.017
-0.476,1.076,0.985,0.999,0.031,-0.012,-0.028,-0.585,-0.116,-0.106,0.268,-0.134,-0.049
-0.487,1.073,0.983,0.999,0.028,-0.01,-0.028,-0.567,-0.141,-0.084,-0.277,-0.241,0.008
-0.528,1.062,0.974,0.999,0.029,-0.009,-0.026,-0.552,-0.154,-0.118,-0.071,-0.395,0.22
-0.542,1.058,0.971,0.999,0.031,-0.009,-0.026,-0.549,-0.152,-0.113,-0.061,-0.618,0.431
-0.582,1.042,0.962,0.999,0.031,-0.007,-0.028,-0.52,-0.223,-0.122,-0.042,0.182,-0.093
-0.593,1.037,0.96,0.999,0.031,-0.01,-0.027,-0.534,-0.241,-0.089,-0.348,-0.262,0.225
-0.643,1.014,0.955,0.999,0.031,-0.006,-0.029,-0.501,-0.28,-0.05,-0.19,0.507,-0.221
-0.651,1.009,0.955,0.999,0.03,-0.008,-0.028,-0.511,-0.263,-0.03,-0.094,0.074,-0.002
-0.7,0.981,0.956,0.999,0.032,-0.009,-0.027,-0.506,-0.318,0.04,-0.419,-0.121,0.228
-0.728,0.962,0.959,0.999,0.029,-0.014,-0.023,-0.497,-0.305,0.073,-0.496,-0.241,0.848
-0.745,0.95,0.959,0.999,0.036,-0.01,-0.027,-0.551,-0.382,-0.005,0.79,0.703,-0.211
-0.787,0.918,0.963,0.999,0.028,-0.012,-0.026,-0.482,-0.395,0.046,-0.3,-0.315,0.231
-0.793,0.913,0.963,0.999,0.028,-0.009,-0.026,-0.476,-0.385,0.049,-0.104,0.114,0.1
-0.839,0.874,0.971,0.999,0.022,-0.014,-0.026,-0.499,-0.442,0.106,-0.877,-0.368,0.099
-0.849,0.866,0.973,0.999,0.023,-0.015,-0.025,-0.486,-0.429,0.094,-0.032,-0.453,0.004
-0.89,0.83,0.981,0.999,0.021,-0.016,-0.029,-0.443,-0.423,0.132,0.064,-0.615,-0.137
-0.944,0.78,0.988,0.999,0.018,-0.002,-0.03,-0.655,-0.738,0.318,1.715,-2.905,-1.466
-0.98,0.746,0.994,1.0,0.012,-0.013,-0.026,-0.453,-0.441,0.072,-0.007,-0.329,-0.0
-1.015,0.713,0.997,1.0,0.011,-0.01,-0.027,-0.461,-0.436,0.045,-0.196,-0.098,-0.161
-1.029,0.701,0.996,1.0,0.013,-0.006,-0.026,-0.452,-0.434,-0.01,0.075,0.107,-0.017
-1.063,0.669,0.991,1.0,0.007,-0.013,-0.022,-0.449,-0.43,-0.037,-1.045,-1.262,1.139
-1.071,0.661,0.988,0.999,0.014,-0.002,-0.031,-0.483,-0.44,-0.139,0.114,0.152,-0.303
-1.106,0.627,0.972,1.0,0.009,-0.008,-0.025,-0.421,-0.418,-0.222,-0.197,-0.451,0.189
-1.114,0.62,0.966,0.999,0.015,0.006,-0.031,-0.45,-0.44,-0.333,0.351,1.043,-0.542
-1.143,0.592,0.945,1.0,0.014,0.003,-0.028,-0.434,-0.409,-0.342,0.285,0.757,-0.08
-1.154,0.58,0.936,1.0,0.007,-0.003,-0.026,-0.398,-0.43,-0.341,-0.297,0.044,0.13
-1.186,0.549,0.907,0.999,0.012,0.001,-0.03,-0.406,-0.391,-0.38,0.243,0.486,-0.288
-1.192,0.542,0.901,1.0,0.008,-0.012,-0.022,-0.406,-0.475,-0.312,-1.347,-2.775,1.079
-1.23,0.504,0.865,1.0,0.001,-0.008,-0.023,-0.353,-0.37,-0.351,-0.432,-0.427,0.123
-1.243,0.49,0.852,1.0,0.007,-0.006,-0.025,-0.336,-0.393,-0.32,-0.153,-0.496,0.061
-1.256,0.477,0.839,1.0,0.008,-0.005,-0.026,-0.338,-0.36,-0.306,-0.132,-0.67,0.082
-1.273,0.459,0.824,1.0,0.004,-0.004,-0.024,-0.346,-0.348,-0.302,-0.252,0.018,0.128
-1.29,0.441,0.81,1.0,0.007,-0.007,-0.023,-0.332,-0.359,-0.273,0.117,-0.256,0.11
-1.297,0.435,0.806,1.0,0.008,0.0,-0.024,-0.349,-0.33,-0.244,0.191,0.585,0.012
-1.325,0.405,0.793,1.0,0.012,-0.01,-0.027,-0.294,-0.305,-0.052,-0.213,-1.545,0.447
-1.329,0.4,0.791,1.0,0.011,-0.01,-0.026,-0.287,-0.342,-0.068,-0.122,-0.818,0.257
-1.356,0.371,0.784,1.0,0.014,-0.002,-0.026,-0.293,-0.331,-0.076,0.347,0.262,-0.073
-1.362,0.365,0.784,1.0,0.011,-0.005,-0.025,-0.279,-0.31,-0.03,-0.008,-0.103,-0.061
-1.389,0.335,0.783,0.999,0.025,0.003,-0.031,-0.306,-0.305,-0.023,0.817,0.975,-0.473
-1.403,0.317,0.787,1.0,0.018,-0.005,-0.025,-0.248,-0.302,0.098,-0.309,-0.196,0.213
-1.415,0.301,0.792,0.999,0.02,-0.003,-0.026,-0.277,-0.398,0.125,-0.171,0.097,-0.161
-1.432,0.278,0.8,0.999,0.023,-0.01,-0.025,-0.301,-0.399,0.109,-0.205,-0.918,0.081
-1.434,0.275,0.802,0.999,0.023,-0.001,-0.023,-0.246,-0.339,0.138,-0.03,-0.18,0.302
-1.444,0.26,0.806,0.999,0.02,0.002,-0.027,-0.235,-0.339,0.14,-0.338,0.103,-0.078
-1.457,0.24,0.811,0.999,0.028,0.005,-0.029,-0.22,-0.367,0.073,0.113,0.364,-0.177
-1.465,0.227,0.815,0.999,0.033,0.011,-0.031,-0.235,-0.34,0.069,0.657,0.696,-0.377
-1.465,0.227,0.815,0.999,0.033,0.011,-0.031,-0.235,-0.34,0.069,0.657,0.696,-0.377
-1.472,0.211,0.821,0.999,0.025,0.002,-0.027,-0.189,-0.369,0.123,0.043,0.16,-0.029
-1.476,0.203,0.824,0.999,0.026,0.003,-0.027,-0.188,-0.377,0.148,0.262,0.22,0.006
-1.49,0.171,0.839,0.999,0.023,-0.001,-0.027,-0.162,-0.387,0.209,-0.131,0.016,0.011
-1.493,0.163,0.843,0.999,0.024,0.004,-0.025,-0.146,-0.409,0.207,-0.066,0.315,0.255
-1.503,0.135,0.86,0.999,0.022,0.005,-0.028,-0.129,-0.407,0.249,-0.257,0.56,0.01
-1.507,0.123,0.866,0.999,0.021,-0.003,-0.025,-0.118,-0.424,0.243,-0.183,-0.51,0.349
-1.516,0.093,0.88,0.999,0.022,0.0,-0.028,-0.115,-0.414,0.196,-0.164,-0.239,0.141
-1.52,0.079,0.885,0.999,0.024,-0.002,-0.027,-0.119,-0.42,0.188,0.194,-0.323,0.108
-1.531,0.038,0.894,1.0,0.019,0.001,-0.021,-0.145,-0.477,0.052,-0.397,0.113,0.773
-1.535,0.012,0.897,0.999,0.025,0.006,-0.031,-0.106,-0.443,0.026,0.274,0.455,-0.31
-1.536,0.003,0.899,0.999,0.024,0.003,-0.031,-0.08,-0.433,0.047,0.122,0.091,-0.168
-1.538,-0.005,0.899,0.999,0.021,0.003,-0.028,-0.076,-0.438,0.032,-0.257,0.03,0.047
-1.544,-0.052,0.902,0.999,0.023,0.004,-0.03,-0.059,-0.47,0.001,0.15,0.157,-0.009
-1.546,-0.076,0.902,0.999,0.022,-0.004,-0.029,-0.023,-0.452,0.025,-0.227,-0.833,0.045
-1.547,-0.083,0.901,0.999,0.026,0.006,-0.031,-0.052,-0.477,-0.02,0.21,0.347,-0.172
-1.548,-0.1,0.9,0.999,0.021,0.006,-0.03,-0.025,-0.475,-0.035,-0.336,0.153,0.053
-1.549,-0.142,0.897,0.999,0.022,0.006,-0.027,-0.01,-0.468,-0.036,-0.236,-0.02,0.273
-1.55,-0.15,0.895,0.999,0.027,0.013,-0.034,-0.027,-0.504,-0.072,0.179,0.485,-0.461
-1.549,-0.174,0.892,0.999,0.022,0.003,-0.03,0.019,-0.473,-0.059,-0.112,-0.413,-0.047
-1.549,-0.18,0.89,0.999,0.022,0.004,-0.029,0.015,-0.632,-0.121,0.52,-1.021,0.306
-1.548,-0.208,0.882,0.999,0.019,0.005,-0.028,0.016,-0.505,-0.149,-0.084,-0.068,0.002
-1.548,-0.219,0.88,0.999,0.02,-0.001,-0.028,0.029,-0.506,-0.104,-0.051,-0.597,0.171
-1.547,-0.225,0.879,0.999,0.017,0.003,-0.029,0.038,-0.481,-0.115,-0.297,-0.015,0.005
-1.545,-0.256,0.87,0.999,0.02,0.009,-0.03,0.033,-0.491,-0.142,0.072,0.151,-0.086
-1.544,-0.265,0.867,0.999,0.018,0.009,-0.028,0.059,-0.509,-0.149,-0.388,-0.087,0.182
-1.541,-0.287,0.861,1.0,0.018,0.005,-0.026,0.074,-0.462,-0.119,-0.159,-0.369,0.327
-1.538,-0.312,0.854,0.999,0.021,0.013,-0.033,0.053,-0.492,-0.136,0.105,0.316,-0.223
-1.538,-0.312,0.854,0.999,0.021,0.013,-0.033,0.053,-0.492,-0.136,0.105,0.316,-0.223
-1.53,-0.354,0.846,0.999,0.017,0.005,-0.027,0.113,-0.521,-0.057,0.479,-0.599,0.114
-1.527,-0.37,0.844,1.0,0.015,0.005,-0.027,0.119,-0.526,-0.067,-0.067,-0.52,0.239
-1.526,-0.376,0.844,0.999,0.014,0.01,-0.028,0.099,-0.504,-0.029,-0.166,0.236,0.063
-1.517,-0.409,0.846,1.0,0.013,0.005,-0.027,0.148,-0.536,0.09,-0.906,-0.688,0.391
-1.512,-0.43,0.849,0.999,0.019,0.011,-0.031,0.123,-0.513,0.068,0.308,0.68,-0.24
-1.506,-0.446,0.853,1.0,0.013,0.008,-0.027,0.156,-0.506,0.126,-0.45,-0.064,0.208
-1.491,-0.492,0.869,0.999,0.016,0.013,-0.033,0.193,-0.53,0.253,-0.332,-0.166,-0.104
-1.48,-0.52,0.882,1.0,0.016,0.006,-0.025,0.194,-0.444,0.211,-0.12,-0.132,0.287
-1.478,-0.527,0.884,0.999,0.022,0.01,-0.028,0.184,-0.486,0.199,0.391,0.019,0.029
-1.463,-0.56,0.897,0.999,0.017,0.011,-0.03,0.219,-0.507,0.202,-0.325,0.036,-0.061
-1.458,-0.572,0.902,0.999,0.017,0.01,-0.027,0.234,-0.496,0.215,-0.463,-0.249,0.368
-1.455,-0.579,0.903,0.999,0.019,0.002,-0.027,0.238,-0.539,0.188,0.048,-0.857,0.22
-1.442,-0.606,0.912,0.999,0.016,0.01,-0.028,0.244,-0.501,0.161,-0.194,-0.259,0.042
-1.424,-0.64,0.919,0.999,0.014,0.015,-0.027,0.272,-0.473,0.119,-0.293,-0.327,0.232
-1.409,-0.666,0.922,0.999,0.014,0.02,-0.028,0.284,-0.469,0.053,0.009,0.047,0.046
-1.406,-0.672,0.922,0.999,0.019,0.032,-0.034,0.271,-0.479,0.004,0.473,0.918,-0.383
-1.381,-0.708,0.921,0.999,0.008,0.023,-0.029,0.34,-0.489,-0.036,-0.204,-0.157,-0.015
-1.381,-0.708,0.921,0.999,0.008,0.023,-0.029,0.34,-0.489,-0.036,-0.204,-0.157,-0.015
-1.37,-0.723,0.919,0.999,0.008,0.022,-0.027,0.38,-0.47,-0.037,-0.334,-0.49,0.693
-1.354,-0.743,0.918,0.999,0.007,0.02,-0.03,0.399,-0.486,-0.009,-0.166,-0.538,-0.031
-1.336,-0.763,0.919,0.999,0.01,0.02,-0.028,0.431,-0.452,0.046,-0.414,-0.633,0.342
-1.333,-0.768,0.919,0.999,0.008,0.021,-0.03,0.418,-0.476,0.04,-0.506,-0.476,0.144
-1.304,-0.797,0.926,0.999,0.008,0.019,-0.028,0.464,-0.446,0.131,-0.161,-0.425,0.19
-1.304,-0.797,0.926,0.999,0.008,0.019,-0.028,0.464,-0.446,0.131,-0.161,-0.425,0.19
-1.29,-0.81,0.93,0.999,0.006,0.03,-0.028,0.503,-0.499,0.164,-0.885,0.321,0.313
-1.263,-0.833,0.939,0.999,0.008,0.019,-0.028,0.516,-0.47,0.167,-0.325,-0.263,0.107
-1.238,-0.854,0.946,0.999,0.009,0.017,-0.029,0.524,-0.44,0.173,-0.017,-0.289,0.068
-1.222,-0.865,0.95,1.0,0.008,0.014,-0.027,0.55,-0.394,0.134,-0.336,-0.516,0.3
-1.165,-0.908,0.955,0.999,0.01,0.013,-0.028,0.575,-0.41,0.035,0.088,-0.177,0.128
-1.118,-0.94,0.952,0.999,0.009,0.013,-0.031,0.592,-0.417,-0.066,-0.215,-0.035,-0.137
-1.109,-0.946,0.95,0.999,0.004,0.017,-0.026,0.571,-0.364,-0.096,0.366,0.148,0.206
-1.05,-0.982,0.935,1.0,0.013,-0.002,-0.024,0.647,-0.363,-0.181,0.222,-0.899,0.355
-1.007,-1.009,0.915,0.999,0.015,0.008,-0.034,0.74,-0.651,-0.446,0.17,2.812,-0.905
-0.972,-1.029,0.898,1.0,0.01,0.002,-0.03,0.654,-0.422,-0.331,-0.381,-0.18,-0.096
-0.951,-1.042,0.885,0.999,0.01,0.002,-0.033,0.643,-0.438,-0.371,-0.71,-0.254,-0.332
-0.938,-1.049,0.877,0.999,0.011,0.006,-0.034,0.609,-0.374,-0.375,-0.092,0.556,-0.365
-0.909,-1.065,0.859,0.999,0.016,0.005,-0.033,0.623,-0.375,-0.415,0.093,0.304,-0.402
-0.887,-1.078,0.848,1.0,0.007,-0.006,-0.029,0.703,-0.42,-0.368,-0.235,-0.506,-0.061
-0.879,-1.082,0.844,1.0,0.007,-0.001,-0.03,0.703,-0.407,-0.374,-0.136,0.003,-0.109
-0.847,-1.099,0.828,1.0,0.004,0.0,-0.03,0.647,-0.369,-0.293,-0.282,-0.135,-0.173
-0.809,-1.118,0.814,1.0,0.005,-0.007,-0.028,0.666,-0.319,-0.226,0.093,-0.061,0.113
-0.788,-1.129,0.808,1.0,0.001,-0.002,-0.024,0.634,-0.274,-0.165,-0.686,0.276,0.569
-0.76,-1.15,0.805,0.986,-0.165,0.022,-0.013,0.609,-0.588,-0.003,-16.642,1.714,1.573
-0.748,-1.151,0.799,0.999,0.013,-0.002,-0.032,0.67,-0.34,-0.162,1.964,-0.207,-0.326
-0.724,-1.161,0.797,1.0,0.005,-0.002,-0.022,0.607,-0.252,-0.09,-0.864,0.323,0.997
-0.691,-1.177,0.794,1.0,0.013,-0.008,-0.024,0.644,-0.333,-0.064,-0.23,0.019,0.234
-0.685,-1.181,0.793,0.999,0.017,0.004,-0.04,0.6,-0.32,-0.065,0.164,1.086,-1.259
-0.654,-1.196,0.793,1.0,0.012,-0.007,-0.027,0.676,-0.341,-0.016,-0.486,-0.164,0.372
-0.628,-1.207,0.792,1.0,0.017,-0.011,-0.022,0.729,-0.33,-0.016,-3.54,0.033,1.519
-0.621,-1.213,0.791,1.0,0.008,-0.002,-0.026,0.636,-0.363,-0.054,-2.518,0.783,0.612
-0.581,-1.231,0.793,1.0,0.006,-0.014,-0.027,0.53,-0.223,0.039,-0.021,-0.378,0.09
-0.566,-1.238,0.794,0.999,0.003,-0.016,-0.028,0.702,-0.258,0.027,0.079,-0.013,-0.08
-0.557,-1.239,0.794,0.998,0.054,-0.024,-0.01,0.695,-0.128,0.057,4.912,-0.828,1.626
-0.518,-1.262,0.796,1.0,-0.005,-0.014,-0.026,0.584,-0.241,0.051,-0.674,-0.095,0.229
-0.495,-1.273,0.799,1.0,0.002,-0.015,-0.028,0.627,-0.267,0.093,0.215,-0.385,-0.128
-0.477,-1.281,0.796,0.999,-0.021,0.032,-0.016,0.509,-0.247,-0.163,-2.362,4.064,1.435
-0.421,-1.303,0.81,1.0,-0.012,-0.003,-0.023,0.609,-0.165,0.164,-1.061,-0.046,0.722
-0.409,-1.309,0.811,0.999,-0.01,-0.021,-0.027,0.585,-0.233,0.083,-0.306,-1.09,0.19
-0.355,-1.33,0.835,0.999,-0.001,-0.003,-0.033,0.64,-0.306,0.336,0.285,0.784,-0.48
-0.316,-1.34,0.86,0.999,-0.01,-0.007,-0.033,0.602,-0.138,0.368,0.04,-0.12,-0.597
-0.301,-1.345,0.871,0.999,-0.011,-0.005,-0.03,0.606,-0.189,0.424,0.01,0.44,-0.287
-0.277,-1.35,0.887,1.0,-0.014,-0.009,-0.027,0.599,-0.136,0.428,-0.656,-0.601,0.524
-0.259,-1.355,0.899,1.0,-0.003,-0.003,-0.024,0.619,-0.168,0.415,0.553,0.042,0.304
-0.223,-1.362,0.928,0.999,-0.018,-0.003,-0.03,0.607,-0.183,0.45,-0.871,-0.203,-0.124
-0.223,-1.362,0.928,0.999,-0.018,-0.003,-0.03,0.607,-0.183,0.45,-0.871,-0.203,-0.124
-0.125,-1.368,1.005,0.999,-0.017,-0.009,-0.029,0.605,0.032,0.506,-1.23,-0.638,-0.058
-0.068,-1.369,1.052,0.999,-0.031,-0.006,-0.035,0.568,-0.037,0.454,-4.19,-0.358,-0.815
-0.019,-1.364,1.095,0.999,-0.009,0.004,-0.036,0.557,0.144,0.47,3.35,0.351,-0.93
-0.009,-1.364,1.101,1.0,-0.018,0.004,-0.023,0.571,0.08,0.437,0.692,0.382,0.502
0.023,-1.361,1.118,1.0,-0.012,0.002,-0.028,0.667,-0.015,0.26,-0.277,-0.345,0.617
0.026,-1.357,1.119,0.999,0.011,-0.002,-0.031,0.558,0.191,0.224,2.313,-0.393,0.079
0.043,-1.356,1.124,1.0,-0.012,-0.003,-0.026,0.584,0.118,0.196,-0.134,-0.302,0.552
0.066,-1.351,1.126,1.0,-0.007,0.001,-0.03,0.566,0.121,0.077,0.112,0.023,0.163
0.08,-1.349,1.127,0.999,-0.015,-0.007,-0.027,0.6,0.09,0.066,-1.383,-0.887,0.623
0.117,-1.341,1.121,1.0,-0.013,-0.005,-0.027,0.596,0.085,-0.091,-0.997,-0.558,0.618
0.126,-1.337,1.119,1.0,-0.01,-0.006,-0.026,0.586,0.14,-0.1,-0.269,-0.313,0.454
0.132,-1.335,1.116,0.999,-0.007,-0.001,-0.036,0.479,0.124,-0.138,-0.034,-0.131,-0.263
0.175,-1.324,1.1,0.999,-0.015,-0.008,-0.03,0.626,0.151,-0.221,-0.387,-0.945,0.195
0.175,-1.324,1.1,0.999,-0.015,-0.008,-0.03,0.626,0.151,-0.221,-0.387,-0.945,0.195
0.241,-1.299,1.069,0.999,0.013,0.003,-0.033,0.552,0.204,-0.344,2.344,0.399,-0.264
0.277,-1.285,1.057,0.999,-0.007,-0.013,-0.036,0.549,0.238,-0.17,-0.004,-0.849,-0.249
0.287,-1.279,1.052,0.999,0.004,0.005,-0.04,0.498,0.274,-0.201,0.614,1.348,-0.714
0.298,-1.275,1.049,0.999,-0.002,-0.014,-0.03,0.567,0.244,-0.185,0.103,-0.483,0.25
0.332,-1.26,1.033,0.999,-0.004,-0.013,-0.033,0.585,0.189,-0.245,-1.09,-0.869,-0.16
0.332,-1.26,1.033,0.999,-0.004,-0.013,-0.033,0.585,0.189,-0.245,-1.09,-0.869,-0.16
0.357,-1.247,1.019,0.999,0.006,0.002,-0.035,0.624,0.261,-0.32,-0.345,0.527,0.009
0.375,-1.238,1.006,0.999,0.019,0.003,-0.037,0.501,0.276,-0.413,1.577,0.59,-0.827
0.391,-1.23,0.998,1.0,0.008,-0.007,-0.029,0.521,0.291,-0.361,0.57,0.072,0.303
0.398,-1.224,0.993,0.999,0.003,-0.014,-0.029,0.49,0.328,-0.304,-0.081,-0.625,0.408
0.429,-1.208,0.966,0.999,0.012,0.002,-0.041,0.464,0.287,-0.459,0.986,0.714,-0.841
0.429,-1.208,0.966,0.999,0.012,0.002,-0.041,0.464,0.287,-0.459,0.986,0.714,-0.841
0.468,-1.189,0.932,1.0,-0.01,-0.009,-0.026,0.416,0.199,-0.396,-1.088,0.042,0.678
0.492,-1.174,0.907,0.999,-0.002,-0.01,-0.038,0.543,0.256,-0.517,-1.979,-0.527,-0.434
0.512,-1.16,0.885,0.999,0.002,-0.011,-0.039,0.462,0.359,-0.543,0.754,1.878,-1.353
0.545,-1.137,0.86,0.999,0.002,-0.02,-0.036,0.502,0.322,-0.407,1.676,0.679,-1.284
0.551,-1.13,0.858,0.999,-0.004,-0.014,-0.034,0.424,0.346,-0.216,-1.784,0.875,0.055
0.583,-1.104,0.861,0.999,-0.006,-0.035,-0.031,0.346,0.341,0.177,0.181,-1.04,-0.202
0.585,-1.101,0.862,0.999,-0.005,-0.025,-0.032,0.305,0.369,0.154,0.274,0.217,-0.187
0.603,-1.081,0.88,0.999,-0.002,-0.04,-0.029,0.289,0.334,0.303,0.27,-0.453,-0.046
0.619,-1.058,0.907,0.999,0.002,-0.031,-0.034,0.257,0.494,0.592,0.62,0.717,-0.356
0.627,-1.047,0.921,0.999,0.006,-0.035,-0.033,0.245,0.408,0.529,0.734,0.806,-0.325
0.628,-1.045,0.923,0.999,0.001,-0.041,-0.029,0.262,0.412,0.507,0.078,-0.039,0.18
0.64,-1.02,0.958,0.999,0.009,-0.042,-0.018,0.181,0.401,0.549,-0.156,0.233,1.163
0.649,-0.996,0.987,0.999,0.007,-0.037,-0.035,0.128,0.411,0.442,0.66,0.384,-0.204
0.653,-0.989,0.991,0.993,0.021,-0.113,-0.011,0.196,0.366,0.282,1.078,-7.523,1.607
0.656,-0.969,1.019,0.998,0.002,-0.055,-0.031,0.1,0.441,0.456,1.837,-1.114,-0.037
0.656,-0.963,1.023,0.999,-0.015,-0.028,-0.024,0.001,0.519,0.365,-2.86,3.658,1.471
0.659,-0.937,1.051,0.999,0.017,-0.034,-0.035,-0.01,0.424,0.309,1.341,1.425,-0.66
0.659,-0.937,1.051,0.999,0.017,-0.034,-0.035,-0.01,0.424,0.309,1.341,1.425,-0.66
0.658,-0.921,1.066,0.998,0.008,-0.044,-0.037,-0.04,0.458,0.369,-0.248,0.072,-0.222
0.658,-0.907,1.079,0.998,0.004,-0.049,-0.032,-0.024,0.44,0.365,-0.078,-0.245,0.029
0.657,-0.893,1.09,0.999,0.006,-0.041,-0.03,-0.014,0.381,0.329,-0.05,0.083,0.393
0.652,-0.873,1.099,0.999,0.014,-0.031,-0.038,-0.098,0.29,0.17,-4.479,1.078,-0.525
0.648,-0.855,1.107,0.999,0.007,-0.041,-0.033,-0.119,0.429,0.156,-0.029,-0.666,-0.206
0.647,-0.848,1.11,0.999,0.001,-0.042,-0.033,-0.077,0.509,0.19,-0.655,-0.664,0.017
0.641,-0.833,1.116,0.999,0.003,-0.042,-0.031,-0.122,0.403,0.156,0.088,-0.272,-0.082
0.633,-0.814,1.118,0.998,0.002,-0.047,-0.028,-0.177,0.456,0.061,-0.051,-0.582,0.044
0.628,-0.801,1.117,0.999,0.012,-0.031,-0.033,-0.173,0.405,-0.015,0.925,0.638,-0.398
0.626,-0.795,1.117,0.999,0.006,-0.04,-0.031,-0.181,0.436,-0.004,0.135,-0.137,-0.11
0.619,-0.781,1.114,0.999,0.009,-0.035,-0.034,-0.208,0.425,-0.1,0.368,0.556,-0.41
0.607,-0.759,1.107,0.999,0.004,-0.035,-0.031,-0.223,0.421,-0.14,-0.404,-0.024,-0.136
0.603,-0.752,1.105,0.999,-0.002,-0.027,-0.022,-0.276,0.477,-0.156,-0.647,0.795,0.841
0.598,-0.744,1.099,1.0,-0.007,-0.01,-0.022,-0.292,0.468,-0.223,-1.84,1.263,1.151
0.579,-0.713,1.08,0.999,0.02,-0.029,-0.037,-0.305,0.446,-0.312,1.254,0.437,-0.634
0.572,-0.703,1.072,0.999,0.017,-0.021,-0.041,-0.295,0.373,-0.325,0.332,0.829,-0.636
0.55,-0.67,1.045,0.999,0.012,-0.033,-0.035,-0.519,0.746,-0.639,2.435,-3.021,-2.003
0.544,-0.661,1.034,0.999,0.011,-0.037,-0.022,-0.344,0.545,-0.547,0.67,-1.185,0.052
0.504,-0.613,0.983,0.999,0.0,-0.027,-0.029,-0.361,0.408,-0.468,-0.603,0.235,0.216
0.489,-0.596,0.964,0.999,0.012,-0.015,-0.036,-0.405,0.428,-0.512,0.527,1.422,-0.485
0.483,-0.59,0.957,0.999,0.015,-0.014,-0.037,-0.378,0.401,-0.485,0.765,1.248,-0.466
0.465,-0.569,0.937,0.999,0.008,-0.025,-0.032,-0.362,0.403,-0.423,0.342,-0.001,-0.206
0.44,-0.543,0.907,0.999,0.005,-0.025,-0.031,-0.4,0.428,-0.446,-0.814,-0.509,0.182
0.434,-0.535,0.899,0.999,0.01,-0.017,-0.032,-0.373,0.458,-0.383,0.09,0.643,0.083
0.408,-0.508,0.869,0.999,0.016,-0.023,-0.032,-0.403,0.466,-0.412,-0.191,-1.048,0.248
0.391,-0.492,0.852,0.999,0.013,-0.029,-0.03,-0.39,0.395,-0.399,-0.263,-1.255,0.267
0.375,-0.475,0.836,1.0,0.009,-0.01,-0.028,-0.419,0.42,-0.384,-0.677,0.42,0.393
0.368,-0.469,0.831,0.999,0.02,-0.017,-0.035,-0.397,0.405,-0.341,0.251,-0.194,-0.153
0.345,-0.448,0.81,0.999,0.023,-0.012,-0.035,-0.41,0.358,-0.364,0.722,-0.01,-0.418
0.324,-0.427,0.795,0.999,0.018,-0.014,-0.032,-0.422,0.414,-0.272,0.613,0.466,-0.637
0.318,-0.422,0.792,0.999,0.018,-0.01,-0.031,-0.38,0.34,-0.209,0.125,0.243,-0.186
0.282,-0.389,0.765,0.999,0.022,-0.008,-0.032,-0.388,0.356,-0.298,0.175,0.265,-0.091
0.276,-0.386,0.76,0.999,0.021,-0.004,-0.035,-0.357,0.238,-0.318,-0.215,0.445,-0.224
0.256,-0.368,0.744,1.0,0.015,0.006,-0.026,-0.581,0.406,-0.52,-1.901,2.744,1.175
0.252,-0.363,0.742,1.0,0.015,-0.005,-0.026,-0.49,0.431,-0.394,-1.412,0.82,0.961
0.236,-0.352,0.73,0.999,0.013,-0.001,-0.04,-0.386,0.24,-0.217,-1.084,-0.066,-0.425
0.215,-0.333,0.713,0.999,0.021,-0.003,-0.031,-0.334,0.253,-0.239,0.191,-0.123,-0.184
0.208,-0.326,0.708,0.999,0.019,0.0,-0.029,-0.336,0.479,-0.306,-1.509,-2.599,3.125
0.178,-0.303,0.689,1.0,0.01,0.005,-0.016,-0.336,0.298,-0.181,-1.258,0.49,1.903
0.155,-0.285,0.683,0.999,0.02,0.004,-0.034,-0.285,0.221,-0.047,0.288,0.335,-0.211
0.148,-0.28,0.682,0.999,0.019,0.004,-0.034,-0.285,0.236,-0.01,0.921,-0.266,-0.448
0.134,-0.269,0.685,0.999,0.015,-0.002,-0.033,-0.28,0.249,0.081,-0.107,-0.192,-0.039
0.132,-0.267,0.685,0.999,0.014,0.003,-0.031,-0.254,0.19,0.071,0.022,0.145,0.191
0.123,-0.26,0.687,0.999,0.02,0.008,-0.035,-0.279,0.215,0.055,0.668,0.579,-0.416
0.109,-0.248,0.694,0.999,0.019,0.006,-0.034,-0.216,0.187,0.109,0.679,-0.409,-0.328
0.099,-0.239,0.701,0.999,0.019,0.001,-0.033,-0.194,0.188,0.178,0.05,-0.569,-0.179
0.087,-0.228,0.708,0.999,0.017,-0.001,-0.029,-0.165,0.181,0.102,0.01,-0.417,0.347
0.082,-0.225,0.708,0.999,0.025,0.011,-0.035,-0.198,0.16,0.103,0.059,0.2,0.173
0.073,-0.217,0.713,0.999,0.018,-0.001,-0.033,-0.143,0.124,0.099,-0.059,-0.663,-0.042
0.071,-0.214,0.715,0.999,0.019,-0.006,-0.033,-0.134,0.147,0.151,-0.103,-1.489,-0.031
0.067,-0.211,0.715,0.999,0.019,-0.0,-0.034,-0.136,0.125,0.081,0.267,-0.545,-0.29
0.059,-0.203,0.715,0.999,0.021,-0.001,-0.029,-0.125,0.12,-0.023,0.284,0.48,0.312
0.056,-0.2,0.715,0.999,0.018,0.001,-0.033,-0.164,0.171,0.004,-0.143,0.34,-0.025
0.05,-0.196,0.711,0.999,0.018,0.002,-0.032,-0.047,0.028,0.005,-1.065,-1.113,0.802
0.043,-0.189,0.703,0.999,0.018,0.006,-0.035,-0.144,0.129,-0.156,-0.011,0.321,-0.372
0.042,-0.187,0.7,0.999,0.016,0.002,-0.033,-0.09,0.077,-0.14,0.328,-0.005,-0.381
0.033,-0.179,0.678,0.999,0.011,0.001,-0.036,-0.072,0.034,-0.218,-0.338,-0.164,-0.36
0.025,-0.17,0.655,0.999,0.022,0.002,-0.038,-0.092,0.087,-0.259,0.221,-0.457,-0.355
0.025,-0.169,0.651,0.999,0.017,0.0,-0.033,-0.066,0.076,-0.261,-0.013,-0.066,-0.002
0.022,-0.165,0.635,0.999,0.016,-0.001,-0.033,-0.048,0.08,-0.226,-0.315,-0.265,0.025
0.02,-0.163,0.627,0.999,0.009,0.015,-0.027,-0.087,0.068,-0.322,-0.895,1.332,0.523
0.017,-0.159,0.601,0.999,0.027,0.004,-0.037,-0.019,0.032,-0.279,1.28,0.303,-0.637
0.017,-0.158,0.582,0.999,0.011,-0.005,-0.036,0.06,-0.03,-0.096,1.136,-2.573,-1.167
0.016,-0.156,0.571,0.999,0.015,-0.006,-0.031,0.01,-0.014,-0.137,-0.198,0.023,-0.026
0.016,-0.156,0.57,0.999,0.012,-0.004,-0.032,0.002,0.01,-0.105,-0.229,0.195,-0.054
0.017,-0.156,0.567,0.999,0.016,-0.013,-0.032,0.012,0.004,-0.043,0.144,-0.379,0.017
0.017,-0.156,0.566,0.999,0.014,-0.01,-0.032,0.002,-0.005,-0.045,0.03,-0.064,-0.005
0.017,-0.157,0.565,0.999,0.015,-0.008,-0.032,0.008,-0.006,-0.019,0.095,-0.029,0.024
0.017,-0.157,0.566,0.999,0.013,-0.019,-0.034,-0.015,0.017,0.035,0.099,-0.665,0.047
0.017,-0.157,0.567,0.999,0.007,-0.004,-0.034,-0.002,0.039,0.065,-0.548,0.639,-0.047
0.019,-0.152,0.577,0.985,0.166,-0.024,-0.039,0.038,0.337,0.165,16.187,-1.377,-0.886
0.019,-0.16,0.58,0.999,0.013,-0.011,-0.031,0.028,-0.054,0.196,-0.621,-0.645,-0.01
0.02,-0.162,0.593,0.999,0.014,-0.026,-0.035,0.022,0.009,0.202,0.098,-1.082,0.117
0.021,-0.162,0.597,0.999,0.012,-0.008,-0.029,0.012,0.033,0.196,0.511,0.481,0.266
0.022,-0.165,0.607,0.999,0.023,-0.013,-0.029,0.046,-0.053,0.154,1.023,-0.031,0.185
0.022,-0.166,0.61,0.999,0.014,-0.011,-0.031,0.029,-0.041,0.175,-0.082,0.374,0.185
0.023,-0.167,0.617,0.999,0.013,-0.012,-0.033,0.032,-0.051,0.207,0.12,0.541,-0.087
0.024,-0.169,0.628,0.999,0.009,-0.016,-0.033,0.014,-0.028,0.09,-0.155,-0.238,0.057
0.023,-0.17,0.631,1.0,-0.005,-0.002,-0.024,-0.02,-0.052,0.19,-0.991,1.836,0.719
0.026,-0.173,0.64,0.999,0.011,-0.019,-0.027,0.054,-0.04,0.111,0.312,-0.534,0.376
0.026,-0.172,0.643,0.999,0.033,-0.018,-0.026,0.048,0.039,0.114,2.412,-0.594,0.19
0.026,-0.177,0.652,0.999,-0.004,-0.014,-0.029,-0.029,0.025,0.12,-0.63,-0.175,0.493
0.027,-0.179,0.659,0.999,0.005,-0.014,-0.032,0.042,-0.063,0.256,-0.911,-0.78,0.43
0.028,-0.18,0.665,0.999,0.003,-0.01,-0.032,0.01,-0.015,0.141,-0.123,0.26,0.162
0.028,-0.18,0.668,0.999,0.001,-0.016,-0.032,0.013,-0.02,0.174,-0.202,-0.423,0.064
0.029,-0.182,0.672,0.999,-0.001,-0.014,-0.035,0.032,-0.068,0.124,-0.165,-0.224,-0.338
0.03,-0.182,0.676,0.999,0.001,-0.012,-0.034,0.028,-0.029,0.056,0.051,-0.097,-0.147
0.03,-0.182,0.676,0.999,0.009,-0.009,-0.036,0.013,-0.005,0.02,0.598,0.197,-0.166
0.031,-0.182,0.676,0.999,0.005,-0.01,-0.034,0.003,0.003,-0.028,-0.117,0.031,-0.089
0.03,-0.182,0.674,0.999,0.004,-0.008,-0.036,-0.011,0.009,-0.051,-0.209,0.192,-0.168
0.032,-0.182,0.669,0.999,0.0,-0.016,-0.034,0.045,0.028,-0.036,0.115,-1.122,-0.438
0.032,-0.181,0.665,0.999,0.004,-0.013,-0.033,0.051,0.004,-0.038,1.983,-0.241,-0.782
0.032,-0.178,0.65,0.999,0.015,-0.012,-0.036,0.004,0.045,-0.211,1.214,-0.228,-0.403
0.032,-0.178,0.648,0.999,0.004,-0.015,-0.034,-0.006,0.072,-0.141,0.04,-0.366,0.008
0.032,-0.175,0.63,0.999,0.012,-0.009,-0.036,0.002,0.017,-0.23,0.419,0.559,-0.212
0.032,-0.174,0.63,0.999,0.003,-0.019,-0.033,-0.013,0.054,-0.146,-0.377,-0.449,0.093
0.032,-0.171,0.613,0.999,0.01,-0.016,-0.033,0.017,0.007,-0.186,-0.53,-0.313,0.109
0.031,-0.169,0.609,0.999,-0.0,-0.014,-0.033,-0.012,0.062,-0.229,-0.778,-0.004,0.04
0.03,-0.166,0.595,0.999,0.015,-0.013,-0.035,-0.046,0.048,-0.22,0.118,0.017,-0.196
0.03,-0.161,0.593,0.994,0.099,-0.025,-0.029,-0.033,0.24,-0.16,6.459,-0.557,0.196
0.03,-0.165,0.581,0.999,0.006,-0.014,-0.037,0.106,-0.089,-0.18,0.178,-2.21,-1.544
0.028,-0.162,0.576,1.0,-0.002,0.004,-0.025,-0.021,0.061,-0.263,-0.714,1.125,0.334
0.028,-0.16,0.566,0.999,0.017,-0.013,-0.03,-0.002,0.024,-0.207,-0.106,0.062,0.118
0.027,-0.158,0.548,0.999,0.009,-0.007,-0.035,0.026,-0.031,-0.239,-0.26,0.907,0.157
0.026,-0.156,0.544,0.999,0.02,-0.007,-0.036,-0.021,0.032,-0.261,0.866,0.626,-0.313
0.024,-0.153,0.535,0.999,0.006,-0.013,-0.038,-0.022,0.018,-0.125,-0.492,0.09,-0.509
0.023,-0.151,0.532,1.0,0.001,-0.005,-0.028,-0.05,0.057,-0.122,-1.58,0.609,0.4
0.022,-0.15,0.527,0.999,0.012,-0.017,-0.034,-0.009,-0.009,-0.082,-0.044,-0.297,-0.202
0.022,-0.149,0.527,0.999,0.012,-0.017,-0.034,-0.017,0.004,-0.071,-0.013,-0.292,-0.158
0.021,-0.145,0.524,1.0,0.008,-0.021,-0.02,0.014,0.037,0.015,-0.328,-0.33,0.726
0.02,-0.145,0.523,0.999,0.021,-0.013,-0.027,-0.016,0.021,-0.046,0.648,0.422,-0.165
0.016,-0.143,0.528,0.999,0.014,-0.013,-0.034,-0.031,0.017,0.064,0.058,0.043,0.142
0.016,-0.143,0.529,0.999,0.013,-0.015,-0.033,-0.018,0.026,0.078,-0.088,-0.08,0.162
0.014,-0.141,0.538,0.999,0.011,-0.015,-0.033,-0.029,0.032,0.15,-0.184,-0.497,0.204
0.014,-0.141,0.54,0.999,0.011,-0.012,-0.033,-0.019,0.014,0.129,-0.334,-0.176,0.03
0.012,-0.14,0.547,0.999,0.013,-0.009,-0.034,-0.014,0.006,0.085,0.047,-0.13,-0.106
0.011,-0.141,0.549,0.999,0.013,-0.007,-0.036,-0.03,-0.013,0.105,-0.105,-0.019,-0.279
0.01,-0.14,0.554,0.999,0.019,-0.013,-0.036,-0.009,-0.012,0.086,0.156,-0.102,-0.079
0.01,-0.14,0.555,0.999,0.019,-0.014,-0.038,-0.027,-0.005,0.094,0.124,-0.113,-0.215
0.008,-0.14,0.558,0.999,0.022,-0.005,-0.037,-0.023,-0.013,0.03,0.652,0.806,-0.354
0.008,-0.139,0.56,0.999,0.014,-0.008,-0.033,-0.033,0.034,0.041,-0.053,0.248,-0.064
0.008,-0.139,0.561,0.999,0.012,-0.008,-0.033,-0.014,0.008,0.027,-0.006,-0.022,-0.02
0.007,-0.139,0.56,0.999,0.012,-0.007,-0.033,-0.028,-0.003,-0.015,0.116,0.364,-0.019
0.007,-0.14,0.558,0.999,0.015,-0.01,-0.034,0.001,-0.023,-0.047,0.192,-0.206,-0.08
0.006,-0.14,0.555,0.999,0.027,0.003,-0.039,-0.038,0.006,-0.15,1.263,1.064,-0.595
0.006,-0.141,0.547,0.999,0.024,-0.005,-0.035,0.033,-0.038,-0.114,0.152,-0.127,0.378
0.006,-0.141,0.547,0.999,0.024,-0.005,-0.035,0.033,-0.038,-0.114,0.152,-0.127,0.378
0.006,-0.143,0.536,0.999,0.01,-0.006,-0.034,0.025,-0.062,-0.205,0.282,-0.22,-0.136
0.006,-0.142,0.528,0.999,0.009,-0.008,-0.034,-0.003,-0.008,-0.173,0.039,-1.451,-0.399
0.006,-0.143,0.517,0.999,0.016,-0.009,-0.035,0.014,-0.043,-0.237,0.285,-0.296,-0.17
0.005,-0.143,0.508,0.999,-0.009,0.023,-0.023,-0.089,-0.018,-0.429,-2.41,3.516,0.877
0.006,-0.144,0.489,0.999,0.002,0.002,-0.033,-0.001,-0.035,-0.345,-0.824,0.588,0.163
0.007,-0.145,0.483,0.999,0.011,-0.007,-0.035,0.038,-0.061,-0.3,0.324,-0.242,-0.201
0.008,-0.146,0.466,0.999,0.01,-0.004,-0.039,0.002,-0.037,-0.178,-0.089,0.017,-0.457
0.009,-0.148,0.444,0.999,0.015,-0.005,-0.038,0.015,-0.054,-0.234,-0.27,0.117,-0.331
0.01,-0.148,0.436,0.999,0.015,-0.008,-0.034,0.013,-0.031,-0.223,-0.696,0.118,0.018
0.011,-0.149,0.425,0.999,0.014,-0.02,-0.033,0.043,0.013,-0.152,-0.11,-1.372,0.24
0.012,-0.15,0.417,0.999,0.014,-0.018,-0.036,0.049,-0.031,-0.171,-0.108,-0.891,-0.15
0.013,-0.15,0.408,0.999,0.014,-0.029,-0.034,0.033,-0.006,-0.211,0.01,-1.187,0.015
0.014,-0.152,0.395,0.999,0.014,-0.013,-0.035,0.031,-0.018,-0.282,0.028,0.177,-0.055
0.014,-0.153,0.389,0.999,0.029,0.0,-0.043,-0.028,-0.008,-0.352,1.535,1.418,-0.868
0.016,-0.155,0.38,0.999,0.012,-0.013,-0.032,0.026,-0.011,-0.28,-0.133,0.085,0.266
0.016,-0.156,0.374,0.999,0.01,-0.014,-0.034,-0.042,0.01,-0.408,-1.19,1.446,0.864
0.017,-0.158,0.354,0.999,0.011,-0.012,-0.034,0.003,-0.028,-0.329,-0.559,0.037,-0.301
0.019,-0.16,0.337,0.999,0.003,-0.031,-0.037,0.045,-0.075,-0.341,-2.251,-2.355,-0.241
0.02,-0.162,0.33,0.999,0.009,-0.011,-0.035,0.062,-0.078,-0.295,-0.594,-0.738,0.212
0.019,-0.163,0.321,0.999,0.018,0.004,-0.041,-0.004,-0.054,-0.355,0.683,1.158,-0.574
0.021,-0.164,0.306,0.999,0.013,0.0,-0.04,-0.011,-0.017,-0.322,0.146,0.927,-0.523
0.021,-0.164,0.306,0.999,0.013,0.0,-0.04,-0.011,-0.017,-0.322,0.146,0.927,-0.523
0.025,-0.167,0.286,0.999,-0.002,-0.032,-0.025,0.113,-0.005,-0.257,-0.983,-2.767,1.177
0.026,-0.168,0.271,0.999,0.01,-0.012,-0.036,0.056,-0.035,-0.195,-1.091,-0.466,0.053
0.026,-0.17,0.267,0.999,0.015,0.0,-0.038,0.038,-0.109,-0.346,-0.443,0.741,-0.186
0.029,-0.17,0.255,0.999,0.006,-0.008,-0.034,0.044,0.065,-0.049,-2.684,-1.882,0.28
0.033,-0.172,0.242,0.999,0.005,-0.019,-0.033,0.061,0.014,-0.147,-0.129,-0.715,0.044
0.033,-0.173,0.239,0.999,-0.001,-0.008,-0.034,0.048,-0.038,-0.171,-0.615,0.371,-0.092
0.038,-0.175,0.229,0.999,0.008,-0.014,-0.034,0.108,0.014,-0.183,7.302,-1.843,-0.712
0.045,-0.176,0.224,0.999,0.018,-0.012,-0.033,0.08,-0.012,0.029,0.842,-0.767,-0.153
0.049,-0.177,0.221,0.999,0.028,0.002,-0.04,0.109,-0.011,-0.059,1.398,-0.033,-0.036
0.05,-0.177,0.222,0.999,0.015,-0.01,-0.033,0.1,-0.007,-0.007,-0.06,-0.902,0.494
0.052,-0.178,0.221,0.999,0.014,-0.013,-0.034,0.083,-0.031,-0.02,-0.057,-0.526,0.075
0.056,-0.18,0.217,0.999,0.018,-0.003,-0.035,0.076,-0.036,-0.084,0.163,0.109,-0.043
0.057,-0.179,0.217,0.999,0.014,-0.0,-0.035,0.073,0.001,-0.044,-0.23,0.184,0.035
0.06,-0.182,0.209,0.999,-0.001,-0.026,-0.027,0.069,-0.068,-0.236,-1.784,-2.223,0.857
0.065,-0.185,0.202,0.999,0.011,-0.002,-0.041,0.074,-0.076,-0.182,-0.316,0.221,-0.556
0.069,-0.185,0.193,0.999,0.003,0.004,-0.033,0.105,-0.051,-0.18,-0.974,-0.287,-0.119
0.074,-0.188,0.181,0.999,0.005,-0.01,-0.037,0.071,-0.101,-0.253,-0.598,-0.19,-1.341
0.076,-0.187,0.179,0.999,0.015,-0.016,-0.032,0.165,-0.047,-0.171,1.246,-2.591,-0.683
0.079,-0.192,0.169,0.999,0.024,-0.013,-0.034,0.113,-0.175,-0.256,0.781,-1.171,-0.152
0.083,-0.195,0.168,0.999,0.032,-0.015,-0.032,0.069,-0.068,0.064,-0.432,-0.759,0.094
0.085,-0.199,0.169,0.999,0.028,-0.02,-0.031,0.079,-0.091,0.075,-0.285,-1.023,0.235
0.088,-0.205,0.169,0.999,0.02,-0.011,-0.032,0.074,-0.129,0.068,-0.785,-0.179,0.171
0.089,-0.207,0.169,0.999,0.019,-0.014,-0.032,0.075,-0.158,0.004,-0.455,-0.288,0.071
0.091,-0.214,0.167,0.999,0.013,-0.016,-0.034,0.078,-0.122,-0.027,-0.249,-0.346,0.415
0.091,-0.214,0.167,0.999,0.013,-0.016,-0.034,0.078,-0.122,-0.027,-0.249,-0.346,0.415
0.093,-0.219,0.164,0.999,0.004,-0.01,-0.031,0.053,-0.141,-0.103,-1.602,-0.263,0.571
0.094,-0.223,0.16,0.999,0.016,-0.0,-0.039,0.05,-0.154,-0.149,0.44,0.298,-0.133
0.099,-0.235,0.142,0.999,0.006,-0.001,-0.036,0.062,-0.147,-0.222,-0.055,0.687,0.014
0.1,-0.237,0.14,0.999,0.009,-0.019,-0.033,0.069,-0.122,-0.183,0.301,-0.933,0.145
0.104,-0.253,0.128,1.0,0.012,-0.013,-0.023,0.098,-0.319,-0.178,-1.006,-0.753,0.418
0.105,-0.257,0.126,1.0,0.022,-0.012,-0.018,0.099,-0.354,-0.236,0.367,-0.606,0.77
0.109,-0.275,0.102,0.997,-0.048,-0.052,0.005,0.065,-0.367,-0.592,-2.182,-1.588,0.987
0.116,-0.313,0.039,0.998,-0.048,-0.041,-0.007,0.049,-0.39,-0.306,1.249,1.396,-0.164
0.116,-0.324,0.064,0.998,-0.027,-0.046,-0.017,-0.033,-0.172,0.432,1.147,0.423,-0.57
0.115,-0.328,0.078,0.998,-0.033,-0.04,-0.02,-0.03,-0.148,0.542,-0.602,-0.121,-0.068
0.11,-0.337,0.128,0.998,-0.032,-0.043,-0.02,-0.104,-0.064,0.465,0.382,0.403,-0.38
