0.074,-0.002,0.061,0.999,0.017,-0.015,-0.043,0.009,0.005,-0.018,0.441,-0.683,-0.014
0.074,-0.003,0.062,0.999,0.001,0.001,-0.042,-0.001,-0.01,-0.005,-0.473,0.031,0.069
0.073,-0.002,0.062,0.999,-0.0,0.004,-0.039,-0.011,0.006,-0.005,-0.244,0.411,0.256
0.074,-0.003,0.062,0.999,0.001,0.0,-0.042,0.004,-0.008,-0.003,-0.15,-0.204,-0.04
0.103,-0.034,0.08,0.013,0.609,0.755,0.242,1.279,-1.314,0.781,48.616,65.921,21.747
0.075,-0.004,0.072,0.999,0.01,0.003,-0.044,-0.34,0.352,0.005,-13.931,-19.547,-5.566
0.076,-0.005,0.091,0.999,0.007,0.012,-0.043,-0.028,0.028,0.482,-2.586,-2.624,-0.884
0.076,-0.005,0.113,0.998,-0.009,0.025,-0.053,0.004,0.023,0.78,-2.719,1.181,-1.041
0.077,-0.007,0.131,0.999,-0.001,-0.001,-0.044,0.046,-0.034,0.78,-0.639,-0.933,0.141
0.078,-0.008,0.148,0.999,-0.011,-0.018,-0.046,0.01,-0.023,0.379,-0.898,-1.397,-0.042
0.081,-0.01,0.178,0.999,0.015,-0.01,-0.045,0.065,-0.034,0.712,1.226,-0.312,0.256
0.082,-0.012,0.194,0.999,-0.009,-0.019,-0.05,0.034,-0.038,0.464,-0.905,-1.669,-0.279
0.084,-0.014,0.21,0.999,0.006,-0.002,-0.047,0.041,-0.046,0.341,0.201,0.132,-0.02
0.086,-0.016,0.224,0.999,-0.013,-0.018,-0.05,0.066,-0.068,0.334,-1.506,-1.805,-0.101
0.088,-0.018,0.234,0.999,0.001,-0.009,-0.048,0.076,-0.064,0.26,0.591,-0.725,0.233
0.088,-0.018,0.235,0.999,0.004,-0.01,-0.047,0.065,-0.053,0.246,0.754,-0.691,0.265
0.09,-0.021,0.24,0.999,-0.01,-0.014,-0.043,0.026,-0.049,0.047,-0.571,-0.258,0.044
0.093,-0.024,0.24,0.999,-0.0,-0.008,-0.049,0.085,-0.056,-0.0,0.475,0.038,-0.612
0.094,-0.026,0.237,0.999,0.002,-0.013,-0.045,0.037,-0.046,-0.074,0.077,-0.164,0.029
0.095,-0.028,0.233,0.999,0.005,-0.007,-0.046,0.032,-0.054,-0.104,0.167,0.274,-0.064
0.096,-0.03,0.225,0.999,-0.005,-0.004,-0.045,0.043,-0.047,-0.178,-0.588,0.523,0.04
0.097,-0.033,0.217,0.999,0.01,-0.012,-0.047,0.026,-0.094,-0.246,0.485,-0.973,-0.011
0.098,-0.035,0.214,0.999,0.008,-0.011,-0.046,0.042,-0.121,-0.257,0.139,-0.534,0.092
0.099,-0.039,0.203,0.999,0.009,-0.009,-0.047,0.018,-0.101,-0.356,-0.981,-2.039,-0.866
0.1,-0.041,0.198,0.999,0.002,-0.009,-0.047,0.024,-0.121,-0.315,-0.875,-0.596,-0.204
0.101,-0.044,0.193,0.999,0.002,-0.01,-0.047,0.041,-0.107,-0.227,-0.631,-0.02,-0.255
0.101,-0.045,0.188,0.999,0.008,-0.012,-0.05,0.025,-0.044,-0.14,0.262,-0.263,-0.202
0.102,-0.05,0.181,0.999,-0.003,-0.008,-0.048,0.028,-0.111,-0.155,-0.441,0.154,-0.043
0.103,-0.054,0.177,0.999,-0.001,-0.002,-0.046,0.025,-0.158,-0.168,0.072,0.42,0.142
0.103,-0.059,0.175,0.999,0.001,-0.005,-0.047,0.027,-0.172,-0.018,0.84,0.571,-0.273
0.104,-0.062,0.172,0.999,0.019,-0.019,-0.042,0.035,-0.144,-0.093,2.376,-1.864,0.574
0.104,-0.062,0.172,0.999,0.019,-0.019,-0.042,0.035,-0.144,-0.093,2.376,-1.864,0.574
0.105,-0.069,0.176,0.999,-0.001,-0.002,-0.049,0.006,-0.077,0.036,-0.204,-0.085,-0.058
0.105,-0.078,0.188,0.999,-0.012,-0.019,-0.045,-0.01,-0.115,0.148,-1.592,-0.679,0.211
0.105,-0.08,0.191,0.999,0.004,0.019,-0.042,0.011,-0.13,0.174,0.498,2.976,0.263
0.105,-0.09,0.213,0.999,0.004,-0.001,-0.045,-0.302,0.156,0.163,-11.584,-16.18,-5.358
0.105,-0.091,0.219,0.998,-0.025,0.032,-0.057,-0.185,0.063,0.335,-8.9,-5.179,-3.79
0.105,-0.101,0.243,0.999,-0.012,-0.016,-0.037,-0.022,-0.13,0.285,-0.845,-0.664,0.598
0.105,-0.102,0.249,0.999,0.012,-0.028,-0.043,0.009,-0.072,0.349,-0.564,0.729,-0.391
0.104,-0.111,0.277,0.999,-0.019,-0.025,-0.044,-0.007,-0.132,0.381,-1.18,-1.514,-0.178
0.104,-0.113,0.29,0.999,0.004,-0.016,-0.041,-0.136,0.052,0.351,-3.65,-6.446,-2.11
0.103,-0.121,0.32,0.999,-0.007,-0.004,-0.035,-0.116,-0.06,0.445,-1.127,-0.543,1.664
0.103,-0.123,0.327,0.999,-0.005,-0.01,-0.044,-0.047,-0.051,0.436,-0.869,-0.138,0.08
0.103,-0.129,0.35,0.999,-0.006,-0.004,-0.044,-0.008,-0.044,0.28,-0.219,-0.203,0.012
0.102,-0.131,0.358,0.999,-0.005,-0.006,-0.046,-0.036,-0.092,0.442,-0.305,-0.065,-0.256
0.101,-0.134,0.373,0.998,-0.02,0.012,-0.053,-0.055,-0.089,0.471,-1.188,0.895,-0.814
0.13,-0.168,0.401,0.02,0.607,0.758,0.239,4.546,-4.808,2.866,181.13,245.039,74.954
0.1,-0.139,0.387,0.999,-0.003,-0.007,-0.042,1.446,-1.585,1.049,58.099,78.44,24.067
0.099,-0.143,0.405,0.999,-0.007,-0.008,-0.043,0.029,-0.085,0.212,1.78,2.149,0.636
0.099,-0.143,0.405,0.999,-0.007,-0.008,-0.043,0.029,-0.085,0.212,1.78,2.149,0.636
0.096,-0.149,0.424,0.999,-0.013,-0.011,-0.042,-0.018,-0.088,0.269,-0.314,-0.271,-0.23
0.095,-0.151,0.431,0.999,-0.007,-0.005,-0.042,-0.029,-0.084,0.24,0.164,0.625,-0.027
0.095,-0.151,0.431,0.999,-0.007,-0.005,-0.042,-0.029,-0.084,0.24,0.164,0.625,-0.027
0.092,-0.154,0.443,0.999,-0.011,-0.016,-0.037,-0.046,-0.056,0.169,-0.078,-1.032,0.009
0.09,-0.156,0.454,0.999,-0.006,-0.011,-0.041,-0.044,-0.054,0.237,0.755,0.391,-0.003
0.09,-0.156,0.454,0.999,-0.006,-0.011,-0.041,-0.023,-0.028,0.121,0.386,0.2,-0.002
0.087,-0.158,0.466,0.999,0.002,-0.015,-0.043,-0.035,-0.031,0.114,0.783,-0.714,-0.006
0.087,-0.158,0.466,0.999,0.002,-0.015,-0.043,-0.035,-0.031,0.114,0.783,-0.714,-0.006
0.084,-0.16,0.477,0.999,-0.008,-0.006,-0.038,-0.021,-0.019,0.196,-0.131,0.145,0.004
0.082,-0.16,0.48,0.999,-0.006,-0.013,-0.042,-0.087,0.0,0.184,0.141,-0.539,-0.271
0.079,-0.162,0.487,0.999,-0.005,-0.012,-0.033,-0.088,-0.047,0.16,0.265,-0.212,0.422
0.076,-0.162,0.496,0.999,-0.003,0.003,-0.04,-0.056,-0.03,0.163,0.424,1.38,-0.006
0.076,-0.162,0.496,0.999,-0.003,0.003,-0.04,-0.056,-0.03,0.163,0.424,1.38,-0.006
0.074,-0.163,0.501,0.999,0.0,-0.011,-0.037,-0.039,0.009,0.148,0.346,-0.448,0.407
0.07,-0.163,0.509,0.999,-0.005,0.001,-0.039,-0.552,0.517,-0.182,-20.334,-27.649,-8.628
0.069,-0.164,0.512,0.999,-0.003,-0.011,-0.04,-0.418,0.308,0.018,-12.747,-18.838,-5.59
0.094,-0.194,0.536,0.016,0.608,0.758,0.236,0.38,-0.466,0.4,17.685,24.558,7.65
0.062,-0.165,0.526,0.999,-0.003,-0.001,-0.034,-0.456,0.362,-0.038,-14.189,-19.158,-5.896
0.062,-0.165,0.526,0.999,-0.003,-0.001,-0.034,-0.456,0.362,-0.038,-14.189,-19.158,-5.896
0.058,-0.163,0.539,0.999,-0.005,-0.005,-0.047,-0.07,0.036,0.2,-0.248,0.101,-0.791
0.054,-0.163,0.549,0.999,-0.006,-0.006,-0.039,-0.062,0.03,0.269,-0.095,-0.043,-0.275
0.05,-0.163,0.56,0.999,-0.009,-0.003,-0.038,-0.062,0.038,0.264,0.037,0.013,-0.343
0.048,-0.163,0.57,0.999,-0.008,-0.005,-0.038,-0.047,0.047,0.347,0.723,0.344,-0.364
0.047,-0.163,0.574,0.999,0.001,-0.003,-0.039,-0.05,0.023,0.362,1.093,0.385,-0.418
0.046,-0.163,0.58,0.999,-0.006,-0.009,-0.037,-0.075,0.033,0.256,-0.25,-0.718,0.025
0.042,-0.163,0.598,0.999,0.002,-0.006,-0.04,-0.068,0.015,0.283,0.345,-0.238,-0.109
0.04,-0.162,0.609,0.999,-0.0,0.008,-0.039,-0.036,-0.01,0.256,0.241,1.606,0.092
0.038,-0.162,0.617,0.999,-0.001,-0.007,-0.038,-0.017,0.003,0.093,0.041,-0.142,0.023
0.038,-0.162,0.617,0.999,-0.001,-0.007,-0.038,-0.009,0.001,0.048,0.021,-0.073,0.012
0.035,-0.162,0.635,0.999,-0.001,-0.006,-0.041,-0.06,-0.016,0.414,0.318,0.1,-0.49
0.031,-0.162,0.652,0.999,-0.005,-0.009,-0.033,-0.083,-0.002,0.318,0.563,-0.198,0.596
0.03,-0.161,0.661,0.999,-0.001,-0.004,-0.04,-0.035,0.006,0.328,0.33,0.322,-0.348
0.027,-0.161,0.675,0.999,0.006,-0.013,-0.037,-0.04,0.01,0.366,0.733,-0.622,-0.328
0.024,-0.16,0.691,0.999,0.004,-0.008,-0.038,-0.768,0.724,-0.042,-23.074,-32.341,-8.578
0.051,-0.189,0.716,0.002,0.605,0.759,0.239,1.289,-1.325,0.948,53.299,72.397,21.969
0.02,-0.16,0.714,0.999,-0.006,-0.005,-0.038,-0.906,0.836,0.005,-33.044,-44.36,-13.343
0.018,-0.159,0.724,0.999,-0.001,0.011,-0.036,-0.093,0.083,0.174,-2.039,-1.598,-0.677
0.016,-0.158,0.732,0.999,-0.002,-0.008,-0.035,-0.044,0.04,0.155,-0.468,-0.925,-0.053
0.015,-0.158,0.734,0.999,-0.0,0.022,-0.032,-0.04,0.01,0.086,-0.177,1.791,0.335
0.014,-0.159,0.737,0.999,0.001,-0.009,-0.036,-0.053,-0.013,0.14,-0.141,-0.458,-0.073
0.012,-0.158,0.743,0.999,-0.004,-0.003,-0.036,-0.025,0.014,0.051,-0.229,0.4,0.094
0.012,-0.158,0.743,0.999,-0.004,-0.003,-0.036,-0.025,0.014,0.051,-0.229,0.4,0.094
0.011,-0.158,0.749,0.999,-0.003,-0.003,-0.036,-0.034,0.003,0.12,-0.203,0.13,0.028
0.009,-0.157,0.752,0.999,-0.005,-0.005,-0.035,-0.045,0.002,0.108,-0.407,0.018,0.113
0.009,-0.157,0.753,0.999,-0.004,-0.007,-0.036,-0.017,0.004,0.034,-0.081,-0.068,-0.007
0.006,-0.159,0.76,0.999,0.0,-0.003,-0.037,-0.059,-0.038,0.154,0.129,0.599,0.135
0.004,-0.159,0.761,0.999,-0.011,-0.01,-0.035,-0.074,-0.022,0.056,-0.72,-0.599,0.015
0.004,-0.159,0.761,0.999,-0.011,-0.01,-0.035,-0.074,-0.022,0.056,-0.72,-0.599,0.015
0.002,-0.16,0.767,0.999,0.001,-0.008,-0.035,-0.04,-0.005,0.066,0.113,0.29,0.155
0.001,-0.16,0.768,0.999,0.001,0.004,-0.035,-0.027,-0.021,0.029,0.207,1.097,-0.043
0.001,-0.161,0.769,0.999,0.004,0.01,-0.037,-0.016,-0.038,0.039,0.264,0.928,-0.181
-0.003,-0.162,0.771,0.999,0.004,-0.008,-0.036,-0.058,-0.048,0.049,-0.452,1.257,-0.326
-0.003,-0.162,0.771,0.999,0.004,-0.008,-0.036,-0.058,-0.048,0.049,-0.452,1.257,-0.326
-0.003,-0.162,0.771,0.999,-0.001,-0.006,-0.037,-0.009,-0.008,0.002,-0.128,0.159,-0.064
-0.006,-0.163,0.774,0.999,0.0,-0.006,-0.038,-0.013,-0.02,0.064,0.073,0.092,-0.572
-0.006,-0.163,0.774,0.999,0.0,-0.006,-0.038,-0.013,-0.02,0.064,0.073,0.092,-0.572
-0.007,-0.164,0.775,0.999,-0.001,-0.003,-0.037,-0.017,-0.018,0.035,-0.023,0.157,-0.076
-0.008,-0.166,0.779,0.999,-0.005,-0.0,-0.035,-0.004,-0.038,0.087,0.11,0.395,-0.367
-0.009,-0.165,0.779,0.999,-0.005,-0.006,-0.035,-0.031,-0.005,0.072,0.072,-0.156,-0.236
-0.011,-0.166,0.784,0.999,-0.001,-0.003,-0.036,-0.025,-0.016,0.079,0.144,-0.137,-0.023
-0.012,-0.165,0.786,0.999,-0.011,-0.0,-0.032,-0.025,-0.002,0.071,-0.317,0.466,0.046
-0.012,-0.165,0.786,0.999,-0.011,-0.0,-0.032,-0.025,-0.002,0.071,-0.317,0.466,0.046
-0.012,-0.166,0.789,0.999,-0.004,-0.002,-0.035,-0.006,-0.017,0.057,0.25,-0.002,-0.111
-0.014,-0.165,0.796,0.999,-0.005,-0.005,-0.036,-0.021,0.019,0.099,-0.139,-0.447,0.001
-0.014,-0.165,0.796,0.999,-0.005,-0.005,-0.036,-0.021,0.019,0.099,-0.139,-0.447,0.001
-0.015,-0.165,0.803,0.999,-0.007,-0.011,-0.038,-0.009,0.006,0.104,-0.278,-0.384,-0.087
-0.016,-0.166,0.807,1.0,-0.007,-0.005,-0.03,-0.045,-0.006,0.114,-0.114,0.189,0.485
-0.016,-0.166,0.807,1.0,-0.007,-0.005,-0.03,-0.045,-0.006,0.114,-0.114,0.189,0.485
-0.018,-0.166,0.814,1.0,-0.003,-0.009,-0.03,-0.033,-0.009,0.186,0.605,-0.027,0.043
-0.017,-0.166,0.814,0.999,-0.0,-0.007,-0.035,0.001,-0.002,0.019,0.074,0.018,-0.049
-0.017,-0.166,0.814,0.999,-0.0,-0.007,-0.035,0.001,-0.002,0.019,0.074,0.018,-0.049
0.011,-0.195,0.84,0.014,0.599,0.765,0.234,0.748,-0.736,0.508,28.293,38.783,11.811
-0.019,-0.165,0.832,0.999,-0.0,0.005,-0.033,-0.024,0.056,0.18,-1.703,-1.846,-1.338
-0.021,-0.165,0.835,1.0,-0.005,-0.001,-0.027,-0.058,0.025,0.139,-0.86,-0.784,0.082
-0.02,-0.164,0.844,0.999,-0.001,-0.005,-0.033,-0.003,0.0,0.17,0.431,-0.379,-0.031
-0.021,-0.165,0.85,0.999,-0.002,-0.006,-0.033,0.024,-0.047,0.253,0.396,0.286,-0.436
-0.021,-0.165,0.852,0.999,0.002,0.001,-0.034,0.005,-0.009,0.054,0.267,0.422,-0.115
-0.021,-0.165,0.855,0.999,0.001,-0.0,-0.033,0.004,-0.013,0.174,-0.003,0.176,-0.0
-0.022,-0.164,0.857,0.999,-0.006,-0.014,-0.031,-0.005,0.006,0.022,-0.088,-0.151,0.021
-0.023,-0.164,0.865,0.999,-0.001,-0.002,-0.032,-0.001,0.001,0.169,0.937,0.875,-0.191
-0.024,-0.164,0.866,1.0,-0.003,-0.004,-0.026,-0.023,0.009,0.074,0.112,0.081,0.201
-0.024,-0.164,0.871,0.999,-0.002,-0.005,-0.032,0.001,0.001,0.101,0.169,0.054,-0.257
-0.025,-0.164,0.872,1.0,-0.008,-0.01,-0.025,-0.033,0.005,0.037,-0.292,-0.29,0.301
-0.025,-0.164,0.876,0.999,-0.005,-0.005,-0.033,0.003,-0.019,0.076,0.054,0.181,-0.315
-0.026,-0.164,0.876,0.999,-0.017,-0.016,-0.024,-0.018,-0.008,-0.0,-0.493,-0.403,0.336
-0.026,-0.162,0.882,0.999,-0.005,-0.011,-0.032,-0.04,0.032,0.045,-0.463,-1.385,-0.288
-0.026,-0.162,0.882,0.999,-0.004,-0.001,-0.032,-0.019,0.011,0.01,-0.161,0.115,-0.131
-0.028,-0.162,0.884,0.999,-0.006,-0.01,-0.033,-0.021,0.007,0.032,-0.016,-0.175,-0.042
-0.028,-0.162,0.884,0.999,-0.005,-0.009,-0.031,-0.011,0.006,0.013,0.099,0.01,0.056
-0.03,-0.159,0.887,0.999,-0.007,-0.006,-0.03,-0.02,0.052,0.056,0.303,0.579,0.059
-0.031,-0.159,0.888,0.999,-0.008,-0.008,-0.031,-0.029,0.007,0.046,0.054,0.105,-0.057
-0.032,-0.158,0.89,1.0,-0.007,-0.007,-0.03,-0.022,0.017,0.02,0.158,0.154,0.069
-0.034,-0.156,0.891,0.999,-0.007,-0.011,-0.032,-0.03,0.042,0.035,0.025,-0.159,-0.112
-0.035,-0.154,0.894,0.999,-0.004,-0.007,-0.032,-0.016,0.068,0.022,1.252,-1.227,0.349
-0.038,-0.152,0.897,1.0,-0.007,-0.006,-0.023,-0.073,0.016,0.08,-0.136,-0.343,0.719
-0.038,-0.151,0.898,1.0,-0.01,-0.002,-0.029,-0.004,0.004,0.007,-0.031,0.007,-0.006
-0.04,-0.148,0.908,0.999,-0.006,-0.004,-0.031,-0.172,0.206,0.195,-4.054,-5.923,-2.02
-0.044,-0.145,0.92,0.999,-0.003,-0.013,-0.029,-0.044,0.039,0.196,0.333,-0.172,-0.153
-0.044,-0.144,0.922,0.999,-0.004,-0.012,-0.031,-0.032,0.041,0.173,0.18,-0.188,-0.312
-0.05,-0.138,0.936,0.999,0.003,-0.006,-0.032,-0.054,0.039,0.117,1.036,0.966,-0.409
-0.052,-0.135,0.943,0.999,-0.013,-0.014,-0.027,-0.071,0.077,0.117,-0.912,-0.933,0.118
-0.052,-0.135,0.944,1.0,-0.007,-0.0,-0.028,-0.035,0.063,0.111,-0.121,0.749,-0.051
-0.055,-0.133,0.948,1.0,-0.013,-0.012,-0.022,-0.057,0.058,0.107,-0.415,-0.311,0.17
-0.056,-0.131,0.952,1.0,-0.002,-0.004,-0.029,-0.033,0.059,0.117,0.477,0.478,-0.275
-0.061,-0.127,0.959,0.999,-0.024,0.008,-0.039,-0.091,0.115,0.194,-2.167,1.606,-1.02
-0.062,-0.126,0.959,1.0,0.0,-0.01,-0.027,-0.083,0.04,0.079,0.231,-0.391,0.218
-0.062,-0.126,0.959,1.0,0.0,-0.01,-0.027,-0.083,0.04,0.079,0.231,-0.391,0.218
-0.065,-0.124,0.959,1.0,-0.009,-0.007,-0.029,-0.039,0.034,0.006,-0.186,-0.055,-0.048
-0.069,-0.12,0.958,1.0,-0.0,-0.004,-0.025,-0.072,0.068,-0.071,-0.108,0.31,0.328
-0.069,-0.12,0.958,1.0,-0.0,-0.004,-0.025,-0.072,0.068,-0.071,-0.108,0.31,0.328
-0.073,-0.117,0.954,1.0,-0.001,-0.004,-0.021,-0.081,0.056,-0.064,-0.009,0.18,0.301
-0.075,-0.115,0.952,1.0,-0.004,-0.006,-0.024,-0.054,0.063,-0.12,0.14,-0.869,0.501
-0.075,-0.115,0.952,1.0,-0.004,-0.006,-0.024,-0.054,0.063,-0.12,0.14,-0.869,0.501
-0.08,-0.11,0.947,1.0,0.004,0.0,-0.028,-0.046,0.047,-0.043,0.449,0.408,-0.181
-0.082,-0.109,0.946,1.0,0.002,-0.008,-0.028,-0.368,0.376,-0.199,-12.418,-16.816,-4.974
-0.084,-0.106,0.944,0.999,-0.005,0.007,-0.032,-0.045,0.064,-0.023,-0.693,0.076,-0.397
-0.084,-0.106,0.944,0.999,-0.005,0.007,-0.032,-0.045,0.064,-0.023,-0.693,0.076,-0.397
-0.087,-0.104,0.941,1.0,0.001,0.002,-0.028,-0.049,0.068,-0.047,-0.035,0.145,0.109
-0.088,-0.104,0.94,1.0,0.002,0.006,-0.029,-0.035,0.024,-0.016,0.079,0.101,0.013
-0.091,-0.103,0.937,1.0,-0.015,-0.009,-0.022,-0.074,0.029,-0.112,-1.536,-0.98,0.386
-0.091,-0.101,0.937,1.0,-0.0,-0.002,-0.028,-0.014,0.011,-0.021,0.219,0.307,-0.125
-0.091,-0.101,0.937,1.0,-0.0,-0.002,-0.028,-0.014,0.011,-0.021,0.219,0.307,-0.125
-0.061,-0.13,0.951,0.004,0.597,0.766,0.239,0.617,-0.589,0.291,24.235,32.563,9.968
-0.061,-0.13,0.951,0.004,0.597,0.766,0.239,0.014,-0.013,0.007,0.546,0.733,0.224
-0.061,-0.13,0.951,0.004,0.597,0.766,0.239,0.004,-0.003,0.002,0.143,0.192,0.059
-0.062,-0.129,0.946,0.006,0.6,0.762,0.244,-0.003,0.008,-0.035,-0.108,0.017,0.001
-0.061,-0.128,0.944,0.018,-0.596,-0.765,-0.246,0.015,0.049,-0.111,-1.385,-1.923,-0.123
-0.091,-0.101,0.925,1.0,-0.016,-0.012,-0.018,-0.981,0.89,-0.596,37.749,49.64,16.165
-0.089,-0.101,0.927,1.0,0.006,-0.002,-0.028,-0.047,0.049,-0.022,6.147,7.151,1.533
-0.088,-0.102,0.926,1.0,0.002,-0.003,-0.03,0.009,0.001,-0.037,0.106,0.502,0.03
-0.088,-0.102,0.926,1.0,0.004,-0.002,-0.028,0.006,0.004,0.004,0.285,0.094,0.055
-0.088,-0.102,0.926,1.0,0.003,-0.002,-0.027,0.013,-0.007,-0.001,0.065,0.033,0.087
-0.087,-0.103,0.926,1.0,0.001,-0.005,-0.028,0.017,-0.016,0.005,-0.049,-0.11,-0.034
-0.086,-0.105,0.929,0.998,-0.03,0.041,-0.041,-0.205,0.203,0.048,-10.356,-5.733,-4.247
-0.086,-0.105,0.929,0.998,-0.03,0.041,-0.041,-0.084,0.083,0.02,-4.242,-2.348,-1.74
-0.083,-0.109,0.926,1.0,-0.001,-0.004,-0.026,0.033,-0.027,0.0,-0.222,-0.224,0.11
-0.082,-0.111,0.926,1.0,0.003,-0.008,-0.027,0.049,-0.081,0.017,0.346,-0.193,0.053
-0.081,-0.113,0.925,1.0,-0.003,-0.006,-0.025,0.014,-0.044,-0.011,-0.201,-0.508,0.142
-0.08,-0.115,0.925,1.0,0.001,-0.003,-0.026,0.038,-0.069,0.008,0.221,0.203,-0.14
-0.078,-0.117,0.924,1.0,0.003,0.008,-0.028,0.025,-0.039,-0.038,0.154,0.712,-0.109
-0.078,-0.117,0.924,1.0,0.003,0.008,-0.028,0.003,-0.004,-0.004,0.017,0.076,-0.012
-0.075,-0.121,0.92,1.0,-0.008,-0.005,-0.024,0.016,-0.025,-0.02,-0.073,0.036,0.053
-0.075,-0.121,0.92,1.0,-0.008,-0.005,-0.024,0.008,-0.013,-0.01,-0.038,0.018,0.027
-0.073,-0.125,0.918,1.0,-0.008,-0.016,-0.024,0.003,-0.019,-0.004,-0.159,-0.578,0.08
-0.073,-0.125,0.918,1.0,-0.008,-0.016,-0.024,0.002,-0.01,-0.002,-0.082,-0.296,0.041
-0.069,-0.128,0.918,1.0,-0.003,-0.003,-0.027,0.031,-0.014,0.01,0.208,0.149,0.031
-0.068,-0.129,0.917,1.0,-0.008,-0.004,-0.026,0.037,-0.026,-0.018,-0.426,-0.081,0.01
-0.066,-0.13,0.92,1.0,-0.004,-0.001,-0.026,0.047,-0.007,0.074,0.362,0.255,-0.211
-0.066,-0.132,0.922,1.0,-0.005,-0.012,-0.02,-0.012,-0.06,0.088,0.014,-0.973,0.512
-0.063,-0.132,0.924,1.0,-0.01,-0.01,-0.026,0.006,-0.002,0.009,-0.048,-0.038,-0.004
-0.062,-0.134,0.928,1.0,-0.006,-0.009,-0.023,0.051,-0.065,0.16,0.317,0.018,0.239
-0.06,-0.134,0.934,1.0,-0.007,-0.012,-0.025,0.017,0.012,0.101,-0.147,-0.255,0.22
-0.06,-0.134,0.934,1.0,-0.002,0.012,-0.025,0.045,-0.011,0.084,0.414,2.423,0.248
-0.029,-0.162,0.952,0.007,0.597,0.765,0.24,0.065,-0.06,0.039,2.457,3.369,1.067
-0.029,-0.162,0.952,0.007,0.597,0.765,0.24,0.065,-0.06,0.039,2.457,3.369,1.067
-0.056,-0.134,0.945,1.0,-0.006,-0.005,-0.022,-0.079,0.127,0.028,-4.869,-6.383,-1.75
-0.055,-0.134,0.949,1.0,0.001,-0.011,-0.027,-0.16,0.173,0.017,-7.419,-10.911,-2.831
-0.055,-0.134,0.949,1.0,0.001,-0.011,-0.027,-0.16,0.173,0.017,-7.419,-10.911,-2.831
-0.054,-0.134,0.951,1.0,-0.0,-0.009,-0.023,0.008,0.01,0.029,-0.439,-0.502,0.01
-0.054,-0.134,0.952,1.0,-0.006,-0.016,-0.018,-0.051,-0.005,0.004,-0.177,-0.772,0.436
-0.054,-0.134,0.952,1.0,-0.006,-0.016,-0.018,-0.051,-0.005,0.004,-0.177,-0.772,0.436
-0.052,-0.135,0.952,1.0,-0.002,-0.011,-0.024,0.009,-0.001,-0.016,-0.032,-0.034,0.006
-0.052,-0.135,0.952,1.0,-0.002,-0.01,-0.023,0.003,0.001,-0.025,-0.039,0.054,0.032
-0.051,-0.135,0.951,1.0,-0.002,-0.011,-0.024,0.001,-0.001,-0.004,-0.008,-0.008,-0.011
-0.051,-0.136,0.949,1.0,-0.002,-0.014,-0.025,0.008,-0.021,-0.048,-0.051,-0.123,-0.05
-0.051,-0.136,0.948,1.0,0.004,-0.008,-0.028,0.024,-0.042,-0.046,0.501,0.509,-0.296
-0.051,-0.137,0.947,0.999,0.005,-0.017,-0.027,-0.013,-0.022,-0.036,0.09,-0.67,-0.036
-0.051,-0.137,0.946,1.0,0.004,-0.012,-0.027,0.001,-0.001,-0.003,0.003,0.001,-0.008
-0.021,-0.169,0.956,0.01,0.597,0.765,0.241,0.967,-1.068,0.317,37.511,50.8,15.389
-0.021,-0.169,0.956,0.01,0.597,0.765,0.242,0.619,-0.685,0.194,23.966,32.539,9.88
-0.052,-0.141,0.941,1.0,0.002,-0.015,-0.026,-1.033,0.939,-0.505,-39.136,-52.968,-15.662
-0.052,-0.142,0.941,1.0,-0.001,-0.009,-0.026,-0.184,0.138,-0.079,-6.718,-8.652,-2.638
-0.052,-0.142,0.941,1.0,-0.001,-0.009,-0.026,-0.184,0.138,-0.079,-6.718,-8.652,-2.638
-0.053,-0.144,0.941,1.0,-0.006,-0.009,-0.024,-0.024,-0.035,-0.001,-0.472,-0.451,-0.059
-0.055,-0.145,0.947,0.997,-0.041,0.046,-0.043,-0.043,-0.012,0.288,-3.515,5.632,-1.911
-0.055,-0.145,0.947,0.997,-0.041,0.046,-0.043,-0.043,-0.012,0.288,-3.515,5.632,-1.911
-0.056,-0.151,0.947,1.0,-0.005,-0.006,-0.02,-0.078,-0.03,0.025,-1.211,-1.933,0.148
-0.055,-0.152,0.948,1.0,0.0,0.004,-0.026,0.008,-0.016,0.022,-0.029,0.127,-0.252
-0.055,-0.152,0.948,1.0,0.0,0.004,-0.026,0.001,-0.002,0.002,-0.003,0.014,-0.027
-0.056,-0.156,0.949,1.0,0.009,-0.012,-0.025,-0.002,-0.051,-0.005,0.366,-0.535,-0.011
-0.057,-0.157,0.949,1.0,-0.01,-0.008,-0.026,-0.001,-0.038,0.003,-0.449,-0.24,-0.104
-0.057,-0.157,0.949,1.0,-0.01,-0.008,-0.026,-0.001,-0.038,0.003,-0.449,-0.24,-0.104
-0.057,-0.162,0.952,1.0,-0.001,0.001,-0.026,0.005,-0.046,0.031,0.265,0.478,-0.068
-0.057,-0.162,0.952,1.0,-0.001,0.001,-0.026,0.005,-0.046,0.031,0.265,0.478,-0.068
-0.057,-0.162,0.952,1.0,-0.011,-0.013,-0.025,-0.013,-0.05,0.001,-0.839,-1.121,0.081
-0.057,-0.165,0.952,1.0,-0.011,-0.005,-0.024,-0.002,-0.043,0.006,-0.282,0.147,0.188
-0.057,-0.165,0.952,1.0,-0.011,-0.005,-0.024,-0.002,-0.043,0.006,-0.282,0.147,0.188
-0.057,-0.167,0.954,1.0,-0.001,-0.006,-0.026,0.007,-0.038,0.027,0.451,-0.074,-0.136
-0.057,-0.168,0.953,1.0,-0.008,-0.008,-0.024,-0.012,-0.015,-0.016,-0.109,0.03,0.279
-0.056,-0.169,0.953,1.0,-0.007,-0.007,-0.025,-0.003,-0.019,-0.007,0.036,0.041,0.1
-0.056,-0.171,0.951,1.0,-0.006,-0.007,-0.025,0.027,-0.044,-0.023,0.089,-0.094,-0.301
-0.056,-0.171,0.951,1.0,-0.006,-0.007,-0.025,0.027,-0.044,-0.023,0.089,-0.094,-0.301
-0.056,-0.171,0.95,1.0,-0.009,-0.007,-0.019,-0.011,0.004,-0.025,-0.11,-0.006,0.214
-0.055,-0.172,0.949,1.0,-0.011,-0.007,-0.023,0.009,-0.022,-0.018,-0.016,-0.137,-0.07
-0.055,-0.172,0.949,1.0,-0.011,-0.007,-0.023,0.009,-0.022,-0.018,-0.016,-0.137,-0.07
-0.055,-0.173,0.949,1.0,-0.01,-0.009,-0.023,0.0,-0.002,-0.001,-0.003,-0.009,0.004
-0.055,-0.173,0.949,1.0,-0.01,-0.009,-0.023,0.0,-0.0,-0.0,-0.0,-0.001,0.0
-0.055,-0.173,0.949,1.0,-0.01,-0.009,-0.023,0.0,-0.0,-0.0,-0.0,-0.0,0.0
-0.022,-0.204,0.96,0.019,0.585,0.775,0.238,1.457,-1.363,0.638,51.916,72.825,21.876
-0.022,-0.204,0.96,0.019,0.585,0.775,0.238,1.457,-1.363,0.638,51.916,72.825,21.876
-0.051,-0.175,0.944,1.0,-0.006,-0.001,-0.025,-0.086,0.098,-0.065,-3.811,-4.89,-1.531
-0.05,-0.175,0.942,1.0,-0.005,0.007,-0.026,0.014,0.018,-0.029,-0.224,0.328,-0.164
-0.05,-0.174,0.942,1.0,-0.005,0.006,-0.026,0.009,0.017,0.01,-0.143,-0.494,-0.033
-0.049,-0.174,0.943,1.0,-0.011,-0.012,-0.027,0.003,0.007,0.011,-0.178,-0.684,-0.028
-0.049,-0.174,0.943,1.0,-0.011,-0.012,-0.027,0.003,0.01,0.018,-0.107,-0.441,0.015
-0.049,-0.173,0.946,1.0,-0.003,-0.01,-0.025,0.028,0.041,0.063,0.624,0.075,-0.468
-0.048,-0.173,0.946,1.0,-0.002,0.003,-0.025,0.023,0.018,0.026,0.34,1.003,-0.224
-0.048,-0.172,0.947,1.0,-0.002,0.001,-0.025,0.017,0.017,0.034,0.074,0.371,-0.042
-0.048,-0.171,0.95,1.0,0.001,-0.016,-0.023,0.01,0.016,0.041,-0.101,-0.165,-0.017
-0.048,-0.171,0.95,1.0,0.001,-0.016,-0.023,0.01,0.016,0.041,-0.101,-0.165,-0.017
-0.048,-0.17,0.952,1.0,-0.009,-0.01,-0.021,0.002,0.015,0.034,-0.16,0.027,0.052
-0.047,-0.169,0.953,0.999,-0.012,-0.012,-0.028,-0.0,0.021,0.014,-0.166,-0.156,-0.082
-0.047,-0.169,0.953,0.999,-0.012,-0.012,-0.028,-0.001,0.014,0.009,-0.077,-0.096,-0.053
-0.047,-0.169,0.953,0.999,-0.013,-0.014,-0.025,-0.002,0.002,0.0,-0.02,-0.023,0.027
-0.048,-0.168,0.951,0.999,-0.027,-0.023,-0.016,-0.033,0.01,-0.11,-1.253,-0.898,0.916
-0.048,-0.168,0.951,0.999,-0.024,-0.021,-0.013,-0.039,0.008,-0.065,-0.563,-0.426,0.847
-0.018,-0.195,0.967,0.015,0.596,0.766,0.239,0.373,-0.344,0.195,14.674,19.404,5.99
-0.018,-0.195,0.967,0.015,0.596,0.766,0.239,0.373,-0.344,0.195,14.674,19.404,5.99
-0.048,-0.165,0.951,1.0,-0.005,-0.007,-0.024,-1.152,1.153,-0.6,-44.107,-59.46,-17.876
-0.049,-0.165,0.951,1.0,-0.003,-0.01,-0.024,-0.204,0.213,-0.107,-7.278,-10.179,-2.967
-0.05,-0.163,0.95,1.0,-0.003,-0.007,-0.023,-0.032,0.06,-0.025,-0.493,-0.553,-0.148
-0.05,-0.162,0.949,0.999,0.011,-0.025,-0.019,-0.004,0.028,-0.053,0.878,-1.29,0.242
-0.051,-0.162,0.949,1.0,0.001,0.001,-0.027,-0.03,0.043,0.006,0.003,0.45,-0.058
-0.051,-0.162,0.95,1.0,-0.001,-0.009,-0.026,-0.024,-0.012,0.031,-0.136,-1.001,0.107
-0.053,-0.159,0.949,1.0,-0.009,-0.012,-0.023,-0.034,0.03,-0.022,-0.292,-0.261,0.103
-0.054,-0.159,0.948,1.0,-0.009,-0.012,-0.025,-0.036,0.036,-0.008,-0.553,-1.099,-0.012
-0.054,-0.159,0.948,1.0,-0.009,-0.012,-0.025,-0.036,0.036,-0.008,-0.553,-1.099,-0.012
-0.056,-0.156,0.95,1.0,-0.006,-0.01,-0.022,-0.03,0.022,0.012,-0.051,-0.123,-0.023
-0.057,-0.156,0.95,1.0,-0.0,-0.004,-0.026,-0.019,0.01,0.031,0.476,0.378,-0.286
-0.059,-0.156,0.95,1.0,-0.008,-0.007,-0.018,-0.056,0.008,-0.006,-0.238,-0.033,0.419
-0.061,-0.153,0.955,0.997,-0.047,0.052,-0.041,-0.1,0.128,0.255,-3.753,5.423,-2.101
-0.061,-0.153,0.955,0.997,-0.047,0.052,-0.041,-0.1,0.128,0.255,-3.753,5.423,-2.101
-0.06,-0.153,0.951,1.0,-0.002,-0.012,-0.024,-0.104,0.094,-0.052,3.455,4.666,-1.172
-0.062,-0.152,0.953,1.0,0.001,-0.006,-0.027,-0.014,0.018,0.023,0.091,0.216,-0.221
-0.062,-0.152,0.953,1.0,0.001,-0.006,-0.027,-0.014,0.018,0.023,0.091,0.216,-0.221
-0.062,-0.152,0.953,1.0,0.001,-0.006,-0.027,-0.003,0.003,0.004,0.006,0.025,-0.032
-0.064,-0.151,0.954,1.0,-0.006,-0.005,-0.018,-0.014,0.004,0.005,-0.09,-0.014,0.121
-0.064,-0.151,0.957,1.0,0.0,0.002,-0.024,0.01,0.033,0.11,0.431,0.556,-0.445
-0.066,-0.15,0.961,1.0,-0.007,-0.015,-0.021,-0.04,-0.001,0.04,-0.37,-0.727,0.216
-0.066,-0.15,0.963,1.0,0.0,-0.008,-0.025,-0.012,0.006,0.08,0.161,0.199,-0.154
-0.067,-0.149,0.964,1.0,-0.008,-0.007,-0.022,-0.012,0.008,0.021,-0.2,0.016,0.053
-0.068,-0.149,0.969,1.0,0.001,-0.008,-0.026,-0.018,0.004,0.087,0.337,-0.12,-0.19
-0.069,-0.148,0.974,1.0,-0.003,-0.001,-0.023,-0.011,0.012,0.083,-0.296,0.435,-0.088
-0.071,-0.148,0.975,1.0,0.002,0.014,-0.024,-0.009,-0.015,0.027,0.099,1.842,-0.136
-0.071,-0.148,0.977,1.0,0.002,-0.007,-0.023,-0.029,0.005,0.075,0.121,-0.788,0.006
-0.073,-0.147,0.976,1.0,-0.0,-0.007,-0.022,-0.012,-0.002,-0.014,-0.021,-0.216,0.088
-0.073,-0.147,0.976,1.0,-0.0,-0.007,-0.022,-0.006,-0.001,-0.007,-0.011,-0.111,0.045
-0.073,-0.147,0.976,1.0,-0.0,-0.007,-0.022,-0.0,-0.0,-0.0,-0.0,-0.001,0.0
-0.073,-0.147,0.976,1.0,-0.0,-0.007,-0.022,-0.0,-0.0,-0.0,-0.0,-0.0,0.0
-0.076,-0.149,0.973,1.0,0.004,-0.007,-0.026,-0.051,-0.034,-0.051,0.123,-0.12,-0.09
-0.077,-0.149,0.975,0.998,-0.029,0.03,-0.038,-0.018,-0.004,0.001,-1.084,1.277,-0.094
-0.079,-0.15,0.975,0.996,-0.052,0.062,-0.044,-0.011,-0.031,-0.026,-0.406,0.188,0.182
-0.079,-0.15,0.975,0.996,-0.052,0.062,-0.044,-0.011,-0.031,-0.026,-0.406,0.188,0.182
-0.078,-0.152,0.968,1.0,0.002,-0.001,-0.024,-0.005,-0.04,-0.085,0.979,-0.955,0.322
-0.08,-0.153,0.966,1.0,-0.007,-0.005,-0.019,-0.032,-0.009,-0.034,-0.383,0.042,0.177
-0.08,-0.153,0.966,1.0,-0.007,-0.005,-0.019,-0.032,-0.009,-0.034,-0.383,0.042,0.177
-0.08,-0.155,0.964,1.0,0.001,0.013,-0.024,-0.006,-0.016,-0.013,-0.001,0.163,0.0
-0.081,-0.157,0.964,1.0,0.001,-0.008,-0.024,-0.023,-0.027,-0.012,0.377,-1.07,0.125
-0.081,-0.157,0.964,1.0,0.001,-0.008,-0.024,-0.023,-0.027,-0.012,0.377,-1.07,0.125
-0.082,-0.158,0.966,1.0,-0.006,-0.006,-0.025,-0.022,-0.039,0.047,-0.3,0.006,-0.13
-0.082,-0.159,0.969,1.0,-0.007,-0.01,-0.02,-0.021,-0.01,0.049,-0.291,-0.617,0.305
-0.082,-0.159,0.969,1.0,-0.007,-0.01,-0.02,-0.017,-0.008,0.039,-0.233,-0.493,0.244
-0.084,-0.161,0.974,1.0,-0.01,-0.009,-0.023,-0.019,-0.022,0.068,-0.261,-0.411,-0.075
-0.054,-0.191,0.992,0.003,-0.595,-0.767,-0.239,0.757,-0.731,0.458,-29.575,-38.738,-12.787
-0.054,-0.191,0.992,0.003,-0.595,-0.767,-0.239,0.388,-0.374,0.234,-15.142,-19.834,-6.547
-0.055,-0.193,0.995,0.015,0.594,0.769,0.236,-0.007,-0.055,0.056,-0.397,-0.318,-0.091
-0.055,-0.193,0.995,0.015,0.595,0.769,0.235,-0.01,-0.046,0.052,-0.319,-0.359,-0.084
-0.055,-0.193,0.995,0.015,0.595,0.769,0.235,-0.0,-0.001,0.001,-0.009,-0.01,-0.002
-0.055,-0.193,0.995,0.015,0.595,0.769,0.235,-0.0,-0.001,0.001,-0.009,-0.01,-0.002
-0.088,-0.166,0.983,1.0,-0.002,-0.001,-0.026,-0.059,0.057,0.04,-1.579,-2.711,-1.555
-0.088,-0.166,0.983,1.0,0.0,0.01,-0.024,-0.012,0.007,0.005,-0.218,-0.209,-0.223
-0.088,-0.166,0.983,1.0,0.0,0.01,-0.024,-0.012,0.007,0.005,-0.218,-0.209,-0.223
-0.059,-0.195,0.998,0.002,0.595,0.768,0.237,0.074,-0.087,0.033,-3.505,-4.715,-1.458
-0.09,-0.167,0.98,1.0,-0.005,-0.008,-0.029,-1.697,1.51,-0.958,-63.511,-86.92,-26.03
-0.091,-0.168,0.98,1.0,0.001,-0.01,-0.029,-0.889,0.775,-0.524,-32.133,-44.575,-13.547
-0.092,-0.167,0.977,1.0,-0.007,-0.004,-0.018,-0.035,0.022,-0.028,-0.963,-1.19,-0.264
-0.092,-0.167,0.977,1.0,-0.007,-0.004,-0.018,-0.035,0.022,-0.028,-0.963,-1.19,-0.264
-0.092,-0.168,0.973,1.0,-0.003,-0.002,-0.023,0.0,-0.029,-0.014,0.153,-0.743,0.103
-0.063,-0.196,0.986,0.015,0.593,0.771,0.233,0.708,-0.689,0.357,27.808,38.074,11.456
-0.064,-0.196,0.986,0.015,0.591,0.773,0.231,0.124,-0.094,0.065,4.797,6.423,1.575
-0.094,-0.166,0.971,1.0,-0.007,-0.006,-0.026,-0.381,0.371,-0.193,-14.199,-19.519,-5.871
-0.095,-0.166,0.972,1.0,-0.01,-0.005,-0.021,-0.073,0.053,0.016,-2.075,-2.488,-0.534
-0.096,-0.165,0.974,1.0,-0.003,0.001,-0.017,-0.047,0.022,0.013,-0.261,-0.266,0.466
-0.096,-0.165,0.974,1.0,-0.003,0.001,-0.017,-0.047,0.022,0.013,-0.261,-0.266,0.466
-0.095,-0.165,0.974,1.0,-0.002,0.0,-0.024,-0.001,0.005,0.013,-0.035,-0.08,-0.06
-0.095,-0.164,0.976,1.0,-0.005,-0.002,-0.024,-0.003,0.018,0.032,-0.138,-0.052,-0.011
-0.095,-0.164,0.977,1.0,-0.002,0.014,-0.024,0.002,0.01,0.008,0.038,0.431,0.032
-0.095,-0.163,0.977,1.0,-0.002,0.014,-0.024,0.0,0.012,0.02,0.021,0.129,0.021
-0.095,-0.163,0.982,1.0,0.001,-0.006,-0.025,0.008,-0.006,0.031,0.195,-0.109,-0.058
-0.095,-0.162,0.983,1.0,0.0,-0.003,-0.025,0.007,0.013,0.056,0.065,0.073,-0.073
-0.095,-0.162,0.986,1.0,-0.001,-0.002,-0.024,0.018,0.001,0.12,0.784,0.303,0.048
-0.094,-0.161,0.988,1.0,0.001,-0.008,-0.024,0.009,0.023,0.11,0.501,-0.08,0.031
-0.094,-0.16,0.993,1.0,-0.001,-0.008,-0.025,0.005,0.001,0.16,0.772,-0.196,-0.102
-0.094,-0.16,0.993,1.0,-0.001,-0.008,-0.025,0.005,0.001,0.16,0.772,-0.196,-0.102
-0.094,-0.16,0.996,1.0,-0.0,-0.011,-0.025,0.02,0.001,0.1,0.145,-0.205,-0.206
-0.094,-0.159,1.002,1.0,-0.005,0.0,-0.027,-0.002,0.021,0.13,-0.383,0.444,-0.256
-0.094,-0.159,1.002,1.0,-0.005,0.0,-0.027,-0.002,0.021,0.13,-0.383,0.444,-0.256
-0.093,-0.158,1.003,1.0,0.005,-0.018,-0.023,0.0,0.023,0.039,0.346,-0.863,-0.05
-0.093,-0.158,1.004,1.0,0.001,0.003,-0.024,0.004,0.001,0.031,-0.161,0.536,-0.015
-0.093,-0.158,1.005,1.0,0.003,0.012,-0.024,0.011,0.007,0.024,0.227,0.695,-0.045
-0.093,-0.158,1.005,1.0,0.003,0.014,-0.024,0.024,-0.001,0.013,0.578,1.559,-0.137
-0.093,-0.157,1.005,1.0,-0.008,-0.009,-0.022,0.004,0.007,-0.011,-0.352,-0.286,-0.107
-0.093,-0.157,1.005,1.0,0.002,0.013,-0.024,0.02,-0.005,-0.02,0.487,1.678,-0.156
-0.093,-0.157,1.004,1.0,0.003,0.01,-0.025,0.011,-0.007,-0.023,0.64,1.323,-0.2
-0.094,-0.157,1.003,1.0,0.003,-0.015,-0.025,-0.014,-0.006,-0.016,0.379,-0.488,-0.062
-0.094,-0.157,1.003,1.0,0.003,-0.015,-0.025,-0.014,-0.006,-0.016,0.379,-0.488,-0.062
-0.094,-0.157,1.003,1.0,-0.001,-0.01,-0.024,-0.001,-0.001,-0.001,-0.003,0.006,0.001
-0.095,-0.158,0.998,1.0,-0.004,-0.012,-0.022,0.0,0.008,-0.086,-0.379,-0.288,-0.349
-0.095,-0.158,0.998,1.0,-0.004,-0.012,-0.022,0.0,0.008,-0.086,-0.379,-0.288,-0.349
-0.096,-0.158,0.997,1.0,0.002,-0.007,-0.025,-0.002,0.013,-0.012,0.306,0.204,-0.427
-0.096,-0.158,0.997,1.0,0.002,-0.006,-0.025,-0.002,-0.001,-0.01,0.084,0.101,-0.142
-0.098,-0.16,0.996,1.0,0.001,-0.012,-0.024,-0.023,-0.018,0.006,0.015,-0.373,-0.016
-0.098,-0.159,0.995,1.0,-0.003,-0.005,-0.021,-0.006,0.008,0.003,-0.14,0.041,0.121
-0.099,-0.16,0.995,1.0,0.001,-0.009,-0.024,0.006,-0.009,0.028,0.161,-0.165,-0.109
-0.099,-0.16,0.995,1.0,0.001,-0.009,-0.024,0.004,-0.006,0.018,0.103,-0.105,-0.07
-0.099,-0.161,0.996,1.0,-0.005,-0.006,-0.023,-0.003,-0.027,0.041,-0.118,0.036,-0.211
-0.099,-0.162,0.997,1.0,-0.005,-0.009,-0.022,0.002,-0.044,0.024,0.007,-0.127,-0.097
-0.099,-0.162,0.997,1.0,-0.005,-0.009,-0.022,0.0,-0.007,0.004,0.001,-0.021,-0.016
-0.1,-0.164,1.003,1.0,0.001,-0.004,-0.025,-0.015,-0.021,0.067,0.179,-0.048,-0.123
-0.101,-0.164,1.003,1.0,-0.006,-0.005,-0.026,-0.005,-0.021,0.033,-0.177,0.295,-0.037
-0.102,-0.165,1.007,1.0,-0.003,-0.009,-0.022,-0.02,-0.026,0.045,0.076,-0.344,0.103
-0.102,-0.166,1.007,1.0,-0.005,-0.009,-0.023,-0.011,-0.018,0.039,0.029,-0.071,0.09
-0.101,-0.166,1.007,1.0,-0.004,0.005,-0.024,-0.003,-0.011,0.018,0.014,0.494,-0.044
-0.102,-0.167,1.008,1.0,-0.002,0.011,-0.023,-0.009,-0.015,0.001,0.045,0.355,0.066
-0.102,-0.167,1.008,1.0,-0.002,0.011,-0.023,-0.009,-0.015,0.001,0.045,0.355,0.066
-0.103,-0.167,1.007,1.0,-0.005,0.007,-0.024,-0.003,-0.012,-0.03,0.226,0.725,0.005
-0.103,-0.169,1.004,1.0,-0.004,-0.007,-0.026,-0.005,-0.09,-0.056,0.506,-0.218,-0.304
-0.103,-0.168,1.003,1.0,-0.008,-0.006,-0.024,-0.013,-0.013,-0.061,-0.046,-0.011,-0.015
-0.104,-0.168,0.998,1.0,-0.006,-0.004,-0.023,-0.006,-0.013,-0.036,0.354,0.183,-0.094
-0.104,-0.167,0.997,1.0,-0.009,-0.003,-0.021,-0.001,0.019,-0.052,0.042,0.181,0.175
-0.103,-0.167,0.994,1.0,-0.006,-0.006,-0.023,0.018,0.012,-0.114,0.182,-0.372,-0.191
-0.104,-0.166,0.992,1.0,-0.005,-0.003,-0.023,0.004,0.016,-0.108,0.154,0.083,-0.142
-0.103,-0.167,0.99,1.0,-0.003,0.001,-0.022,0.009,-0.029,-0.053,0.593,0.262,0.101
-0.102,-0.164,0.984,1.0,-0.005,-0.002,-0.025,0.014,0.021,-0.038,0.27,-0.171,-0.126
-0.103,-0.164,0.983,1.0,-0.008,-0.002,-0.021,-0.001,0.029,-0.05,-0.071,-0.149,0.203
-0.101,-0.162,0.981,1.0,-0.005,-0.005,-0.024,0.027,0.04,-0.041,-0.166,-0.363,-0.022
-0.101,-0.162,0.981,1.0,-0.004,-0.004,-0.023,0.018,0.039,-0.029,-0.023,-0.082,0.052
-0.1,-0.158,0.98,1.0,-0.005,-0.003,-0.021,-2.892,2.799,-1.447,-109.091,-147.733,-44.812
-0.1,-0.158,0.981,1.0,-0.003,-0.009,-0.023,-1.181,1.154,-0.569,-44.487,-61.062,-18.508
-0.098,-0.154,0.982,1.0,-0.002,-0.005,-0.023,0.003,0.064,0.059,-0.202,-0.643,0.025
-0.098,-0.153,0.984,1.0,-0.001,-0.006,-0.022,0.014,0.029,0.036,0.03,-0.189,0.031
-0.097,-0.152,0.985,1.0,-0.001,-0.008,-0.021,0.006,0.031,0.041,-0.098,-0.503,0.081
-0.096,-0.151,0.987,1.0,-0.0,-0.003,-0.023,0.033,0.011,0.036,0.286,-0.071,0.008
-0.095,-0.15,0.989,1.0,-0.001,-0.007,-0.022,0.021,0.028,0.063,-0.013,-0.281,0.049
-0.095,-0.149,0.989,1.0,-0.003,-0.008,-0.023,0.02,0.034,0.046,-0.242,-0.284,-0.087
-0.094,-0.148,0.991,1.0,0.001,0.015,-0.021,0.015,0.02,0.017,0.114,0.688,-0.005
-0.094,-0.148,0.991,1.0,0.001,0.015,-0.021,0.008,0.01,0.009,0.058,0.352,-0.002
-0.093,-0.146,0.995,1.0,-0.005,-0.01,-0.022,0.006,0.018,0.032,-0.027,-0.26,0.018
-0.092,-0.145,0.999,1.0,0.003,-0.007,-0.024,0.032,0.028,0.094,0.345,0.049,-0.071
-0.092,-0.145,0.999,1.0,0.003,-0.007,-0.024,0.028,0.028,0.083,0.247,0.031,-0.053
-0.061,-0.173,1.016,0.011,0.594,0.767,0.243,1.449,-1.345,0.75,54.628,74.102,22.523
-0.06,-0.172,1.016,0.006,0.595,0.766,0.241,0.255,-0.212,0.121,9.311,12.561,3.998
-0.06,-0.172,1.016,0.006,0.595,0.766,0.241,0.255,-0.212,0.121,9.311,12.561,3.998
-0.06,-0.172,1.017,0.009,0.595,0.767,0.241,0.018,-0.015,0.012,0.621,0.837,0.256
-0.06,-0.172,1.017,0.009,0.595,0.767,0.241,0.003,-0.002,0.002,0.104,0.14,0.043
-0.06,-0.172,1.017,0.009,0.595,0.767,0.241,0.0,-0.0,0.0,0.009,0.012,0.004
-0.088,-0.141,1.003,1.0,0.007,-0.008,-0.021,-0.071,0.096,-0.031,-3.396,-4.79,-1.583
-0.088,-0.141,1.003,1.0,0.007,-0.008,-0.021,-0.071,0.096,-0.031,-3.396,-4.79,-1.583
-0.088,-0.142,1.004,1.0,0.001,-0.005,-0.021,0.032,-0.005,0.006,0.109,-0.003,-0.363
-0.088,-0.142,1.004,1.0,0.001,-0.005,-0.021,0.032,-0.005,0.006,0.109,-0.003,-0.363
-0.087,-0.142,1.003,1.0,0.002,-0.004,-0.022,0.007,-0.01,-0.009,0.002,0.028,-0.064
-0.087,-0.144,1.001,1.0,0.0,0.0,-0.022,0.001,-0.028,-0.034,-0.08,-0.108,0.006
-0.086,-0.146,1.0,1.0,0.001,-0.002,-0.021,0.048,-0.09,-0.032,0.079,-0.081,0.012
-0.086,-0.146,1.0,1.0,0.002,-0.005,-0.025,0.008,-0.024,-0.034,0.119,-0.352,-0.378
-0.087,-0.147,0.999,1.0,0.002,0.005,-0.023,0.007,-0.033,-0.056,-0.281,0.917,-0.037
-0.087,-0.148,0.998,1.0,0.002,0.006,-0.022,0.001,-0.031,-0.027,-0.124,0.465,0.04
-0.089,-0.15,0.998,1.0,-0.006,-0.005,-0.016,-0.011,-0.018,-0.007,-0.205,-0.003,0.118
-0.088,-0.15,0.997,1.0,0.009,-0.022,-0.018,0.014,-0.006,-0.028,1.36,-1.538,-0.169
-0.089,-0.151,0.997,1.0,-0.003,-0.003,-0.023,-0.013,-0.026,-0.006,-0.158,0.363,-0.107
-0.089,-0.153,0.997,1.0,-0.006,0.002,-0.021,-0.002,-0.032,0.002,-0.081,0.625,0.176
-0.089,-0.153,0.997,1.0,-0.006,0.002,-0.021,-0.0,-0.007,0.0,-0.017,0.131,0.037
-0.092,-0.154,0.995,1.0,-0.02,-0.018,-0.013,-0.081,-0.059,-0.08,-1.025,-1.438,0.609
-0.092,-0.154,0.997,1.0,-0.005,-0.007,-0.017,-0.454,0.412,-0.218,-16.339,-22.74,-6.868
-0.092,-0.154,0.997,1.0,-0.005,-0.007,-0.017,-0.454,0.412,-0.218,-16.339,-22.74,-6.868
-0.092,-0.154,0.997,1.0,-0.005,-0.007,-0.017,-0.061,0.055,-0.029,-2.193,-3.052,-0.922
-0.064,-0.185,1.012,0.01,0.593,0.77,0.235,1.494,-1.501,0.74,57.008,79.079,24.554
-0.096,-0.156,0.998,1.0,-0.004,-0.008,-0.023,-0.65,0.617,-0.297,-24.268,-32.751,-10.232
-0.097,-0.157,0.999,1.0,-0.005,-0.01,-0.023,-0.101,0.046,0.017,-2.46,-3.281,-1.043
-0.099,-0.157,1.0,1.0,-0.003,-0.007,-0.021,-0.043,0.006,0.025,-0.06,-0.513,-0.007
-0.101,-0.158,0.998,0.999,-0.029,-0.019,-0.011,-1.262,1.064,-0.68,-45.366,-60.283,-19.259
-0.101,-0.157,0.999,0.999,-0.031,-0.02,-0.013,-0.107,0.092,-0.058,-3.912,-5.185,-1.686
-0.103,-0.156,1.003,1.0,-0.007,0.004,-0.025,-0.042,0.008,0.027,-0.028,0.042,-0.394
-0.104,-0.156,1.004,1.0,-0.013,-0.006,-0.022,-0.036,0.016,0.007,-0.596,-0.639,0.111
-0.105,-0.155,1.005,1.0,-0.006,-0.005,-0.024,-0.033,0.011,0.027,0.014,-0.104,-0.033
-0.107,-0.154,1.007,0.999,-0.017,0.005,-0.026,-0.021,0.013,-0.034,1.144,-1.494,0.446
-0.107,-0.154,1.007,0.999,-0.017,0.005,-0.026,-0.021,0.013,-0.034,1.144,-1.494,0.446
-0.108,-0.153,1.01,0.998,-0.033,0.027,-0.035,-0.066,0.033,0.132,-2.032,2.393,-1.119
-0.109,-0.151,1.008,1.0,-0.012,-0.008,-0.02,-0.009,0.043,0.013,0.598,-0.1,0.272
-0.109,-0.151,1.008,1.0,-0.012,-0.008,-0.02,-0.004,0.018,0.006,0.245,-0.041,0.112
-0.11,-0.149,1.008,1.0,-0.005,0.007,-0.023,-0.024,0.033,0.009,0.209,0.276,0.013
-0.112,-0.148,1.006,1.0,-0.022,-0.011,-0.011,-0.039,0.044,-0.029,-0.504,-0.812,0.507
-0.113,-0.145,1.008,1.0,-0.011,-0.006,-0.02,-0.03,0.058,-0.004,-0.211,-0.611,0.082
-0.113,-0.144,1.008,1.0,-0.006,-0.006,-0.023,-0.468,0.454,-0.224,-17.146,-24.323,-6.619
-0.114,-0.141,1.007,1.0,-0.002,-0.002,-0.021,-0.074,0.114,-0.04,-2.057,-3.213,-0.764
-0.113,-0.141,1.007,1.0,-0.002,0.003,-0.018,-0.028,0.076,-0.011,-0.831,-1.096,-0.192
-0.115,-0.138,1.005,1.0,-0.001,0.019,-0.022,-0.006,0.056,-0.044,0.085,1.72,0.039
-0.116,-0.136,1.005,1.0,-0.011,-0.006,-0.021,-0.039,0.088,-0.029,-0.867,-1.585,0.077
-0.116,-0.136,1.006,1.0,-0.002,0.006,-0.023,-0.017,0.052,0.001,0.147,-0.097,-0.037
-0.117,-0.132,1.005,1.0,-0.006,-0.006,-0.022,-0.012,0.049,-0.001,0.083,-0.192,-0.012
-0.117,-0.132,1.005,1.0,-0.006,-0.006,-0.022,-0.012,0.049,-0.001,0.083,-0.192,-0.012
-0.118,-0.129,1.005,1.0,-0.001,-0.002,-0.021,-0.006,0.032,-0.004,0.098,0.135,0.02
-0.118,-0.124,1.004,1.0,0.0,0.005,-0.02,-0.003,0.068,-0.013,0.246,0.286,-0.008
-0.119,-0.123,1.004,1.0,0.005,0.017,-0.023,-0.005,0.036,-0.026,0.397,0.882,-0.168
-0.12,-0.119,1.002,1.0,0.001,0.003,-0.021,-0.321,0.34,-0.2,11.847,16.047,5.351
-0.12,-0.118,0.999,1.0,-0.01,-0.011,-0.02,-0.045,0.059,-0.095,0.057,0.66,0.538
-0.12,-0.116,0.998,1.0,0.001,-0.001,-0.021,-0.007,0.039,-0.059,0.422,0.408,0.031
-0.121,-0.116,0.994,1.0,-0.012,-0.009,-0.016,-0.668,0.632,-0.421,-24.72,-33.044,-10.553
-0.121,-0.116,0.994,1.0,-0.012,-0.009,-0.016,-0.668,0.632,-0.421,-24.72,-33.044,-10.553
-0.12,-0.115,0.994,1.0,0.001,-0.005,-0.02,-1.386,1.403,-0.717,-52.988,-71.864,-22.017
-0.12,-0.115,0.99,1.0,-0.003,-0.006,-0.019,-0.049,0.045,-0.091,-2.073,-2.369,-0.474
-0.12,-0.115,0.99,1.0,-0.003,-0.006,-0.019,-0.049,0.045,-0.091,-2.073,-2.369,-0.474
-0.12,-0.115,0.989,1.0,-0.001,-0.013,-0.023,0.002,0.002,-0.037,-0.185,-0.704,-0.264
-0.119,-0.115,0.987,1.0,0.006,-0.006,-0.021,0.005,0.006,-0.019,-0.048,-0.434,0.031
-0.119,-0.115,0.987,1.0,0.006,-0.006,-0.021,0.005,0.006,-0.019,-0.048,-0.434,0.031
-0.119,-0.116,0.985,1.0,-0.005,-0.006,-0.018,-0.007,-0.019,-0.046,-0.522,-0.299,0.176
-0.119,-0.117,0.985,1.0,0.001,-0.004,-0.016,0.003,-0.023,0.009,0.395,0.181,0.128
-0.118,-0.118,0.985,1.0,0.003,-0.001,-0.021,0.018,-0.03,-0.014,-0.075,0.533,0.044
-0.118,-0.119,0.984,1.0,0.004,0.018,-0.02,0.015,-0.034,-0.042,0.124,1.718,0.249
-0.117,-0.122,0.986,1.0,0.005,-0.006,-0.022,0.012,-0.053,0.023,0.219,-0.272,-0.061
-0.117,-0.122,0.986,1.0,0.004,-0.006,-0.023,0.006,-0.032,0.009,0.048,-0.173,-0.056
-0.116,-0.125,0.985,1.0,-0.003,-0.003,-0.02,0.005,-0.036,0.007,-0.125,0.04,0.133
-0.115,-0.127,0.986,1.0,-0.001,-0.006,-0.022,0.025,-0.064,0.008,0.08,-0.12,-0.099
-0.115,-0.13,0.985,1.0,-0.008,-0.007,-0.015,-0.014,-0.054,-0.008,-0.261,-0.246,0.397
-0.113,-0.131,0.986,1.0,0.001,0.007,-0.023,0.051,-0.044,0.03,0.638,1.047,-0.506
-0.082,-0.163,1.001,0.013,0.594,0.769,0.234,0.968,-0.967,0.5,35.867,48.274,14.677
-0.112,-0.135,0.987,1.0,-0.002,-0.01,-0.022,-0.579,0.522,-0.273,-22.695,-31.186,-9.303
-0.111,-0.137,0.986,1.0,0.006,-0.018,-0.02,-0.039,0.021,-0.04,-1.824,-3.436,-1.082
-0.111,-0.137,0.985,1.0,0.01,-0.022,-0.02,-0.019,0.001,-0.029,-0.912,-1.646,-0.614
-0.112,-0.138,0.985,1.0,-0.007,-0.006,-0.012,-0.003,-0.001,-0.001,-0.089,0.009,0.02
-0.112,-0.138,0.985,1.0,-0.007,-0.006,-0.012,-0.003,-0.001,-0.001,-0.089,0.009,0.02
-0.109,-0.142,0.985,1.0,-0.002,-0.005,-0.022,0.01,-0.028,-0.005,0.061,0.051,-0.031
-0.109,-0.144,0.985,1.0,0.002,-0.008,-0.021,0.039,-0.042,-0.057,1.273,-1.263,0.139
-0.109,-0.145,0.984,1.0,0.002,0.003,-0.021,0.026,-0.02,-0.041,0.278,0.45,0.033
-0.108,-0.146,0.982,1.0,0.005,0.02,-0.022,0.002,-0.005,-0.006,0.025,0.121,-0.004
-0.11,-0.149,0.98,1.0,-0.004,-0.008,-0.013,-0.178,0.072,-0.108,-3.948,-8.205,-2.504
-0.11,-0.149,0.98,1.0,-0.004,-0.008,-0.013,-0.024,0.01,-0.014,-0.53,-1.101,-0.336
-0.11,-0.149,0.98,1.0,-0.004,-0.008,-0.013,-0.012,0.005,-0.007,-0.271,-0.564,-0.172
-0.079,-0.182,0.993,0.013,0.585,0.775,0.237,0.315,-0.313,0.118,11.374,15.591,4.162
-0.079,-0.182,0.993,0.013,0.585,0.775,0.237,0.315,-0.313,0.118,11.374,15.591,4.162
-0.11,-0.155,0.976,1.0,-0.002,-0.008,-0.022,-0.083,0.03,-0.061,-2.495,-3.784,-1.332
-0.11,-0.157,0.975,1.0,-0.002,-0.008,-0.024,-0.02,-0.038,-0.023,-0.386,-0.713,-0.332
-0.11,-0.157,0.975,1.0,-0.002,-0.008,-0.024,-0.02,-0.038,-0.023,-0.386,-0.713,-0.332
-0.111,-0.159,0.973,1.0,-0.003,-0.0,-0.022,0.031,-0.033,-0.131,0.007,4.161,-0.025
-0.113,-0.161,0.972,1.0,-0.011,-0.01,-0.008,-0.022,-0.026,-0.017,-0.049,-0.021,0.35
-0.113,-0.161,0.972,1.0,-0.01,-0.01,-0.02,0.016,-0.029,0.02,0.069,0.067,-1.078
-0.113,-0.161,0.972,1.0,-0.009,-0.009,-0.023,0.001,-0.003,0.002,0.009,0.009,-0.091
-0.114,-0.163,0.974,1.0,-0.006,-0.009,-0.02,-0.056,-0.064,0.05,0.279,-0.003,0.162
-0.116,-0.163,0.973,1.0,-0.008,-0.004,-0.013,-0.073,-0.037,0.008,-0.052,0.362,0.635
-0.117,-0.164,0.974,1.0,-0.008,-0.01,-0.013,-0.053,-0.018,0.028,-0.461,-0.748,0.475
-0.116,-0.164,0.975,1.0,0.002,0.014,-0.021,0.004,-0.009,0.013,0.152,0.468,-0.088
-0.118,-0.164,0.977,1.0,-0.008,-0.009,-0.016,-0.058,-0.004,0.038,-0.363,-0.864,0.276
-0.118,-0.164,0.977,1.0,-0.006,-0.01,-0.021,-0.025,0.012,0.037,-0.043,-0.642,-0.303
-0.119,-0.165,0.978,1.0,-0.009,-0.009,-0.022,-0.007,-0.019,0.018,-0.227,-0.122,-0.3
-0.12,-0.164,0.979,1.0,-0.004,0.003,-0.021,-0.01,0.02,-0.001,0.032,1.071,-0.01
-0.121,-0.164,0.98,1.0,-0.007,-0.007,-0.02,-0.07,0.063,-0.007,-1.847,-2.549,-0.808
-0.122,-0.165,0.981,1.0,-0.0,0.004,-0.023,-0.036,0.005,0.041,0.016,-0.514,-0.159
-0.124,-0.164,0.983,1.0,-0.0,0.001,-0.023,-0.057,0.017,0.076,-0.1,0.691,-0.082
-0.126,-0.163,0.985,1.0,-0.004,-0.01,-0.021,-0.037,0.017,0.037,-0.153,-0.527,-0.028
-0.126,-0.163,0.985,1.0,0.0,0.003,-0.022,-0.021,0.004,0.023,0.21,0.634,-0.045
-0.128,-0.163,0.987,1.0,0.001,0.001,-0.021,-0.011,-0.004,0.011,0.028,0.174,-0.0
-0.129,-0.163,0.987,1.0,-0.011,-0.01,-0.019,-0.062,0.02,0.014,-0.853,-0.729,0.18
-0.099,-0.191,1.005,0.005,-0.591,-0.768,-0.246,0.365,-0.345,0.208,-14.172,-18.996,-6.032
-0.102,-0.192,1.006,0.014,0.595,0.768,0.238,-0.025,-0.039,0.05,-1.368,-2.127,-0.813
-0.135,-0.163,0.993,1.0,0.003,-0.007,-0.019,-0.176,0.123,-0.034,-4.583,-6.652,-1.833
-0.137,-0.162,0.993,1.0,-0.005,-0.003,-0.018,-0.046,0.03,-0.01,-0.713,-0.151,-0.16
-0.137,-0.162,0.993,1.0,-0.007,-0.008,-0.021,-0.032,0.011,0.003,-0.579,-0.592,-0.308
-0.139,-0.162,0.993,1.0,-0.003,0.004,-0.024,-0.015,-0.006,-0.002,0.123,0.538,-0.15
-0.139,-0.162,0.993,1.0,0.001,0.02,-0.022,-0.02,-0.001,-0.008,0.267,1.179,0.02
-0.141,-0.161,0.993,1.0,-0.009,-0.008,-0.018,-0.02,0.005,0.002,-0.241,-0.696,0.098
-0.143,-0.162,0.994,1.0,0.001,-0.003,-0.02,-0.062,-0.016,0.047,0.675,0.145,-0.095
-0.145,-0.16,0.993,1.0,-0.01,-0.01,-0.018,-0.04,0.017,-0.003,-0.193,-0.011,0.118
-0.146,-0.161,0.994,1.0,-0.009,-0.006,-0.022,-0.041,0.002,-0.0,0.051,-0.119,0.011
-0.147,-0.16,0.994,1.0,-0.004,-0.002,-0.016,-0.061,0.01,0.004,0.232,0.17,0.507
-0.149,-0.159,0.993,1.0,-0.016,-0.011,-0.016,-0.017,0.02,-0.006,-0.211,-0.156,0.129
-0.149,-0.159,0.992,1.0,-0.016,-0.01,-0.019,-0.027,0.033,-0.017,-0.281,-0.047,-0.044
-0.15,-0.158,0.992,1.0,0.0,0.023,-0.02,-0.014,0.008,-0.021,1.121,2.64,-0.127
-0.15,-0.158,0.992,1.0,-0.005,0.003,-0.022,-0.011,-0.0,-0.006,-0.017,-0.47,-0.102
-0.152,-0.156,0.99,1.0,-0.008,-0.007,-0.019,-0.018,0.019,-0.019,0.155,-0.007,-0.028
-0.152,-0.156,0.99,1.0,-0.008,-0.007,-0.019,-0.018,0.019,-0.019,0.155,-0.007,-0.028
-0.155,-0.153,0.993,0.996,-0.059,0.062,-0.039,-0.077,0.093,0.193,-5.208,6.348,-1.779
-0.155,-0.152,0.987,1.0,-0.003,0.0,-0.022,-0.022,0.031,-0.0,0.076,-0.601,-0.045
-0.156,-0.148,0.986,1.0,-0.007,-0.004,-0.019,0.002,0.047,-0.009,0.127,0.044,-0.161
-0.156,-0.148,0.986,1.0,-0.006,-0.003,-0.018,-0.005,0.035,0.003,0.21,0.081,0.005
-0.125,-0.174,1.001,0.01,-0.593,-0.769,-0.236,0.069,-0.051,0.029,2.628,3.454,1.013
-0.156,-0.144,0.985,1.0,-0.009,-0.0,-0.017,-0.685,0.671,-0.348,-25.063,-33.923,-10.059
-0.156,-0.142,0.985,1.0,-0.007,-0.008,-0.023,-0.011,0.047,-0.004,-0.823,-1.935,-0.588
-0.155,-0.142,0.984,0.999,-0.017,-0.016,-0.024,0.004,0.023,-0.028,-0.67,-0.913,-0.2
-0.124,-0.169,1.001,0.006,0.595,0.767,0.239,0.073,-0.067,0.036,2.73,3.649,1.166
-0.123,-0.165,1.001,0.006,-0.594,-0.767,-0.241,0.036,0.042,0.018,0.296,0.317,0.183
-0.123,-0.165,1.001,0.006,-0.594,-0.767,-0.241,0.006,0.007,0.003,0.05,0.053,0.031
-0.123,-0.165,1.001,0.006,-0.594,-0.767,-0.241,0.001,0.001,0.001,0.01,0.011,0.006
-0.123,-0.165,1.001,0.006,-0.594,-0.767,-0.241,0.0,0.0,0.0,0.0,0.0,0.0
-0.123,-0.165,1.001,0.006,-0.594,-0.767,-0.241,0.0,0.0,0.0,0.0,0.0,0.0
-0.147,-0.134,0.987,1.0,0.004,-0.007,-0.019,0.007,0.023,-0.031,0.808,0.869,0.39
-0.145,-0.135,0.983,1.0,-0.002,-0.005,-0.019,0.024,-0.009,-0.063,-0.113,-0.214,0.058
-0.145,-0.135,0.983,1.0,0.008,-0.007,-0.018,0.024,0.025,-0.015,1.012,-0.304,-0.006
-0.114,-0.164,0.996,0.008,-0.592,-0.767,-0.248,0.264,-0.246,0.113,-9.64,-13.076,-3.922
-0.143,-0.137,0.977,1.0,0.004,-0.007,-0.019,-0.796,0.773,-0.555,32.872,43.919,13.204
-0.141,-0.138,0.972,1.0,-0.001,-0.006,-0.018,0.006,-0.001,-0.09,1.075,1.618,0.522
-0.141,-0.138,0.972,1.0,-0.001,-0.006,-0.018,0.006,-0.001,-0.09,1.075,1.618,0.522
-0.138,-0.141,0.965,1.0,0.002,0.008,-0.021,0.042,-0.053,-0.105,0.052,0.862,-0.111
-0.138,-0.142,0.964,1.0,0.001,0.006,-0.021,0.034,-0.041,-0.084,-0.071,0.014,-0.118
-0.138,-0.143,0.962,1.0,-0.002,-0.003,-0.02,0.025,-0.036,-0.065,-0.05,-0.167,-0.081
-0.135,-0.145,0.959,1.0,0.002,-0.003,-0.022,0.037,-0.058,-0.056,-0.016,-0.386,-0.023
-0.135,-0.145,0.959,1.0,0.002,-0.003,-0.022,0.037,-0.058,-0.056,-0.016,-0.386,-0.023
-0.133,-0.148,0.957,1.0,-0.002,0.011,-0.022,0.033,-0.027,-0.009,0.288,0.891,-0.172
-0.13,-0.15,0.958,1.0,-0.006,0.004,-0.02,-0.313,0.308,-0.138,-13.028,-17.634,-5.616
-0.13,-0.152,0.958,1.0,-0.009,-0.007,-0.019,-0.121,0.066,-0.034,-5.615,-8.093,-2.229
-0.126,-0.154,0.967,1.0,-0.004,-0.004,-0.02,0.037,-0.03,0.138,0.269,-0.276,0.038
-0.126,-0.154,0.968,1.0,-0.005,-0.004,-0.021,0.025,-0.031,0.085,0.107,-0.077,-0.035
-0.122,-0.156,0.976,1.0,-0.008,0.004,-0.021,0.024,0.0,0.066,-0.05,0.321,0.064
-0.121,-0.157,0.981,1.0,-0.004,-0.006,-0.022,0.067,-0.047,0.167,0.215,-0.415,-0.159
-0.118,-0.158,0.99,1.0,-0.008,-0.006,-0.016,0.015,-0.006,0.095,-0.206,-0.234,0.342
-0.117,-0.158,0.993,1.0,-0.009,-0.002,-0.021,0.042,-0.001,0.089,-0.142,0.306,-0.111
-0.115,-0.158,0.998,1.0,-0.007,-0.001,-0.013,0.003,-0.004,0.025,0.056,0.052,0.16
-0.11,-0.157,1.005,1.0,-0.009,-0.006,-0.02,0.021,0.019,0.04,-0.086,-0.009,0.075
-0.11,-0.156,1.008,0.999,-0.03,0.016,-0.023,0.026,0.026,0.12,-1.738,1.65,-0.148
-0.106,-0.155,1.011,1.0,-0.004,-0.012,-0.021,0.059,0.012,0.077,0.347,-0.255,-0.036
-0.105,-0.155,1.011,1.0,-0.003,-0.011,-0.021,0.016,0.008,0.011,0.052,0.021,-0.021
-0.105,-0.155,1.011,1.0,-0.003,-0.011,-0.021,0.003,0.001,0.002,0.009,0.003,-0.003
-0.103,-0.152,1.011,1.0,-0.001,0.006,-0.021,0.034,0.03,-0.02,0.062,0.579,-0.006
-0.103,-0.152,1.011,1.0,-0.001,0.006,-0.021,0.034,0.03,-0.02,0.062,0.579,-0.006
-0.102,-0.152,1.01,1.0,0.002,0.013,-0.02,0.015,0.023,-0.02,0.098,0.082,-0.0
-0.102,-0.151,1.01,1.0,-0.008,-0.003,-0.024,0.008,0.017,-0.002,-0.356,-0.824,-0.175
-0.101,-0.149,1.005,1.0,-0.002,-0.006,-0.021,0.005,-0.008,-0.045,-0.298,0.903,-0.285
-0.102,-0.146,0.999,1.0,-0.001,-0.006,-0.015,-0.051,0.044,-0.091,0.116,0.351,0.534
-0.102,-0.146,0.996,1.0,-0.001,0.002,-0.021,0.024,0.026,-0.126,0.005,0.872,-0.459
-0.102,-0.144,0.988,1.0,-0.002,-0.009,-0.021,-0.01,0.02,-0.097,0.713,0.356,-0.136
-0.103,-0.143,0.986,1.0,-0.006,-0.005,-0.019,-0.007,0.058,-0.102,0.092,0.512,-0.208
-0.104,-0.141,0.98,1.0,0.0,-0.006,-0.022,-0.001,0.026,-0.075,0.228,0.129,-0.109
-0.104,-0.141,0.977,1.0,0.005,0.016,-0.023,-0.006,0.019,-0.072,0.32,1.151,-0.073
-0.105,-0.14,0.974,1.0,0.0,-0.008,-0.02,-0.017,0.003,-0.026,0.056,-0.055,-0.277
-0.106,-0.139,0.973,1.0,0.001,-0.008,-0.021,-0.018,0.014,-0.038,0.046,-0.003,-0.163
-0.107,-0.139,0.971,1.0,0.001,-0.0,-0.022,-0.02,0.011,-0.014,-0.022,0.245,0.036
-0.077,-0.167,0.986,0.008,0.592,0.769,0.238,1.24,-1.201,0.605,48.435,65.884,19.975
-0.109,-0.137,0.97,1.0,-0.005,-0.008,-0.02,-0.583,0.559,-0.285,-21.768,-29.402,-8.837
-0.11,-0.136,0.972,1.0,0.002,-0.005,-0.019,-0.132,0.148,-0.01,-4.009,-5.829,-2.067
-0.112,-0.136,0.972,1.0,-0.001,-0.004,-0.019,-1.32,1.214,-0.607,47.408,63.629,19.843
-0.112,-0.136,0.972,1.0,-0.001,-0.004,-0.019,-0.277,0.255,-0.127,9.942,13.344,4.161
-0.114,-0.136,0.973,1.0,-0.006,-0.005,-0.017,-0.036,0.014,0.011,0.072,0.135,0.185
-0.114,-0.136,0.974,1.0,-0.004,-0.005,-0.019,-0.018,0.003,0.025,0.195,0.124,-0.052
-0.115,-0.136,0.975,1.0,0.0,-0.005,-0.02,-0.018,0.0,0.012,0.161,-0.085,-0.034
-0.116,-0.137,0.974,1.0,-0.001,-0.009,-0.019,-0.023,-0.012,-0.006,-0.027,-0.206,0.03
-0.116,-0.137,0.974,1.0,-0.002,-0.012,-0.02,-0.018,-0.007,-0.005,-0.088,-0.192,-0.013
-0.117,-0.137,0.975,1.0,0.002,-0.008,-0.02,-0.009,-0.008,0.005,0.232,0.261,-0.019
-0.117,-0.137,0.975,1.0,0.002,-0.008,-0.02,-0.009,-0.008,0.005,0.232,0.261,-0.019
-0.117,-0.138,0.974,1.0,-0.004,-0.009,-0.017,-0.012,-0.02,-0.017,-0.192,0.023,0.115
-0.118,-0.138,0.972,1.0,0.011,-0.013,-0.017,-0.003,0.009,-0.039,0.641,-0.766,0.247
-0.118,-0.138,0.972,1.0,0.011,-0.013,-0.017,-0.003,0.009,-0.039,0.641,-0.766,0.247
-0.118,-0.139,0.97,1.0,0.001,0.0,-0.02,-0.001,-0.017,-0.043,0.134,0.507,-0.146
-0.118,-0.14,0.967,1.0,0.001,0.015,-0.02,-0.004,-0.018,-0.056,-0.076,0.136,-0.016
-0.118,-0.14,0.967,1.0,0.001,0.015,-0.02,-0.004,-0.018,-0.056,-0.076,0.136,-0.016
-0.119,-0.141,0.964,1.0,-0.001,-0.011,-0.02,-0.025,-0.027,-0.072,-0.088,-0.231,0.191
-0.118,-0.141,0.962,1.0,0.001,0.005,-0.02,0.009,-0.018,-0.082,0.065,1.188,0.111
-0.119,-0.142,0.957,1.0,0.0,-0.004,-0.021,-0.012,-0.106,-0.188,0.697,2.007,0.402
-0.119,-0.143,0.954,1.0,-0.002,0.009,-0.019,0.004,-0.034,-0.174,-0.042,1.645,0.352
-0.118,-0.145,0.943,0.999,0.017,-0.023,-0.015,0.004,-0.025,-0.19,0.83,-0.985,0.252
-0.118,-0.147,0.935,1.0,-0.001,-0.002,-0.022,-0.01,-0.065,-0.159,-1.77,2.182,-0.676
-0.118,-0.147,0.927,1.0,-0.002,0.001,-0.02,-0.0,-0.007,-0.223,-0.404,0.481,0.016
-0.118,-0.147,0.924,1.0,0.012,-0.016,-0.017,0.019,-0.042,-0.266,1.135,-1.275,0.283
-0.117,-0.149,0.907,1.0,-0.0,0.008,-0.02,0.019,-0.023,-0.266,0.098,0.853,0.033
-0.117,-0.149,0.907,1.0,-0.0,0.008,-0.02,0.019,-0.023,-0.266,0.098,0.853,0.033
-0.117,-0.149,0.899,1.0,-0.009,0.002,-0.023,0.001,0.011,-0.248,-0.759,0.031,-0.288
-0.116,-0.151,0.88,1.0,-0.0,0.011,-0.02,0.023,-0.031,-0.276,0.242,0.939,-0.106
-0.116,-0.151,0.88,1.0,-0.0,0.011,-0.02,0.023,-0.031,-0.276,0.242,0.939,-0.106
-0.116,-0.152,0.871,1.0,-0.001,-0.003,-0.021,0.016,-0.025,-0.268,0.091,-0.466,-0.065
-0.115,-0.152,0.859,1.0,-0.002,-0.002,-0.019,0.018,-0.018,-0.332,0.527,0.322,0.222
-0.113,-0.153,0.843,1.0,-0.0,0.006,-0.02,0.035,-0.009,-0.262,0.407,0.308,-0.011
-0.112,-0.154,0.826,1.0,-0.001,-0.011,-0.017,0.032,-0.005,-0.244,0.957,-1.103,0.134
-0.112,-0.154,0.826,1.0,-0.001,-0.011,-0.017,0.032,-0.005,-0.244,0.957,-1.103,0.134
-0.111,-0.154,0.813,1.0,-0.005,-0.004,-0.013,0.008,0.003,-0.272,0.306,-0.21,0.559
-0.11,-0.153,0.808,0.997,-0.049,0.055,-0.033,0.003,0.033,-0.045,-2.222,2.88,-0.733
-0.109,-0.154,0.799,1.0,-0.008,0.004,-0.021,0.079,-0.019,-0.421,2.235,-2.553,0.615
-0.077,-0.184,0.806,0.012,0.591,0.773,0.233,0.957,-0.883,0.156,34.471,46.414,14.498
-0.107,-0.153,0.782,0.997,-0.043,0.05,-0.03,-0.189,0.207,-0.236,-10.609,-4.863,-3.627
-0.107,-0.153,0.782,0.997,-0.043,0.05,-0.03,-0.189,0.207,-0.236,-10.609,-4.863,-3.627
-0.103,-0.154,0.763,1.0,-0.003,0.002,-0.02,0.051,0.011,-0.224,0.061,-0.075,-0.299
-0.101,-0.154,0.75,1.0,-0.005,-0.005,-0.017,0.029,-0.003,-0.242,-0.543,0.089,-0.053
-0.101,-0.154,0.748,1.0,-0.002,-0.001,-0.019,0.036,-0.001,-0.194,-0.068,0.374,-0.139
-0.099,-0.153,0.734,1.0,-0.015,-0.005,-0.015,0.013,0.019,-0.354,-1.352,-0.022,0.305
-0.097,-0.153,0.723,1.0,-0.007,-0.007,-0.021,0.04,-0.003,-0.197,0.067,0.065,-0.186
-0.097,-0.153,0.723,1.0,-0.007,-0.007,-0.021,0.04,-0.003,-0.197,0.067,0.065,-0.186
-0.094,-0.152,0.703,1.0,-0.002,0.006,-0.02,0.055,0.004,-0.264,0.111,0.796,-0.31
-0.09,-0.15,0.677,1.0,-0.002,-0.0,-0.021,0.052,0.006,-0.325,0.028,-0.165,-0.082
-0.09,-0.148,0.671,0.998,-0.041,0.039,-0.036,0.009,0.051,-0.163,-3.0,3.082,-1.34
-0.087,-0.148,0.658,1.0,-0.0,0.011,-0.019,0.088,0.036,-0.436,1.178,0.507,0.416
-0.085,-0.147,0.644,1.0,-0.008,-0.004,-0.018,0.024,0.011,-0.107,-0.077,-0.03,-0.052
-0.083,-0.146,0.628,1.0,-0.008,-0.004,-0.02,0.058,0.03,-0.371,-0.259,-0.38,-0.114
-0.08,-0.144,0.612,1.0,-0.005,-0.008,-0.014,0.045,0.038,-0.233,0.123,-0.499,0.152
-0.074,-0.142,0.591,0.995,0.056,-0.082,0.005,0.048,0.025,-0.184,1.815,-2.613,0.85
-0.076,-0.142,0.589,1.0,-0.023,-0.011,-0.011,-0.016,-0.004,-0.157,-4.218,3.207,-0.415
-0.069,-0.138,0.58,1.0,0.001,0.001,-0.02,0.061,0.062,-0.079,-2.147,3.23,-0.682
-0.07,-0.139,0.578,1.0,-0.016,-0.008,-0.014,0.01,0.019,-0.108,-1.884,0.805,0.091
-0.034,-0.166,0.587,0.006,0.592,0.77,0.239,0.559,-0.396,0.191,18.884,24.758,7.822
-0.033,-0.166,0.586,0.011,0.592,0.768,0.244,0.218,-0.153,0.014,5.773,8.049,2.578
-0.028,-0.165,0.582,0.005,0.586,0.773,0.243,0.298,-0.159,0.03,7.709,10.33,2.456
-0.028,-0.165,0.582,0.005,0.593,0.769,0.238,0.159,-0.071,0.021,4.092,5.012,1.696
-0.054,-0.135,0.565,1.0,0.004,-0.008,-0.016,-0.702,0.727,-0.419,-28.814,-39.084,-12.072
-0.054,-0.136,0.563,1.0,-0.01,-0.01,-0.016,-0.142,0.145,-0.111,-6.445,-8.264,-2.515
-0.049,-0.136,0.561,1.0,0.01,-0.009,-0.018,0.089,-0.002,-0.033,0.49,0.283,-0.386
-0.047,-0.137,0.56,1.0,0.007,0.002,-0.019,0.069,-0.019,-0.051,0.048,0.492,-0.009
-0.014,-0.168,0.572,0.002,0.595,0.767,0.24,0.325,-0.296,0.076,10.716,13.382,4.453
-0.041,-0.139,0.555,1.0,0.004,-0.004,-0.016,-0.168,0.192,-0.159,-8.275,-11.392,-3.227
-0.039,-0.141,0.549,1.0,-0.014,-0.008,-0.014,0.048,-0.057,-0.186,-1.924,-1.096,0.065
-0.036,-0.142,0.547,1.0,0.005,-0.003,-0.017,0.07,-0.03,-0.076,0.45,-0.112,-0.072
-0.032,-0.145,0.535,1.0,0.004,0.002,-0.017,0.065,-0.041,-0.172,0.287,0.181,0.085
-0.032,-0.145,0.531,1.0,-0.006,-0.002,-0.012,0.029,-0.039,-0.252,-0.664,-0.153,0.447
-0.027,-0.148,0.517,1.0,0.001,-0.008,-0.023,0.075,-0.023,-0.256,-0.149,-0.55,-0.616
-0.026,-0.149,0.51,1.0,0.003,-0.005,-0.014,0.049,-0.034,-0.251,-0.123,-0.562,0.424
-0.02,-0.154,0.487,1.0,-0.019,-0.019,-0.014,-1.12,1.047,-1.064,-46.558,-61.038,-19.083
-0.021,-0.153,0.485,1.0,-0.015,-0.006,-0.008,-0.465,0.431,-0.477,-18.891,-24.336,-7.507
-0.014,-0.156,0.466,1.0,-0.007,-0.005,-0.021,0.092,-0.033,-0.243,-0.743,0.064,-0.515
-0.014,-0.157,0.466,1.0,-0.002,-0.004,-0.02,0.049,-0.025,-0.145,-0.089,0.107,-0.186
-0.011,-0.159,0.454,1.0,-0.008,-0.002,-0.012,0.007,-0.011,-0.046,-0.02,0.281,0.184
-0.011,-0.159,0.454,1.0,-0.008,-0.002,-0.012,0.003,-0.004,-0.019,-0.008,0.115,0.075
-0.004,-0.163,0.44,1.0,-0.002,-0.013,-0.019,0.06,-0.034,-0.126,0.247,-0.557,-0.129
-0.002,-0.165,0.436,1.0,-0.003,-0.005,-0.018,0.075,-0.057,-0.115,0.008,0.059,-0.276
0.003,-0.166,0.43,1.0,-0.003,0.004,-0.02,0.072,-0.01,-0.094,-0.166,0.572,0.159
0.004,-0.167,0.429,1.0,-0.005,0.006,-0.019,0.042,-0.017,-0.053,-0.173,0.229,0.086
0.009,-0.168,0.426,1.0,-0.005,-0.002,-0.018,0.056,-0.008,-0.027,-0.129,-0.202,0.063
0.01,-0.168,0.426,1.0,-0.002,-0.001,-0.019,0.063,-0.014,-0.026,0.062,-0.01,-0.044
0.014,-0.168,0.426,1.0,0.004,0.001,-0.021,0.093,0.0,0.009,0.464,0.836,-0.191
0.018,-0.168,0.429,1.0,-0.008,-0.002,-0.021,0.029,0.01,0.05,-0.425,0.605,-0.22
0.02,-0.168,0.43,1.0,0.001,-0.009,-0.022,0.085,-0.015,0.045,0.732,-0.494,-0.123
0.023,-0.169,0.433,1.0,-0.018,-0.01,-0.01,0.064,0.007,0.028,-1.301,0.163,0.56
0.024,-0.169,0.434,1.0,-0.015,-0.014,-0.011,0.044,0.007,0.037,-0.393,-0.143,0.134
0.027,-0.168,0.44,1.0,-0.007,-0.008,-0.016,0.037,0.019,0.084,-0.472,-0.857,0.161
0.029,-0.166,0.442,0.999,0.026,-0.034,-0.016,0.077,0.057,-0.002,2.826,-2.821,0.048
0.029,-0.167,0.444,1.0,-0.018,-0.016,-0.011,0.028,0.003,0.057,-0.589,-0.324,0.382
0.031,-0.166,0.448,1.0,0.004,-0.015,-0.015,0.028,0.02,0.048,0.383,-0.447,0.085
0.033,-0.166,0.452,1.0,-0.004,-0.009,-0.02,0.043,0.014,0.077,-0.127,-0.04,-0.104
0.034,-0.164,0.452,1.0,-0.017,-0.016,-0.016,0.007,0.015,0.005,-0.378,-0.479,0.214
0.034,-0.164,0.453,1.0,-0.014,-0.018,-0.014,0.017,0.015,0.01,0.058,-0.358,0.162
0.037,-0.163,0.455,1.0,-0.004,-0.01,-0.018,0.031,0.04,0.024,-0.173,-0.515,-0.116
0.038,-0.162,0.456,1.0,-0.001,-0.005,-0.017,0.043,0.021,0.034,0.381,0.389,-0.151
0.038,-0.161,0.455,1.0,-0.007,-0.008,-0.015,0.015,0.019,-0.04,-0.465,-0.206,0.198
0.039,-0.16,0.455,1.0,-0.003,-0.002,-0.013,0.008,0.023,-0.017,-0.133,0.112,0.17
0.04,-0.159,0.453,1.0,-0.0,-0.005,-0.017,0.044,0.036,-0.006,0.786,0.94,-0.482
0.04,-0.159,0.453,1.0,-0.0,-0.005,-0.017,0.044,0.036,-0.006,0.786,0.94,-0.482
0.041,-0.158,0.449,1.0,-0.002,-0.011,-0.02,0.011,0.064,-0.108,-0.338,-0.752,-0.089
0.042,-0.158,0.448,1.0,0.002,-0.009,-0.018,0.005,-0.009,-0.006,0.063,-0.011,-0.003
0.042,-0.158,0.448,1.0,0.002,-0.009,-0.018,0.0,-0.001,-0.001,0.005,-0.001,-0.0
0.043,-0.155,0.441,1.0,0.001,-0.008,-0.019,0.013,0.04,-0.103,0.175,0.052,-0.101
0.042,-0.155,0.438,1.0,-0.018,-0.015,-0.01,-0.034,-0.024,-0.203,-1.786,-1.142,1.015
0.043,-0.153,0.436,1.0,0.001,-0.003,-0.017,0.012,0.035,-0.061,0.158,-0.105,0.039
0.043,-0.153,0.434,1.0,-0.012,-0.013,-0.016,0.012,0.022,-0.053,-0.034,-0.573,-0.159
0.043,-0.152,0.433,1.0,0.001,-0.005,-0.017,-0.006,0.01,-0.019,-0.384,0.282,0.022
0.043,-0.152,0.432,1.0,0.001,-0.004,-0.018,-0.001,0.004,-0.008,-0.088,0.079,-0.016
0.043,-0.152,0.429,1.0,0.002,-0.0,-0.019,0.003,-0.003,-0.121,0.01,0.336,-0.071
0.043,-0.15,0.426,1.0,-0.011,0.005,-0.026,-0.019,0.054,-0.049,-0.922,0.707,-0.504
0.043,-0.151,0.424,1.0,0.001,-0.01,-0.019,0.005,-0.01,-0.056,0.611,-0.344,0.167
0.043,-0.15,0.422,1.0,0.001,-0.01,-0.018,-0.007,0.032,-0.081,0.2,-0.35,0.165
0.043,-0.149,0.415,1.0,0.002,0.009,-0.018,0.027,0.008,-0.097,0.196,1.264,-0.258
0.043,-0.149,0.412,1.0,-0.018,-0.015,-0.006,-0.008,0.007,-0.138,-1.287,-1.346,0.669
0.042,-0.149,0.41,1.0,-0.002,-0.009,-0.012,-0.016,0.026,-0.083,0.858,0.277,-0.364
0.043,-0.148,0.406,1.0,-0.001,-0.006,-0.018,0.013,0.023,-0.078,0.386,-0.158,-0.308
0.043,-0.148,0.406,1.0,-0.001,-0.006,-0.018,0.013,0.023,-0.078,0.386,-0.158,-0.308
0.043,-0.148,0.404,1.0,0.014,-0.02,-0.015,0.011,0.012,-0.062,0.822,-0.746,0.047
0.043,-0.148,0.398,1.0,0.007,0.009,-0.016,0.017,-0.007,-0.095,0.447,1.335,-0.06
0.043,-0.148,0.395,1.0,-0.001,0.001,-0.018,0.004,0.006,-0.066,-0.15,-0.278,-0.047
0.042,-0.147,0.39,1.0,-0.002,-0.004,-0.012,-0.011,0.01,-0.077,0.227,0.427,0.064
0.043,-0.147,0.39,1.0,-0.0,0.003,-0.018,0.034,0.01,-0.063,0.259,0.831,-0.419
0.043,-0.148,0.387,1.0,0.005,-0.01,-0.019,0.003,-0.003,-0.024,0.293,-0.122,-0.079
0.044,-0.147,0.382,1.0,-0.001,0.008,-0.018,0.016,0.013,-0.09,0.033,0.613,0.08
0.044,-0.149,0.381,1.0,-0.003,-0.006,-0.018,0.036,-0.054,-0.09,-0.188,-0.489,0.138
0.043,-0.147,0.378,1.0,-0.005,-0.008,-0.015,-0.017,0.049,-0.119,-0.079,-0.586,0.371
0.044,-0.147,0.377,1.0,0.005,-0.009,-0.014,0.001,0.001,-0.007,0.011,-0.0,0.017
0.044,-0.147,0.371,1.0,0.004,0.004,-0.018,0.009,-0.008,-0.225,-0.228,1.108,-0.272
0.044,-0.148,0.369,1.0,0.0,0.003,-0.018,-0.002,-0.022,-0.162,-0.309,0.658,-0.083
0.044,-0.148,0.365,1.0,0.003,-0.004,-0.018,0.229,-0.211,-0.003,8.342,11.552,3.818
0.045,-0.146,0.355,1.0,0.008,-0.013,-0.015,0.021,0.012,-0.107,0.66,-0.086,0.103
0.045,-0.147,0.351,1.0,0.001,0.003,-0.017,0.013,-0.013,-0.18,-0.034,1.455,-0.134
0.044,-0.147,0.337,1.0,-0.004,-0.008,-0.011,-0.006,-0.009,-0.072,-0.056,0.007,0.184
0.046,-0.146,0.322,0.997,0.043,-0.07,-0.0,0.041,0.015,-0.348,3.467,-5.105,1.181
0.045,-0.147,0.324,1.0,-0.0,-0.005,-0.019,0.006,-0.002,-0.145,-1.417,1.934,-0.805
0.045,-0.146,0.31,1.0,-0.001,-0.003,-0.016,0.009,-0.003,-0.182,0.092,0.128,-0.154
0.045,-0.146,0.31,1.0,-0.001,-0.003,-0.016,0.009,-0.003,-0.182,0.092,0.128,-0.154
0.045,-0.146,0.293,1.0,-0.007,-0.006,-0.016,-0.019,0.015,-0.237,-0.801,-1.186,-0.168
0.046,-0.146,0.273,1.0,0.003,-0.005,-0.017,0.008,-0.007,-0.246,0.387,0.142,0.05
0.046,-0.145,0.263,1.0,-0.015,0.006,-0.022,0.003,0.012,-0.147,-0.847,0.632,-0.383
0.046,-0.145,0.257,1.0,-0.011,-0.005,-0.018,0.004,0.006,-0.296,-0.441,-0.74,0.172
0.045,-0.145,0.251,1.0,-0.006,-0.008,-0.009,-0.027,0.011,-0.279,-0.07,-0.435,0.563
0.046,-0.144,0.231,1.0,-0.006,-0.002,-0.015,0.008,0.026,-0.131,-0.034,0.509,-0.086
0.046,-0.144,0.212,1.0,-0.007,-0.015,-0.018,-0.015,0.011,-0.236,-0.608,-0.959,-0.106
0.046,-0.144,0.209,1.0,-0.002,-0.003,-0.01,-0.006,0.011,-0.128,0.213,-0.077,0.553
0.047,-0.144,0.187,1.0,-0.005,0.002,-0.012,-0.08,0.047,-0.299,-2.259,-2.426,-0.712
0.047,-0.143,0.184,1.0,-0.003,-0.006,-0.02,-0.005,0.061,-0.173,-0.435,-1.268,-0.936
0.048,-0.143,0.167,1.0,0.002,-0.002,-0.015,0.012,0.02,-0.181,0.708,0.453,0.103
0.048,-0.144,0.162,1.0,0.003,-0.002,-0.015,0.008,0.006,-0.212,0.509,0.265,0.132
0.049,-0.145,0.147,1.0,0.005,-0.003,-0.017,0.037,-0.059,-0.192,1.161,0.467,-0.141
0.049,-0.145,0.147,1.0,0.005,-0.003,-0.017,0.015,-0.024,-0.079,0.476,0.191,-0.058
0.051,-0.144,0.128,1.0,0.002,0.001,-0.019,0.007,0.029,-0.205,-0.01,-0.444,-0.017
0.052,-0.145,0.124,1.0,0.003,0.004,-0.019,0.03,-0.024,-0.178,-0.277,0.052,-0.117
0.053,-0.146,0.113,1.0,0.014,0.008,-0.018,0.037,-0.004,-0.146,1.26,1.365,-0.718
0.054,-0.146,0.111,1.0,-0.005,-0.005,-0.014,0.022,-0.03,-0.118,-0.609,-0.612,-0.001
0.087,-0.178,0.12,0.006,-0.593,-0.769,-0.241,0.724,-0.684,0.269,-38.041,-50.772,-15.874
0.088,-0.179,0.119,0.003,-0.592,-0.771,-0.236,0.329,-0.314,0.067,-15.425,-21.156,-6.719
0.09,-0.18,0.118,0.01,0.589,0.772,0.239,0.016,-0.018,0.001,-0.359,-0.465,-0.227
0.062,-0.153,0.104,1.0,-0.009,0.007,-0.016,-0.552,0.539,-0.268,-22.988,-29.619,-9.52
0.065,-0.16,0.102,0.999,-0.024,-0.027,-0.01,0.019,-0.106,-0.06,-2.787,-1.981,0.252
0.066,-0.161,0.105,1.0,0.003,-0.005,-0.017,0.065,-0.087,0.075,0.803,0.738,-0.416
0.07,-0.164,0.107,1.0,-0.014,0.007,-0.023,0.058,-0.02,0.083,-1.019,1.241,-1.067
0.071,-0.166,0.107,1.0,0.003,0.004,-0.014,0.052,-0.061,0.045,0.682,0.403,0.171
0.077,-0.173,0.108,1.0,-0.001,-0.001,-0.018,0.08,-0.079,0.053,0.655,0.323,-0.324
0.076,-0.175,0.109,1.0,-0.001,-0.002,-0.009,0.019,-0.103,0.037,0.151,0.395,0.659
0.081,-0.179,0.107,1.0,-0.005,-0.005,-0.014,0.031,-0.084,0.131,-2.278,2.808,-0.978
0.083,-0.181,0.105,1.0,-0.002,-0.001,-0.016,0.05,-0.082,0.014,-0.627,1.106,-0.417
0.116,-0.213,0.117,0.007,0.593,0.769,0.238,0.125,-0.133,0.015,4.003,5.469,1.836
0.089,-0.188,0.092,0.999,-0.03,-0.031,-0.01,-0.381,0.315,-0.417,-17.838,-24.232,-6.652
0.092,-0.189,0.087,1.0,-0.022,-0.012,-0.009,0.048,-0.017,-0.176,-0.58,-1.332,0.001
0.093,-0.191,0.087,1.0,-0.005,0.001,-0.016,0.046,-0.037,-0.065,0.531,0.053,-0.291
0.098,-0.194,0.076,1.0,-0.005,-0.004,-0.018,0.115,-0.028,-0.113,1.073,0.812,-0.456
0.098,-0.194,0.074,1.0,-0.004,-0.006,-0.009,0.025,-0.045,-0.062,-0.28,0.995,0.301
0.101,-0.196,0.066,1.0,-0.007,-0.007,-0.011,0.024,-0.007,-0.028,0.373,0.464,0.086
0.105,-0.197,0.063,1.0,0.007,-0.008,-0.018,0.092,-0.014,-0.089,0.598,-0.319,-0.406
0.108,-0.199,0.059,0.999,0.016,0.031,-0.017,0.086,-0.037,-0.059,0.522,2.191,-0.135
0.108,-0.2,0.059,1.0,-0.009,-0.009,-0.013,0.039,-0.058,-0.06,-2.184,-2.918,0.319
0.11,-0.202,0.059,1.0,-0.016,-0.008,0.001,-0.063,-0.118,-0.308,-5.175,-1.619,2.782
0.114,-0.202,0.063,1.0,-0.008,-0.007,-0.011,0.057,-0.007,0.028,0.006,-0.042,0.679
0.116,-0.206,0.065,1.0,-0.012,-0.021,-0.012,0.099,-0.149,0.086,-0.363,-1.406,0.033
0.122,-0.21,0.069,1.0,-0.019,-0.022,-0.005,0.083,-0.114,0.03,-1.416,-0.492,1.119
0.123,-0.21,0.07,1.0,-0.012,-0.015,-0.011,0.085,-0.056,0.074,-0.432,0.144,0.333
0.124,-0.211,0.071,1.0,0.001,-0.018,-0.013,0.011,-0.013,0.005,0.107,-0.021,-0.001
0.124,-0.211,0.071,1.0,0.001,-0.018,-0.013,0.004,-0.005,0.002,0.044,-0.008,-0.0
0.129,-0.213,0.071,1.0,-0.006,-0.01,-0.016,0.072,-0.023,-0.064,1.233,-1.076,0.309
0.129,-0.213,0.071,1.0,-0.006,-0.01,-0.016,0.072,-0.023,-0.064,1.233,-1.076,0.309
0.129,-0.214,0.062,1.0,-0.018,-0.006,-0.009,0.002,-0.013,-0.156,-0.135,0.536,0.337
0.162,-0.244,0.075,0.004,0.587,0.771,0.247,0.432,-0.363,0.08,14.32,18.308,4.926
0.162,-0.244,0.075,0.004,0.587,0.771,0.247,0.432,-0.363,0.08,14.32,18.308,4.926
0.163,-0.245,0.071,0.001,-0.589,-0.772,-0.24,0.117,-0.056,-0.097,1.836,3.098,1.284
