0.0,0.0,0.0,1.0,0.0,0.0,0.0,0.0,0.0,1.0344827586206897,0.0,0.0,0.0,0.0,0.0,0.0,0.0
0.0,0.0,0.034482758620689655,1.0,0.0,0.0,0.0,0.0,0.0,1.0344827586206897,0.0,0.0,0.0,0.0,0.0,0.0,0.0
0.0,0.0,0.06896551724137931,1.0,0.0,0.0,0.0,0.0,0.0,1.0344827586206897,0.0,0.0,0.0,0.0,0.0,0.0,0.0
0.0,0.0,0.10344827586206896,1.0,0.0,0.0,0.0,0.0,0.0,1.0344827586206897,0.0,0.0,0.0,0.0,0.0,0.0,0.0
0.0,0.0,0.13793103448275862,1.0,0.0,0.0,0.0,0.0,0.0,1.03448275862069,0.0,0.0,0.0,0.0,0.0,0.0,0.0
0.0,0.0,0.1724137931034483,1.0,0.0,0.0,0.0,0.0,0.0,1.0344827586206897,0.0,0.0,0.0,0.0,0.0,0.0,0.0
0.0,0.0,0.20689655172413793,1.0,0.0,0.0,0.0,0.0,0.0,1.0344827586206893,0.0,0.0,0.0,0.0,0.0,0.0,0.0
0.0,0.0,0.24137931034482757,1.0,0.0,0.0,0.0,0.0,0.0,1.0344827586206897,0.0,0.0,0.0,0.0,0.0,0.0,0.0
0.0,0.0,0.27586206896551724,1.0,0.0,0.0,0.0,0.0,0.0,1.0344827586206902,0.0,0.0,0.0,0.0,0.0,0.0,0.0
0.0,0.0,0.3103448275862069,1.0,0.0,0.0,0.0,0.0,0.0,1.0344827586206902,0.0,0.0,0.0,0.0,0.0,0.0,0.0
0.0,0.0,0.3448275862068966,1.0,0.0,0.0,0.0,0.0,0.0,1.0344827586206893,0.0,0.0,0.0,0.0,0.0,0.0,0.0
0.0,0.0,0.3793103448275862,1.0,0.0,0.0,0.0,0.0,0.0,1.0344827586206893,0.0,0.0,0.0,0.0,0.0,0.0,0.0
0.0,0.0,0.41379310344827586,1.0,0.0,0.0,0.0,0.0,0.0,1.0344827586206902,0.0,0.0,0.0,0.0,0.0,0.0,0.0
0.0,0.0,0.4482758620689655,1.0,0.0,0.0,0.0,0.0,0.0,1.0344827586206893,0.0,0.0,0.0,0.0,0.0,0.0,0.0
0.0,0.0,0.48275862068965514,1.0,0.0,0.0,0.0,0.0,0.0,1.0344827586206902,0.0,0.0,0.0,0.0,0.0,0.0,0.0
0.0,0.0,0.5172413793103449,1.0,0.0,0.0,0.0,0.0,0.0,1.0344827586206902,0.0,0.0,0.0,0.0,0.0,0.0,0.0
0.0,0.0,0.5517241379310345,1.0,0.0,0.0,0.0,0.0,0.0,1.0344827586206884,0.0,0.0,0.0,0.0,0.0,0.0,0.0
0.0,0.0,0.5862068965517241,1.0,0.0,0.0,0.0,0.0,0.0,1.0344827586206902,0.0,0.0,0.0,0.0,0.0,0.0,0.0
0.0,0.0,0.6206896551724138,1.0,0.0,0.0,0.0,0.0,0.0,1.0344827586206902,0.0,0.0,0.0,0.0,0.0,0.0,0.0
0.0,0.0,0.6551724137931034,1.0,0.0,0.0,0.0,0.0,0.0,1.0344827586206902,0.0,0.0,0.0,0.0,0.0,0.0,0.0
0.0,0.0,0.6896551724137931,1.0,0.0,0.0,0.0,0.0,0.0,1.0344827586206902,0.0,0.0,0.0,0.0,0.0,0.0,0.0
0.0,0.0,0.7241379310344828,1.0,0.0,0.0,0.0,0.0,0.0,1.0344827586206884,0.0,0.0,0.0,0.0,0.0,0.0,0.0
0.0,0.0,0.7586206896551724,1.0,0.0,0.0,0.0,0.0,0.0,1.0344827586206902,0.0,0.0,0.0,0.0,0.0,0.0,0.0
0.0,0.0,0.7931034482758621,1.0,0.0,0.0,0.0,0.0,0.0,1.0344827586206902,0.0,0.0,0.0,0.0,0.0,0.0,0.0
0.0,0.0,0.8275862068965517,1.0,0.0,0.0,0.0,0.0,0.0,1.0344827586206884,0.0,0.0,0.0,0.0,0.0,0.0,0.0
0.0,0.0,0.8620689655172413,1.0,0.0,0.0,0.0,0.0,0.0,1.0344827586206902,0.0,0.0,0.0,0.0,0.0,0.0,0.0
0.0,0.0,0.896551724137931,1.0,0.0,0.0,0.0,0.0,0.0,1.0344827586206902,0.0,0.0,0.0,0.0,0.0,0.0,0.0
0.0,0.0,0.9310344827586207,1.0,0.0,0.0,0.0,0.0,0.0,1.0344827586206884,0.0,0.0,0.0,0.0,0.0,0.0,0.0
0.0,0.0,0.9655172413793103,1.0,0.0,0.0,0.0,0.0,0.0,1.0344827586206902,0.0,0.0,0.0,0.0,0.0,0.0,0.0
0.0,0.0,1.0,1.0,0.0,0.0,0.0,0.0,0.0,1.0344827586206917,0.0,0.0,0.0,0.0,0.0,0.0,0.0
0.0,0.0,1.25,1.0,0.0,0.0,0.0,0.0,0.0,0.2359738533378053,0.0,0.0,0.0,0.0,0.0,0.0,0.0
0.0,0.0,1.2578657951112602,1.0,0.0,0.0,0.0,0.0,0.0,0.2358570254160386,0.0,0.0,0.0,0.0,0.0,0.0,0.0
0.0,0.0,1.2657238016944026,1.0,0.0,0.0,0.0,0.0,0.0,0.23550665733103715,0.0,0.0,0.0,0.0,0.0,0.0,0.0
0.0,0.0,1.2735662389333293,1.0,0.0,0.0,0.0,0.0,0.0,0.23492309600915529,0.0,0.0,0.0,0.0,0.0,0.0,0.0
0.0,0.0,1.2813853414283463,1.0,0.0,0.0,0.0,0.0,0.0,0.23410691927930438,0.0,0.0,0.0,0.0,0.0,0.0,0.0
0.0,0.0,1.289173366885283,1.0,0.0,0.0,0.0,0.0,0.0,0.2330589353007806,0.0,0.0,0.0,0.0,0.0,0.0,0.0
0.0,0.0,1.2969226037817316,1.0,0.0,0.0,0.0,0.0,0.0,0.2317801817630316,0.0,0.0,0.0,0.0,0.0,0.0,0.0
0.0,0.0,1.3046253790028184,1.0,0.0,0.0,0.0,0.0,0.0,0.23027192485820192,0.0,0.0,0.0,0.0,0.0,0.0,0.0
0.0,0.0,1.312274065438945,1.0,0.0,0.0,0.0,0.0,0.0,0.22853565802733566,0.0,0.0,0.0,0.0,0.0,0.0,0.0
0.0,0.0,1.319861089537974,1.0,0.0,0.0,0.0,0.0,0.0,0.2265731004816296,0.0,0.0,0.0,0.0,0.0,0.0,0.0
0.0,0.0,1.327378938804387,1.0,0.0,0.0,0.0,0.0,0.0,0.2243861955001114,0.0,0.0,0.0,0.0,0.0,0.0,0.0
0.0,0.0,1.3348201692379815,1.0,0.0,0.0,0.0,0.0,0.0,0.22197710850542562,0.0,0.0,0.0,0.0,0.0,0.0,0.0
0.0,0.0,1.3421774127047488,1.0,0.0,0.0,0.0,0.0,0.0,0.2193482249197254,0.0,0.0,0.0,0.0,0.0,0.0,0.0
0.0,0.0,1.3494433842326299,1.0,0.0,0.0,0.0,0.0,0.0,0.21650214780263188,0.0,0.0,0.0,0.0,0.0,0.0,0.0
0.0,0.0,1.3566108892249242,1.0,0.0,0.0,0.0,0.0,0.0,0.21344169527378276,0.0,0.0,0.0,0.0,0.0,0.0,0.0
0.0,0.0,1.3636728305842154,1.0,0.0,0.0,0.0,0.0,0.0,0.2101698977223876,0.0,0.0,0.0,0.0,0.0,0.0,0.0
0.0,0.0,1.37062221573975,1.0,0.0,0.0,0.0,0.0,0.0,0.20668999480658146,0.0,0.0,0.0,0.0,0.0,0.0,0.0
0.0,0.0,1.3774521635713208,1.0,0.0,0.0,0.0,0.0,0.0,0.20300543224563095,0.0,0.0,0.0,0.0,0.0,0.0,0.0
0.0,0.0,1.3841559112227921,1.0,0.0,0.0,0.0,0.0,0.0,0.19911985840804336,0.0,0.0,0.0,0.0,0.0,0.0,0.0
0.0,0.0,1.3907268207985237,1.0,0.0,0.0,0.0,0.0,0.0,0.1950371206990198,0.0,0.0,0.0,0.0,0.0,0.0,0.0
0.0,0.0,1.3971583859360601,1.0,0.0,0.0,0.0,0.0,0.0,0.1907612617508625,0.0,0.0,0.0,0.0,0.0,0.0,0.0
0.0,0.0,1.4034442382485812,1.0,0.0,0.0,0.0,0.0,0.0,0.18629651542006687,0.0,0.0,0.0,0.0,0.0,0.0,0.0
0.0,0.0,1.4095781536307312,1.0,0.0,0.0,0.0,0.0,0.0,0.18164730259502826,0.0,0.0,0.0,0.0,0.0,0.0,0.0
0.0,0.0,1.415554058421583,1.0,0.0,0.0,0.0,0.0,0.0,0.17681822681859027,0.0,0.0,0.0,0.0,0.0,0.0,0.0
0.0,0.0,1.4213660354186373,1.0,0.0,0.0,0.0,0.0,0.0,0.171814069729731,0.0,0.0,0.0,0.0,0.0,0.0,0.0
0.0,0.0,1.4270083297368985,1.0,0.0,0.0,0.0,0.0,0.0,0.16663978632888043,0.0,0.0,0.0,0.0,0.0,0.0,0.0
0.0,0.0,1.4324753545072293,1.0,0.0,0.0,0.0,0.0,0.0,0.161300500071605,0.0,0.0,0.0,0.0,0.0,0.0,0.0
0.0,0.0,1.4377616964083388,1.0,0.0,0.0,0.0,0.0,0.0,0.15580149779548247,0.0,0.0,0.0,0.0,0.0,0.0,0.0
0.0,0.0,1.4428621210269281,1.0,0.0,0.0,0.0,0.0,0.0,0.15014822448518927,0.0,0.0,0.0,0.0,0.0,0.0,0.0
0.0,0.0,1.4477715780406848,1.0,0.0,0.0,0.0,0.0,0.0,0.14434627788100673,0.0,0.0,0.0,0.0,0.0,0.0,0.0
0.0,0.0,1.4524852062189952,1.0,0.0,0.0,0.0,0.0,0.0,0.13840140293606473,0.0,0.0,0.0,0.0,0.0,0.0,0.0
0.0,0.0,1.4569983382364224,1.0,0.0,0.0,0.0,0.0,0.0,0.13231948612783206,0.0,0.0,0.0,0.0,0.0,0.0,0.0
0.0,0.0,1.461306505294184,1.0,0.0,0.0,0.0,0.0,0.0,0.12610654962944556,0.0,0.0,0.0,0.0,0.0,0.0,0.0
0.0,0.0,1.4654054415450521,1.0,0.0,0.0,0.0,0.0,0.0,0.11976874534671667,0.0,0.0,0.0,0.0,0.0,0.0,0.0
0.0,0.0,1.4692910883172985,1.0,0.0,0.0,0.0,0.0,0.0,0.11331234882664076,0.0,0.0,0.0,0.0,0.0,0.0,0.0
0.0,0.0,1.4729595981334949,1.0,0.0,0.0,0.0,0.0,0.0,0.10674375304349115,0.0,0.0,0.0,0.0,0.0,0.0,0.0
0.0,0.0,1.476407338520198,1.0,0.0,0.0,0.0,0.0,0.0,0.10006946206866596,0.0,0.0,0.0,0.0,0.0,0.0,0.0
0.0,0.0,1.4796308956047393,1.0,0.0,0.0,0.0,0.0,0.0,0.09329608463048311,0.0,0.0,0.0,0.0,0.0,0.0,0.0
0.0,0.0,1.4826270774955634,1.0,0.0,0.0,0.0,0.0,0.0,0.0864303275703815,0.0,0.0,0.0,0.0,0.0,0.0,0.0
0.0,0.0,1.4853929174427647,1.0,0.0,0.0,0.0,0.0,0.0,0.07947898920196983,0.0,0.0,0.0,0.0,0.0,0.0,0.0
0.0,0.0,1.4879256767756948,1.0,0.0,0.0,0.0,0.0,0.0,0.0724489525794847,0.0,0.0,0.0,0.0,0.0,0.0,0.0
0.0,0.0,1.4902228476147303,1.0,0.0,0.0,0.0,0.0,0.0,0.0653471786823423,0.0,0.0,0.0,0.0,0.0,0.0,0.0
0.0,0.0,1.4922821553545176,1.0,0.0,0.0,0.0,0.0,0.0,0.058180699522555335,0.0,0.0,0.0,0.0,0.0,0.0,0.0
0.0,0.0,1.494101560916234,1.0,0.0,0.0,0.0,0.0,0.0,0.05095661118178274,0.0,0.0,0.0,0.0,0.0,0.0,0.0
0.0,0.0,1.4956792627666364,1.0,0.0,0.0,0.0,0.0,0.0,0.04368206678496023,0.0,0.0,0.0,0.0,0.0,0.0,0.0
0.0,0.0,1.497013698701898,1.0,0.0,0.0,0.0,0.0,0.0,0.03636426941745263,0.0,0.0,0.0,0.0,0.0,0.0,0.0
0.0,0.0,1.4981035473944666,1.0,0.0,0.0,0.0,0.0,0.0,0.029010464992699214,0.0,0.0,0.0,0.0,0.0,0.0,0.0
0.0,0.0,1.4989477297014113,1.0,0.0,0.0,0.0,0.0,0.0,0.021627935077499494,0.0,0.0,0.0,0.0,0.0,0.0,0.0
0.0,0.0,1.4995454097329666,1.0,0.0,0.0,0.0,0.0,0.0,0.014223989681970695,0.0,0.0,0.0,0.0,0.0,0.0,0.0
0.0,0.0,1.4998959956802094,1.0,0.0,0.0,0.0,0.0,0.0,0.006805960021337709,0.0,0.0,0.0,0.0,0.0,0.0,0.0
0.0,0.0,1.4999991404010558,1.0,0.0,0.0,0.0,0.0,0.0,-0.000618808743253485,0.0,0.0,0.0,0.0,0.0,0.0,0.0
0.0,0.0,1.4998547417639925,1.0,0.0,0.0,0.0,0.0,0.0,-0.008042964777764672,0.0,0.0,0.0,0.0,0.0,0.0,0.0
0.0,0.0,1.4994629427492048,1.0,0.0,0.0,0.0,0.0,0.0,-0.01545915685485566,0.0,0.0,0.0,0.0,0.0,0.0,0.0
0.0,0.0,1.498824131307002,1.0,0.0,0.0,0.0,0.0,0.0,-0.022860041632921657,0.0,0.0,0.0,0.0,0.0,0.0,0.0
0.0,0.0,1.4979389399736767,1.0,0.0,0.0,0.0,0.0,0.0,-0.030238290927286915,0.0,0.0,0.0,0.0,0.0,0.0,0.0
0.0,0.0,1.496808245245183,1.0,0.0,0.0,0.0,0.0,0.0,-0.037586598966403706,0.0,0.0,0.0,0.0,0.0,0.0,0.0
0.0,0.0,1.4954331667092498,1.0,0.0,0.0,0.0,0.0,0.0,-0.0448976896258757,0.0,0.0,0.0,0.0,0.0,0.0,0.0
0.0,0.0,1.4938150659367913,1.0,0.0,0.0,0.0,0.0,0.0,-0.052164323633081544,0.0,0.0,0.0,0.0,0.0,0.0,0.0
0.0,0.0,1.491955545133711,1.0,0.0,0.0,0.0,0.0,0.0,-0.05937930573534089,0.0,0.0,0.0,0.0,0.0,0.0,0.0
0.0,0.0,1.4898564455544352,1.0,0.0,0.0,0.0,0.0,0.0,-0.06653549182450536,0.0,0.0,0.0,0.0,0.0,0.0,0.0
0.0,0.0,1.487519845678744,1.0,0.0,0.0,0.0,0.0,0.0,-0.07362579601088326,0.0,0.0,0.0,0.0,0.0,0.0,0.0
0.0,0.0,1.4849480591537096,1.0,0.0,0.0,0.0,0.0,0.0,-0.08064319763949723,0.0,0.0,0.0,0.0,0.0,0.0,0.0
0.0,0.0,1.4821436325027775,1.0,0.0,0.0,0.0,0.0,0.0,-0.0875807482418034,0.0,0.0,0.0,0.0,0.0,0.0,0.0
0.0,0.0,1.479109342604256,1.0,0.0,0.0,0.0,0.0,0.0,-0.09443157841590444,0.0,0.0,0.0,0.0,0.0,0.0,0.0
0.0,0.0,1.4758481939417172,1.0,0.0,0.0,0.0,0.0,0.0,-0.10118890462844199,0.0,0.0,0.0,0.0,0.0,0.0,0.0
0.0,0.0,1.4723634156290266,1.0,0.0,0.0,0.0,0.0,0.0,-0.1078460359315303,0.0,0.0,0.0,0.0,0.0,0.0,0.0
0.0,0.0,1.4686584582129485,1.0,0.0,0.0,0.0,0.0,0.0,-0.11439638058796331,0.0,0.0,0.0,0.0,0.0,0.0,0.0
0.0,0.0,1.4647369902564957,1.0,0.0,0.0,0.0,0.0,0.0,-0.1208334525981769,0.0,0.0,0.0,0.0,0.0,0.0,0.0
0.0,0.0,1.4606028947064034,1.0,0.0,0.0,0.0,0.0,0.0,-0.12715087812258496,0.0,0.0,0.0,0.0,0.0,0.0,0.0
0.0,0.0,1.4562602650483234,1.0,0.0,0.0,0.0,0.0,0.0,-0.1333424017927709,0.0,0.0,0.0,0.0,0.0,0.0,0.0
0.0,0.0,1.451713401253552,1.0,0.0,0.0,0.0,0.0,0.0,-0.1394018929054064,0.0,0.0,0.0,0.0,0.0,0.0,0.0
0.0,0.0,1.4469668055212963,1.0,0.0,0.0,0.0,0.0,0.0,-0.14532335149275544,0.0,0.0,0.0,0.0,0.0,0.0,0.0
0.0,0.0,1.4420251778207016,1.0,0.0,0.0,0.0,0.0,0.0,-0.1511009142636921,0.0,0.0,0.0,0.0,0.0,0.0,0.0
0.0,0.0,1.4368934112370502,1.0,0.0,0.0,0.0,0.0,0.0,-0.15672886040938638,0.0,0.0,0.0,0.0,0.0,0.0,0.0
0.0,0.0,1.4315765871267425,1.0,0.0,0.0,0.0,0.0,0.0,-0.1622016172679297,0.0,0.0,0.0,0.0,0.0,0.0,0.0
0.0,0.0,1.4260799700858549,1.0,0.0,0.0,0.0,0.0,0.0,-0.16751376584225097,0.0,0.0,0.0,0.0,0.0,0.0,0.0
0.0,0.0,1.4204090027372591,1.0,0.0,0.0,0.0,0.0,0.0,-0.17266004616588115,0.0,0.0,0.0,0.0,0.0,0.0,0.0
0.0,0.0,1.4145693003414628,1.0,0.0,0.0,0.0,0.0,0.0,-0.17763536251125034,0.0,0.0,0.0,0.0,0.0,0.0,0.0
0.0,0.0,1.408566645236509,1.0,0.0,0.0,0.0,0.0,0.0,-0.182434788435355,0.0,0.0,0.0,0.0,0.0,0.0,0.0
0.0,0.0,1.402406981112439,1.0,0.0,0.0,0.0,0.0,0.0,-0.1870535716578292,0.0,0.0,0.0,0.0,0.0,0.0,0.0
0.0,0.0,1.3960964071259871,1.0,0.0,0.0,0.0,0.0,0.0,-0.1914871387665107,0.0,0.0,0.0,0.0,0.0,0.0,0.0
0.0,0.0,1.3896411718613384,1.0,0.0,0.0,0.0,0.0,0.0,-0.19573109974593828,0.0,0.0,0.0,0.0,0.0,0.0,0.0
0.0,0.0,1.3830476671429246,1.0,0.0,0.0,0.0,0.0,0.0,-0.19978125232426147,0.0,0.0,0.0,0.0,0.0,0.0,0.0
0.0,0.0,1.3763224217063876,1.0,0.0,0.0,0.0,0.0,0.0,-0.20363358613421867,0.0,0.0,0.0,0.0,0.0,0.0,0.0
0.0,0.0,1.3694720947339767,1.0,0.0,0.0,0.0,0.0,0.0,-0.2072842866841007,0.0,0.0,0.0,0.0,0.0,0.0,0.0
0.0,0.0,1.362503469260781,1.0,0.0,0.0,0.0,0.0,0.0,-0.2107297391347862,0.0,0.0,0.0,0.0,0.0,0.0,0.0
0.0,0.0,1.3554234454583243,1.0,0.0,0.0,0.0,0.0,0.0,-0.21396653187906844,0.0,0.0,0.0,0.0,0.0,0.0,0.0
0.0,0.0,1.3482390338021764,1.0,0.0,0.0,0.0,0.0,0.0,-0.21699145991974977,0.0,0.0,0.0,0.0,0.0,0.0,0.0
0.0,0.0,1.340957348130341,1.0,0.0,0.0,0.0,0.0,0.0,-0.21980152804315312,0.0,0.0,0.0,0.0,0.0,0.0,0.0
0.0,0.0,1.3335855985992995,1.0,0.0,0.0,0.0,0.0,0.0,-0.22239395378491622,0.0,0.0,0.0,0.0,0.0,0.0,0.0
0.0,0.0,1.3261310845446799,1.0,0.0,0.0,0.0,0.0,0.0,-0.2247661701851178,0.0,0.0,0.0,0.0,0.0,0.0,0.0
0.0,0.0,1.318601187253625,1.0,0.0,0.0,0.0,0.0,0.0,-0.226915828330021,0.0,0.0,0.0,0.0,0.0,0.0,0.0
0.0,0.0,1.3110033626560118,1.0,0.0,0.0,0.0,0.0,0.0,-0.22884079967793625,0.0,0.0,0.0,0.0,0.0,0.0,0.0
0.0,0.0,1.3033451339417625,1.0,0.0,0.0,0.0,0.0,0.0,-0.23053917816681868,0.0,0.0,0.0,0.0,0.0,0.0,0.0
0.0,0.0,1.2956340841115572,1.0,0.0,0.0,0.0,0.0,0.0,-0.2320092821016284,0.0,0.0,0.0,0.0,0.0,0.0,0.0
0.0,0.0,1.2878778484683207,1.0,0.0,0.0,0.0,0.0,0.0,-0.23324965581950852,0.0,0.0,0.0,0.0,0.0,0.0,0.0
0.0,0.0,1.2800841070569233,1.0,0.0,0.0,0.0,0.0,0.0,-0.23425907113112876,0.0,0.0,0.0,0.0,0.0,0.0,0.0
0.0,0.0,1.2722605770595787,1.0,0.0,0.0,0.0,0.0,0.0,-0.23503652853682944,0.0,0.0,0.0,0.0,0.0,0.0,0.0
0.0,0.0,1.264415005154468,1.0,0.0,0.0,0.0,0.0,0.0,-0.23558125821629972,0.0,0.0,0.0,0.0,0.0,0.0,0.0
0.0,0.0,1.2565551598451588,1.0,0.0,0.0,0.0,0.0,0.0,-0.2358927207908279,0.0,0.0,0.0,0.0,0.0,0.0,0.0
0.0,0.0,1.2486888237684128,1.0,0.0,0.0,0.0,0.0,0.0,-0.23597060785738422,0.0,0.0,0.0,0.0,0.0,0.0,0.0
0.0,0.0,1.2408237859879998,1.0,0.0,0.0,0.0,0.0,0.0,-0.23581484229399985,0.0,0.0,0.0,0.0,0.0,0.0,0.0
0.0,0.0,1.2329678342821462,1.0,0.0,0.0,0.0,0.0,0.0,-0.2354255783361392,0.0,0.0,0.0,0.0,0.0,0.0,0.0
0.0,0.0,1.2251287474322572,1.0,0.0,0.0,0.0,0.0,0.0,-0.2348032014239454,0.0,0.0,0.0,0.0,0.0,0.0,0.0
0.0,0.0,1.2173142875205498,1.0,0.0,0.0,0.0,0.0,0.0,-0.2339483278206156,0.0,0.0,0.0,0.0,0.0,0.0,0.0
0.0,0.0,1.2095321922442162,1.0,0.0,0.0,0.0,0.0,0.0,-0.23286180400219902,0.0,0.0,0.0,0.0,0.0,0.0,0.0
0.0,0.0,1.2017901672537366,1.0,0.0,0.0,0.0,0.0,0.0,-0.2315447058194109,0.0,0.0,0.0,0.0,0.0,0.0,0.0
0.0,0.0,1.194095878522922,1.0,0.0,0.0,0.0,0.0,0.0,-0.2299983374323611,0.0,0.0,0.0,0.0,0.0,0.0,0.0
0.0,0.0,1.1864569447582458,1.0,0.0,0.0,0.0,0.0,0.0,-0.22822423001920722,0.0,0.0,0.0,0.0,0.0,0.0,0.0
0.0,0.0,1.178880929854975,1.0,0.0,0.0,0.0,0.0,0.0,-0.22622414026001736,0.0,0.0,0.0,0.0,0.0,0.0,0.0
0.0,0.0,1.171375335407578,1.0,0.0,0.0,0.0,0.0,0.0,-0.22400004859734146,0.0,0.0,0.0,0.0,0.0,0.0,0.0
0.0,0.0,1.1639475932818188,1.0,0.0,0.0,0.0,0.0,0.0,-0.22155415727522,0.0,0.0,0.0,0.0,0.0,0.0,0.0
0.0,0.0,1.1566050582558967,1.0,0.0,0.0,0.0,0.0,0.0,-0.21888888815858487,0.0,0.0,0.0,0.0,0.0,0.0,0.0
0.0,0.0,1.1493550007379132,1.0,0.0,0.0,0.0,0.0,0.0,-0.21600688033518445,0.0,0.0,0.0,0.0,0.0,0.0,0.0
0.0,0.0,1.1422045995668844,1.0,0.0,0.0,0.0,0.0,0.0,-0.21291098750240378,0.0,0.0,0.0,0.0,0.0,0.0,0.0
0.0,0.0,1.1351609349044196,1.0,0.0,0.0,0.0,0.0,0.0,-0.20960427514161162,0.0,0.0,0.0,0.0,0.0,0.0,0.0
0.0,0.0,1.1282309812241103,1.0,0.0,0.0,0.0,0.0,0.0,-0.20609001748279843,0.0,0.0,0.0,0.0,0.0,0.0,0.0
0.0,0.0,1.1214216004055664,1.0,0.0,0.0,0.0,0.0,0.0,-0.20237169426248647,0.0,0.0,0.0,0.0,0.0,0.0,0.0
0.0,0.0,1.1147395349399445,1.0,0.0,0.0,0.0,0.0,0.0,-0.1984529872781926,0.0,0.0,0.0,0.0,0.0,0.0,0.0
0.0,0.0,1.1081914012536869,1.0,0.0,0.0,0.0,0.0,0.0,-0.19433777674282116,0.0,0.0,0.0,0.0,0.0,0.0,0.0
0.0,0.0,1.1017836831570897,1.0,0.0,0.0,0.0,0.0,0.0,-0.1900301374425073,0.0,0.0,0.0,0.0,0.0,0.0,0.0
0.0,0.0,1.0955227254241864,1.0,0.0,0.0,0.0,0.0,0.0,-0.18553433470190117,0.0,0.0,0.0,0.0,0.0,0.0,0.0
0.0,0.0,1.0894147275102963,1.0,0.0,0.0,0.0,0.0,0.0,-0.18085482016074628,0.0,0.0,0.0,0.0,0.0,0.0,0.0
0.0,0.0,1.08346573741347,1.0,0.0,0.0,0.0,0.0,0.0,-0.17599622736594212,0.0,0.0,0.0,0.0,0.0,0.0,0.0
0.0,0.0,1.0776816456859002,1.0,0.0,0.0,0.0,0.0,0.0,-0.1709633671835309,0.0,0.0,0.0,0.0,0.0,0.0,0.0
0.0,0.0,1.0720681796012346,1.0,0.0,0.0,0.0,0.0,0.0,-0.165761223035088,0.0,0.0,0.0,0.0,0.0,0.0,0.0
0.0,0.0,1.066630897483561,1.0,0.0,0.0,0.0,0.0,0.0,-0.16039494596324255,0.0,0.0,0.0,0.0,0.0,0.0,0.0
0.0,0.0,1.061375183203685,1.0,0.0,0.0,0.0,0.0,0.0,-0.1548698495312506,0.0,0.0,0.0,0.0,0.0,0.0,0.0
0.0,0.0,1.0563062408481443,1.0,0.0,0.0,0.0,0.0,0.0,-0.1491914045616205,0.0,0.0,0.0,0.0,0.0,0.0,0.0
0.0,0.0,1.0514290895662437,1.0,0.0,0.0,0.0,0.0,0.0,-0.14336523371902277,0.0,0.0,0.0,0.0,0.0,0.0,0.0
0.0,0.0,1.0467485586002094,1.0,0.0,0.0,0.0,0.0,0.0,-0.13739710594287358,0.0,0.0,0.0,0.0,0.0,0.0,0.0
0.0,0.0,1.0422692825033855,1.0,0.0,0.0,0.0,0.0,0.0,-0.13129293073505077,0.0,0.0,0.0,0.0,0.0,0.0,0.0
0.0,0.0,1.037995696551206,1.0,0.0,0.0,0.0,0.0,0.0,-0.12505875230844787,0.0,0.0,0.0,0.0,0.0,0.0,0.0
0.0,0.0,1.033932032349489,1.0,0.0,0.0,0.0,0.0,0.0,-0.11870074360213811,0.0,0.0,0.0,0.0,0.0,0.0,0.0
0.0,0.0,1.0300823136443968,1.0,0.0,0.0,0.0,0.0,0.0,-0.11222520016906712,0.0,0.0,0.0,0.0,0.0,0.0,0.0
0.0,0.0,1.0264503523382178,1.0,0.0,0.0,0.0,0.0,0.0,-0.10563853394234268,0.0,0.0,0.0,0.0,0.0,0.0,0.0
0.0,0.0,1.0230397447149073,1.0,0.0,0.0,0.0,0.0,0.0,-0.09894726688629008,0.0,0.0,0.0,0.0,0.0,0.0,0.0
0.0,0.0,1.0198538678791318,1.0,0.0,0.0,0.0,0.0,0.0,-0.09215802453856115,0.0,0.0,0.0,0.0,0.0,0.0,0.0
0.0,0.0,1.0168958764123366,1.0,0.0,0.0,0.0,0.0,0.0,-0.08527752944965883,0.0,0.0,0.0,0.0,0.0,0.0,0.0
0.0,0.0,1.0141686992491545,1.0,0.0,0.0,0.0,0.0,0.0,-0.07831259452643846,0.0,0.0,0.0,0.0,0.0,0.0,0.0
0.0,0.0,1.0116750367772407,1.0,0.0,0.0,0.0,0.0,0.0,-0.071270116286134,0.0,0.0,0.0,0.0,0.0,0.0,0.0
0.0,0.0,1.0094173581634123,1.0,0.0,0.0,0.0,0.0,0.0,-0.06415706802756382,0.0,0.0,0.0,0.0,0.0,0.0,0.0
0.0,0.0,1.0073978989087364,1.0,0.0,0.0,0.0,0.0,0.0,-0.05698049292635066,0.0,0.0,0.0,0.0,0.0,0.0,0.0
0.0,0.0,1.005618658634989,1.0,0.0,0.0,0.0,0.0,0.0,-0.04974749706092019,0.0,0.0,0.0,0.0,0.0,0.0,0.0
0.0,0.0,1.004081399104675,1.0,0.0,0.0,0.0,0.0,0.0,-0.0424652423762395,0.0,0.0,0.0,0.0,0.0,0.0,0.0
0.0,0.0,1.002787642476573,1.0,0.0,0.0,0.0,0.0,0.0,-0.035140939592216425,0.0,0.0,0.0,0.0,0.0,0.0,0.0
0.0,0.0,1.0017386697985273,1.0,0.0,0.0,0.0,0.0,0.0,-0.027781841063800883,0.0,0.0,0.0,0.0,0.0,0.0,0.0
0.0,0.0,1.0009355197389862,1.0,0.0,0.0,0.0,0.0,0.0,-0.02039523359989248,0.0,0.0,0.0,0.0,0.0,0.0,0.0
0.0,0.0,1.0003789875585345,1.0,0.0,0.0,0.0,0.0,0.0,-0.012988431248108778,0.0,0.0,0.0,0.0,0.0,0.0,0.0
0.0,0.0,1.0000696243224456,1.0,0.0,0.0,0.0,0.0,0.0,-0.00556876805256179,0.0,0.0,0.0,0.0,0.0,0.0,0.0
0.0,0.0,1.0000077363550304,1.0,0.0,0.0,0.0,0.0,0.0,0.0018564092081196915,0.0,0.0,0.0,0.0,0.0,0.0,0.0
0.0,0.0,1.0001933849363203,1.0,0.0,0.0,0.0,0.0,0.0,0.009279748295401014,0.0,0.0,0.0,0.0,0.0,0.0,0.0
0.0,0.0,1.0006263862413904,1.0,0.0,0.0,0.0,0.0,0.0,0.016693898790874906,0.0,0.0,0.0,0.0,0.0,0.0,0.0
0.0,0.0,1.0013063115223786,1.0,0.0,0.0,0.0,0.0,0.0,0.024091519374459525,0.0,0.0,0.0,0.0,0.0,0.0,0.0
0.0,0.0,1.002232487533021,1.0,0.0,0.0,0.0,0.0,0.0,0.03146528509360702,0.0,0.0,0.0,0.0,0.0,0.0,0.0
0.0,0.0,1.0034039971952857,1.0,0.0,0.0,0.0,0.0,0.0,0.03880789461631173,0.0,0.0,0.0,0.0,0.0,0.0,0.0
0.0,0.0,1.0048196805074419,1.0,0.0,0.0,0.0,0.0,0.0,0.04611207746070378,0.0,0.0,0.0,0.0,0.0,0.0,0.0
0.0,0.0,1.006478135692666,1.0,0.0,0.0,0.0,0.0,0.0,0.053370601194120404,0.0,0.0,0.0,0.0,0.0,0.0,0.0
0.0,0.0,1.0083777205870499,1.0,0.0,0.0,0.0,0.0,0.0,0.060576278594500765,0.0,0.0,0.0,0.0,0.0,0.0,0.0
0.0,0.0,1.0105165542656327,1.0,0.0,0.0,0.0,0.0,0.0,0.06772197476698993,0.0,0.0,0.0,0.0,0.0,0.0,0.0
0.0,0.0,1.0128925189048492,1.0,0.0,0.0,0.0,0.0,0.0,0.07480061420875428,0.0,0.0,0.0,0.0,0.0,0.0,0.0
0.0,0.0,1.0155032618795496,1.0,0.0,0.0,0.0,0.0,0.0,0.08180518781499058,0.0,0.0,0.0,0.0,0.0,0.0,0.0
0.0,0.0,1.0183461980925153,1.0,0.0,0.0,0.0,0.0,0.0,0.08872875981917105,0.0,0.0,0.0,0.0,0.0,0.0,0.0
0.0,0.0,1.021418512534161,1.0,0.0,0.0,0.0,0.0,0.0,0.09556447466066653,0.0,0.0,0.0,0.0,0.0,0.0,0.0
0.0,0.0,1.024717163069893,1.0,0.0,0.0,0.0,0.0,0.0,0.10230556377298639,0.0,0.0,0.0,0.0,0.0,0.0,0.0
0.0,0.0,1.0282388834523601,1.0,0.0,0.0,0.0,0.0,0.0,0.10894535228583746,0.0,0.0,0.0,0.0,0.0,0.0,0.0
0.0,0.0,1.0319801865556155,1.0,0.0,0.0,0.0,0.0,0.0,0.11547726563443383,0.0,0.0,0.0,0.0,0.0,0.0,0.0
0.0,0.0,1.035937367827989,1.0,0.0,0.0,0.0,0.0,0.0,0.12189483606948603,0.0,0.0,0.0,0.0,0.0,0.0,0.0
0.0,0.0,1.040106508960248,1.0,0.0,0.0,0.0,0.0,0.0,0.12819170906140154,0.0,0.0,0.0,0.0,0.0,0.0,0.0
0.0,0.0,1.0444834817654158,1.0,0.0,0.0,0.0,0.0,0.0,0.13436164959240493,0.0,0.0,0.0,0.0,0.0,0.0,0.0
0.0,0.0,1.0490639522664083,1.0,0.0,0.0,0.0,0.0,0.0,0.14039854833030274,0.0,0.0,0.0,0.0,0.0,0.0,0.0
0.0,0.0,1.053843384987436,1.0,0.0,0.0,0.0,0.0,0.0,0.14629642767779782,0.0,0.0,0.0,0.0,0.0,0.0,0.0
0.0,0.0,1.058817047444928,1.0,0.0,0.0,0.0,0.0,0.0,0.15204944769137807,0.0,0.0,0.0,0.0,0.0,0.0,0.0
0.0,0.0,1.0639800148335279,1.0,0.0,0.0,0.0,0.0,0.0,0.1576519118638875,0.0,0.0,0.0,0.0,0.0,0.0,0.0
0.0,0.0,1.0693271749025206,1.0,0.0,0.0,0.0,0.0,0.0,0.1630982727650776,0.0,0.0,0.0,0.0,0.0,0.0,0.0
0.0,0.0,1.0748532330178664,1.0,0.0,0.0,0.0,0.0,0.0,0.16838313753454348,0.0,0.0,0.0,0.0,0.0,0.0,0.0
0.0,0.0,1.0805527174048235,1.0,0.0,0.0,0.0,0.0,0.0,0.1735012732216057,0.0,0.0,0.0,0.0,0.0,0.0,0.0
0.0,0.0,1.0864199845659734,1.0,0.0,0.0,0.0,0.0,0.0,0.1784476119668621,0.0,0.0,0.0,0.0,0.0,0.0,0.0
0.0,0.0,1.092449224869281,1.0,0.0,0.0,0.0,0.0,0.0,0.18321725602026384,0.0,0.0,0.0,0.0,0.0,0.0,0.0
0.0,0.0,1.0986344683006577,1.0,0.0,0.0,0.0,0.0,0.0,0.1878054825907527,0.0,0.0,0.0,0.0,0.0,0.0,0.0
0.0,0.0,1.1049695903753312,1.0,0.0,0.0,0.0,0.0,0.0,0.19220774852265365,0.0,0.0,0.0,0.0,0.0,0.0,0.0
0.0,0.0,1.111448318202168,1.0,0.0,0.0,0.0,0.0,0.0,0.19641969479421983,0.0,0.0,0.0,0.0,0.0,0.0,0.0
0.0,0.0,1.1180642366949458,1.0,0.0,0.0,0.0,0.0,0.0,0.20043715083381652,0.0,0.0,0.0,0.0,0.0,0.0,0.0
0.0,0.0,1.1248107949244224,1.0,0.0,0.0,0.0,0.0,0.0,0.20425613864953118,0.0,0.0,0.0,0.0,0.0,0.0,0.0
0.0,0.0,1.1316813126049146,1.0,0.0,0.0,0.0,0.0,0.0,0.20787287676809263,0.0,0.0,0.0,0.0,0.0,0.0,0.0
0.0,0.0,1.1386689867089619,1.0,0.0,0.0,0.0,0.0,0.0,0.21128378397918923,0.0,0.0,0.0,0.0,0.0,0.0,0.0
0.0,0.0,1.1457668982035272,1.0,0.0,0.0,0.0,0.0,0.0,0.21448548288151237,0.0,0.0,0.0,0.0,0.0,0.0,0.0
0.0,0.0,1.1529680189010627,1.0,0.0,0.0,0.0,0.0,0.0,0.21747480322697466,0.0,0.0,0.0,0.0,0.0,0.0,0.0
0.0,0.0,1.1602652184186588,1.0,0.0,0.0,0.0,0.0,0.0,0.22024878505981227,0.0,0.0,0.0,0.0,0.0,0.0,0.0
0.0,0.0,1.1676512712383835,1.0,0.0,0.0,0.0,0.0,0.0,0.22280468164746714,0.0,0.0,0.0,0.0,0.0,0.0,0.0
0.0,0.0,1.1751188638618233,1.0,0.0,0.0,0.0,0.0,0.0,0.22513996220034804,0.0,0.0,0.0,0.0,0.0,0.0,0.0
0.0,0.0,1.18266060205174,1.0,0.0,0.0,0.0,0.0,0.0,0.2272523143777394,0.0,0.0,0.0,0.0,0.0,0.0,0.0
0.0,0.0,1.1902690181536726,1.0,0.0,0.0,0.0,0.0,0.0,0.22913964657744978,0.0,0.0,0.0,0.0,0.0,0.0,0.0
0.0,0.0,1.1979365784902367,1.0,0.0,0.0,0.0,0.0,0.0,0.23080009000684854,0.0,0.0,0.0,0.0,0.0,0.0,0.0
0.0,0.0,1.2056556908207958,1.0,0.0,0.0,0.0,0.0,0.0,0.23223200053331228,0.0,0.0,0.0,0.0,0.0,0.0,0.0
0.0,0.0,1.2134187118591242,1.0,0.0,0.0,0.0,0.0,0.0,0.23343396031221597,0.0,0.0,0.0,0.0,0.0,0.0,0.0
0.0,0.0,1.2212179548416102,1.0,0.0,0.0,0.0,0.0,0.0,0.23440477919081992,0.0,0.0,0.0,0.0,0.0,0.0,0.0
0.0,0.0,1.2290456971385122,1.0,0.0,0.0,0.0,0.0,0.0,0.23514349588676042,0.0,0.0,0.0,0.0,0.0,0.0,0.0
0.0,0.0,1.2368941879007276,1.0,0.0,0.0,0.0,0.0,0.0,0.2356493789398817,0.0,0.0,0.0,0.0,0.0,0.0,0.0
0.0,0.0,1.2447556557345043,1.0,0.0,0.0,0.0,0.0,0.0,0.2359219274364932,0.0,0.0,0.0,0.0,0.0,0.0,0.0
0.0,0.0,1.2526223163964938,1.0,0.0,0.0,0.0,0.0,0.0,0.23596087150538625,0.0,0.0,0.0,0.0,0.0,0.0,0.0
0.0,0.0,1.26048638050153,1.0,0.0,0.0,0.0,0.0,0.0,0.23576617258505683,0.0,0.0,0.0,0.0,0.0,0.0,0.0
0.0,0.0,1.2683400612354976,1.0,0.0,0.0,0.0,0.0,0.0,0.23533802346186183,0.0,0.0,0.0,0.0,0.0,0.0,0.0
0.0,0.0,1.2761755820656542,1.0,0.0,0.0,0.0,0.0,0.0,0.23467684807913836,0.0,0.0,0.0,0.0,0.0,0.0,0.0
0.0,0.0,1.2839851844407735,1.0,0.0,0.0,0.0,0.0,0.0,0.23378330111744616,0.0,0.0,0.0,0.0,0.0,0.0,0.0
0.0,0.0,1.291761135473484,1.0,0.0,0.0,0.0,0.0,0.0,0.23265826734628958,0.0,0.0,0.0,0.0,0.0,0.0,0.0
0.0,0.0,1.2994957355971928,1.0,0.0,0.0,0.0,0.0,0.0,0.2313028607480283,0.0,0.0,0.0,0.0,0.0,0.0,0.0
0.0,0.0,1.3071813261900191,1.0,0.0,0.0,0.0,0.0,0.0,0.22971842341489968,0.0,0.0,0.0,0.0,0.0,0.0,0.0
0.0,0.0,1.314810297158186,1.0,0.0,0.0,0.0,0.0,0.0,0.22790652422004842,0.0,0.0,0.0,0.0,0.0,0.0,0.0
0.0,0.0,1.3223750944713557,1.0,0.0,0.0,0.0,0.0,0.0,0.22586895726407596,0.0,0.0,0.0,0.0,0.0,0.0,0.0
0.0,0.0,1.3298682276424578,1.0,0.0,0.0,0.0,0.0,0.0,0.2236077400985914,0.0,0.0,0.0,0.0,0.0,0.0,0.0
0.0,0.0,1.3372822771445951,1.0,0.0,0.0,0.0,0.0,0.0,0.22112511172845628,0.0,0.0,0.0,0.0,0.0,0.0,0.0
0.0,0.0,1.3446099017576882,1.0,0.0,0.0,0.0,0.0,0.0,0.21842353039477458,0.0,0.0,0.0,0.0,0.0,0.0,0.0
0.0,0.0,1.35184384583758,1.0,0.0,0.0,0.0,0.0,0.0,0.21550567114079322,0.0,0.0,0.0,0.0,0.0,0.0,0.0
0.0,0.0,1.3589769465004078,1.0,0.0,0.0,0.0,0.0,0.0,0.2123744231631708,0.0,0.0,0.0,0.0,0.0,0.0,0.0
0.0,0.0,1.3660021407151248,1.0,0.0,0.0,0.0,0.0,0.0,0.209032886951116,0.0,0.0,0.0,0.0,0.0,0.0,0.0
0.0,0.0,1.3729124722971489,1.0,0.0,0.0,0.0,0.0,0.0,0.20548437121639007,0.0,0.0,0.0,0.0,0.0,0.0,0.0
0.0,0.0,1.3797010987962175,1.0,0.0,0.0,0.0,0.0,0.0,0.20173238961707085,0.0,0.0,0.0,0.0,0.0,0.0,0.0
0.0,0.0,1.3863612982716202,1.0,0.0,0.0,0.0,0.0,0.0,0.19778065727842575,0.0,0.0,0.0,0.0,0.0,0.0,0.0
0.0,0.0,1.3928864759481125,1.0,0.0,0.0,0.0,0.0,0.0,0.19363308711429106,0.0,0.0,0.0,0.0,0.0,0.0,0.0
0.0,0.0,1.3992701707459063,1.0,0.0,0.0,0.0,0.0,0.0,0.18929378595255786,0.0,0.0,0.0,0.0,0.0,0.0,0.0
0.0,0.0,1.405506061678283,1.0,0.0,0.0,0.0,0.0,0.0,0.18476705046872488,0.0,0.0,0.0,0.0,0.0,0.0,0.0
0.0,0.0,1.411587974110488,1.0,0.0,0.0,0.0,0.0,0.0,0.18005736293141505,0.0,0.0,0.0,0.0,0.0,0.0,0.0
0.0,0.0,1.4175098858737107,1.0,0.0,0.0,0.0,0.0,0.0,0.17516938676413907,0.0,0.0,0.0,0.0,0.0,0.0,0.0
0.0,0.0,1.4232659332280972,1.0,0.0,0.0,0.0,0.0,0.0,0.1701079619276591,0.0,0.0,0.0,0.0,0.0,0.0,0.0
0.0,0.0,1.428850416668888,1.0,0.0,0.0,0.0,0.0,0.0,0.1648781001276156,0.0,0.0,0.0,0.0,0.0,0.0,0.0
0.0,0.0,1.4342578065699383,1.0,0.0,0.0,0.0,0.0,0.0,0.15948497985202703,0.0,0.0,0.0,0.0,0.0,0.0,0.0
0.0,0.0,1.4394827486590231,1.0,0.0,0.0,0.0,0.0,0.0,0.15393394124365134,0.0,0.0,0.0,0.0,0.0,0.0,0.0
0.0,0.0,1.444520069319515,1.0,0.0,0.0,0.0,0.0,0.0,0.14823048081234247,0.0,0.0,0.0,0.0,0.0,0.0,0.0
0.0,0.0,1.4493647807131793,1.0,0.0,0.0,0.0,0.0,0.0,0.1423802459925072,0.0,0.0,0.0,0.0,0.0,0.0,0.0
0.0,0.0,1.4540120857190155,1.0,0.0,0.0,0.0,0.0,0.0,0.1363890295511483,0.0,0.0,0.0,0.0,0.0,0.0,0.0
0.0,0.0,1.4584573826832559,1.0,0.0,0.0,0.0,0.0,0.0,0.1302627638520093,0.0,0.0,0.0,0.0,0.0,0.0,0.0
0.0,0.0,1.4626962699758161,1.0,0.0,0.0,0.0,0.0,0.0,0.12400751498147677,0.0,0.0,0.0,0.0,0.0,0.0,0.0
0.0,0.0,1.4667245503486877,1.0,0.0,0.0,0.0,0.0,0.0,0.11762947674208823,0.0,0.0,0.0,0.0,0.0,0.0,0.0
0.0,0.0,1.4705382350919554,1.0,0.0,0.0,0.0,0.0,0.0,0.11113496451956473,0.0,0.0,0.0,0.0,0.0,0.0,0.0
0.0,0.0,1.4741335479833253,1.0,0.0,0.0,0.0,0.0,0.0,0.1045304090294763,0.0,0.0,0.0,0.0,0.0,0.0,0.0
0.0,0.0,1.4775069290272538,1.0,0.0,0.0,0.0,0.0,0.0,0.09782234994968553,0.0,0.0,0.0,0.0,0.0,0.0,0.0
0.0,0.0,1.480655037979971,1.0,0.0,0.0,0.0,0.0,0.0,0.09101742944490399,0.0,0.0,0.0,0.0,0.0,0.0,0.0
0.0,0.0,1.483574757656914,1.0,0.0,0.0,0.0,0.0,0.0,0.0841223855897899,0.0,0.0,0.0,0.0,0.0,0.0,0.0
0.0,0.0,1.4862631970192903,1.0,0.0,0.0,0.0,0.0,0.0,0.07714404569705513,0.0,0.0,0.0,0.0,0.0,0.0,0.0
0.0,0.0,1.4887176940367177,1.0,0.0,0.0,0.0,0.0,0.0,0.07008931955721609,0.0,0.0,0.0,0.0,0.0,0.0,0.0
0.0,0.0,1.4909358183231047,1.0,0.0,0.0,0.0,0.0,0.0,0.06296519259668343,0.0,0.0,0.0,0.0,0.0,0.0,0.0
0.0,0.0,1.4929153735431633,1.0,0.0,0.0,0.0,0.0,0.0,0.055778718960948215,0.0,0.0,0.0,0.0,0.0,0.0,0.0
0.0,0.0,1.494654399587168,1.0,0.0,0.0,0.0,0.0,0.0,0.04853701452974257,0.0,0.0,0.0,0.0,0.0,0.0,0.0
0.0,0.0,1.4961511745118128,1.0,0.0,0.0,0.0,0.0,0.0,0.04124724987104922,0.0,0.0,0.0,0.0,0.0,0.0,0.0
0.0,0.0,1.497404216245238,1.0,0.0,0.0,0.0,0.0,0.0,0.03391664314097098,0.0,0.0,0.0,0.0,0.0,0.0,0.0
0.0,0.0,1.4984122840545442,1.0,0.0,0.0,0.0,0.0,0.0,0.026552452936494664,0.0,0.0,0.0,0.0,0.0,0.0,0.0
0.0,0.0,1.4991743797743375,1.0,0.0,0.0,0.0,0.0,0.0,0.019161971108173637,0.0,0.0,0.0,0.0,0.0,0.0,0.0
0.0,0.0,1.499689748795089,1.0,0.0,0.0,0.0,0.0,0.0,0.011752515539923403,0.0,0.0,0.0,0.0,0.0,0.0,0.0
0.0,0.0,1.4999578808103324,1.0,0.0,0.0,0.0,0.0,0.0,0.0043314229030211315,0.0,0.0,0.0,0.0,0.0,0.0,0.0
0.0,0.0,1.4999785103219572,1.0,0.0,0.0,0.0,0.0,0.0,-0.003093958608509917,0.0,0.0,0.0,0.0,0.0,0.0,0.0
0.0,0.0,1.4997516169030984,1.0,0.0,0.0,0.0,0.0,0.0,-0.010516276553896864,0.0,0.0,0.0,0.0,0.0,0.0,0.0
0.0,0.0,1.499277425218364,1.0,0.0,0.0,0.0,0.0,0.0,-0.017928181525833642,0.0,0.0,0.0,0.0,0.0,0.0,0.0
0.0,0.0,1.4985564048013762,1.0,0.0,0.0,0.0,0.0,0.0,-0.025322334427709814,0.0,0.0,0.0,0.0,0.0,0.0,0.0
0.0,0.0,1.49758926958985,1.0,0.0,0.0,0.0,0.0,0.0,-0.032691413740594255,0.0,0.0,0.0,0.0,0.0,0.0,0.0
0.0,0.0,1.49637697721867,1.0,0.0,0.0,0.0,0.0,0.0,-0.040028122772849395,0.0,0.0,0.0,0.0,0.0,0.0,0.0
0.0,0.0,1.49492072807166,1.0,0.0,0.0,0.0,0.0,0.0,-0.047325196885131815,0.0,0.0,0.0,0.0,0.0,0.0,0.0
0.0,0.0,1.4932219640929945,1.0,0.0,0.0,0.0,0.0,0.0,-0.05457541068368821,0.0,0.0,0.0,0.0,0.0,0.0,0.0
0.0,0.0,1.4912823673594142,1.0,0.0,0.0,0.0,0.0,0.0,-0.061771585174759114,0.0,0.0,0.0,0.0,0.0,0.0,0.0
0.0,0.0,1.4891038584146772,1.0,0.0,0.0,0.0,0.0,0.0,-0.06890659487305273,0.0,0.0,0.0,0.0,0.0,0.0,0.0
0.0,0.0,1.4866885943678774,1.0,0.0,0.0,0.0,0.0,0.0,-0.07597337485723443,0.0,0.0,0.0,0.0,0.0,0.0,0.0
0.0,0.0,1.4840389667575282,1.0,0.0,0.0,0.0,0.0,0.0,-0.08296492776545761,0.0,0.0,0.0,0.0,0.0,0.0,0.0
0.0,0.0,1.4811575991835135,1.0,0.0,0.0,0.0,0.0,0.0,-0.08987433072399131,0.0,0.0,0.0,0.0,0.0,0.0,0.0
0.0,0.0,1.4780473447092621,1.0,0.0,0.0,0.0,0.0,0.0,-0.09669474220206697,0.0,0.0,0.0,0.0,0.0,0.0,0.0
0.0,0.0,1.474711283036709,1.0,0.0,0.0,0.0,0.0,0.0,-0.10341940878621947,0.0,0.0,0.0,0.0,0.0,0.0,0.0
0.0,0.0,1.4711527174568475,1.0,0.0,0.0,0.0,0.0,0.0,-0.11004167186737801,0.0,0.0,0.0,0.0,0.0,0.0,0.0
0.0,0.0,1.4673751715788839,1.0,0.0,0.0,0.0,0.0,0.0,-0.11655497423402883,0.0,0.0,0.0,0.0,0.0,0.0,0.0
0.0,0.0,1.4633823858412456,1.0,0.0,0.0,0.0,0.0,0.0,-0.12295286656504145,0.0,0.0,0.0,0.0,0.0,0.0,0.0
0.0,0.0,1.459178313807881,1.0,0.0,0.0,0.0,0.0,0.0,-0.12922901381563046,0.0,0.0,0.0,0.0,0.0,0.0,0.0
0.0,0.0,1.4547671182535369,1.0,0.0,0.0,0.0,0.0,0.0,-0.13537720149016774,0.0,0.0,0.0,0.0,0.0,0.0,0.0
0.0,0.0,1.45015316704187,1.0,0.0,0.0,0.0,0.0,0.0,-0.1413913417956303,0.0,0.0,0.0,0.0,0.0,0.0,0.0
0.0,0.0,1.4453410288004949,1.0,0.0,0.0,0.0,0.0,0.0,-0.14726547966959824,0.0,0.0,0.0,0.0,0.0,0.0,0.0
0.0,0.0,1.44033546839723,1.0,0.0,0.0,0.0,0.0,0.0,-0.1529937986768215,0.0,0.0,0.0,0.0,0.0,0.0,0.0
0.0,0.0,1.43514144222204,1.0,0.0,0.0,0.0,0.0,0.0,-0.1585706267684961,0.0,0.0,0.0,0.0,0.0,0.0,0.0
0.0,0.0,1.4297640932793303,1.0,0.0,0.0,0.0,0.0,0.0,-0.16399044189864154,0.0,0.0,0.0,0.0,0.0,0.0,0.0
0.0,0.0,1.424208746095464,1.0,0.0,0.0,0.0,0.0,0.0,-0.16924787749185044,0.0,0.0,0.0,0.0,0.0,0.0,0.0
0.0,0.0,1.4184809014465403,1.0,0.0,0.0,0.0,0.0,0.0,-0.17433772775718115,0.0,0.0,0.0,0.0,0.0,0.0,0.0
0.0,0.0,1.412586230911652,1.0,0.0,0.0,0.0,0.0,0.0,-0.1792549528427978,0.0,0.0,0.0,0.0,0.0,0.0,0.0
0.0,0.0,1.4065305712570204,1.0,0.0,0.0,0.0,0.0,0.0,-0.18399468382631845,0.0,0.0,0.0,0.0,0.0,0.0,0.0
0.0,0.0,1.400319918656564,1.0,0.0,0.0,0.0,0.0,0.0,-0.18855222753592527,0.0,0.0,0.0,0.0,0.0,0.0,0.0
0.0,0.0,1.3939604227546254,1.0,0.0,0.0,0.0,0.0,0.0,-0.19292307119740393,0.0,0.0,0.0,0.0,0.0,0.0,0.0
0.0,0.0,1.387458380576737,1.0,0.0,0.0,0.0,0.0,0.0,-0.19710288690259925,0.0,0.0,0.0,0.0,0.0,0.0,0.0
0.0,0.0,1.3808202302944521,1.0,0.0,0.0,0.0,0.0,0.0,-0.20108753589482387,0.0,0.0,0.0,0.0,0.0,0.0,0.0
0.0,0.0,1.3740525448504155,1.0,0.0,0.0,0.0,0.0,0.0,-0.20487307266694676,0.0,0.0,0.0,0.0,0.0,0.0,0.0
0.0,0.0,1.367162025449989,1.0,0.0,0.0,0.0,0.0,0.0,-0.20845574886814155,0.0,0.0,0.0,0.0,0.0,0.0,0.0
0.0,0.0,1.3601554949258727,1.0,0.0,0.0,0.0,0.0,0.0,-0.21183201701542087,0.0,0.0,0.0,0.0,0.0,0.0,0.0
0.0,0.0,1.3530398909822943,1.0,0.0,0.0,0.0,0.0,0.0,-0.21499853400627655,0.0,0.0,0.0,0.0,0.0,0.0,0.0
0.0,0.0,1.3458222593254543,1.0,0.0,0.0,0.0,0.0,0.0,-0.2179521644289284,0.0,0.0,0.0,0.0,0.0,0.0,0.0
0.0,0.0,1.3385097466870324,1.0,0.0,0.0,0.0,0.0,0.0,-0.22068998366694403,0.0,0.0,0.0,0.0,0.0,0.0,0.0
0.0,0.0,1.331109593747658,1.0,0.0,0.0,0.0,0.0,0.0,-0.2232092807951458,0.0,0.0,0.0,0.0,0.0,0.0,0.0
0.0,0.0,1.323629127967356,1.0,0.0,0.0,0.0,0.0,0.0,-0.2255075612638735,0.0,0.0,0.0,0.0,0.0,0.0,0.0
0.0,0.0,1.3160757563300665,1.0,0.0,0.0,0.0,0.0,0.0,-0.22758254936901534,0.0,0.0,0.0,0.0,0.0,0.0,0.0
0.0,0.0,1.3084569580094216,1.0,0.0,0.0,0.0,0.0,0.0,-0.2294321905054486,0.0,0.0,0.0,0.0,0.0,0.0,0.0
0.0,0.0,1.3007802769630366,1.0,0.0,0.0,0.0,0.0,0.0,-0.2310546532013491,0.0,0.0,0.0,0.0,0.0,0.0,0.0
0.0,0.0,1.293053314462665,1.0,0.0,0.0,0.0,0.0,0.0,-0.2324483309317371,0.0,0.0,0.0,0.0,0.0,0.0,0.0
0.0,0.0,1.2852837215675874,1.0,0.0,0.0,0.0,0.0,0.0,-0.23361184370921495,0.0,0.0,0.0,0.0,0.0,0.0,0.0
0.0,0.0,1.2774791915487174,1.0,0.0,0.0,0.0,0.0,0.0,-0.23454403945037394,0.0,0.0,0.0,0.0,0.0,0.0,0.0
0.0,0.0,1.2696474522708958,1.0,0.0,0.0,0.0,0.0,0.0,-0.23524399511658522,0.0,0.0,0.0,0.0,0.0,0.0,0.0
0.0,0.0,1.261796258540945,1.0,0.0,0.0,0.0,0.0,0.0,-0.2357110176279653,0.0,0.0,0.0,0.0,0.0,0.0,0.0
0.0,0.0,1.2539333844290315,1.0,0.0,0.0,0.0,0.0,0.0,-0.23594464454963715,0.0,0.0,0.0,0.0,0.0,0.0,0.0
0.0,0.0,1.2460666155709692,1.0,0.0,0.0,0.0,0.0,0.0,-0.23594464454963715,0.0,0.0,0.0,0.0,0.0,0.0,0.0
0.0,0.0,1.2382037414590557,1.0,0.0,0.0,0.0,0.0,0.0,-0.2357110176279653,0.0,0.0,0.0,0.0,0.0,0.0,0.0
0.0,0.0,1.2303525477291049,1.0,0.0,0.0,0.0,0.0,0.0,-0.23524399511658522,0.0,0.0,0.0,0.0,0.0,0.0,0.0
0.0,0.0,1.2225208084512833,1.0,0.0,0.0,0.0,0.0,0.0,-0.2345440394503806,0.0,0.0,0.0,0.0,0.0,0.0,0.0
0.0,0.0,1.2147162784324128,1.0,0.0,0.0,0.0,0.0,0.0,-0.2336118437092216,0.0,0.0,0.0,0.0,0.0,0.0,0.0
0.0,0.0,1.2069466855373352,1.0,0.0,0.0,0.0,0.0,0.0,-0.23244833093174044,0.0,0.0,0.0,0.0,0.0,0.0,0.0
0.0,0.0,1.1992197230369634,1.0,0.0,0.0,0.0,0.0,0.0,-0.2310546532013491,0.0,0.0,0.0,0.0,0.0,0.0,0.0
0.0,0.0,1.1915430419905786,1.0,0.0,0.0,0.0,0.0,0.0,-0.2294321905054486,0.0,0.0,0.0,0.0,0.0,0.0,0.0
0.0,0.0,1.1839242436699335,1.0,0.0,0.0,0.0,0.0,0.0,-0.22758254936901867,0.0,0.0,0.0,0.0,0.0,0.0,0.0
0.0,0.0,1.176370872032644,1.0,0.0,0.0,0.0,0.0,0.0,-0.2255075612638635,0.0,0.0,0.0,0.0,0.0,0.0,0.0
0.0,0.0,1.1688904062523426,1.0,0.0,0.0,0.0,0.0,0.0,-0.2232092807951458,0.0,0.0,0.0,0.0,0.0,0.0,0.0
0.0,0.0,1.1614902533129676,1.0,0.0,0.0,0.0,0.0,0.0,-0.22068998366694736,0.0,0.0,0.0,0.0,0.0,0.0,0.0
0.0,0.0,1.1541777406745461,1.0,0.0,0.0,0.0,0.0,0.0,-0.2179521644289184,0.0,0.0,0.0,0.0,0.0,0.0,0.0
0.0,0.0,1.1469601090177064,1.0,0.0,0.0,0.0,0.0,0.0,-0.21499853400627322,0.0,0.0,0.0,0.0,0.0,0.0,0.0
0.0,0.0,1.139844505074128,1.0,0.0,0.0,0.0,0.0,0.0,-0.21183201701542087,0.0,0.0,0.0,0.0,0.0,0.0,0.0
0.0,0.0,1.1328379745500117,1.0,0.0,0.0,0.0,0.0,0.0,-0.20845574886814489,0.0,0.0,0.0,0.0,0.0,0.0,0.0
0.0,0.0,1.125947455149585,1.0,0.0,0.0,0.0,0.0,0.0,-0.20487307266695343,0.0,0.0,0.0,0.0,0.0,0.0,0.0
0.0,0.0,1.119179769705548,1.0,0.0,0.0,0.0,0.0,0.0,-0.20108753589483053,0.0,0.0,0.0,0.0,0.0,0.0,0.0
0.0,0.0,1.112541619423263,1.0,0.0,0.0,0.0,0.0,0.0,-0.19710288690260258,0.0,0.0,0.0,0.0,0.0,0.0,0.0
0.0,0.0,1.1060395772453746,1.0,0.0,0.0,0.0,0.0,0.0,-0.1929230711974006,0.0,0.0,0.0,0.0,0.0,0.0,0.0
0.0,0.0,1.0996800813434362,1.0,0.0,0.0,0.0,0.0,0.0,-0.18855222753592527,0.0,0.0,0.0,0.0,0.0,0.0,0.0
0.0,0.0,1.0934694287429796,1.0,0.0,0.0,0.0,0.0,0.0,-0.18399468382632178,0.0,0.0,0.0,0.0,0.0,0.0,0.0
0.0,0.0,1.087413769088348,1.0,0.0,0.0,0.0,0.0,0.0,-0.17925495284279114,0.0,0.0,0.0,0.0,0.0,0.0,0.0
0.0,0.0,1.0815190985534602,1.0,0.0,0.0,0.0,0.0,0.0,-0.1743377277571745,0.0,0.0,0.0,0.0,0.0,0.0,0.0
0.0,0.0,1.0757912539045364,1.0,0.0,0.0,0.0,0.0,0.0,-0.16924787749185044,0.0,0.0,0.0,0.0,0.0,0.0,0.0
0.0,0.0,1.0702359067206701,1.0,0.0,0.0,0.0,0.0,0.0,-0.16399044189864154,0.0,0.0,0.0,0.0,0.0,0.0,0.0
0.0,0.0,1.0648585577779603,1.0,0.0,0.0,0.0,0.0,0.0,-0.15857062676849942,0.0,0.0,0.0,0.0,0.0,0.0,0.0
0.0,0.0,1.0596645316027702,1.0,0.0,0.0,0.0,0.0,0.0,-0.1529937986768215,0.0,0.0,0.0,0.0,0.0,0.0,0.0
0.0,0.0,1.0546589711995056,1.0,0.0,0.0,0.0,0.0,0.0,-0.14726547966960157,0.0,0.0,0.0,0.0,0.0,0.0,0.0
0.0,0.0,1.04984683295813,1.0,0.0,0.0,0.0,0.0,0.0,-0.1413913417956303,0.0,0.0,0.0,0.0,0.0,0.0,0.0
0.0,0.0,1.0452328817464636,1.0,0.0,0.0,0.0,0.0,0.0,-0.13537720149016774,0.0,0.0,0.0,0.0,0.0,0.0,0.0
0.0,0.0,1.040821686192119,1.0,0.0,0.0,0.0,0.0,0.0,-0.12922901381563712,0.0,0.0,0.0,0.0,0.0,0.0,0.0
0.0,0.0,1.0366176141587544,1.0,0.0,0.0,0.0,0.0,0.0,-0.12295286656504145,0.0,0.0,0.0,0.0,0.0,0.0,0.0
0.0,0.0,1.0326248284211161,1.0,0.0,0.0,0.0,0.0,0.0,-0.1165549742340255,0.0,0.0,0.0,0.0,0.0,0.0,0.0
0.0,0.0,1.0288472825431527,1.0,0.0,0.0,0.0,0.0,0.0,-0.11004167186737801,0.0,0.0,0.0,0.0,0.0,0.0,0.0
0.0,0.0,1.025288716963291,1.0,0.0,0.0,0.0,0.0,0.0,-0.1034194087862228,0.0,0.0,0.0,0.0,0.0,0.0,0.0
0.0,0.0,1.0219526552907379,1.0,0.0,0.0,0.0,0.0,0.0,-0.09669474220206364,0.0,0.0,0.0,0.0,0.0,0.0,0.0
0.0,0.0,1.0188424008164867,1.0,0.0,0.0,0.0,0.0,0.0,-0.08987433072398798,0.0,0.0,0.0,0.0,0.0,0.0,0.0
0.0,0.0,1.015961033242472,1.0,0.0,0.0,0.0,0.0,0.0,-0.08296492776545761,0.0,0.0,0.0,0.0,0.0,0.0,0.0
0.0,0.0,1.0133114056321229,1.0,0.0,0.0,0.0,0.0,0.0,-0.07597337485723443,0.0,0.0,0.0,0.0,0.0,0.0,0.0
0.0,0.0,1.010896141585323,1.0,0.0,0.0,0.0,0.0,0.0,-0.06890659487305273,0.0,0.0,0.0,0.0,0.0,0.0,0.0
0.0,0.0,1.008717632640586,1.0,0.0,0.0,0.0,0.0,0.0,-0.061771585174759114,0.0,0.0,0.0,0.0,0.0,0.0,0.0
0.0,0.0,1.0067780359070058,1.0,0.0,0.0,0.0,0.0,0.0,-0.05457541068369154,0.0,0.0,0.0,0.0,0.0,0.0,0.0
0.0,0.0,1.00507927192834,1.0,0.0,0.0,0.0,0.0,0.0,-0.047325196885135146,0.0,0.0,0.0,0.0,0.0,0.0,0.0
0.0,0.0,1.00362302278133,1.0,0.0,0.0,0.0,0.0,0.0,-0.040028122772849395,0.0,0.0,0.0,0.0,0.0,0.0,0.0
0.0,0.0,1.00241073041015,1.0,0.0,0.0,0.0,0.0,0.0,-0.032691413740594255,0.0,0.0,0.0,0.0,0.0,0.0,0.0
0.0,0.0,1.0014435951986238,1.0,0.0,0.0,0.0,0.0,0.0,-0.025322334427709814,0.0,0.0,0.0,0.0,0.0,0.0,0.0
0.0,0.0,1.000722574781636,1.0,0.0,0.0,0.0,0.0,0.0,-0.017928181525833642,0.0,0.0,0.0,0.0,0.0,0.0,0.0
0.0,0.0,1.0002483830969016,1.0,0.0,0.0,0.0,0.0,0.0,-0.010516276553896864,0.0,0.0,0.0,0.0,0.0,0.0,0.0
0.0,0.0,1.0000214896780428,1.0,0.0,0.0,0.0,0.0,0.0,-0.003093958608509917,0.0,0.0,0.0,0.0,0.0,0.0,0.0
0.0,0.0,1.0000421191896676,1.0,0.0,0.0,0.0,0.0,0.0,0.0043314229030211315,0.0,0.0,0.0,0.0,0.0,0.0,0.0
0.0,0.0,1.000310251204911,1.0,0.0,0.0,0.0,0.0,0.0,0.011752515539923403,0.0,0.0,0.0,0.0,0.0,0.0,0.0
0.0,0.0,1.0008256202256625,1.0,0.0,0.0,0.0,0.0,0.0,0.019161971108170306,0.0,0.0,0.0,0.0,0.0,0.0,0.0
0.0,0.0,1.0015877159454556,1.0,0.0,0.0,0.0,0.0,0.0,0.026552452936491333,0.0,0.0,0.0,0.0,0.0,0.0,0.0
0.0,0.0,1.0025957837547619,1.0,0.0,0.0,0.0,0.0,0.0,0.03391664314097431,0.0,0.0,0.0,0.0,0.0,0.0,0.0
0.0,0.0,1.0038488254881872,1.0,0.0,0.0,0.0,0.0,0.0,0.04124724987104922,0.0,0.0,0.0,0.0,0.0,0.0,0.0
0.0,0.0,1.0053456004128318,1.0,0.0,0.0,0.0,0.0,0.0,0.04853701452973924,0.0,0.0,0.0,0.0,0.0,0.0,0.0
0.0,0.0,1.0070846264568365,1.0,0.0,0.0,0.0,0.0,0.0,0.055778718960948215,0.0,0.0,0.0,0.0,0.0,0.0,0.0
0.0,0.0,1.009064181676895,1.0,0.0,0.0,0.0,0.0,0.0,0.06296519259668343,0.0,0.0,0.0,0.0,0.0,0.0,0.0
0.0,0.0,1.011282305963282,1.0,0.0,0.0,0.0,0.0,0.0,0.07008931955721609,0.0,0.0,0.0,0.0,0.0,0.0,0.0
0.0,0.0,1.0137368029807095,1.0,0.0,0.0,0.0,0.0,0.0,0.07714404569705846,0.0,0.0,0.0,0.0,0.0,0.0,0.0
0.0,0.0,1.016425242343086,1.0,0.0,0.0,0.0,0.0,0.0,0.0841223855897899,0.0,0.0,0.0,0.0,0.0,0.0,0.0
0.0,0.0,1.0193449620200288,1.0,0.0,0.0,0.0,0.0,0.0,0.09101742944490399,0.0,0.0,0.0,0.0,0.0,0.0,0.0
0.0,0.0,1.0224930709727462,1.0,0.0,0.0,0.0,0.0,0.0,0.09782234994968553,0.0,0.0,0.0,0.0,0.0,0.0,0.0
0.0,0.0,1.0258664520166745,1.0,0.0,0.0,0.0,0.0,0.0,0.1045304090294763,0.0,0.0,0.0,0.0,0.0,0.0,0.0
0.0,0.0,1.0294617649080446,1.0,0.0,0.0,0.0,0.0,0.0,0.11113496451956473,0.0,0.0,0.0,0.0,0.0,0.0,0.0
0.0,0.0,1.0332754496513121,1.0,0.0,0.0,0.0,0.0,0.0,0.1176294767420849,0.0,0.0,0.0,0.0,0.0,0.0,0.0
0.0,0.0,1.0373037300241836,1.0,0.0,0.0,0.0,0.0,0.0,0.12400751498147677,0.0,0.0,0.0,0.0,0.0,0.0,0.0
0.0,0.0,1.041542617316744,1.0,0.0,0.0,0.0,0.0,0.0,0.1302627638520093,0.0,0.0,0.0,0.0,0.0,0.0,0.0
0.0,0.0,1.0459879142809843,1.0,0.0,0.0,0.0,0.0,0.0,0.1363890295511483,0.0,0.0,0.0,0.0,0.0,0.0,0.0
0.0,0.0,1.0506352192868205,1.0,0.0,0.0,0.0,0.0,0.0,0.14238024599251053,0.0,0.0,0.0,0.0,0.0,0.0,0.0
0.0,0.0,1.055479930680485,1.0,0.0,0.0,0.0,0.0,0.0,0.14823048081233914,0.0,0.0,0.0,0.0,0.0,0.0,0.0
0.0,0.0,1.0605172513409764,1.0,0.0,0.0,0.0,0.0,0.0,0.153933941243648,0.0,0.0,0.0,0.0,0.0,0.0,0.0
0.0,0.0,1.0657421934300615,1.0,0.0,0.0,0.0,0.0,0.0,0.15948497985202703,0.0,0.0,0.0,0.0,0.0,0.0,0.0
0.0,0.0,1.0711495833311115,1.0,0.0,0.0,0.0,0.0,0.0,0.16487810012761894,0.0,0.0,0.0,0.0,0.0,0.0,0.0
0.0,0.0,1.0767340667719028,1.0,0.0,0.0,0.0,0.0,0.0,0.17010796192765576,0.0,0.0,0.0,0.0,0.0,0.0,0.0
0.0,0.0,1.0824901141262886,1.0,0.0,0.0,0.0,0.0,0.0,0.17516938676413574,0.0,0.0,0.0,0.0,0.0,0.0,0.0
0.0,0.0,1.0884120258895118,1.0,0.0,0.0,0.0,0.0,0.0,0.18005736293141839,0.0,0.0,0.0,0.0,0.0,0.0,0.0
0.0,0.0,1.0944939383217165,1.0,0.0,0.0,0.0,0.0,0.0,0.18476705046872488,0.0,0.0,0.0,0.0,0.0,0.0,0.0
0.0,0.0,1.1007298292540935,1.0,0.0,0.0,0.0,0.0,0.0,0.18929378595255453,0.0,0.0,0.0,0.0,0.0,0.0,0.0
0.0,0.0,1.1071135240518868,1.0,0.0,0.0,0.0,0.0,0.0,0.19363308711429106,0.0,0.0,0.0,0.0,0.0,0.0,0.0
0.0,0.0,1.1136387017283795,1.0,0.0,0.0,0.0,0.0,0.0,0.19778065727842908,0.0,0.0,0.0,0.0,0.0,0.0,0.0
0.0,0.0,1.120298901203782,1.0,0.0,0.0,0.0,0.0,0.0,0.20173238961706752,0.0,0.0,0.0,0.0,0.0,0.0,0.0
0.0,0.0,1.1270875277028507,1.0,0.0,0.0,0.0,0.0,0.0,0.20548437121639007,0.0,0.0,0.0,0.0,0.0,0.0,0.0
0.0,0.0,1.1339978592848747,1.0,0.0,0.0,0.0,0.0,0.0,0.20903288695112598,0.0,0.0,0.0,0.0,0.0,0.0,0.0
0.0,0.0,1.1410230534995924,1.0,0.0,0.0,0.0,0.0,0.0,0.21237442316317412,0.0,0.0,0.0,0.0,0.0,0.0,0.0
0.0,0.0,1.1481561541624197,1.0,0.0,0.0,0.0,0.0,0.0,0.2155056711407899,0.0,0.0,0.0,0.0,0.0,0.0,0.0
0.0,0.0,1.1553900982423118,1.0,0.0,0.0,0.0,0.0,0.0,0.21842353039477125,0.0,0.0,0.0,0.0,0.0,0.0,0.0
0.0,0.0,1.1627177228554044,1.0,0.0,0.0,0.0,0.0,0.0,0.22112511172845628,0.0,0.0,0.0,0.0,0.0,0.0,0.0
0.0,0.0,1.1701317723575422,1.0,0.0,0.0,0.0,0.0,0.0,0.2236077400985914,0.0,0.0,0.0,0.0,0.0,0.0,0.0
0.0,0.0,1.1776249055286439,1.0,0.0,0.0,0.0,0.0,0.0,0.22586895726407596,0.0,0.0,0.0,0.0,0.0,0.0,0.0
0.0,0.0,1.185189702841814,1.0,0.0,0.0,0.0,0.0,0.0,0.2279065242200451,0.0,0.0,0.0,0.0,0.0,0.0,0.0
0.0,0.0,1.1928186738099802,1.0,0.0,0.0,0.0,0.0,0.0,0.229718423414893,0.0,0.0,0.0,0.0,0.0,0.0,0.0
0.0,0.0,1.2005042644028068,1.0,0.0,0.0,0.0,0.0,0.0,0.2313028607480283,0.0,0.0,0.0,0.0,0.0,0.0,0.0
0.0,0.0,1.2082388645265154,1.0,0.0,0.0,0.0,0.0,0.0,0.23265826734628292,0.0,0.0,0.0,0.0,0.0,0.0,0.0
0.0,0.0,1.2160148155592256,1.0,0.0,0.0,0.0,0.0,0.0,0.23378330111744616,0.0,0.0,0.0,0.0,0.0,0.0,0.0
0.0,0.0,1.2238244179343452,1.0,0.0,0.0,0.0,0.0,0.0,0.2346768480791417,0.0,0.0,0.0,0.0,0.0,0.0,0.0
0.0,0.0,1.2316599387645017,1.0,0.0,0.0,0.0,0.0,0.0,0.2353380234618685,0.0,0.0,0.0,0.0,0.0,0.0,0.0
0.0,0.0,1.2395136194984697,1.0,0.0,0.0,0.0,0.0,0.0,0.23576617258506682,0.0,0.0,0.0,0.0,0.0,0.0,0.0
0.0,0.0,1.2473776836035062,1.0,0.0,0.0,0.0,0.0,0.0,0.23596087150538958,0.0,0.0,0.0,0.0,0.0,0.0,0.0
0.0,0.0,1.2552443442654957,1.0,0.0,0.0,0.0,0.0,0.0,0.23592192743648654,0.0,0.0,0.0,0.0,0.0,0.0,0.0
0.0,0.0,1.263105812099272,1.0,0.0,0.0,0.0,0.0,0.0,0.23564937893987503,0.0,0.0,0.0,0.0,0.0,0.0,0.0
0.0,0.0,1.2709543028614874,1.0,0.0,0.0,0.0,0.0,0.0,0.23514349588676042,0.0,0.0,0.0,0.0,0.0,0.0,0.0
0.0,0.0,1.2787820451583893,1.0,0.0,0.0,0.0,0.0,0.0,0.23440477919081992,0.0,0.0,0.0,0.0,0.0,0.0,0.0
0.0,0.0,1.2865812881408754,1.0,0.0,0.0,0.0,0.0,0.0,0.23343396031221597,0.0,0.0,0.0,0.0,0.0,0.0,0.0
0.0,0.0,1.2943443091792037,1.0,0.0,0.0,0.0,0.0,0.0,0.23223200053331228,0.0,0.0,0.0,0.0,0.0,0.0,0.0
0.0,0.0,1.3020634215097628,1.0,0.0,0.0,0.0,0.0,0.0,0.2308000900068452,0.0,0.0,0.0,0.0,0.0,0.0,0.0
0.0,0.0,1.3097309818463267,1.0,0.0,0.0,0.0,0.0,0.0,0.2291396465774398,0.0,0.0,0.0,0.0,0.0,0.0,0.0
0.0,0.0,1.3173393979482588,1.0,0.0,0.0,0.0,0.0,0.0,0.2272523143777394,0.0,0.0,0.0,0.0,0.0,0.0,0.0
0.0,0.0,1.324881136138176,1.0,0.0,0.0,0.0,0.0,0.0,0.2251399622003547,0.0,0.0,0.0,0.0,0.0,0.0,0.0
0.0,0.0,1.3323487287616158,1.0,0.0,0.0,0.0,0.0,0.0,0.2228046816474738,0.0,0.0,0.0,0.0,0.0,0.0,0.0
0.0,0.0,1.339734781581341,1.0,0.0,0.0,0.0,0.0,0.0,0.22024878505981893,0.0,0.0,0.0,0.0,0.0,0.0,0.0
0.0,0.0,1.347031981098937,1.0,0.0,0.0,0.0,0.0,0.0,0.21747480322697132,0.0,0.0,0.0,0.0,0.0,0.0,0.0
0.0,0.0,1.3542331017964724,1.0,0.0,0.0,0.0,0.0,0.0,0.21448548288150904,0.0,0.0,0.0,0.0,0.0,0.0,0.0
0.0,0.0,1.3613310132910377,1.0,0.0,0.0,0.0,0.0,0.0,0.2112837839791959,0.0,0.0,0.0,0.0,0.0,0.0,0.0
0.0,0.0,1.3683186873950854,1.0,0.0,0.0,0.0,0.0,0.0,0.20787287676809596,0.0,0.0,0.0,0.0,0.0,0.0,0.0
0.0,0.0,1.3751892050755774,1.0,0.0,0.0,0.0,0.0,0.0,0.20425613864952452,0.0,0.0,0.0,0.0,0.0,0.0,0.0
0.0,0.0,1.3819357633050537,1.0,0.0,0.0,0.0,0.0,0.0,0.2004371508338132,0.0,0.0,0.0,0.0,0.0,0.0,0.0
0.0,0.0,1.3885516817978316,1.0,0.0,0.0,0.0,0.0,0.0,0.1964196947942265,0.0,0.0,0.0,0.0,0.0,0.0,0.0
0.0,0.0,1.3950304096246688,1.0,0.0,0.0,0.0,0.0,0.0,0.19220774852265698,0.0,0.0,0.0,0.0,0.0,0.0,0.0
0.0,0.0,1.401365531699342,1.0,0.0,0.0,0.0,0.0,0.0,0.1878054825907427,0.0,0.0,0.0,0.0,0.0,0.0,0.0
0.0,0.0,1.4075507751307184,1.0,0.0,0.0,0.0,0.0,0.0,0.1832172560202605,0.0,0.0,0.0,0.0,0.0,0.0,0.0
0.0,0.0,1.4135800154340261,1.0,0.0,0.0,0.0,0.0,0.0,0.17844761196686876,0.0,0.0,0.0,0.0,0.0,0.0,0.0
0.0,0.0,1.4194472825951763,1.0,0.0,0.0,0.0,0.0,0.0,0.17350127322160902,0.0,0.0,0.0,0.0,0.0,0.0,0.0
0.0,0.0,1.4251467669821334,1.0,0.0,0.0,0.0,0.0,0.0,0.16838313753455014,0.0,0.0,0.0,0.0,0.0,0.0,0.0
0.0,0.0,1.4306728250974796,1.0,0.0,0.0,0.0,0.0,0.0,0.16309827276508426,0.0,0.0,0.0,0.0,0.0,0.0,0.0
0.0,0.0,1.4360199851664723,1.0,0.0,0.0,0.0,0.0,0.0,0.15765191186388083,0.0,0.0,0.0,0.0,0.0,0.0,0.0
0.0,0.0,1.4411829525550717,1.0,0.0,0.0,0.0,0.0,0.0,0.1520494476913714,0.0,0.0,0.0,0.0,0.0,0.0,0.0
0.0,0.0,1.4461566150125638,1.0,0.0,0.0,0.0,0.0,0.0,0.14629642767780116,0.0,0.0,0.0,0.0,0.0,0.0,0.0
0.0,0.0,1.4509360477335917,1.0,0.0,0.0,0.0,0.0,0.0,0.14039854833030607,0.0,0.0,0.0,0.0,0.0,0.0,0.0
0.0,0.0,1.4555165182345842,1.0,0.0,0.0,0.0,0.0,0.0,0.1343616495924016,0.0,0.0,0.0,0.0,0.0,0.0,0.0
0.0,0.0,1.4598934910397519,1.0,0.0,0.0,0.0,0.0,0.0,0.1281917090613982,0.0,0.0,0.0,0.0,0.0,0.0,0.0
0.0,0.0,1.4640626321720107,1.0,0.0,0.0,0.0,0.0,0.0,0.1218948360694827,0.0,0.0,0.0,0.0,0.0,0.0,0.0
0.0,0.0,1.468019813444384,1.0,0.0,0.0,0.0,0.0,0.0,0.11547726563443717,0.0,0.0,0.0,0.0,0.0,0.0,0.0
0.0,0.0,1.4717611165476399,1.0,0.0,0.0,0.0,0.0,0.0,0.10894535228583746,0.0,0.0,0.0,0.0,0.0,0.0,0.0
0.0,0.0,1.4752828369301065,1.0,0.0,0.0,0.0,0.0,0.0,0.10230556377298305,0.0,0.0,0.0,0.0,0.0,0.0,0.0
0.0,0.0,1.4785814874658387,1.0,0.0,0.0,0.0,0.0,0.0,0.09556447466066653,0.0,0.0,0.0,0.0,0.0,0.0,0.0
0.0,0.0,1.4816538019074843,1.0,0.0,0.0,0.0,0.0,0.0,0.08872875981917439,0.0,0.0,0.0,0.0,0.0,0.0,0.0
0.0,0.0,1.4844967381204504,1.0,0.0,0.0,0.0,0.0,0.0,0.08180518781500057,0.0,0.0,0.0,0.0,0.0,0.0,0.0
0.0,0.0,1.487107481095151,1.0,0.0,0.0,0.0,0.0,0.0,0.07480061420875095,0.0,0.0,0.0,0.0,0.0,0.0,0.0
0.0,0.0,1.489483445734367,1.0,0.0,0.0,0.0,0.0,0.0,0.06772197476698327,0.0,0.0,0.0,0.0,0.0,0.0,0.0
0.0,0.0,1.49162227941295,1.0,0.0,0.0,0.0,0.0,0.0,0.060576278594500765,0.0,0.0,0.0,0.0,0.0,0.0,0.0
0.0,0.0,1.4935218643073338,1.0,0.0,0.0,0.0,0.0,0.0,0.053370601194120404,0.0,0.0,0.0,0.0,0.0,0.0,0.0
0.0,0.0,1.495180319492558,1.0,0.0,0.0,0.0,0.0,0.0,0.04611207746070378,0.0,0.0,0.0,0.0,0.0,0.0,0.0
0.0,0.0,1.496596002804714,1.0,0.0,0.0,0.0,0.0,0.0,0.038807894616315064,0.0,0.0,0.0,0.0,0.0,0.0,0.0
0.0,0.0,1.497767512466979,1.0,0.0,0.0,0.0,0.0,0.0,0.03146528509361035,0.0,0.0,0.0,0.0,0.0,0.0,0.0
0.0,0.0,1.4986936884776214,1.0,0.0,0.0,0.0,0.0,0.0,0.024091519374459525,0.0,0.0,0.0,0.0,0.0,0.0,0.0
0.0,0.0,1.4993736137586096,1.0,0.0,0.0,0.0,0.0,0.0,0.016693898790874906,0.0,0.0,0.0,0.0,0.0,0.0,0.0
0.0,0.0,1.4998066150636797,1.0,0.0,0.0,0.0,0.0,0.0,0.009279748295401014,0.0,0.0,0.0,0.0,0.0,0.0,0.0
0.0,0.0,1.4999922636449696,1.0,0.0,0.0,0.0,0.0,0.0,0.0018564092081196915,0.0,0.0,0.0,0.0,0.0,0.0,0.0
0.0,0.0,1.4999303756775544,1.0,0.0,0.0,0.0,0.0,0.0,-0.00556876805256179,0.0,0.0,0.0,0.0,0.0,0.0,0.0
0.0,0.0,1.4996210124414655,1.0,0.0,0.0,0.0,0.0,0.0,-0.012988431248108778,0.0,0.0,0.0,0.0,0.0,0.0,0.0
0.0,0.0,1.4990644802610138,1.0,0.0,0.0,0.0,0.0,0.0,-0.02039523359989248,0.0,0.0,0.0,0.0,0.0,0.0,0.0
0.0,0.0,1.4982613302014727,1.0,0.0,0.0,0.0,0.0,0.0,-0.027781841063800883,0.0,0.0,0.0,0.0,0.0,0.0,0.0
0.0,0.0,1.497212357523427,1.0,0.0,0.0,0.0,0.0,0.0,-0.035140939592216425,0.0,0.0,0.0,0.0,0.0,0.0,0.0
0.0,0.0,1.495918600895325,1.0,0.0,0.0,0.0,0.0,0.0,-0.0424652423762395,0.0,0.0,0.0,0.0,0.0,0.0,0.0
0.0,0.0,1.494381341365011,1.0,0.0,0.0,0.0,0.0,0.0,-0.04974749706092019,0.0,0.0,0.0,0.0,0.0,0.0,0.0
0.0,0.0,1.4926021010912636,1.0,0.0,0.0,0.0,0.0,0.0,-0.05698049292635066,0.0,0.0,0.0,0.0,0.0,0.0,0.0
0.0,0.0,1.4905826418365877,1.0,0.0,0.0,0.0,0.0,0.0,-0.06415706802756382,0.0,0.0,0.0,0.0,0.0,0.0,0.0
0.0,0.0,1.4883249632227593,1.0,0.0,0.0,0.0,0.0,0.0,-0.07127011628613067,0.0,0.0,0.0,0.0,0.0,0.0,0.0
0.0,0.0,1.4858313007508457,1.0,0.0,0.0,0.0,0.0,0.0,-0.07831259452643513,0.0,0.0,0.0,0.0,0.0,0.0,0.0
0.0,0.0,1.4831041235876636,1.0,0.0,0.0,0.0,0.0,0.0,-0.08527752944965883,0.0,0.0,0.0,0.0,0.0,0.0,0.0
0.0,0.0,1.4801461321208684,1.0,0.0,0.0,0.0,0.0,0.0,-0.09215802453856448,0.0,0.0,0.0,0.0,0.0,0.0,0.0
0.0,0.0,1.4769602552850927,1.0,0.0,0.0,0.0,0.0,0.0,-0.09894726688629008,0.0,0.0,0.0,0.0,0.0,0.0,0.0
0.0,0.0,1.4735496476617824,1.0,0.0,0.0,0.0,0.0,0.0,-0.10563853394234601,0.0,0.0,0.0,0.0,0.0,0.0,0.0
0.0,0.0,1.469917686355603,1.0,0.0,0.0,0.0,0.0,0.0,-0.11222520016907045,0.0,0.0,0.0,0.0,0.0,0.0,0.0
0.0,0.0,1.466067967650511,1.0,0.0,0.0,0.0,0.0,0.0,-0.11870074360213478,0.0,0.0,0.0,0.0,0.0,0.0,0.0
0.0,0.0,1.462004303448794,1.0,0.0,0.0,0.0,0.0,0.0,-0.12505875230844787,0.0,0.0,0.0,0.0,0.0,0.0,0.0
0.0,0.0,1.4577307174966145,1.0,0.0,0.0,0.0,0.0,0.0,-0.13129293073505077,0.0,0.0,0.0,0.0,0.0,0.0,0.0
0.0,0.0,1.4532514413997906,1.0,0.0,0.0,0.0,0.0,0.0,-0.13739710594287025,0.0,0.0,0.0,0.0,0.0,0.0,0.0
0.0,0.0,1.4485709104337565,1.0,0.0,0.0,0.0,0.0,0.0,-0.14336523371901944,0.0,0.0,0.0,0.0,0.0,0.0,0.0
0.0,0.0,1.443693759151856,1.0,0.0,0.0,0.0,0.0,0.0,-0.14919140456162383,0.0,0.0,0.0,0.0,0.0,0.0,0.0
0.0,0.0,1.438624816796315,1.0,0.0,0.0,0.0,0.0,0.0,-0.15486984953125393,0.0,0.0,0.0,0.0,0.0,0.0,0.0
0.0,0.0,1.433369102516439,1.0,0.0,0.0,0.0,0.0,0.0,-0.1603949459632359,0.0,0.0,0.0,0.0,0.0,0.0,0.0
0.0,0.0,1.4279318203987659,1.0,0.0,0.0,0.0,0.0,0.0,-0.16576122303508134,0.0,0.0,0.0,0.0,0.0,0.0,0.0
0.0,0.0,1.4223183543141003,1.0,0.0,0.0,0.0,0.0,0.0,-0.17096336718352756,0.0,0.0,0.0,0.0,0.0,0.0,0.0
0.0,0.0,1.4165342625865307,1.0,0.0,0.0,0.0,0.0,0.0,-0.17599622736594545,0.0,0.0,0.0,0.0,0.0,0.0,0.0
0.0,0.0,1.410585272489704,1.0,0.0,0.0,0.0,0.0,0.0,-0.1808548201607496,0.0,0.0,0.0,0.0,0.0,0.0,0.0
0.0,0.0,1.404477274575814,1.0,0.0,0.0,0.0,0.0,0.0,-0.1855343347019045,0.0,0.0,0.0,0.0,0.0,0.0,0.0
0.0,0.0,1.3982163168429103,1.0,0.0,0.0,0.0,0.0,0.0,-0.1900301374425073,0.0,0.0,0.0,0.0,0.0,0.0,0.0
0.0,0.0,1.3918085987463136,1.0,0.0,0.0,0.0,0.0,0.0,-0.19433777674282116,0.0,0.0,0.0,0.0,0.0,0.0,0.0
0.0,0.0,1.3852604650600555,1.0,0.0,0.0,0.0,0.0,0.0,-0.1984529872781926,0.0,0.0,0.0,0.0,0.0,0.0,0.0
0.0,0.0,1.378578399594434,1.0,0.0,0.0,0.0,0.0,0.0,-0.20237169426247315,0.0,0.0,0.0,0.0,0.0,0.0,0.0
0.0,0.0,1.3717690187758906,1.0,0.0,0.0,0.0,0.0,0.0,-0.20609001748280176,0.0,0.0,0.0,0.0,0.0,0.0,0.0
0.0,0.0,1.3648390650955806,1.0,0.0,0.0,0.0,0.0,0.0,-0.20960427514161828,0.0,0.0,0.0,0.0,0.0,0.0,0.0
0.0,0.0,1.357795400433116,1.0,0.0,0.0,0.0,0.0,0.0,-0.21291098750239712,0.0,0.0,0.0,0.0,0.0,0.0,0.0
0.0,0.0,1.3506449992620875,1.0,0.0,0.0,0.0,0.0,0.0,-0.21600688033518778,0.0,0.0,0.0,0.0,0.0,0.0,0.0
0.0,0.0,1.3433949417441036,1.0,0.0,0.0,0.0,0.0,0.0,-0.21888888815859153,0.0,0.0,0.0,0.0,0.0,0.0,0.0
0.0,0.0,1.3360524067181814,1.0,0.0,0.0,0.0,0.0,0.0,-0.22155415727522332,0.0,0.0,0.0,0.0,0.0,0.0,0.0
0.0,0.0,1.328624664592422,1.0,0.0,0.0,0.0,0.0,0.0,-0.22400004859733147,0.0,0.0,0.0,0.0,0.0,0.0,0.0
0.0,0.0,1.321119070145026,1.0,0.0,0.0,0.0,0.0,0.0,-0.2262241402600107,0.0,0.0,0.0,0.0,0.0,0.0,0.0
0.0,0.0,1.3135430552417546,1.0,0.0,0.0,0.0,0.0,0.0,-0.22822423001921388,0.0,0.0,0.0,0.0,0.0,0.0,0.0
0.0,0.0,1.3059041214770784,1.0,0.0,0.0,0.0,0.0,0.0,-0.22999833743236775,0.0,0.0,0.0,0.0,0.0,0.0,0.0
0.0,0.0,1.2982098327462634,1.0,0.0,0.0,0.0,0.0,0.0,-0.23154470581940423,0.0,0.0,0.0,0.0,0.0,0.0,0.0
0.0,0.0,1.2904678077557847,1.0,0.0,0.0,0.0,0.0,0.0,-0.23286180400219236,0.0,0.0,0.0,0.0,0.0,0.0,0.0
0.0,0.0,1.2826857124794506,1.0,0.0,0.0,0.0,0.0,0.0,-0.23394832782062225,0.0,0.0,0.0,0.0,0.0,0.0,0.0
0.0,0.0,1.2748712525677433,1.0,0.0,0.0,0.0,0.0,0.0,-0.2348032014239454,0.0,0.0,0.0,0.0,0.0,0.0,0.0
0.0,0.0,1.2670321657178543,1.0,0.0,0.0,0.0,0.0,0.0,-0.2354255783361292,0.0,0.0,0.0,0.0,0.0,0.0,0.0
0.0,0.0,1.2591762140120013,1.0,0.0,0.0,0.0,0.0,0.0,-0.23581484229399652,0.0,0.0,0.0,0.0,0.0,0.0,0.0
0.0,0.0,1.2513111762315878,1.0,0.0,0.0,0.0,0.0,0.0,-0.2359706078574042,0.0,0.0,0.0,0.0,0.0,0.0,0.0
0.0,0.0,1.243444840154841,1.0,0.0,0.0,0.0,0.0,0.0,-0.23589272079083456,0.0,0.0,0.0,0.0,0.0,0.0,0.0
0.0,0.0,1.2355849948455322,1.0,0.0,0.0,0.0,0.0,0.0,-0.23558125821629305,0.0,0.0,0.0,0.0,0.0,0.0,0.0
0.0,0.0,1.2277394229404215,1.0,0.0,0.0,0.0,0.0,0.0,-0.23503652853681944,0.0,0.0,0.0,0.0,0.0,0.0,0.0
0.0,0.0,1.2199158929430776,1.0,0.0,0.0,0.0,0.0,0.0,-0.2342590711311321,0.0,0.0,0.0,0.0,0.0,0.0,0.0
0.0,0.0,1.2121221515316793,1.0,0.0,0.0,0.0,0.0,0.0,-0.23324965581951518,0.0,0.0,0.0,0.0,0.0,0.0,0.0
0.0,0.0,1.2043659158884432,1.0,0.0,0.0,0.0,0.0,0.0,-0.23200928210162508,0.0,0.0,0.0,0.0,0.0,0.0,0.0
0.0,0.0,1.1966548660582377,1.0,0.0,0.0,0.0,0.0,0.0,-0.23053917816681202,0.0,0.0,0.0,0.0,0.0,0.0,0.0
0.0,0.0,1.188996637343989,1.0,0.0,0.0,0.0,0.0,0.0,-0.2288407996779429,0.0,0.0,0.0,0.0,0.0,0.0,0.0
0.0,0.0,1.1813988127463748,1.0,0.0,0.0,0.0,0.0,0.0,-0.22691582833002433,0.0,0.0,0.0,0.0,0.0,0.0,0.0
0.0,0.0,1.1738689154553208,1.0,0.0,0.0,0.0,0.0,0.0,-0.22476617018510114,0.0,0.0,0.0,0.0,0.0,0.0,0.0
0.0,0.0,1.1664144014007014,1.0,0.0,0.0,0.0,0.0,0.0,-0.2223939537849129,0.0,0.0,0.0,0.0,0.0,0.0,0.0
0.0,0.0,1.15904265186966,1.0,0.0,0.0,0.0,0.0,0.0,-0.21980152804316644,0.0,0.0,0.0,0.0,0.0,0.0,0.0
0.0,0.0,1.1517609661978236,1.0,0.0,0.0,0.0,0.0,0.0,-0.2169914599197631,0.0,0.0,0.0,0.0,0.0,0.0,0.0
0.0,0.0,1.1445765545416757,1.0,0.0,0.0,0.0,0.0,0.0,-0.21396653187905512,0.0,0.0,0.0,0.0,0.0,0.0,0.0
0.0,0.0,1.13749653073922,1.0,0.0,0.0,0.0,0.0,0.0,-0.2107297391347862,0.0,0.0,0.0,0.0,0.0,0.0,0.0
0.0,0.0,1.1305279052660233,1.0,0.0,0.0,0.0,0.0,0.0,-0.2072842866841107,0.0,0.0,0.0,0.0,0.0,0.0,0.0
0.0,0.0,1.1236775782936126,1.0,0.0,0.0,0.0,0.0,0.0,-0.20363358613421867,0.0,0.0,0.0,0.0,0.0,0.0,0.0
0.0,0.0,1.1169523328570754,1.0,0.0,0.0,0.0,0.0,0.0,-0.19978125232425148,0.0,0.0,0.0,0.0,0.0,0.0,0.0
0.0,0.0,1.1103588281386625,1.0,0.0,0.0,0.0,0.0,0.0,-0.19573109974593494,0.0,0.0,0.0,0.0,0.0,0.0,0.0
0.0,0.0,1.103903592874013,1.0,0.0,0.0,0.0,0.0,0.0,-0.19148713876652068,0.0,0.0,0.0,0.0,0.0,0.0,0.0
0.0,0.0,1.0975930188875611,1.0,0.0,0.0,0.0,0.0,0.0,-0.1870535716578292,0.0,0.0,0.0,0.0,0.0,0.0,0.0
0.0,0.0,1.0914333547634911,1.0,0.0,0.0,0.0,0.0,0.0,-0.182434788435345,0.0,0.0,0.0,0.0,0.0,0.0,0.0
0.0,0.0,1.0854306996585381,1.0,0.0,0.0,0.0,0.0,0.0,-0.17763536251125034,0.0,0.0,0.0,0.0,0.0,0.0,0.0
0.0,0.0,1.079590997262741,1.0,0.0,0.0,0.0,0.0,0.0,-0.17266004616589115,0.0,0.0,0.0,0.0,0.0,0.0,0.0
0.0,0.0,1.0739200299141454,1.0,0.0,0.0,0.0,0.0,0.0,-0.16751376584224764,0.0,0.0,0.0,0.0,0.0,0.0,0.0
0.0,0.0,1.068423412873258,1.0,0.0,0.0,0.0,0.0,0.0,-0.1622016172679297,0.0,0.0,0.0,0.0,0.0,0.0,0.0
0.0,0.0,1.06310658876295,1.0,0.0,0.0,0.0,0.0,0.0,-0.15672886040938638,0.0,0.0,0.0,0.0,0.0,0.0,0.0
0.0,0.0,1.0579748221792988,1.0,0.0,0.0,0.0,0.0,0.0,-0.15110091426369876,0.0,0.0,0.0,0.0,0.0,0.0,0.0
0.0,0.0,1.0530331944787035,1.0,0.0,0.0,0.0,0.0,0.0,-0.14532335149275877,0.0,0.0,0.0,0.0,0.0,0.0,0.0
0.0,0.0,1.0482865987464483,1.0,0.0,0.0,0.0,0.0,0.0,-0.13940189290539973,0.0,0.0,0.0,0.0,0.0,0.0,0.0
0.0,0.0,1.0437397349516768,1.0,0.0,0.0,0.0,0.0,0.0,-0.1333424017927709,0.0,0.0,0.0,0.0,0.0,0.0,0.0
0.0,0.0,1.0393971052935969,1.0,0.0,0.0,0.0,0.0,0.0,-0.12715087812259496,0.0,0.0,0.0,0.0,0.0,0.0,0.0
0.0,0.0,1.0352630097435038,1.0,0.0,0.0,0.0,0.0,0.0,-0.1208334525981769,0.0,0.0,0.0,0.0,0.0,0.0,0.0
0.0,0.0,1.0313415417870517,1.0,0.0,0.0,0.0,0.0,0.0,-0.11439638058795332,0.0,0.0,0.0,0.0,0.0,0.0,0.0
0.0,0.0,1.0276365843709736,1.0,0.0,0.0,0.0,0.0,0.0,-0.1078460359315303,0.0,0.0,0.0,0.0,0.0,0.0,0.0
0.0,0.0,1.024151806058283,1.0,0.0,0.0,0.0,0.0,0.0,-0.10118890462844532,0.0,0.0,0.0,0.0,0.0,0.0,0.0
0.0,0.0,1.020890657395744,1.0,0.0,0.0,0.0,0.0,0.0,-0.09443157841590444,0.0,0.0,0.0,0.0,0.0,0.0,0.0
0.0,0.0,1.0178563674972227,1.0,0.0,0.0,0.0,0.0,0.0,-0.08758074824180007,0.0,0.0,0.0,0.0,0.0,0.0,0.0
0.0,0.0,1.0150519408462906,1.0,0.0,0.0,0.0,0.0,0.0,-0.08064319763950056,0.0,0.0,0.0,0.0,0.0,0.0,0.0
0.0,0.0,1.012480154321256,1.0,0.0,0.0,0.0,0.0,0.0,-0.07362579601088659,0.0,0.0,0.0,0.0,0.0,0.0,0.0
0.0,0.0,1.0101435544455648,1.0,0.0,0.0,0.0,0.0,0.0,-0.06653549182450536,0.0,0.0,0.0,0.0,0.0,0.0,0.0
0.0,0.0,1.008044454866289,1.0,0.0,0.0,0.0,0.0,0.0,-0.05937930573533756,0.0,0.0,0.0,0.0,0.0,0.0,0.0
0.0,0.0,1.006184934063209,1.0,0.0,0.0,0.0,0.0,0.0,-0.052164323633081544,0.0,0.0,0.0,0.0,0.0,0.0,0.0
0.0,0.0,1.0045668332907502,1.0,0.0,0.0,0.0,0.0,0.0,-0.044897689625879034,0.0,0.0,0.0,0.0,0.0,0.0,0.0
0.0,0.0,1.003191754754817,1.0,0.0,0.0,0.0,0.0,0.0,-0.037586598966403706,0.0,0.0,0.0,0.0,0.0,0.0,0.0
0.0,0.0,1.0020610600263233,1.0,0.0,0.0,0.0,0.0,0.0,-0.030238290927283584,0.0,0.0,0.0,0.0,0.0,0.0,0.0
0.0,0.0,1.0011758686929981,1.0,0.0,0.0,0.0,0.0,0.0,-0.022860041632921657,0.0,0.0,0.0,0.0,0.0,0.0,0.0
0.0,0.0,1.0005370572507952,1.0,0.0,0.0,0.0,0.0,0.0,-0.01545915685485899,0.0,0.0,0.0,0.0,0.0,0.0,0.0
0.0,0.0,1.0001452582360075,1.0,0.0,0.0,0.0,0.0,0.0,-0.008042964777764672,0.0,0.0,0.0,0.0,0.0,0.0,0.0
0.0,0.0,1.0000008595989442,1.0,0.0,0.0,0.0,0.0,0.0,-0.000618808743253485,0.0,0.0,0.0,0.0,0.0,0.0,0.0
0.0,0.0,1.0001040043197906,1.0,0.0,0.0,0.0,0.0,0.0,0.006805960021337709,0.0,0.0,0.0,0.0,0.0,0.0,0.0
0.0,0.0,1.0004545902670334,1.0,0.0,0.0,0.0,0.0,0.0,0.014223989681967364,0.0,0.0,0.0,0.0,0.0,0.0,0.0
0.0,0.0,1.0010522702985885,1.0,0.0,0.0,0.0,0.0,0.0,0.021627935077499494,0.0,0.0,0.0,0.0,0.0,0.0,0.0
0.0,0.0,1.0018964526055334,1.0,0.0,0.0,0.0,0.0,0.0,0.029010464992699214,0.0,0.0,0.0,0.0,0.0,0.0,0.0
0.0,0.0,1.0029863012981017,1.0,0.0,0.0,0.0,0.0,0.0,0.03636426941745263,0.0,0.0,0.0,0.0,0.0,0.0,0.0
0.0,0.0,1.0043207372333636,1.0,0.0,0.0,0.0,0.0,0.0,0.04368206678496356,0.0,0.0,0.0,0.0,0.0,0.0,0.0
0.0,0.0,1.005898439083766,1.0,0.0,0.0,0.0,0.0,0.0,0.05095661118177608,0.0,0.0,0.0,0.0,0.0,0.0,0.0
0.0,0.0,1.007717844645482,1.0,0.0,0.0,0.0,0.0,0.0,0.058180699522555335,0.0,0.0,0.0,0.0,0.0,0.0,0.0
0.0,0.0,1.0097771523852697,1.0,0.0,0.0,0.0,0.0,0.0,0.06534717868234896,0.0,0.0,0.0,0.0,0.0,0.0,0.0
0.0,0.0,1.0120743232243052,1.0,0.0,0.0,0.0,0.0,0.0,0.0724489525794847,0.0,0.0,0.0,0.0,0.0,0.0,0.0
0.0,0.0,1.0146070825572353,1.0,0.0,0.0,0.0,0.0,0.0,0.0794789892019665,0.0,0.0,0.0,0.0,0.0,0.0,0.0
0.0,0.0,1.0173729225044363,1.0,0.0,0.0,0.0,0.0,0.0,0.08643032757037816,0.0,0.0,0.0,0.0,0.0,0.0,0.0
0.0,0.0,1.0203691043952605,1.0,0.0,0.0,0.0,0.0,0.0,0.09329608463048311,0.0,0.0,0.0,0.0,0.0,0.0,0.0
0.0,0.0,1.0235926614798019,1.0,0.0,0.0,0.0,0.0,0.0,0.10006946206866596,0.0,0.0,0.0,0.0,0.0,0.0,0.0
0.0,0.0,1.027040401866505,1.0,0.0,0.0,0.0,0.0,0.0,0.10674375304348449,0.0,0.0,0.0,0.0,0.0,0.0,0.0
0.0,0.0,1.0307089116827008,1.0,0.0,0.0,0.0,0.0,0.0,0.11331234882664076,0.0,0.0,0.0,0.0,0.0,0.0,0.0
0.0,0.0,1.0345945584549476,1.0,0.0,0.0,0.0,0.0,0.0,0.11976874534673332,0.0,0.0,0.0,0.0,0.0,0.0,0.0
0.0,0.0,1.0386934947058164,1.0,0.0,0.0,0.0,0.0,0.0,0.12610654962944556,0.0,0.0,0.0,0.0,0.0,0.0,0.0
0.0,0.0,1.0430016617635773,1.0,0.0,0.0,0.0,0.0,0.0,0.13231948612782207,0.0,0.0,0.0,0.0,0.0,0.0,0.0
0.0,0.0,1.0475147937810045,1.0,0.0,0.0,0.0,0.0,0.0,0.13840140293606473,0.0,0.0,0.0,0.0,0.0,0.0,0.0
0.0,0.0,1.052228421959315,1.0,0.0,0.0,0.0,0.0,0.0,0.1443462778810134,0.0,0.0,0.0,0.0,0.0,0.0,0.0
0.0,0.0,1.057137878973072,1.0,0.0,0.0,0.0,0.0,0.0,0.15014822448518927,0.0,0.0,0.0,0.0,0.0,0.0,0.0
0.0,0.0,1.062238303591661,1.0,0.0,0.0,0.0,0.0,0.0,0.1558014977954758,0.0,0.0,0.0,0.0,0.0,0.0,0.0
0.0,0.0,1.0675246454927705,1.0,0.0,0.0,0.0,0.0,0.0,0.16130050007160168,0.0,0.0,0.0,0.0,0.0,0.0,0.0
0.0,0.0,1.072991670263101,1.0,0.0,0.0,0.0,0.0,0.0,0.1666397863288871,0.0,0.0,0.0,0.0,0.0,0.0,0.0
0.0,0.0,1.078633964581363,1.0,0.0,0.0,0.0,0.0,0.0,0.171814069729731,0.0,0.0,0.0,0.0,0.0,0.0,0.0
0.0,0.0,1.0844459415784165,1.0,0.0,0.0,0.0,0.0,0.0,0.17681822681858028,0.0,0.0,0.0,0.0,0.0,0.0,0.0
0.0,0.0,1.0904218463692683,1.0,0.0,0.0,0.0,0.0,0.0,0.18164730259502826,0.0,0.0,0.0,0.0,0.0,0.0,0.0
0.0,0.0,1.0965557617514183,1.0,0.0,0.0,0.0,0.0,0.0,0.18629651542007686,0.0,0.0,0.0,0.0,0.0,0.0,0.0
0.0,0.0,1.10284161406394,1.0,0.0,0.0,0.0,0.0,0.0,0.1907612617508625,0.0,0.0,0.0,0.0,0.0,0.0,0.0
0.0,0.0,1.1092731792014758,1.0,0.0,0.0,0.0,0.0,0.0,0.19503712069900647,0.0,0.0,0.0,0.0,0.0,0.0,0.0
0.0,0.0,1.1158440887772072,1.0,0.0,0.0,0.0,0.0,0.0,0.19911985840805335,0.0,0.0,0.0,0.0,0.0,0.0,0.0
0.0,0.0,1.1225478364286794,1.0,0.0,0.0,0.0,0.0,0.0,0.20300543224564427,0.0,0.0,0.0,0.0,0.0,0.0,0.0
0.0,0.0,1.1293777842602502,1.0,0.0,0.0,0.0,0.0,0.0,0.20668999480656813,0.0,0.0,0.0,0.0,0.0,0.0,0.0
0.0,0.0,1.136327169415784,1.0,0.0,0.0,0.0,0.0,0.0,0.21016989772237094,0.0,0.0,0.0,0.0,0.0,0.0,0.0
0.0,0.0,1.1433891107750749,1.0,0.0,0.0,0.0,0.0,0.0,0.21344169527379608,0.0,0.0,0.0,0.0,0.0,0.0,0.0
0.0,0.0,1.1505566157673703,1.0,0.0,0.0,0.0,0.0,0.0,0.21650214780263188,0.0,0.0,0.0,0.0,0.0,0.0,0.0
0.0,0.0,1.1578225872952503,1.0,0.0,0.0,0.0,0.0,0.0,0.21934822491971206,0.0,0.0,0.0,0.0,0.0,0.0,0.0
0.0,0.0,1.1651798307620178,1.0,0.0,0.0,0.0,0.0,0.0,0.22197710850542895,0.0,0.0,0.0,0.0,0.0,0.0,0.0
0.0,0.0,1.1726210611956123,1.0,0.0,0.0,0.0,0.0,0.0,0.2243861955001214,0.0,0.0,0.0,0.0,0.0,0.0,0.0
0.0,0.0,1.180138910462026,1.0,0.0,0.0,0.0,0.0,0.0,0.2265731004816296,0.0,0.0,0.0,0.0,0.0,0.0,0.0
0.0,0.0,1.1877259345610542,1.0,0.0,0.0,0.0,0.0,0.0,0.228535658027319,0.0,0.0,0.0,0.0,0.0,0.0,0.0
0.0,0.0,1.1953746209971805,1.0,0.0,0.0,0.0,0.0,0.0,0.2302719248582119,0.0,0.0,0.0,0.0,0.0,0.0,0.0
0.0,0.0,1.2030773962182684,1.0,0.0,0.0,0.0,0.0,0.0,0.23178018176304827,0.0,0.0,0.0,0.0,0.0,0.0,0.0
0.0,0.0,1.210826633114717,1.0,0.0,0.0,0.0,0.0,0.0,0.23305893530077726,0.0,0.0,0.0,0.0,0.0,0.0,0.0
0.0,0.0,1.2186146585716535,1.0,0.0,0.0,0.0,0.0,0.0,0.23410691927929106,0.0,0.0,0.0,0.0,0.0,0.0,0.0
0.0,0.0,1.2264337610666698,1.0,0.0,0.0,0.0,0.0,0.0,0.23492309600915529,0.0,0.0,0.0,0.0,0.0,0.0,0.0
0.0,0.0,1.2342761983055972,1.0,0.0,0.0,0.0,0.0,0.0,0.23550665733104714,0.0,0.0,0.0,0.0,0.0,0.0,0.0
0.0,0.0,1.2421342048887396,1.0,0.0,0.0,0.0,0.0,0.0,0.2358570254160386,0.0,0.0,0.0,0.0,0.0,0.0,0.0
0.0,0.0,1.2499999999999998,1.0,0.0,0.0,0.0,0.0,0.0,0.2359738533378053,0.0,0.0,0.0,0.0,0.0,0.0,0.0
0.0,0.0,1.0,1.0,0.0,0.0,0.0,0.0,0.0,0.0,0.0,0.0,0.0,0.0,0.0,0.0,0.0
0.0,0.0,1.0,1.0,0.0,0.0,0.0,0.0,0.0,0.0,0.0,0.0,0.0,0.0,0.0,0.0,0.0
0.0,0.0,1.0,1.0,0.0,0.0,0.0,0.0,0.0,0.0,0.0,0.0,0.0,0.0,0.0,0.0,0.0
0.0,0.0,1.0,1.0,0.0,0.0,0.0,0.0,0.0,0.0,0.0,0.0,0.0,0.0,0.0,0.0,0.0
0.0,0.0,1.0,1.0,0.0,0.0,0.0,0.0,0.0,0.0,0.0,0.0,0.0,0.0,0.0,0.0,0.0
0.0,0.0,1.0,1.0,0.0,0.0,0.0,0.0,0.0,0.0,0.0,0.0,0.0,0.0,0.0,0.0,0.0
0.0,0.0,1.0,1.0,0.0,0.0,0.0,0.0,0.0,0.0,0.0,0.0,0.0,0.0,0.0,0.0,0.0
0.0,0.0,1.0,1.0,0.0,0.0,0.0,0.0,0.0,0.0,0.0,0.0,0.0,0.0,0.0,0.0,0.0
0.0,0.0,1.0,1.0,0.0,0.0,0.0,0.0,0.0,0.0,0.0,0.0,0.0,0.0,0.0,0.0,0.0
0.0,0.0,1.0,1.0,0.0,0.0,0.0,0.0,0.0,0.0,0.0,0.0,0.0,0.0,0.0,0.0,0.0
0.0,0.0,1.0,1.0,0.0,0.0,0.0,0.0,0.0,0.0,0.0,0.0,0.0,0.0,0.0,0.0,0.0
0.0,0.0,1.0,1.0,0.0,0.0,0.0,0.0,0.0,0.0,0.0,0.0,0.0,0.0,0.0,0.0,0.0
0.0,0.0,1.0,1.0,0.0,0.0,0.0,0.0,0.0,0.0,0.0,0.0,0.0,0.0,0.0,0.0,0.0
0.0,0.0,1.0,1.0,0.0,0.0,0.0,0.0,0.0,0.0,0.0,0.0,0.0,0.0,0.0,0.0,0.0
0.0,0.0,1.0,1.0,0.0,0.0,0.0,0.0,0.0,0.0,0.0,0.0,0.0,0.0,0.0,0.0,0.0
0.0,0.0,1.0,1.0,0.0,0.0,0.0,0.0,0.0,0.0,0.0,0.0,0.0,0.0,0.0,0.0,0.0
0.0,0.0,1.0,1.0,0.0,0.0,0.0,0.0,0.0,0.0,0.0,0.0,0.0,0.0,0.0,0.0,0.0
0.0,0.0,1.0,1.0,0.0,0.0,0.0,0.0,0.0,0.0,0.0,0.0,0.0,0.0,0.0,0.0,0.0
0.0,0.0,1.0,1.0,0.0,0.0,0.0,0.0,0.0,0.0,0.0,0.0,0.0,0.0,0.0,0.0,0.0
0.0,0.0,1.0,1.0,0.0,0.0,0.0,0.0,0.0,0.0,0.0,0.0,0.0,0.0,0.0,0.0,0.0
0.0,0.0,1.0,1.0,0.0,0.0,0.0,0.0,0.0,0.0,0.0,0.0,0.0,0.0,0.0,0.0,0.0
0.0,0.0,1.0,1.0,0.0,0.0,0.0,0.0,0.0,0.0,0.0,0.0,0.0,0.0,0.0,0.0,0.0
0.0,0.0,1.0,1.0,0.0,0.0,0.0,0.0,0.0,0.0,0.0,0.0,0.0,0.0,0.0,0.0,0.0
0.0,0.0,1.0,1.0,0.0,0.0,0.0,0.0,0.0,0.0,0.0,0.0,0.0,0.0,0.0,0.0,0.0
0.0,0.0,1.0,1.0,0.0,0.0,0.0,0.0,0.0,0.0,0.0,0.0,0.0,0.0,0.0,0.0,0.0
0.0,0.0,1.0,1.0,0.0,0.0,0.0,0.0,0.0,0.0,0.0,0.0,0.0,0.0,0.0,0.0,0.0
0.0,0.0,1.0,1.0,0.0,0.0,0.0,0.0,0.0,0.0,0.0,0.0,0.0,0.0,0.0,0.0,0.0
0.0,0.0,1.0,1.0,0.0,0.0,0.0,0.0,0.0,0.0,0.0,0.0,0.0,0.0,0.0,0.0,0.0
0.0,0.0,1.0,1.0,0.0,0.0,0.0,0.0,0.0,0.0,0.0,0.0,0.0,0.0,0.0,0.0,0.0
0.0,0.0,1.0,1.0,0.0,0.0,0.0,0.0,0.0,0.0,0.0,0.0,0.0,0.0,0.0,0.0,0.0
0.0,0.0,1.0,1.0,0.0,0.0,0.0,0.0,0.0,0.0,0.0,0.0,0.0,0.0,0.0,0.0,0.0
0.0,0.0,1.0,1.0,0.0,0.0,0.0,0.0,0.0,0.0,0.0,0.0,0.0,0.0,0.0,0.0,0.0
0.0,0.0,1.0,1.0,0.0,0.0,0.0,0.0,0.0,0.0,0.0,0.0,0.0,0.0,0.0,0.0,0.0
0.0,0.0,1.0,1.0,0.0,0.0,0.0,0.0,0.0,0.0,0.0,0.0,0.0,0.0,0.0,0.0,0.0
0.0,0.0,1.0,1.0,0.0,0.0,0.0,0.0,0.0,0.0,0.0,0.0,0.0,0.0,0.0,0.0,0.0
0.0,0.0,1.0,1.0,0.0,0.0,0.0,0.0,0.0,0.0,0.0,0.0,0.0,0.0,0.0,0.0,0.0
0.0,0.0,1.0,1.0,0.0,0.0,0.0,0.0,0.0,0.0,0.0,0.0,0.0,0.0,0.0,0.0,0.0
0.0,0.0,1.0,1.0,0.0,0.0,0.0,0.0,0.0,0.0,0.0,0.0,0.0,0.0,0.0,0.0,0.0
0.0,0.0,1.0,1.0,0.0,0.0,0.0,0.0,0.0,0.0,0.0,0.0,0.0,0.0,0.0,0.0,0.0
0.0,0.0,1.0,1.0,0.0,0.0,0.0,0.0,0.0,0.0,0.0,0.0,0.0,0.0,0.0,0.0,0.0
0.0,0.0,1.0,1.0,0.0,0.0,0.0,0.0,0.0,0.0,0.0,0.0,0.0,0.0,0.0,0.0,0.0
0.0,0.0,1.0,1.0,0.0,0.0,0.0,0.0,0.0,0.0,0.0,0.0,0.0,0.0,0.0,0.0,0.0
0.0,0.0,1.0,1.0,0.0,0.0,0.0,0.0,0.0,0.0,0.0,0.0,0.0,0.0,0.0,0.0,0.0
0.0,0.0,1.0,1.0,0.0,0.0,0.0,0.0,0.0,0.0,0.0,0.0,0.0,0.0,0.0,0.0,0.0
0.0,0.0,1.0,1.0,0.0,0.0,0.0,0.0,0.0,0.0,0.0,0.0,0.0,0.0,0.0,0.0,0.0
0.0,0.0,1.0,1.0,0.0,0.0,0.0,0.0,0.0,0.0,0.0,0.0,0.0,0.0,0.0,0.0,0.0
0.0,0.0,1.0,1.0,0.0,0.0,0.0,0.0,0.0,0.0,0.0,0.0,0.0,0.0,0.0,0.0,0.0
0.0,0.0,1.0,1.0,0.0,0.0,0.0,0.0,0.0,0.0,0.0,0.0,0.0,0.0,0.0,0.0,0.0
0.0,0.0,1.0,1.0,0.0,0.0,0.0,0.0,0.0,0.0,0.0,0.0,0.0,0.0,0.0,0.0,0.0
0.0,0.0,1.0,1.0,0.0,0.0,0.0,0.0,0.0,0.0,0.0,0.0,0.0,0.0,0.0,0.0,0.0
0.0,0.0,1.0,1.0,0.0,0.0,0.0,0.0,0.0,0.0,0.0,0.0,0.0,0.0,0.0,0.0,0.0
0.0,0.0,1.0,1.0,0.0,0.0,0.0,0.0,0.0,0.0,0.0,0.0,0.0,0.0,0.0,0.0,0.0
0.0,0.0,1.0,1.0,0.0,0.0,0.0,0.0,0.0,0.0,0.0,0.0,0.0,0.0,0.0,0.0,0.0
0.0,0.0,1.0,1.0,0.0,0.0,0.0,0.0,0.0,0.0,0.0,0.0,0.0,0.0,0.0,0.0,0.0
0.0,0.0,1.0,1.0,0.0,0.0,0.0,0.0,0.0,0.0,0.0,0.0,0.0,0.0,0.0,0.0,0.0
0.0,0.0,1.0,1.0,0.0,0.0,0.0,0.0,0.0,0.0,0.0,0.0,0.0,0.0,0.0,0.0,0.0
0.0,0.0,1.0,1.0,0.0,0.0,0.0,0.0,0.0,0.0,0.0,0.0,0.0,0.0,0.0,0.0,0.0
0.0,0.0,1.0,1.0,0.0,0.0,0.0,0.0,0.0,0.0,0.0,0.0,0.0,0.0,0.0,0.0,0.0
0.0,0.0,1.0,1.0,0.0,0.0,0.0,0.0,0.0,0.0,0.0,0.0,0.0,0.0,0.0,0.0,0.0
0.0,0.0,1.0,1.0,0.0,0.0,0.0,0.0,0.0,0.0,0.0,0.0,0.0,0.0,0.0,0.0,0.0
0.0,0.0,1.0,1.0,0.0,0.0,0.0,0.0,0.0,0.0,0.0,0.0,0.0,0.0,0.0,0.0,0.0
0.0,0.0,1.0,1.0,0.0,0.0,0.0,0.0,0.0,0.0,0.0,0.0,0.0,0.0,0.0,0.0,0.0
0.0,0.0,1.0,1.0,0.0,0.0,0.0,0.0,0.0,0.0,0.0,0.0,0.0,0.0,0.0,0.0,0.0
0.0,0.0,1.0,1.0,0.0,0.0,0.0,0.0,0.0,0.0,0.0,0.0,0.0,0.0,0.0,0.0,0.0
0.0,0.0,1.0,1.0,0.0,0.0,0.0,0.0,0.0,0.0,0.0,0.0,0.0,0.0,0.0,0.0,0.0
0.0,0.0,1.0,1.0,0.0,0.0,0.0,0.0,0.0,0.0,0.0,0.0,0.0,0.0,0.0,0.0,0.0
0.0,0.0,1.0,1.0,0.0,0.0,0.0,0.0,0.0,0.0,0.0,0.0,0.0,0.0,0.0,0.0,0.0
0.0,0.0,1.0,1.0,0.0,0.0,0.0,0.0,0.0,0.0,0.0,0.0,0.0,0.0,0.0,0.0,0.0
0.0,0.0,1.0,1.0,0.0,0.0,0.0,0.0,0.0,0.0,0.0,0.0,0.0,0.0,0.0,0.0,0.0
0.0,0.0,1.0,1.0,0.0,0.0,0.0,0.0,0.0,0.0,0.0,0.0,0.0,0.0,0.0,0.0,0.0
0.0,0.0,1.0,1.0,0.0,0.0,0.0,0.0,0.0,0.0,0.0,0.0,0.0,0.0,0.0,0.0,0.0
0.0,0.0,1.0,1.0,0.0,0.0,0.0,0.0,0.0,0.0,0.0,0.0,0.0,0.0,0.0,0.0,0.0
0.0,0.0,1.0,1.0,0.0,0.0,0.0,0.0,0.0,0.0,0.0,0.0,0.0,0.0,0.0,0.0,0.0
0.0,0.0,1.0,1.0,0.0,0.0,0.0,0.0,0.0,0.0,0.0,0.0,0.0,0.0,0.0,0.0,0.0
0.0,0.0,1.0,1.0,0.0,0.0,0.0,0.0,0.0,0.0,0.0,0.0,0.0,0.0,0.0,0.0,0.0
0.0,0.0,1.0,1.0,0.0,0.0,0.0,0.0,0.0,0.0,0.0,0.0,0.0,0.0,0.0,0.0,0.0
0.0,0.0,1.0,1.0,0.0,0.0,0.0,0.0,0.0,0.0,0.0,0.0,0.0,0.0,0.0,0.0,0.0
0.0,0.0,1.0,1.0,0.0,0.0,0.0,0.0,0.0,0.0,0.0,0.0,0.0,0.0,0.0,0.0,0.0
0.0,0.0,1.0,1.0,0.0,0.0,0.0,0.0,0.0,0.0,0.0,0.0,0.0,0.0,0.0,0.0,0.0
0.0,0.0,1.0,1.0,0.0,0.0,0.0,0.0,0.0,0.0,0.0,0.0,0.0,0.0,0.0,0.0,0.0
0.0,0.0,1.0,1.0,0.0,0.0,0.0,0.0,0.0,0.0,0.0,0.0,0.0,0.0,0.0,0.0,0.0
0.0,0.0,1.0,1.0,0.0,0.0,0.0,0.0,0.0,0.0,0.0,0.0,0.0,0.0,0.0,0.0,0.0
0.0,0.0,1.0,1.0,0.0,0.0,0.0,0.0,0.0,0.0,0.0,0.0,0.0,0.0,0.0,0.0,0.0
0.0,0.0,1.0,1.0,0.0,0.0,0.0,0.0,0.0,0.0,0.0,0.0,0.0,0.0,0.0,0.0,0.0
0.0,0.0,1.0,1.0,0.0,0.0,0.0,0.0,0.0,0.0,0.0,0.0,0.0,0.0,0.0,0.0,0.0
0.0,0.0,1.0,1.0,0.0,0.0,0.0,0.0,0.0,0.0,0.0,0.0,0.0,0.0,0.0,0.0,0.0
0.0,0.0,1.0,1.0,0.0,0.0,0.0,0.0,0.0,0.0,0.0,0.0,0.0,0.0,0.0,0.0,0.0
0.0,0.0,1.0,1.0,0.0,0.0,0.0,0.0,0.0,0.0,0.0,0.0,0.0,0.0,0.0,0.0,0.0
0.0,0.0,1.0,1.0,0.0,0.0,0.0,0.0,0.0,0.0,0.0,0.0,0.0,0.0,0.0,0.0,0.0
0.0,0.0,1.0,1.0,0.0,0.0,0.0,0.0,0.0,0.0,0.0,0.0,0.0,0.0,0.0,0.0,0.0
0.0,0.0,1.0,1.0,0.0,0.0,0.0,0.0,0.0,-0.12640449438202195,0.0,0.0,0.0,0.0,0.0,0.0,0.0
0.0,0.0,0.9915730337078652,1.0,0.0,0.0,0.0,0.0,0.0,-0.25280898876404556,0.0,0.0,0.0,0.0,0.0,0.0,0.0
0.0,0.0,0.9831460674157303,1.0,0.0,0.0,0.0,0.0,0.0,-0.25280898876404556,0.0,0.0,0.0,0.0,0.0,0.0,0.0
0.0,0.0,0.9747191011235955,1.0,0.0,0.0,0.0,0.0,0.0,-0.2528089887640439,0.0,0.0,0.0,0.0,0.0,0.0,0.0
0.0,0.0,0.9662921348314607,1.0,0.0,0.0,0.0,0.0,0.0,-0.25280898876404556,0.0,0.0,0.0,0.0,0.0,0.0,0.0
0.0,0.0,0.9578651685393258,1.0,0.0,0.0,0.0,0.0,0.0,-0.25280898876404556,0.0,0.0,0.0,0.0,0.0,0.0,0.0
0.0,0.0,0.949438202247191,1.0,0.0,0.0,0.0,0.0,0.0,-0.2528089887640439,0.0,0.0,0.0,0.0,0.0,0.0,0.0
0.0,0.0,0.9410112359550562,1.0,0.0,0.0,0.0,0.0,0.0,-0.2528089887640439,0.0,0.0,0.0,0.0,0.0,0.0,0.0
0.0,0.0,0.9325842696629214,1.0,0.0,0.0,0.0,0.0,0.0,-0.25280898876404556,0.0,0.0,0.0,0.0,0.0,0.0,0.0
0.0,0.0,0.9241573033707865,1.0,0.0,0.0,0.0,0.0,0.0,-0.25280898876404556,0.0,0.0,0.0,0.0,0.0,0.0,0.0
0.0,0.0,0.9157303370786517,1.0,0.0,0.0,0.0,0.0,0.0,-0.25280898876404556,0.0,0.0,0.0,0.0,0.0,0.0,0.0
0.0,0.0,0.9073033707865168,1.0,0.0,0.0,0.0,0.0,0.0,-0.25280898876404556,0.0,0.0,0.0,0.0,0.0,0.0,0.0
0.0,0.0,0.898876404494382,1.0,0.0,0.0,0.0,0.0,0.0,-0.2528089887640439,0.0,0.0,0.0,0.0,0.0,0.0,0.0
0.0,0.0,0.8904494382022472,1.0,0.0,0.0,0.0,0.0,0.0,-0.2528089887640439,0.0,0.0,0.0,0.0,0.0,0.0,0.0
0.0,0.0,0.8820224719101124,1.0,0.0,0.0,0.0,0.0,0.0,-0.25280898876404556,0.0,0.0,0.0,0.0,0.0,0.0,0.0
0.0,0.0,0.8735955056179775,1.0,0.0,0.0,0.0,0.0,0.0,-0.25280898876404556,0.0,0.0,0.0,0.0,0.0,0.0,0.0
0.0,0.0,0.8651685393258427,1.0,0.0,0.0,0.0,0.0,0.0,-0.2528089887640439,0.0,0.0,0.0,0.0,0.0,0.0,0.0
0.0,0.0,0.8567415730337079,1.0,0.0,0.0,0.0,0.0,0.0,-0.25280898876404556,0.0,0.0,0.0,0.0,0.0,0.0,0.0
0.0,0.0,0.848314606741573,1.0,0.0,0.0,0.0,0.0,0.0,-0.25280898876404556,0.0,0.0,0.0,0.0,0.0,0.0,0.0
0.0,0.0,0.8398876404494382,1.0,0.0,0.0,0.0,0.0,0.0,-0.2528089887640439,0.0,0.0,0.0,0.0,0.0,0.0,0.0
0.0,0.0,0.8314606741573034,1.0,0.0,0.0,0.0,0.0,0.0,-0.2528089887640439,0.0,0.0,0.0,0.0,0.0,0.0,0.0
0.0,0.0,0.8230337078651686,1.0,0.0,0.0,0.0,0.0,0.0,-0.25280898876404556,0.0,0.0,0.0,0.0,0.0,0.0,0.0
0.0,0.0,0.8146067415730337,1.0,0.0,0.0,0.0,0.0,0.0,-0.25280898876404556,0.0,0.0,0.0,0.0,0.0,0.0,0.0
0.0,0.0,0.8061797752808989,1.0,0.0,0.0,0.0,0.0,0.0,-0.25280898876404556,0.0,0.0,0.0,0.0,0.0,0.0,0.0
0.0,0.0,0.797752808988764,1.0,0.0,0.0,0.0,0.0,0.0,-0.25280898876404556,0.0,0.0,0.0,0.0,0.0,0.0,0.0
0.0,0.0,0.7893258426966292,1.0,0.0,0.0,0.0,0.0,0.0,-0.2528089887640439,0.0,0.0,0.0,0.0,0.0,0.0,0.0
0.0,0.0,0.7808988764044944,1.0,0.0,0.0,0.0,0.0,0.0,-0.2528089887640439,0.0,0.0,0.0,0.0,0.0,0.0,0.0
0.0,0.0,0.7724719101123596,1.0,0.0,0.0,0.0,0.0,0.0,-0.25280898876404556,0.0,0.0,0.0,0.0,0.0,0.0,0.0
0.0,0.0,0.7640449438202247,1.0,0.0,0.0,0.0,0.0,0.0,-0.25280898876404556,0.0,0.0,0.0,0.0,0.0,0.0,0.0
0.0,0.0,0.7556179775280899,1.0,0.0,0.0,0.0,0.0,0.0,-0.25280898876404556,0.0,0.0,0.0,0.0,0.0,0.0,0.0
0.0,0.0,0.747191011235955,1.0,0.0,0.0,0.0,0.0,0.0,-0.25280898876404556,0.0,0.0,0.0,0.0,0.0,0.0,0.0
0.0,0.0,0.7387640449438202,1.0,0.0,0.0,0.0,0.0,0.0,-0.2528089887640439,0.0,0.0,0.0,0.0,0.0,0.0,0.0
0.0,0.0,0.7303370786516854,1.0,0.0,0.0,0.0,0.0,0.0,-0.2528089887640439,0.0,0.0,0.0,0.0,0.0,0.0,0.0
0.0,0.0,0.7219101123595506,1.0,0.0,0.0,0.0,0.0,0.0,-0.2528089887640439,0.0,0.0,0.0,0.0,0.0,0.0,0.0
0.0,0.0,0.7134831460674158,1.0,0.0,0.0,0.0,0.0,0.0,-0.25280898876404556,0.0,0.0,0.0,0.0,0.0,0.0,0.0
0.0,0.0,0.7050561797752809,1.0,0.0,0.0,0.0,0.0,0.0,-0.25280898876404556,0.0,0.0,0.0,0.0,0.0,0.0,0.0
0.0,0.0,0.6966292134831461,1.0,0.0,0.0,0.0,0.0,0.0,-0.25280898876404556,0.0,0.0,0.0,0.0,0.0,0.0,0.0
0.0,0.0,0.6882022471910112,1.0,0.0,0.0,0.0,0.0,0.0,-0.25280898876404556,0.0,0.0,0.0,0.0,0.0,0.0,0.0
0.0,0.0,0.6797752808988764,1.0,0.0,0.0,0.0,0.0,0.0,-0.2528089887640439,0.0,0.0,0.0,0.0,0.0,0.0,0.0
0.0,0.0,0.6713483146067416,1.0,0.0,0.0,0.0,0.0,0.0,-0.2528089887640439,0.0,0.0,0.0,0.0,0.0,0.0,0.0
0.0,0.0,0.6629213483146068,1.0,0.0,0.0,0.0,0.0,0.0,-0.25280898876404556,0.0,0.0,0.0,0.0,0.0,0.0,0.0
0.0,0.0,0.6544943820224719,1.0,0.0,0.0,0.0,0.0,0.0,-0.25280898876404556,0.0,0.0,0.0,0.0,0.0,0.0,0.0
0.0,0.0,0.6460674157303371,1.0,0.0,0.0,0.0,0.0,0.0,-0.25280898876404556,0.0,0.0,0.0,0.0,0.0,0.0,0.0
0.0,0.0,0.6376404494382022,1.0,0.0,0.0,0.0,0.0,0.0,-0.25280898876404556,0.0,0.0,0.0,0.0,0.0,0.0,0.0
0.0,0.0,0.6292134831460674,1.0,0.0,0.0,0.0,0.0,0.0,-0.2528089887640439,0.0,0.0,0.0,0.0,0.0,0.0,0.0
0.0,0.0,0.6207865168539326,1.0,0.0,0.0,0.0,0.0,0.0,-0.2528089887640439,0.0,0.0,0.0,0.0,0.0,0.0,0.0
0.0,0.0,0.6123595505617978,1.0,0.0,0.0,0.0,0.0,0.0,-0.2528089887640439,0.0,0.0,0.0,0.0,0.0,0.0,0.0
0.0,0.0,0.603932584269663,1.0,0.0,0.0,0.0,0.0,0.0,-0.25280898876404556,0.0,0.0,0.0,0.0,0.0,0.0,0.0
0.0,0.0,0.5955056179775281,1.0,0.0,0.0,0.0,0.0,0.0,-0.2528089887640472,0.0,0.0,0.0,0.0,0.0,0.0,0.0
0.0,0.0,0.5870786516853932,1.0,0.0,0.0,0.0,0.0,0.0,-0.25280898876404556,0.0,0.0,0.0,0.0,0.0,0.0,0.0
0.0,0.0,0.5786516853932584,1.0,0.0,0.0,0.0,0.0,0.0,-0.2528089887640439,0.0,0.0,0.0,0.0,0.0,0.0,0.0
0.0,0.0,0.5702247191011236,1.0,0.0,0.0,0.0,0.0,0.0,-0.2528089887640439,0.0,0.0,0.0,0.0,0.0,0.0,0.0
0.0,0.0,0.5617977528089888,1.0,0.0,0.0,0.0,0.0,0.0,-0.2528089887640439,0.0,0.0,0.0,0.0,0.0,0.0,0.0
0.0,0.0,0.553370786516854,1.0,0.0,0.0,0.0,0.0,0.0,-0.25280898876404556,0.0,0.0,0.0,0.0,0.0,0.0,0.0
0.0,0.0,0.5449438202247191,1.0,0.0,0.0,0.0,0.0,0.0,-0.25280898876404556,0.0,0.0,0.0,0.0,0.0,0.0,0.0
0.0,0.0,0.5365168539325843,1.0,0.0,0.0,0.0,0.0,0.0,-0.25280898876404556,0.0,0.0,0.0,0.0,0.0,0.0,0.0
0.0,0.0,0.5280898876404494,1.0,0.0,0.0,0.0,0.0,0.0,-0.25280898876404556,0.0,0.0,0.0,0.0,0.0,0.0,0.0
0.0,0.0,0.5196629213483146,1.0,0.0,0.0,0.0,0.0,0.0,-0.2528089887640439,0.0,0.0,0.0,0.0,0.0,0.0,0.0
0.0,0.0,0.5112359550561798,1.0,0.0,0.0,0.0,0.0,0.0,-0.2528089887640439,0.0,0.0,0.0,0.0,0.0,0.0,0.0
0.0,0.0,0.502808988764045,1.0,0.0,0.0,0.0,0.0,0.0,-0.25280898876404556,0.0,0.0,0.0,0.0,0.0,0.0,0.0
0.0,0.0,0.4943820224719101,1.0,0.0,0.0,0.0,0.0,0.0,-0.25280898876404556,0.0,0.0,0.0,0.0,0.0,0.0,0.0
0.0,0.0,0.4859550561797753,1.0,0.0,0.0,0.0,0.0,0.0,-0.2528089887640439,0.0,0.0,0.0,0.0,0.0,0.0,0.0
0.0,0.0,0.4775280898876405,1.0,0.0,0.0,0.0,0.0,0.0,-0.25280898876404556,0.0,0.0,0.0,0.0,0.0,0.0,0.0
0.0,0.0,0.4691011235955056,1.0,0.0,0.0,0.0,0.0,0.0,-0.25280898876404556,0.0,0.0,0.0,0.0,0.0,0.0,0.0
0.0,0.0,0.4606741573033708,1.0,0.0,0.0,0.0,0.0,0.0,-0.2528089887640439,0.0,0.0,0.0,0.0,0.0,0.0,0.0
0.0,0.0,0.452247191011236,1.0,0.0,0.0,0.0,0.0,0.0,-0.25280898876404556,0.0,0.0,0.0,0.0,0.0,0.0,0.0
0.0,0.0,0.4438202247191011,1.0,0.0,0.0,0.0,0.0,0.0,-0.25280898876404556,0.0,0.0,0.0,0.0,0.0,0.0,0.0
0.0,0.0,0.4353932584269663,1.0,0.0,0.0,0.0,0.0,0.0,-0.2528089887640439,0.0,0.0,0.0,0.0,0.0,0.0,0.0
0.0,0.0,0.4269662921348315,1.0,0.0,0.0,0.0,0.0,0.0,-0.25280898876404556,0.0,0.0,0.0,0.0,0.0,0.0,0.0
0.0,0.0,0.4185393258426966,1.0,0.0,0.0,0.0,0.0,0.0,-0.25280898876404556,0.0,0.0,0.0,0.0,0.0,0.0,0.0
0.0,0.0,0.4101123595505618,1.0,0.0,0.0,0.0,0.0,0.0,-0.2528089887640439,0.0,0.0,0.0,0.0,0.0,0.0,0.0
0.0,0.0,0.401685393258427,1.0,0.0,0.0,0.0,0.0,0.0,-0.2528089887640439,0.0,0.0,0.0,0.0,0.0,0.0,0.0
0.0,0.0,0.3932584269662922,1.0,0.0,0.0,0.0,0.0,0.0,-0.25280898876404556,0.0,0.0,0.0,0.0,0.0,0.0,0.0
0.0,0.0,0.3848314606741573,1.0,0.0,0.0,0.0,0.0,0.0,-0.25280898876404556,0.0,0.0,0.0,0.0,0.0,0.0,0.0
0.0,0.0,0.3764044943820225,1.0,0.0,0.0,0.0,0.0,0.0,-0.2528089887640439,0.0,0.0,0.0,0.0,0.0,0.0,0.0
0.0,0.0,0.3679775280898877,1.0,0.0,0.0,0.0,0.0,0.0,-0.25280898876404556,0.0,0.0,0.0,0.0,0.0,0.0,0.0
0.0,0.0,0.3595505617977528,1.0,0.0,0.0,0.0,0.0,0.0,-0.25280898876404556,0.0,0.0,0.0,0.0,0.0,0.0,0.0
0.0,0.0,0.351123595505618,1.0,0.0,0.0,0.0,0.0,0.0,-0.2528089887640439,0.0,0.0,0.0,0.0,0.0,0.0,0.0
0.0,0.0,0.3426966292134832,1.0,0.0,0.0,0.0,0.0,0.0,-0.25280898876404556,0.0,0.0,0.0,0.0,0.0,0.0,0.0
0.0,0.0,0.3342696629213483,1.0,0.0,0.0,0.0,0.0,0.0,-0.25280898876404556,0.0,0.0,0.0,0.0,0.0,0.0,0.0
0.0,0.0,0.3258426966292135,1.0,0.0,0.0,0.0,0.0,0.0,-0.2528089887640439,0.0,0.0,0.0,0.0,0.0,0.0,0.0
0.0,0.0,0.3174157303370787,1.0,0.0,0.0,0.0,0.0,0.0,-0.25280898876404556,0.0,0.0,0.0,0.0,0.0,0.0,0.0
0.0,0.0,0.3089887640449438,1.0,0.0,0.0,0.0,0.0,0.0,-0.25280898876404556,0.0,0.0,0.0,0.0,0.0,0.0,0.0
0.0,0.0,0.300561797752809,1.0,0.0,0.0,0.0,0.0,0.0,-0.2528089887640439,0.0,0.0,0.0,0.0,0.0,0.0,0.0
0.0,0.0,0.2921348314606742,1.0,0.0,0.0,0.0,0.0,0.0,-0.25280898876404556,0.0,0.0,0.0,0.0,0.0,0.0,0.0
0.0,0.0,0.2837078651685393,1.0,0.0,0.0,0.0,0.0,0.0,-0.25280898876404556,0.0,0.0,0.0,0.0,0.0,0.0,0.0
0.0,0.0,0.2752808988764045,1.0,0.0,0.0,0.0,0.0,0.0,-0.2528089887640439,0.0,0.0,0.0,0.0,0.0,0.0,0.0
0.0,0.0,0.2668539325842697,1.0,0.0,0.0,0.0,0.0,0.0,-0.25280898876404556,0.0,0.0,0.0,0.0,0.0,0.0,0.0
0.0,0.0,0.2584269662921348,1.0,0.0,0.0,0.0,0.0,0.0,-0.25280898876404556,0.0,0.0,0.0,0.0,0.0,0.0,0.0
0.0,0.0,0.25,1.0,0.0,0.0,0.0,0.0,0.0,-0.2528089887640439,0.0,0.0,0.0,0.0,0.0,0.0,0.0
0.0,0.0,0.0,0.0,0.0,0.0,0.0,0.0,0.0,0.0,0.0,0.0,0.0,0.0,0.0,0.0,0.0
0.0,0.0,0.0,0.0,0.0,0.0,0.0,0.0,0.0,0.0,0.0,0.0,0.0,0.0,0.0,0.0,0.0
0.0,0.0,0.0,0.0,0.0,0.0,0.0,0.0,0.0,0.0,0.0,0.0,0.0,0.0,0.0,0.0,0.0
0.0,0.0,0.0,0.0,0.0,0.0,0.0,0.0,0.0,0.0,0.0,0.0,0.0,0.0,0.0,0.0,0.0
0.0,0.0,0.0,0.0,0.0,0.0,0.0,0.0,0.0,0.0,0.0,0.0,0.0,0.0,0.0,0.0,0.0
0.0,0.0,0.0,0.0,0.0,0.0,0.0,0.0,0.0,0.0,0.0,0.0,0.0,0.0,0.0,0.0,0.0
0.0,0.0,0.0,0.0,0.0,0.0,0.0,0.0,0.0,0.0,0.0,0.0,0.0,0.0,0.0,0.0,0.0
0.0,0.0,0.0,0.0,0.0,0.0,0.0,0.0,0.0,0.0,0.0,0.0,0.0,0.0,0.0,0.0,0.0
0.0,0.0,0.0,0.0,0.0,0.0,0.0,0.0,0.0,0.0,0.0,0.0,0.0,0.0,0.0,0.0,0.0
0.0,0.0,0.0,0.0,0.0,0.0,0.0,0.0,0.0,0.0,0.0,0.0,0.0,0.0,0.0,0.0,0.0
0.0,0.0,0.0,0.0,0.0,0.0,0.0,0.0,0.0,0.0,0.0,0.0,0.0,0.0,0.0,0.0,0.0
0.0,0.0,0.0,0.0,0.0,0.0,0.0,0.0,0.0,0.0,0.0,0.0,0.0,0.0,0.0,0.0,0.0
0.0,0.0,0.0,0.0,0.0,0.0,0.0,0.0,0.0,0.0,0.0,0.0,0.0,0.0,0.0,0.0,0.0
0.0,0.0,0.0,0.0,0.0,0.0,0.0,0.0,0.0,0.0,0.0,0.0,0.0,0.0,0.0,0.0,0.0
0.0,0.0,0.0,0.0,0.0,0.0,0.0,0.0,0.0,0.0,0.0,0.0,0.0,0.0,0.0,0.0,0.0
0.0,0.0,0.0,0.0,0.0,0.0,0.0,0.0,0.0,0.0,0.0,0.0,0.0,0.0,0.0,0.0,0.0
0.0,0.0,0.0,0.0,0.0,0.0,0.0,0.0,0.0,0.0,0.0,0.0,0.0,0.0,0.0,0.0,0.0
0.0,0.0,0.0,0.0,0.0,0.0,0.0,0.0,0.0,0.0,0.0,0.0,0.0,0.0,0.0,0.0,0.0
0.0,0.0,0.0,0.0,0.0,0.0,0.0,0.0,0.0,0.0,0.0,0.0,0.0,0.0,0.0,0.0,0.0
0.0,0.0,0.0,0.0,0.0,0.0,0.0,0.0,0.0,0.0,0.0,0.0,0.0,0.0,0.0,0.0,0.0
0.0,0.0,0.0,0.0,0.0,0.0,0.0,0.0,0.0,0.0,0.0,0.0,0.0,0.0,0.0,0.0,0.0
0.0,0.0,0.0,0.0,0.0,0.0,0.0,0.0,0.0,0.0,0.0,0.0,0.0,0.0,0.0,0.0,0.0
0.0,0.0,0.0,0.0,0.0,0.0,0.0,0.0,0.0,0.0,0.0,0.0,0.0,0.0,0.0,0.0,0.0
0.0,0.0,0.0,0.0,0.0,0.0,0.0,0.0,0.0,0.0,0.0,0.0,0.0,0.0,0.0,0.0,0.0
0.0,0.0,0.0,0.0,0.0,0.0,0.0,0.0,0.0,0.0,0.0,0.0,0.0,0.0,0.0,0.0,0.0
0.0,0.0,0.0,0.0,0.0,0.0,0.0,0.0,0.0,0.0,0.0,0.0,0.0,0.0,0.0,0.0,0.0
0.0,0.0,0.0,0.0,0.0,0.0,0.0,0.0,0.0,0.0,0.0,0.0,0.0,0.0,0.0,0.0,0.0
0.0,0.0,0.0,0.0,0.0,0.0,0.0,0.0,0.0,0.0,0.0,0.0,0.0,0.0,0.0,0.0,0.0
0.0,0.0,0.0,0.0,0.0,0.0,0.0,0.0,0.0,0.0,0.0,0.0,0.0,0.0,0.0,0.0,0.0
0.0,0.0,0.0,0.0,0.0,0.0,0.0,0.0,0.0,0.0,0.0,0.0,0.0,0.0,0.0,0.0,0.0
