-0.001,-0.023,0.064,0.99,0.032,0.076,-0.111,-0.002,-0.005,-0.006,0.082,0.056,-0.012
-0.001,-0.023,0.064,0.991,0.027,0.077,-0.111,-0.002,-0.006,-0.024,-0.381,0.135,-0.032
-0.0,-0.023,0.064,0.99,0.029,0.079,-0.111,0.006,-0.008,-0.01,-0.208,0.238,-0.068
-0.001,-0.023,0.066,0.991,0.029,0.064,-0.11,-0.007,0.005,0.068,-0.166,-1.09,0.096
-0.002,-0.022,0.074,0.994,0.021,0.024,-0.109,-0.03,0.022,0.238,-0.374,-2.439,0.146
-0.001,-0.022,0.089,0.994,0.019,0.008,-0.107,0.034,0.001,0.45,0.077,-0.908,0.003
0.003,-0.023,0.113,0.994,0.019,0.034,-0.106,0.102,-0.023,0.71,0.025,0.991,-0.003
0.008,-0.024,0.144,0.993,0.012,0.051,-0.105,0.152,-0.042,0.923,-0.398,0.799,0.031
0.014,-0.025,0.181,0.994,0.007,0.046,-0.101,0.185,-0.035,1.065,-0.167,-0.506,0.2
0.021,-0.027,0.22,0.995,0.006,0.035,-0.098,0.224,-0.043,1.174,-0.115,-0.541,0.228
0.03,-0.029,0.26,0.995,0.001,0.021,-0.096,0.26,-0.059,1.203,-0.165,-0.772,0.078
0.039,-0.03,0.3,0.996,0.002,0.007,-0.092,0.279,-0.048,1.194,0.166,-0.697,0.195
0.049,-0.032,0.34,0.996,-0.001,-0.005,-0.088,0.292,-0.043,1.187,0.032,-0.722,0.241
0.059,-0.033,0.378,0.996,0.001,-0.009,-0.088,0.299,-0.042,1.138,0.203,-0.368,0.061
0.069,-0.034,0.414,0.996,-0.007,-0.009,-0.084,0.319,-0.038,1.098,-0.343,0.001,0.23
0.079,-0.035,0.448,0.996,-0.004,-0.011,-0.084,0.302,-0.022,1.037,0.011,-0.018,-0.043
0.089,-0.035,0.481,0.997,-0.007,-0.015,-0.081,0.297,-0.005,1.003,-0.059,-0.219,0.077
0.099,-0.035,0.51,0.997,-0.007,-0.031,-0.077,0.301,-0.005,0.917,0.064,-1.017,0.204
0.109,-0.035,0.538,0.996,-0.006,-0.036,-0.076,0.29,0.001,0.852,-0.005,-0.684,0.147
0.118,-0.035,0.564,0.997,-0.004,-0.037,-0.073,0.286,0.014,0.799,0.332,-0.602,0.025
0.127,-0.034,0.589,0.997,-0.005,-0.036,-0.072,0.268,0.011,0.727,0.031,-0.215,0.121
0.135,-0.033,0.612,0.997,-0.001,-0.031,-0.071,0.252,0.032,0.705,0.218,0.137,0.106
0.143,-0.032,0.633,0.997,-0.003,-0.027,-0.068,0.246,0.043,0.646,-0.025,0.194,0.189
0.151,-0.031,0.653,0.997,-0.006,-0.025,-0.066,0.232,0.039,0.601,-0.436,0.388,0.225
0.158,-0.029,0.674,0.997,-0.002,-0.038,-0.065,0.221,0.054,0.617,0.171,-0.621,0.151
0.165,-0.026,0.692,0.997,0.0,-0.04,-0.065,0.209,0.064,0.576,0.2,-0.528,0.164
0.171,-0.024,0.71,0.997,0.001,-0.044,-0.063,0.196,0.063,0.538,0.134,-0.288,0.084
0.177,-0.022,0.726,0.997,0.003,-0.043,-0.061,0.175,0.08,0.496,0.193,-0.139,0.056
0.182,-0.019,0.742,0.997,0.005,-0.041,-0.06,0.151,0.088,0.453,0.276,0.149,0.048
0.187,-0.016,0.757,0.997,0.004,-0.042,-0.058,0.137,0.096,0.466,0.164,-0.116,0.12
0.187,-0.016,0.757,0.997,0.004,-0.042,-0.058,0.137,0.096,0.466,0.164,-0.116,0.12
0.191,-0.012,0.771,0.998,0.002,-0.042,-0.056,0.137,0.113,0.473,-0.312,-0.563,0.286
0.197,-0.006,0.798,0.998,-0.0,-0.037,-0.055,0.084,0.106,0.394,-0.226,0.093,0.079
0.197,-0.006,0.798,0.998,-0.0,-0.037,-0.055,0.084,0.106,0.394,-0.226,0.093,0.079
0.2,-0.002,0.81,0.998,0.008,-0.04,-0.052,0.081,0.115,0.355,0.543,-0.299,0.206
0.203,0.005,0.832,0.998,0.014,-0.031,-0.051,0.044,0.099,0.314,0.168,0.245,0.102
0.203,0.005,0.832,0.998,0.014,-0.031,-0.051,0.044,0.099,0.314,0.168,0.245,0.102
0.205,0.009,0.843,0.998,0.02,-0.03,-0.051,0.04,0.114,0.313,0.255,0.183,0.089
0.206,0.016,0.861,0.998,0.016,-0.031,-0.049,0.01,0.097,0.274,-0.072,0.066,-0.018
0.206,0.016,0.861,0.998,0.016,-0.031,-0.049,0.01,0.097,0.274,-0.072,0.066,-0.018
0.205,0.02,0.87,0.998,0.015,-0.029,-0.047,-0.005,0.106,0.256,-0.376,0.122,0.16
0.204,0.026,0.886,0.998,0.012,-0.033,-0.047,-0.025,0.089,0.247,-0.228,-0.217,0.014
0.204,0.026,0.886,0.998,0.012,-0.033,-0.047,-0.025,0.089,0.247,-0.228,-0.217,0.014
0.203,0.03,0.893,0.998,0.026,-0.033,-0.047,-0.039,0.099,0.197,0.951,0.084,-0.152
0.2,0.035,0.906,0.998,0.027,-0.035,-0.043,-0.059,0.069,0.18,0.168,0.003,0.027
0.2,0.035,0.906,0.998,0.027,-0.035,-0.043,-0.059,0.069,0.18,0.168,0.003,0.027
0.197,0.037,0.911,0.998,0.027,-0.032,-0.043,-0.072,0.056,0.163,-0.204,0.137,-0.048
0.191,0.041,0.92,0.998,0.018,-0.038,-0.038,-0.092,0.056,0.133,-0.279,-0.461,0.144
0.191,0.041,0.92,0.998,0.018,-0.038,-0.038,-0.092,0.056,0.133,-0.279,-0.461,0.144
0.188,0.042,0.924,0.999,0.018,-0.032,-0.038,-0.1,0.045,0.127,-0.079,-0.049,0.111
0.18,0.045,0.93,0.999,0.023,-0.031,-0.036,-0.119,0.043,0.103,0.259,-0.273,0.092
0.18,0.045,0.93,0.999,0.023,-0.031,-0.036,-0.119,0.043,0.103,0.259,-0.273,0.092
0.175,0.046,0.933,0.999,0.026,-0.028,-0.035,-0.134,0.033,0.085,0.31,-0.175,0.03
0.166,0.047,0.935,0.999,0.021,-0.024,-0.033,-0.147,0.003,0.042,-0.19,0.049,0.082
0.166,0.047,0.935,0.999,0.021,-0.024,-0.033,-0.147,0.003,0.042,-0.19,0.049,0.082
0.161,0.047,0.937,0.999,0.021,-0.021,-0.03,-0.144,0.001,0.03,-0.126,0.158,0.136
0.15,0.048,0.94,0.999,0.02,-0.02,-0.025,-0.157,0.002,0.049,-0.033,-0.117,0.158
0.15,0.048,0.94,0.999,0.02,-0.02,-0.025,-0.157,0.002,0.049,-0.033,-0.117,0.158
0.145,0.047,0.94,0.999,0.017,-0.015,-0.023,-0.164,-0.01,0.021,-0.237,0.299,0.15
0.134,0.046,0.943,1.0,0.02,-0.005,-0.02,-0.153,-0.013,0.048,-0.109,0.365,0.087
0.134,0.046,0.943,1.0,0.02,-0.005,-0.02,-0.153,-0.013,0.048,-0.109,0.365,0.087
0.13,0.046,0.944,1.0,0.019,-0.001,-0.015,-0.14,-0.006,0.05,0.025,0.249,0.25
0.121,0.044,0.947,1.0,0.015,0.013,-0.015,-0.126,-0.046,0.055,-0.226,0.374,-0.032
0.121,0.044,0.947,1.0,0.015,0.013,-0.015,-0.126,-0.046,0.055,-0.226,0.374,-0.032
0.118,0.043,0.949,1.0,0.014,0.017,-0.012,-0.094,-0.02,0.079,-0.03,0.203,0.117
0.113,0.041,0.953,0.999,0.009,0.029,-0.009,-0.057,-0.036,0.057,0.066,0.2,0.062
0.112,0.041,0.955,0.999,0.007,0.042,-0.009,-0.027,-0.017,0.074,-0.123,0.887,-0.0
0.113,0.039,0.958,0.999,0.005,0.045,-0.01,0.016,-0.034,0.093,-0.025,0.201,-0.119
0.114,0.039,0.961,0.999,-0.005,0.052,-0.006,0.042,-0.029,0.096,-1.097,0.275,0.21
0.116,0.039,0.963,0.999,-0.001,0.05,-0.007,0.066,-0.008,0.115,-0.213,0.009,0.117
0.122,0.039,0.971,0.998,-0.008,0.06,-0.003,0.125,-0.008,0.142,-0.451,0.601,0.21
0.128,0.039,0.977,0.998,-0.007,0.058,-0.005,0.185,0.013,0.191,-0.109,0.118,-0.018
0.128,0.039,0.977,0.998,-0.007,0.058,-0.005,0.185,0.013,0.191,-0.109,0.118,-0.018
0.136,0.04,0.986,0.998,-0.012,0.059,-0.003,0.228,0.011,0.241,-0.571,-0.152,0.144
0.157,0.044,1.007,0.997,-0.025,0.07,-0.0,0.324,0.064,0.312,-0.71,0.566,0.139
0.157,0.044,1.007,0.997,-0.025,0.07,-0.0,0.324,0.064,0.312,-0.71,0.566,0.139
0.171,0.048,1.021,0.997,-0.034,0.07,0.003,0.406,0.109,0.417,-0.555,0.407,0.153
0.203,0.058,1.055,0.997,-0.045,0.057,0.009,0.518,0.157,0.54,-0.273,-0.65,0.107
0.203,0.058,1.055,0.997,-0.045,0.057,0.009,0.518,0.157,0.54,-0.273,-0.65,0.107
0.224,0.067,1.078,0.997,-0.057,0.054,0.016,0.592,0.237,0.651,-0.517,-0.648,0.287
0.261,0.085,1.118,0.995,-0.077,0.053,0.025,0.648,0.329,0.706,-0.412,-0.01,0.193
0.281,0.097,1.14,0.993,-0.095,0.054,0.037,0.657,0.39,0.735,-1.077,0.114,0.737
0.29,0.102,1.15,0.993,-0.096,0.05,0.039,0.71,0.441,0.811,-0.809,0.297,0.694
0.333,0.134,1.199,0.992,-0.109,0.01,0.06,0.741,0.569,0.849,-0.559,-1.275,0.649
0.354,0.152,1.224,0.991,-0.113,-0.009,0.07,0.738,0.637,0.876,-0.202,-1.4,0.476
0.363,0.161,1.236,0.99,-0.117,-0.024,0.078,0.718,0.661,0.887,-0.484,-1.491,0.659
0.405,0.21,1.293,0.985,-0.108,-0.079,0.108,0.679,0.828,0.949,0.1,-2.151,0.743
0.405,0.21,1.293,0.985,-0.108,-0.079,0.108,0.679,0.828,0.949,0.1,-2.151,0.743
0.428,0.244,1.329,0.982,-0.103,-0.097,0.121,0.599,0.876,0.926,0.36,-1.057,0.496
0.459,0.307,1.388,0.978,-0.1,-0.116,0.141,0.473,1.038,0.939,0.346,-0.56,0.527
0.459,0.307,1.388,0.978,-0.1,-0.116,0.141,0.473,1.038,0.939,0.346,-0.56,0.527
0.472,0.343,1.419,0.975,-0.099,-0.13,0.149,0.381,1.096,0.945,0.209,-0.948,0.344
0.486,0.421,1.481,0.961,-0.092,-0.19,0.177,0.167,1.208,0.943,-0.153,-1.701,0.685
0.486,0.421,1.481,0.961,-0.092,-0.19,0.177,0.167,1.208,0.943,-0.153,-1.701,0.685
0.486,0.467,1.514,0.952,-0.079,-0.222,0.197,0.008,1.232,0.894,0.504,-1.702,0.806
0.476,0.535,1.564,0.941,-0.05,-0.239,0.236,-0.235,1.249,0.916,1.334,-1.098,1.035
0.462,0.578,1.594,0.937,-0.033,-0.231,0.261,-0.395,1.278,0.917,1.741,0.051,1.227
0.456,0.593,1.606,0.933,-0.031,-0.237,0.268,-0.441,1.256,0.929,1.045,-0.376,1.154
0.417,0.665,1.659,0.926,-0.006,-0.22,0.308,-0.734,1.238,0.939,1.333,-0.334,1.243
0.392,0.699,1.686,0.923,0.011,-0.205,0.325,-0.833,1.173,0.917,1.869,0.12,0.998
0.381,0.713,1.699,0.922,0.018,-0.201,0.33,-0.888,1.164,0.951,1.749,0.154,0.826
0.32,0.775,1.754,0.913,0.073,-0.177,0.359,-1.101,1.081,0.989,2.22,-0.21,0.604
0.286,0.803,1.781,0.908,0.101,-0.16,0.373,-1.154,0.97,0.945,2.292,0.192,0.578
0.271,0.814,1.793,0.905,0.115,-0.153,0.379,-1.185,0.941,0.949,2.564,0.294,0.55
0.194,0.863,1.849,0.886,0.17,-0.122,0.413,-1.259,0.752,0.897,2.195,0.205,0.861
0.194,0.863,1.849,0.886,0.17,-0.122,0.413,-1.259,0.752,0.897,2.195,0.205,0.861
0.146,0.886,1.879,0.874,0.203,-0.098,0.431,-1.28,0.619,0.824,2.243,0.553,0.695
0.079,0.91,1.92,0.854,0.244,-0.062,0.455,-1.23,0.411,0.723,2.206,0.531,0.534
0.039,0.92,1.941,0.84,0.266,-0.037,0.471,-1.19,0.282,0.64,2.177,0.864,0.644
0.024,0.922,1.948,0.835,0.274,-0.029,0.476,-1.19,0.241,0.605,2.207,0.992,0.512
-0.038,0.925,1.978,0.812,0.3,-0.005,0.5,-1.064,0.012,0.511,1.256,0.328,0.996
-0.066,0.922,1.99,0.801,0.315,0.007,0.509,-0.971,-0.106,0.438,1.144,-0.109,0.868
-0.078,0.919,1.994,0.797,0.314,0.018,0.515,-0.933,-0.154,0.395,1.064,0.765,0.722
-0.124,0.896,2.012,0.778,0.331,0.047,0.531,-0.704,-0.426,0.268,0.97,0.33,0.576
-0.124,0.896,2.012,0.778,0.331,0.047,0.531,-0.704,-0.426,0.268,0.97,0.33,0.576
-0.145,0.874,2.02,0.77,0.337,0.059,0.539,-0.547,-0.599,0.203,0.574,0.29,0.346
-0.163,0.824,2.03,0.764,0.33,0.065,0.55,-0.24,-0.874,0.149,0.071,0.505,0.259
-0.163,0.824,2.03,0.764,0.33,0.065,0.55,-0.24,-0.874,0.149,0.071,0.505,0.259
-0.164,0.786,2.034,0.765,0.323,0.065,0.554,-0.036,-1.035,0.127,-0.253,0.455,0.024
-0.149,0.708,2.044,0.768,0.309,0.049,0.559,0.314,-1.329,0.154,-0.782,-0.051,0.159
-0.149,0.708,2.044,0.768,0.309,0.049,0.559,0.314,-1.329,0.154,-0.782,-0.051,0.159
-0.131,0.652,2.05,0.771,0.298,0.04,0.561,0.49,-1.48,0.167,-0.967,-0.111,0.126
-0.097,0.569,2.059,0.78,0.272,0.023,0.563,0.71,-1.691,0.187,-1.354,0.104,0.081
-0.066,0.501,2.067,0.786,0.253,0.003,0.564,0.845,-1.82,0.206,-1.578,-0.339,0.111
-0.054,0.477,2.069,0.789,0.243,-0.004,0.565,0.862,-1.833,0.191,-1.813,-0.242,0.153
-0.006,0.378,2.077,0.801,0.194,-0.033,0.565,0.953,-1.969,0.163,-2.216,0.061,0.02
0.002,0.361,2.078,0.803,0.186,-0.043,0.565,1.006,-2.065,0.162,-2.579,-0.324,0.184
0.075,0.209,2.086,0.817,0.104,-0.09,0.56,1.033,-2.177,0.098,-2.848,0.045,-0.007
0.109,0.135,2.087,0.823,0.063,-0.112,0.553,1.016,-2.232,0.028,-2.837,0.36,-0.177
0.109,0.135,2.087,0.823,0.063,-0.112,0.553,1.016,-2.232,0.028,-2.837,0.36,-0.177
0.145,0.051,2.087,0.826,0.022,-0.135,0.546,0.965,-2.261,0.0,-2.539,0.246,-0.093
0.195,-0.082,2.083,0.831,-0.031,-0.159,0.532,0.832,-2.262,-0.085,-1.895,0.349,-0.204
0.217,-0.149,2.08,0.833,-0.064,-0.179,0.52,0.764,-2.322,-0.104,-2.413,0.138,-0.361
0.225,-0.178,2.078,0.833,-0.077,-0.186,0.516,0.706,-2.286,-0.12,-2.489,0.102,-0.333
0.252,-0.291,2.071,0.833,-0.141,-0.206,0.494,0.5,-2.304,-0.166,-3.164,0.978,-0.032
0.262,-0.373,2.067,0.835,-0.173,-0.219,0.475,0.291,-2.241,-0.136,-2.496,0.714,-0.438
0.264,-0.4,2.065,0.836,-0.181,-0.221,0.468,0.222,-2.182,-0.129,-1.894,0.749,-0.531
0.263,-0.496,2.062,0.848,-0.202,-0.214,0.44,-0.073,-2.086,-0.071,-1.132,0.953,-0.925
0.248,-0.576,2.061,0.86,-0.22,-0.202,0.414,-0.388,-1.997,-0.008,-0.281,1.442,-1.212
0.241,-0.599,2.061,0.864,-0.233,-0.193,0.403,-0.456,-1.878,0.013,-0.671,1.954,-1.134
0.204,-0.681,2.064,0.878,-0.266,-0.161,0.365,-0.81,-1.623,0.052,-0.143,2.195,-1.078
0.166,-0.734,2.068,0.882,-0.305,-0.142,0.329,-1.018,-1.382,0.107,-1.322,2.135,-1.26
0.151,-0.749,2.069,0.886,-0.317,-0.133,0.312,-1.097,-1.318,0.112,-1.345,2.494,-1.634
0.093,-0.795,2.074,0.899,-0.349,-0.094,0.249,-1.306,-0.994,0.099,-1.0,2.883,-1.781
0.034,-0.824,2.077,0.908,-0.371,-0.056,0.184,-1.442,-0.681,0.053,-0.45,3.338,-2.25
0.015,-0.83,2.077,0.912,-0.376,-0.039,0.161,-1.451,-0.582,0.029,-0.265,3.689,-2.27
-0.058,-0.843,2.073,0.919,-0.389,0.036,0.059,-1.506,-0.207,-0.09,-0.08,4.449,-2.693
-0.113,-0.841,2.066,0.915,-0.393,0.089,-0.017,-1.476,0.064,-0.2,-0.088,4.254,-2.6
-0.13,-0.838,2.063,0.913,-0.392,0.103,-0.042,-1.447,0.148,-0.248,0.211,3.908,-2.696
-0.196,-0.816,2.043,0.899,-0.39,0.148,-0.13,-1.271,0.47,-0.399,0.13,3.184,-2.466
-0.244,-0.786,2.02,0.882,-0.389,0.174,-0.2,-1.154,0.737,-0.585,-0.011,2.717,-2.616
-0.305,-0.713,1.966,0.849,-0.384,0.188,-0.311,-0.761,1.126,-0.811,0.174,1.832,-2.864
-0.305,-0.713,1.966,0.849,-0.384,0.188,-0.311,-0.761,1.126,-0.811,0.174,1.832,-2.864
-0.324,-0.663,1.931,0.83,-0.375,0.193,-0.365,-0.528,1.343,-0.939,0.571,1.639,-2.648
-0.335,-0.587,1.88,0.806,-0.347,0.199,-0.436,-0.165,1.57,-1.046,1.007,1.984,-2.445
-0.331,-0.523,1.839,0.788,-0.325,0.205,-0.481,0.113,1.689,-1.092,0.886,1.864,-1.958
-0.327,-0.501,1.825,0.784,-0.317,0.202,-0.493,0.206,1.767,-1.133,1.146,1.553,-1.84
-0.302,-0.415,1.774,0.779,-0.287,0.182,-0.528,0.571,1.876,-1.106,1.665,0.706,-1.354
-0.26,-0.324,1.724,0.775,-0.253,0.157,-0.557,0.94,2.011,-1.092,2.147,0.222,-0.979
-0.251,-0.307,1.716,0.777,-0.244,0.148,-0.561,1.009,2.069,-1.086,2.565,-0.089,-0.895
-0.194,-0.211,1.67,0.786,-0.196,0.108,-0.577,1.29,2.112,-0.985,2.767,-0.235,-0.597
-0.132,-0.121,1.632,0.793,-0.145,0.072,-0.588,1.475,2.13,-0.883,3.079,0.143,-0.249
-0.008,0.043,1.575,0.805,-0.041,-0.003,-0.592,1.723,2.249,-0.742,3.542,0.212,-0.05
0.014,0.07,1.567,0.806,-0.024,-0.019,-0.591,1.725,2.222,-0.697,3.631,-0.046,0.081
0.105,0.188,1.535,0.807,0.035,-0.061,-0.586,1.688,2.183,-0.582,2.447,0.123,0.101
0.159,0.259,1.517,0.809,0.064,-0.083,-0.579,1.631,2.152,-0.528,2.196,0.099,0.275
0.173,0.277,1.513,0.809,0.074,-0.093,-0.576,1.623,2.123,-0.531,2.725,-0.067,0.398
0.258,0.398,1.486,0.808,0.126,-0.132,-0.56,1.412,2.037,-0.438,2.199,0.167,0.373
0.302,0.465,1.472,0.805,0.166,-0.155,-0.548,1.299,2.001,-0.444,3.058,0.619,0.199
0.302,0.465,1.472,0.805,0.166,-0.155,-0.548,1.299,2.001,-0.444,3.058,0.619,0.199
0.334,0.521,1.462,0.807,0.175,-0.177,-0.536,1.159,1.955,-0.364,1.974,-0.475,0.775
0.394,0.65,1.442,0.819,0.193,-0.189,-0.506,0.733,1.773,-0.244,0.865,0.118,0.947
0.406,0.685,1.437,0.821,0.207,-0.195,-0.495,0.592,1.688,-0.227,1.325,0.362,0.896
0.419,0.758,1.431,0.824,0.243,-0.211,-0.467,0.272,1.578,-0.151,1.903,0.502,0.969
0.419,0.806,1.429,0.828,0.265,-0.218,-0.445,0.017,1.45,-0.074,1.598,0.704,1.095
0.414,0.838,1.428,0.836,0.268,-0.214,-0.428,-0.165,1.311,-0.044,0.702,0.797,1.166
0.371,0.919,1.429,0.867,0.28,-0.189,-0.367,-0.708,0.988,0.037,0.086,1.162,1.535
0.348,0.94,1.429,0.875,0.285,-0.179,-0.347,-0.867,0.858,0.04,0.121,1.384,1.438
0.335,0.949,1.43,0.88,0.29,-0.17,-0.337,-0.972,0.794,0.048,0.196,1.837,1.253
0.282,0.975,1.432,0.896,0.302,-0.139,-0.294,-1.181,0.55,0.034,0.152,2.001,1.418
0.221,0.989,1.431,0.911,0.313,-0.102,-0.246,-1.358,0.298,-0.023,0.14,2.53,1.682
0.118,0.988,1.422,0.931,0.338,-0.009,-0.137,-1.45,-0.087,-0.156,0.303,3.694,2.09
0.118,0.988,1.422,0.931,0.338,-0.009,-0.137,-1.45,-0.087,-0.156,0.303,3.694,2.09
-0.028,0.943,1.386,0.933,0.345,0.09,0.051,-1.447,-0.61,-0.453,0.377,2.876,3.179
-0.028,0.943,1.386,0.933,0.345,0.09,0.051,-1.447,-0.61,-0.453,0.377,2.876,3.179
-0.148,0.854,1.321,0.906,0.316,0.169,0.228,-1.139,-1.023,-0.763,-0.51,2.702,2.855
-0.212,0.767,1.254,0.868,0.288,0.217,0.343,-0.816,-1.278,-0.983,-0.755,2.512,2.567
-0.234,0.721,1.218,0.848,0.277,0.228,0.39,-0.628,-1.347,-1.03,-0.687,1.364,2.671
-0.234,0.721,1.218,0.848,0.277,0.228,0.39,-0.628,-1.347,-1.03,-0.687,1.364,2.671
-0.254,0.569,1.104,0.811,0.238,0.198,0.497,0.032,-1.55,-1.096,-1.398,0.465,2.0
-0.254,0.569,1.104,0.811,0.238,0.198,0.497,0.032,-1.55,-1.096,-1.398,0.465,2.0
-0.198,0.401,1.007,0.783,0.196,0.164,0.567,0.803,-1.725,-0.87,-1.43,0.227,1.411
-0.167,0.35,0.986,0.778,0.183,0.152,0.581,1.037,-1.773,-0.76,-1.676,-0.053,1.148
-0.121,0.284,0.963,0.777,0.157,0.13,0.595,1.265,-1.808,-0.634,-1.839,0.117,0.605
-0.074,0.225,0.948,0.779,0.125,0.105,0.605,1.433,-1.79,-0.471,-2.375,-0.031,0.447
-0.074,0.225,0.948,0.779,0.125,0.105,0.605,1.433,-1.79,-0.471,-2.375,-0.031,0.447
-0.016,0.159,0.937,0.78,0.085,0.068,0.616,1.553,-1.785,-0.304,-3.109,0.022,0.53
0.06,0.08,0.931,0.783,0.055,0.027,0.619,1.629,-1.709,-0.109,-2.348,-0.824,0.189
0.137,0.001,0.932,0.784,0.017,-0.005,0.62,1.698,-1.73,0.025,-2.212,-0.184,0.012
0.254,-0.118,0.945,0.787,-0.033,-0.068,0.612,1.641,-1.683,0.225,-2.416,-0.512,-0.175
0.287,-0.153,0.949,0.785,-0.06,-0.083,0.611,1.56,-1.648,0.222,-3.034,0.285,0.219
0.354,-0.227,0.965,0.787,-0.083,-0.116,0.601,1.477,-1.644,0.315,-2.489,0.105,-0.039
0.399,-0.28,0.977,0.79,-0.085,-0.135,0.593,1.367,-1.62,0.365,-1.142,-0.691,-0.526
0.414,-0.3,0.982,0.791,-0.087,-0.142,0.59,1.314,-1.597,0.365,-0.975,-0.728,-0.526
0.475,-0.384,1.002,0.79,-0.13,-0.176,0.573,1.095,-1.575,0.359,-2.72,0.264,-0.148
0.504,-0.434,1.016,0.794,-0.143,-0.195,0.557,0.907,-1.507,0.389,-1.702,-0.135,-0.592
0.504,-0.434,1.016,0.794,-0.143,-0.195,0.557,0.907,-1.507,0.389,-1.702,-0.135,-0.592
0.531,-0.489,1.031,0.8,-0.152,-0.202,0.544,0.706,-1.478,0.42,-0.806,0.229,-0.673
0.555,-0.576,1.059,0.808,-0.164,-0.216,0.523,0.295,-1.369,0.438,-0.239,0.151,-0.646
0.555,-0.576,1.059,0.808,-0.164,-0.216,0.523,0.295,-1.369,0.438,-0.239,0.151,-0.646
0.535,-0.702,1.11,0.822,-0.21,-0.244,0.47,-0.442,-1.177,0.53,-0.944,0.317,-0.94
0.524,-0.721,1.119,0.824,-0.216,-0.244,0.463,-0.593,-1.162,0.559,-0.672,0.461,-0.791
0.478,-0.772,1.148,0.84,-0.236,-0.24,0.425,-0.983,-1.03,0.597,-0.413,1.144,-1.286
0.437,-0.801,1.167,0.856,-0.244,-0.219,0.399,-1.218,-0.887,0.582,-0.107,1.873,-1.261
0.437,-0.801,1.167,0.856,-0.244,-0.219,0.399,-1.218,-0.887,0.582,-0.107,1.873,-1.261
0.337,-0.847,1.203,0.896,-0.257,-0.164,0.323,-1.625,-0.626,0.551,0.23,2.638,-1.99
0.278,-0.862,1.22,0.915,-0.261,-0.128,0.279,-1.738,-0.464,0.507,0.306,2.982,-2.009
0.247,-0.867,1.228,0.924,-0.266,-0.106,0.255,-1.824,-0.383,0.496,0.165,3.294,-2.101
0.151,-0.875,1.25,0.945,-0.272,-0.039,0.178,-1.93,-0.121,0.443,0.364,3.438,-2.342
0.086,-0.873,1.264,0.954,-0.274,0.004,0.122,-1.954,0.063,0.404,0.393,3.39,-2.583
0.086,-0.873,1.264,0.954,-0.274,0.004,0.122,-1.954,0.063,0.404,0.393,3.39,-2.583
-0.105,-0.828,1.294,0.945,-0.293,0.137,-0.053,-1.864,0.611,0.236,-0.75,3.783,-2.441
-0.105,-0.828,1.294,0.945,-0.293,0.137,-0.053,-1.864,0.611,0.236,-0.75,3.783,-2.441
-0.154,-0.804,1.3,0.937,-0.288,0.168,-0.107,-1.752,0.803,0.219,-0.058,3.632,-2.606
-0.256,-0.726,1.315,0.903,-0.282,0.209,-0.247,-1.338,1.198,0.199,0.402,2.46,-3.44
-0.256,-0.726,1.315,0.903,-0.282,0.209,-0.247,-1.338,1.198,0.199,0.402,2.46,-3.44
-0.337,-0.575,1.334,0.842,-0.276,0.227,-0.404,-0.55,1.626,0.17,0.277,1.479,-2.896
-0.337,-0.575,1.334,0.842,-0.276,0.227,-0.404,-0.55,1.626,0.17,0.277,1.479,-2.896
-0.331,-0.393,1.353,0.776,-0.253,0.229,-0.53,0.326,1.891,0.203,0.979,1.439,-2.432
-0.331,-0.393,1.353,0.776,-0.253,0.229,-0.53,0.326,1.891,0.203,0.979,1.439,-2.432
-0.243,-0.197,1.376,0.736,-0.195,0.188,-0.62,1.116,1.981,0.243,1.95,0.657,-1.651
-0.243,-0.197,1.376,0.736,-0.195,0.188,-0.62,1.116,1.981,0.243,1.95,0.657,-1.651
-0.092,-0.002,1.406,0.73,-0.103,0.111,-0.667,1.658,1.94,0.333,2.77,0.172,-0.562
-0.092,-0.002,1.406,0.73,-0.103,0.111,-0.667,1.658,1.94,0.333,2.77,0.172,-0.562
0.09,0.185,1.448,0.733,0.005,0.02,-0.68,1.887,1.841,0.454,2.942,0.169,0.022
0.09,0.185,1.448,0.733,0.005,0.02,-0.68,1.887,1.841,0.454,2.942,0.169,0.022
0.273,0.359,1.5,0.732,0.095,-0.065,-0.672,1.746,1.664,0.532,2.166,-0.011,0.246
0.281,0.366,1.503,0.732,0.099,-0.066,-0.671,1.775,1.692,0.572,2.105,0.174,0.248
0.383,0.466,1.538,0.733,0.139,-0.112,-0.656,1.597,1.595,0.583,1.652,-0.228,0.488
0.431,0.518,1.559,0.735,0.16,-0.134,-0.645,1.468,1.564,0.621,1.684,-0.131,0.584
0.431,0.518,1.559,0.735,0.16,-0.134,-0.645,1.468,1.564,0.621,1.684,-0.131,0.584
0.543,0.661,1.621,0.748,0.201,-0.181,-0.606,0.949,1.38,0.649,1.163,0.034,0.739
0.543,0.661,1.621,0.748,0.201,-0.181,-0.606,0.949,1.38,0.649,1.163,0.034,0.739
0.594,0.786,1.687,0.768,0.223,-0.213,-0.562,0.284,1.174,0.66,0.449,-0.06,0.858
0.594,0.786,1.687,0.768,0.223,-0.213,-0.562,0.284,1.174,0.66,0.449,-0.06,0.858
0.595,0.837,1.718,0.778,0.234,-0.225,-0.538,-0.007,1.088,0.671,0.884,0.387,1.044
0.576,0.891,1.754,0.795,0.233,-0.226,-0.512,-0.384,0.974,0.673,0.256,0.363,1.079
0.564,0.91,1.768,0.802,0.235,-0.227,-0.5,-0.519,0.909,0.659,0.335,0.398,1.269
0.531,0.944,1.796,0.821,0.235,-0.214,-0.473,-0.814,0.823,0.674,-0.106,1.058,1.397
0.492,0.971,1.82,0.839,0.238,-0.195,-0.449,-1.058,0.742,0.658,-0.235,1.53,1.316
0.472,0.982,1.83,0.847,0.24,-0.187,-0.436,-1.131,0.672,0.638,-0.352,1.639,1.362
0.404,1.008,1.861,0.872,0.243,-0.156,-0.396,-1.396,0.505,0.606,-0.513,1.746,1.541
0.353,1.02,1.88,0.886,0.251,-0.131,-0.367,-1.532,0.379,0.578,-0.156,2.019,1.438
0.319,1.026,1.892,0.896,0.254,-0.113,-0.347,-1.62,0.295,0.571,-0.399,2.108,1.535
0.24,1.031,1.916,0.917,0.266,-0.061,-0.291,-1.764,0.1,0.535,-0.264,3.014,1.919
0.18,1.029,1.931,0.929,0.274,-0.017,-0.248,-1.8,-0.056,0.463,-0.389,3.365,1.888
0.18,1.029,1.931,0.929,0.274,-0.017,-0.248,-1.8,-0.056,0.463,-0.389,3.365,1.888
-0.001,0.99,1.968,0.95,0.281,0.105,-0.085,-1.773,-0.557,0.311,-0.699,3.165,2.526
-0.001,0.99,1.968,0.95,0.281,0.105,-0.085,-1.773,-0.557,0.311,-0.699,3.165,2.526
-0.159,0.903,1.985,0.932,0.282,0.207,0.096,-1.458,-1.03,0.104,-1.244,2.663,3.038
-0.159,0.903,1.985,0.932,0.282,0.207,0.096,-1.458,-1.03,0.104,-1.244,2.663,3.038
-0.27,0.774,1.978,0.881,0.296,0.26,0.261,-0.936,-1.428,-0.148,-0.208,1.687,3.079
-0.27,0.774,1.978,0.881,0.296,0.26,0.261,-0.936,-1.428,-0.148,-0.208,1.687,3.079
-0.315,0.614,1.949,0.824,0.266,0.269,0.421,-0.204,-1.669,-0.34,-1.505,1.708,2.828
-0.315,0.614,1.949,0.824,0.266,0.269,0.421,-0.204,-1.669,-0.34,-1.505,1.708,2.828
-0.302,0.498,1.922,0.787,0.238,0.253,0.509,0.302,-1.784,-0.407,-1.508,0.743,2.475
-0.282,0.439,1.909,0.775,0.227,0.232,0.542,0.576,-1.765,-0.373,-1.563,-0.11,2.257
-0.282,0.439,1.909,0.775,0.227,0.232,0.542,0.576,-1.765,-0.373,-1.563,-0.11,2.257
-0.173,0.26,1.88,0.762,0.16,0.17,0.604,1.318,-1.791,-0.231,-2.217,-0.119,0.863
-0.173,0.26,1.88,0.762,0.16,0.17,0.604,1.318,-1.791,-0.231,-2.217,-0.119,0.863
-0.01,0.088,1.875,0.755,0.068,0.085,0.647,1.77,-1.722,0.025,-2.595,0.139,0.642
-0.01,0.088,1.875,0.755,0.068,0.085,0.647,1.77,-1.722,0.025,-2.595,0.139,0.642
0.172,-0.073,1.891,0.746,-0.018,-0.024,0.665,1.836,-1.586,0.216,-2.54,-0.748,0.218
0.172,-0.073,1.891,0.746,-0.018,-0.024,0.665,1.836,-1.586,0.216,-2.54,-0.748,0.218
0.342,-0.225,1.917,0.74,-0.09,-0.113,0.657,1.637,-1.507,0.258,-1.984,-0.356,-0.139
0.373,-0.255,1.922,0.74,-0.105,-0.131,0.652,1.573,-1.487,0.265,-2.131,-0.398,-0.349
0.437,-0.321,1.932,0.739,-0.131,-0.16,0.641,1.34,-1.399,0.226,-1.495,-0.222,-0.372
0.478,-0.368,1.939,0.74,-0.148,-0.177,0.632,1.206,-1.379,0.194,-1.509,-0.041,-0.359
0.478,-0.368,1.939,0.74,-0.148,-0.177,0.632,1.206,-1.379,0.194,-1.509,-0.041,-0.359
0.566,-0.503,1.953,0.753,-0.175,-0.217,0.596,0.715,-1.319,0.134,-1.051,-0.248,-0.847
0.566,-0.503,1.953,0.753,-0.175,-0.217,0.596,0.715,-1.319,0.134,-1.051,-0.248,-0.847
0.593,-0.628,1.959,0.771,-0.193,-0.239,0.558,0.07,-1.215,0.052,-0.516,0.049,-0.856
0.593,-0.628,1.959,0.771,-0.193,-0.239,0.558,0.07,-1.215,0.052,-0.516,0.049,-0.856
0.554,-0.739,1.959,0.798,-0.206,-0.239,0.514,-0.616,-1.072,-0.013,-0.157,0.567,-0.984
0.533,-0.764,1.959,0.804,-0.209,-0.24,0.502,-0.785,-1.014,-0.011,-0.252,0.451,-1.006
0.49,-0.803,1.956,0.824,-0.209,-0.227,0.475,-1.059,-0.929,-0.053,0.354,0.92,-1.42
0.448,-0.831,1.954,0.841,-0.218,-0.209,0.45,-1.24,-0.844,-0.074,-0.087,1.706,-1.357
0.448,-0.831,1.954,0.841,-0.218,-0.209,0.45,-1.24,-0.844,-0.074,-0.087,1.706,-1.357
0.288,-0.895,1.942,0.899,-0.221,-0.126,0.357,-1.741,-0.538,-0.143,0.588,2.163,-1.768
0.288,-0.895,1.942,0.899,-0.221,-0.126,0.357,-1.741,-0.538,-0.143,0.588,2.163,-1.768
0.094,-0.921,1.924,0.941,-0.227,-0.027,0.248,-1.984,-0.123,-0.193,0.353,2.326,-1.868
0.094,-0.921,1.924,0.941,-0.227,-0.027,0.248,-1.984,-0.123,-0.193,0.353,2.326,-1.868
-0.108,-0.901,1.895,0.961,-0.236,0.091,0.113,-2.009,0.347,-0.326,0.359,2.927,-2.172
-0.108,-0.901,1.895,0.961,-0.236,0.091,0.113,-2.009,0.347,-0.326,0.359,2.927,-2.172
-0.291,-0.835,1.854,0.949,-0.243,0.191,-0.06,-1.707,0.824,-0.435,0.903,2.302,-3.31
-0.291,-0.835,1.854,0.949,-0.243,0.191,-0.06,-1.707,0.824,-0.435,0.903,2.302,-3.31
-0.428,-0.725,1.796,0.906,-0.253,0.246,-0.232,-1.191,1.212,-0.642,0.363,1.516,-3.26
-0.428,-0.725,1.796,0.906,-0.253,0.246,-0.232,-1.191,1.212,-0.642,0.363,1.516,-3.26
-0.501,-0.584,1.719,0.837,-0.255,0.272,-0.4,-0.505,1.497,-0.824,0.458,1.942,-3.278
-0.501,-0.584,1.719,0.837,-0.255,0.272,-0.4,-0.505,1.497,-0.824,0.458,1.942,-3.278
-0.494,-0.424,1.629,0.77,-0.238,0.251,-0.537,0.329,1.641,-0.929,1.053,0.695,-2.734
-0.494,-0.424,1.629,0.77,-0.238,0.251,-0.537,0.329,1.641,-0.929,1.053,0.695,-2.734
-0.406,-0.259,1.54,0.72,-0.194,0.208,-0.633,1.131,1.633,-0.86,1.455,0.355,-1.855
-0.406,-0.259,1.54,0.72,-0.194,0.208,-0.633,1.131,1.633,-0.86,1.455,0.355,-1.855
-0.247,-0.101,1.468,0.699,-0.116,0.144,-0.69,1.787,1.557,-0.664,2.357,0.203,-0.796
-0.247,-0.101,1.468,0.699,-0.116,0.144,-0.69,1.787,1.557,-0.664,2.357,0.203,-0.796
-0.044,0.043,1.422,0.698,-0.033,0.063,-0.712,2.137,1.437,-0.405,1.833,0.491,0.096
-0.044,0.043,1.422,0.698,-0.033,0.063,-0.712,2.137,1.437,-0.405,1.833,0.491,0.096
0.168,0.174,1.401,0.692,0.055,-0.065,-0.716,2.112,1.297,-0.157,3.055,-0.676,0.062
0.168,0.174,1.401,0.692,0.055,-0.065,-0.716,2.112,1.297,-0.157,3.055,-0.676,0.062
0.36,0.299,1.394,0.692,0.122,-0.145,-0.697,1.843,1.236,-0.07,2.333,0.32,0.281
0.36,0.299,1.394,0.692,0.122,-0.145,-0.697,1.843,1.236,-0.07,2.333,0.32,0.281
0.511,0.418,1.391,0.709,0.147,-0.182,-0.665,1.369,1.184,-0.041,0.641,0.158,0.675
0.511,0.418,1.391,0.709,0.147,-0.182,-0.665,1.369,1.184,-0.041,0.641,0.158,0.675
0.615,0.533,1.38,0.729,0.172,-0.223,-0.624,0.877,1.147,-0.143,0.996,-0.024,0.815
0.629,0.556,1.377,0.732,0.174,-0.232,-0.616,0.728,1.108,-0.145,0.638,-0.221,0.872
0.653,0.607,1.367,0.743,0.187,-0.244,-0.595,0.499,1.113,-0.252,0.695,0.228,0.808
0.663,0.644,1.359,0.753,0.187,-0.246,-0.581,0.308,1.106,-0.25,0.255,0.276,0.997
0.666,0.67,1.352,0.762,0.185,-0.244,-0.57,0.137,1.056,-0.264,-0.255,0.185,1.035
0.662,0.714,1.34,0.776,0.185,-0.247,-0.55,-0.107,1.052,-0.3,0.12,0.336,1.07
0.65,0.748,1.33,0.787,0.185,-0.242,-0.536,-0.335,1.02,-0.3,-0.163,0.418,0.983
0.648,0.752,1.329,0.787,0.188,-0.243,-0.536,-0.378,1.02,-0.309,0.192,0.397,0.769
0.606,0.811,1.31,0.81,0.194,-0.229,-0.504,-0.768,0.925,-0.304,-0.175,0.972,1.059
0.573,0.84,1.301,0.823,0.201,-0.221,-0.483,-0.978,0.873,-0.267,0.139,0.989,1.184
0.563,0.847,1.299,0.827,0.202,-0.218,-0.478,-1.036,0.866,-0.276,0.059,1.103,1.273
0.486,0.891,1.284,0.854,0.21,-0.192,-0.436,-1.376,0.708,-0.241,-0.127,1.412,1.391
0.434,0.911,1.277,0.871,0.218,-0.168,-0.407,-1.562,0.622,-0.23,-0.146,1.826,1.414
0.434,0.911,1.277,0.871,0.218,-0.168,-0.407,-1.562,0.622,-0.23,-0.146,1.826,1.414
0.25,0.948,1.257,0.92,0.243,-0.073,-0.298,-1.912,0.229,-0.183,-0.296,2.358,1.923
0.25,0.948,1.257,0.92,0.243,-0.073,-0.298,-1.912,0.229,-0.183,-0.296,2.358,1.923
0.047,0.938,1.237,0.951,0.261,0.048,-0.158,-2.03,-0.272,-0.223,-0.683,3.025,2.243
0.047,0.938,1.237,0.951,0.261,0.048,-0.158,-2.03,-0.272,-0.223,-0.683,3.025,2.243
-0.145,0.879,1.207,0.945,0.282,0.166,0.013,-1.841,-0.729,-0.37,0.349,2.695,2.879
-0.145,0.879,1.207,0.945,0.282,0.166,0.013,-1.841,-0.729,-0.37,0.349,2.695,2.879
-0.29,0.779,1.163,0.911,0.263,0.248,0.199,-1.375,-1.207,-0.558,-1.65,2.215,3.495
-0.332,0.732,1.142,0.885,0.261,0.272,0.273,-1.061,-1.272,-0.53,-1.515,1.94,3.799
-0.376,0.65,1.104,0.85,0.259,0.28,0.363,-0.657,-1.421,-0.651,-0.996,0.952,3.282
-0.392,0.589,1.074,0.822,0.265,0.278,0.421,-0.361,-1.438,-0.712,-0.291,0.157,3.282
-0.388,0.49,1.026,0.788,0.238,0.291,0.488,0.135,-1.597,-0.814,-0.205,2.037,1.727
-0.369,0.431,0.997,0.772,0.217,0.271,0.532,0.521,-1.586,-0.771,-2.224,0.983,1.974
-0.318,0.341,0.956,0.755,0.166,0.219,0.595,0.956,-1.555,-0.699,-3.055,0.527,1.975
-0.267,0.279,0.933,0.741,0.137,0.181,0.632,1.243,-1.484,-0.539,-2.656,-0.275,1.892
-0.178,0.193,0.907,0.733,0.122,0.139,0.655,1.62,-1.485,-0.41,-1.54,-0.64,0.889
-0.105,0.136,0.897,0.729,0.105,0.113,0.667,1.763,-1.406,-0.244,-1.608,-0.322,0.372
0.014,0.053,0.894,0.732,0.052,0.047,0.678,1.945,-1.322,0.026,-2.914,-0.355,0.246
0.087,0.004,0.897,0.732,0.018,0.007,0.681,1.989,-1.31,0.105,-3.143,-0.42,0.177
0.2,-0.069,0.909,0.733,-0.022,-0.043,0.679,1.9,-1.228,0.236,-2.279,-0.173,0.052
0.279,-0.12,0.921,0.736,-0.037,-0.074,0.672,1.892,-1.223,0.309,-1.523,-0.542,-0.456
0.388,-0.196,0.94,0.739,-0.058,-0.127,0.659,1.688,-1.197,0.311,-1.3,-0.952,-0.632
0.44,-0.236,0.951,0.737,-0.076,-0.154,0.654,1.594,-1.212,0.331,-1.869,-0.688,-0.258
0.533,-0.316,0.971,0.743,-0.112,-0.194,0.631,1.32,-1.197,0.292,-1.632,-0.081,-0.524
0.533,-0.316,0.971,0.743,-0.112,-0.194,0.631,1.32,-1.197,0.292,-1.632,-0.081,-0.524
0.63,-0.436,0.997,0.757,-0.137,-0.227,0.597,0.817,-1.216,0.231,-0.747,0.172,-0.649
0.653,-0.481,1.004,0.764,-0.144,-0.237,0.583,0.596,-1.225,0.216,-0.646,0.245,-0.834
0.669,-0.55,1.016,0.773,-0.146,-0.251,0.564,0.208,-1.153,0.195,-0.348,-0.4,-0.66
0.668,-0.599,1.022,0.783,-0.156,-0.252,0.547,-0.046,-1.185,0.175,-0.501,0.265,-0.796
0.646,-0.665,1.032,0.8,-0.161,-0.247,0.524,-0.443,-1.143,0.17,-0.134,0.359,-0.822
0.616,-0.711,1.04,0.812,-0.165,-0.241,0.506,-0.715,-1.081,0.182,-0.179,0.548,-0.861
0.556,-0.771,1.051,0.836,-0.165,-0.22,0.474,-1.125,-1.027,0.203,0.212,0.953,-1.075
0.5,-0.811,1.06,0.854,-0.166,-0.204,0.449,-1.34,-0.923,0.23,0.267,1.013,-1.156
0.405,-0.86,1.074,0.88,-0.168,-0.166,0.411,-1.7,-0.828,0.248,0.399,1.515,-1.33
0.327,-0.89,1.085,0.898,-0.167,-0.135,0.383,-1.882,-0.714,0.274,0.505,1.722,-1.234
0.209,-0.922,1.103,0.924,-0.171,-0.077,0.333,-2.045,-0.523,0.311,0.462,2.162,-1.403
0.12,-0.938,1.116,0.94,-0.172,-0.033,0.293,-2.147,-0.375,0.32,0.587,2.513,-1.653
0.002,-0.949,1.136,0.957,-0.176,0.02,0.231,-2.212,-0.161,0.365,0.51,2.379,-2.079
-0.098,-0.948,1.152,0.965,-0.182,0.068,0.175,-2.167,0.03,0.387,0.002,2.532,-2.221
-0.211,-0.935,1.173,0.969,-0.191,0.119,0.105,-2.058,0.274,0.39,0.079,2.493,-2.316
-0.3,-0.914,1.19,0.966,-0.199,0.162,0.039,-1.919,0.486,0.38,0.001,2.241,-2.517
-0.402,-0.874,1.211,0.957,-0.203,0.2,-0.057,-1.661,0.739,0.373,0.808,1.51,-3.084
-0.463,-0.838,1.225,0.943,-0.207,0.224,-0.131,-1.466,0.894,0.331,0.499,1.58,-3.358
-0.532,-0.776,1.24,0.918,-0.214,0.246,-0.224,-1.094,1.069,0.255,0.224,1.432,-3.042
-0.568,-0.726,1.248,0.893,-0.222,0.261,-0.29,-0.855,1.212,0.193,0.043,1.344,-3.352
-0.597,-0.649,1.255,0.861,-0.224,0.261,-0.376,-0.43,1.351,0.114,0.526,1.003,-3.031
-0.602,-0.591,1.257,0.832,-0.227,0.26,-0.434,-0.114,1.414,0.05,0.209,1.031,-2.868
-0.588,-0.506,1.257,0.798,-0.216,0.246,-0.506,0.339,1.501,-0.009,0.706,0.83,-2.531
-0.562,-0.444,1.256,0.772,-0.21,0.233,-0.553,0.635,1.484,-0.015,0.786,0.45,-2.431
-0.504,-0.357,1.256,0.747,-0.185,0.205,-0.605,1.078,1.517,-0.006,1.244,0.346,-1.813
-0.449,-0.295,1.258,0.729,-0.169,0.182,-0.638,1.347,1.479,0.065,1.428,0.021,-1.673
-0.354,-0.211,1.265,0.718,-0.133,0.141,-0.669,1.712,1.462,0.15,2.232,-0.105,-1.082
-0.276,-0.152,1.274,0.71,-0.108,0.116,-0.686,1.888,1.411,0.22,1.835,-0.014,-0.733
-0.166,-0.078,1.292,0.707,-0.071,0.075,-0.699,2.071,1.371,0.342,1.849,-0.051,-0.453
-0.068,-0.018,1.312,0.706,-0.037,0.034,-0.706,2.159,1.317,0.448,2.405,-0.355,-0.262
0.05,0.052,1.34,0.705,0.006,-0.019,-0.708,2.197,1.289,0.538,2.469,-0.419,-0.107
0.148,0.109,1.369,0.703,0.039,-0.062,-0.707,2.107,1.241,0.621,2.293,-0.442,-0.127
0.267,0.181,1.41,0.705,0.076,-0.104,-0.697,2.045,1.26,0.722,1.724,-0.135,0.217
0.345,0.231,1.44,0.705,0.095,-0.13,-0.69,1.889,1.224,0.734,1.445,-0.183,0.214
0.45,0.306,1.486,0.709,0.125,-0.168,-0.673,1.637,1.199,0.738,1.405,-0.136,0.421
0.505,0.35,1.514,0.713,0.142,-0.189,-0.66,1.465,1.185,0.732,1.423,0.022,0.582
0.577,0.419,1.554,0.72,0.157,-0.21,-0.643,1.199,1.194,0.695,0.868,0.056,0.615
0.617,0.467,1.581,0.726,0.164,-0.226,-0.628,0.957,1.166,0.655,0.686,-0.103,0.777
0.654,0.53,1.614,0.736,0.172,-0.239,-0.61,0.647,1.164,0.6,0.637,-0.033,0.776
0.672,0.582,1.64,0.745,0.179,-0.247,-0.593,0.357,1.142,0.549,0.537,0.204,0.717
0.675,0.652,1.673,0.762,0.181,-0.247,-0.57,-0.033,1.146,0.535,0.206,0.396,0.912
0.665,0.693,1.691,0.772,0.18,-0.249,-0.557,-0.267,1.096,0.495,0.006,0.179,0.927
0.632,0.755,1.718,0.792,0.18,-0.24,-0.532,-0.631,1.048,0.464,-0.164,0.435,1.021
0.596,0.797,1.737,0.806,0.181,-0.23,-0.515,-0.898,1.012,0.447,-0.374,0.677,0.924
0.529,0.851,1.761,0.829,0.187,-0.205,-0.485,-1.195,0.911,0.42,-0.219,1.121,1.059
0.47,0.887,1.779,0.846,0.191,-0.185,-0.461,-1.437,0.851,0.424,-0.337,1.292,1.214
0.375,0.93,1.802,0.873,0.194,-0.144,-0.424,-1.697,0.714,0.407,-0.47,1.631,1.267
0.298,0.955,1.819,0.891,0.194,-0.109,-0.396,-1.833,0.589,0.402,-0.714,1.832,1.271
0.192,0.979,1.84,0.914,0.196,-0.053,-0.351,-2.027,0.43,0.407,-1.094,2.384,1.416
0.099,0.991,1.858,0.929,0.202,-0.009,-0.308,-2.074,0.252,0.399,-0.42,2.217,1.668
-0.022,0.995,1.881,0.946,0.206,0.052,-0.247,-2.075,0.012,0.383,-0.77,2.444,1.737
-0.106,0.988,1.896,0.953,0.213,0.092,-0.196,-2.031,-0.169,0.359,-0.368,2.536,2.07
-0.21,0.969,1.913,0.959,0.215,0.136,-0.12,-1.93,-0.392,0.327,-0.355,1.756,2.563
-0.292,0.943,1.925,0.957,0.22,0.18,-0.053,-1.776,-0.575,0.253,-0.242,2.237,2.594
-0.377,0.902,1.934,0.947,0.216,0.235,0.038,-1.556,-0.795,0.126,-1.051,2.937,2.833
-0.437,0.859,1.938,0.93,0.225,0.268,0.111,-1.279,-0.946,0.068,-0.367,2.085,2.863
-0.492,0.801,1.937,0.912,0.229,0.275,0.199,-0.974,-1.104,-0.027,-0.53,1.011,3.168
-0.525,0.746,1.931,0.889,0.233,0.286,0.271,-0.69,-1.225,-0.142,-0.362,1.454,2.992
-0.542,0.675,1.921,0.863,0.219,0.277,0.362,-0.256,-1.325,-0.198,-1.85,1.364,3.275
-0.541,0.612,1.91,0.836,0.219,0.266,0.426,0.071,-1.384,-0.251,-0.969,0.455,3.016
-0.516,0.53,1.895,0.803,0.218,0.244,0.497,0.49,-1.388,-0.253,-0.632,-0.025,2.648
-0.484,0.47,1.884,0.781,0.209,0.235,0.539,0.804,-1.46,-0.261,-0.778,0.799,1.942
-0.423,0.393,1.873,0.765,0.183,0.199,0.585,1.184,-1.443,-0.208,-1.539,0.185,1.52
-0.352,0.322,1.866,0.747,0.148,0.164,0.627,1.47,-1.408,-0.106,-2.572,0.223,1.848
-0.283,0.264,1.863,0.736,0.124,0.137,0.652,1.65,-1.376,-0.062,-2.02,-0.186,1.296
-0.183,0.192,1.865,0.723,0.098,0.098,0.677,1.869,-1.342,0.045,-1.481,-0.345,0.875
-0.076,0.121,1.872,0.718,0.068,0.05,0.691,1.983,-1.289,0.161,-2.095,-0.634,0.466
0.017,0.063,1.882,0.717,0.037,0.008,0.696,2.061,-1.285,0.238,-2.311,-0.424,0.164
0.126,-0.004,1.897,0.717,-0.006,-0.041,0.696,2.018,-1.246,0.265,-2.392,-0.165,0.159
0.215,-0.06,1.91,0.716,-0.038,-0.082,0.692,1.968,-1.25,0.292,-2.306,-0.303,-0.054
0.3,-0.116,1.923,0.719,-0.057,-0.105,0.685,1.81,-1.209,0.254,-0.922,0.099,-0.397
0.392,-0.181,1.938,0.717,-0.086,-0.151,0.675,1.691,-1.222,0.255,-1.5,-0.14,-0.235
0.473,-0.246,1.949,0.715,-0.112,-0.196,0.662,1.457,-1.214,0.194,-1.968,-0.541,-0.211
0.531,-0.302,1.956,0.718,-0.126,-0.225,0.647,1.22,-1.193,0.135,-1.203,-0.317,-0.583
0.586,-0.368,1.96,0.725,-0.136,-0.237,0.632,0.964,-1.216,0.069,-0.745,-0.039,-0.551
0.619,-0.425,1.96,0.732,-0.145,-0.249,0.617,0.711,-1.235,0.022,-0.768,-0.052,-0.772
0.644,-0.492,1.956,0.744,-0.155,-0.255,0.598,0.392,-1.246,-0.07,-0.564,0.221,-0.77
0.649,-0.548,1.951,0.753,-0.163,-0.26,0.582,0.09,-1.252,-0.125,-0.491,0.389,-0.72
0.638,-0.614,1.943,0.769,-0.164,-0.258,0.562,-0.269,-1.243,-0.157,-0.022,0.384,-0.962
0.613,-0.669,1.936,0.782,-0.171,-0.254,0.542,-0.591,-1.219,-0.16,-0.187,0.657,-0.994
0.565,-0.732,1.926,0.805,-0.176,-0.234,0.517,-0.916,-1.162,-0.184,-0.133,1.234,-1.175
0.509,-0.782,1.919,0.822,-0.176,-0.216,0.497,-1.259,-1.1,-0.161,0.289,1.265,-1.083
0.428,-0.836,1.911,0.849,-0.175,-0.182,0.464,-1.549,-0.978,-0.144,0.442,1.497,-1.175
0.34,-0.879,1.905,0.873,-0.172,-0.147,0.431,-1.763,-0.848,-0.11,0.697,1.573,-1.374
0.259,-0.91,1.901,0.893,-0.175,-0.107,0.401,-1.94,-0.722,-0.105,0.764,2.05,-1.303
0.146,-0.941,1.896,0.916,-0.182,-0.05,0.355,-2.114,-0.548,-0.081,0.581,2.44,-1.51
0.028,-0.961,1.892,0.934,-0.197,0.007,0.298,-2.183,-0.331,-0.078,0.024,2.554,-1.695
-0.073,-0.968,1.888,0.948,-0.199,0.055,0.244,-2.218,-0.128,-0.087,0.609,2.309,-2.128
-0.19,-0.964,1.882,0.958,-0.207,0.111,0.165,-2.146,0.116,-0.118,0.467,2.555,-2.404
-0.292,-0.948,1.873,0.96,-0.211,0.163,0.087,-2.031,0.342,-0.167,0.646,2.796,-2.661
-0.377,-0.924,1.863,0.956,-0.217,0.199,0.014,-1.817,0.54,-0.223,0.549,2.04,-2.752
-0.467,-0.885,1.847,0.943,-0.225,0.233,-0.072,-1.588,0.76,-0.31,0.343,1.68,-2.782
-0.525,-0.846,1.831,0.93,-0.232,0.249,-0.142,-1.377,0.932,-0.398,0.233,1.403,-3.101
-0.588,-0.782,1.802,0.901,-0.242,0.269,-0.238,-1.034,1.122,-0.531,0.002,1.562,-3.062
-0.621,-0.726,1.774,0.876,-0.245,0.267,-0.317,-0.701,1.245,-0.605,0.391,1.004,-3.449
-0.641,-0.652,1.737,0.839,-0.243,0.273,-0.403,-0.309,1.391,-0.709,0.614,1.15,-3.291
-0.64,-0.586,1.702,0.81,-0.238,0.266,-0.466,0.063,1.453,-0.773,0.77,0.969,-2.942
-0.617,-0.505,1.657,0.775,-0.229,0.255,-0.532,0.486,1.504,-0.831,0.874,0.741,-2.493
-0.576,-0.43,1.615,0.748,-0.213,0.235,-0.583,0.855,1.483,-0.828,1.208,0.447,-2.123
-0.516,-0.355,1.574,0.724,-0.194,0.211,-0.627,1.21,1.467,-0.809,1.446,0.419,-1.725
-0.46,-0.3,1.544,0.713,-0.176,0.187,-0.652,1.512,1.487,-0.797,1.673,0.035,-1.363
-0.355,-0.216,1.502,0.7,-0.142,0.146,-0.684,1.862,1.443,-0.713,2.021,-0.045,-0.908
-0.244,-0.141,1.47,0.697,-0.099,0.096,-0.703,2.106,1.39,-0.59,2.491,-0.109,-0.601
-0.134,-0.074,1.446,0.697,-0.057,0.048,-0.713,2.269,1.362,-0.458,2.864,-0.303,-0.193
-0.039,-0.02,1.432,0.697,-0.025,0.014,-0.716,2.286,1.306,-0.345,2.183,-0.139,-0.095
0.085,0.049,1.419,0.697,0.021,-0.037,-0.716,2.321,1.274,-0.226,2.546,-0.018,0.145
0.195,0.111,1.412,0.695,0.059,-0.085,-0.712,2.189,1.245,-0.116,2.507,-0.377,-0.012
0.307,0.177,1.408,0.695,0.097,-0.131,-0.7,2.045,1.222,-0.082,2.047,-0.006,0.25
0.378,0.223,1.407,0.698,0.111,-0.151,-0.691,1.912,1.226,-0.027,1.189,-0.221,0.377
0.478,0.293,1.404,0.704,0.141,-0.188,-0.67,1.712,1.223,-0.054,2.002,-0.066,0.773
0.555,0.357,1.4,0.711,0.159,-0.214,-0.651,1.396,1.196,-0.085,1.418,-0.008,0.759
0.612,0.417,1.393,0.718,0.175,-0.235,-0.632,1.131,1.204,-0.144,0.868,0.129,0.762
0.652,0.47,1.384,0.726,0.176,-0.247,-0.617,0.836,1.161,-0.203,0.288,0.025,0.704
0.683,0.534,1.37,0.739,0.181,-0.259,-0.595,0.525,1.178,-0.27,0.592,0.093,0.955
0.693,0.582,1.358,0.75,0.18,-0.258,-0.581,0.241,1.164,-0.294,0.112,0.141,0.829
0.691,0.644,1.339,0.766,0.185,-0.26,-0.558,-0.099,1.156,-0.354,0.224,0.643,0.988
0.671,0.7,1.321,0.782,0.185,-0.255,-0.538,-0.439,1.128,-0.381,0.102,0.669,0.982
0.631,0.757,1.3,0.8,0.183,-0.249,-0.514,-0.81,1.057,-0.404,-0.253,0.619,1.054
0.592,0.796,1.286,0.818,0.182,-0.232,-0.494,-1.031,1.015,-0.369,-0.476,1.153,1.184
0.515,0.852,1.264,0.841,0.179,-0.206,-0.466,-1.385,0.946,-0.379,-0.445,1.329,1.078
0.435,0.894,1.247,0.863,0.182,-0.172,-0.438,-1.636,0.833,-0.343,-0.547,1.643,1.051
0.336,0.934,1.23,0.885,0.188,-0.134,-0.404,-1.867,0.711,-0.299,-0.155,1.869,1.236
0.252,0.957,1.218,0.905,0.185,-0.089,-0.372,-2.018,0.568,-0.296,-0.942,2.348,1.367
0.137,0.98,1.204,0.925,0.193,-0.037,-0.326,-2.11,0.388,-0.247,-0.508,2.474,1.52
0.038,0.99,1.194,0.939,0.201,0.005,-0.28,-2.198,0.22,-0.229,-0.002,2.194,1.921
-0.089,0.991,1.18,0.954,0.201,0.072,-0.212,-2.156,-0.022,-0.242,-0.673,2.968,2.067
-0.176,0.982,1.172,0.959,0.206,0.114,-0.159,-2.097,-0.226,-0.205,-0.287,2.501,2.029
-0.29,0.958,1.158,0.96,0.208,0.171,-0.074,-1.95,-0.497,-0.221,-1.34,1.918,2.492
-0.365,0.932,1.145,0.956,0.203,0.214,0.0,-1.782,-0.627,-0.297,-1.26,2.738,3.059
-0.452,0.885,1.126,0.939,0.225,0.248,0.084,-1.458,-0.847,-0.351,0.05,1.912,2.856
-0.504,0.844,1.11,0.926,0.234,0.257,0.146,-1.223,-0.985,-0.384,0.261,1.114,2.934
-0.556,0.778,1.084,0.905,0.234,0.256,0.244,-0.792,-1.144,-0.43,-0.927,0.529,3.465
-0.578,0.731,1.064,0.889,0.216,0.263,0.308,-0.577,-1.236,-0.523,-1.699,1.118,3.114
-0.591,0.655,1.032,0.851,0.202,0.28,0.396,-0.151,-1.344,-0.554,-1.028,1.824,2.719
-0.582,0.587,1.003,0.822,0.214,0.27,0.454,0.208,-1.356,-0.577,0.087,0.479,2.707
-0.551,0.511,0.971,0.79,0.21,0.274,0.506,0.598,-1.423,-0.618,0.528,1.736,1.531
-0.515,0.46,0.951,0.78,0.193,0.236,0.546,0.95,-1.388,-0.547,-1.367,0.118,1.814
-0.434,0.376,0.922,0.756,0.16,0.188,0.607,1.342,-1.335,-0.453,-2.158,-0.204,2.107
-0.368,0.321,0.908,0.742,0.133,0.153,0.639,1.59,-1.3,-0.33,-2.017,-0.328,1.518
-0.261,0.247,0.897,0.729,0.112,0.094,0.668,1.881,-1.255,-0.159,-2.062,-1.333,0.971
-0.178,0.194,0.894,0.731,0.087,0.07,0.673,2.037,-1.277,-0.049,-1.867,-0.346,0.254
-0.058,0.123,0.897,0.733,0.052,0.027,0.677,2.056,-1.214,0.069,-1.801,0.009,-0.036
0.021,0.078,0.904,0.733,0.028,-0.016,0.679,2.147,-1.232,0.176,-2.566,-0.428,0.23
0.15,0.003,0.917,0.735,-0.009,-0.079,0.673,2.064,-1.213,0.232,-2.116,-1.045,-0.21
0.215,-0.038,0.925,0.736,-0.028,-0.1,0.669,1.996,-1.214,0.25,-1.935,-0.221,-0.105
0.338,-0.119,0.941,0.741,-0.058,-0.145,0.654,1.795,-1.219,0.24,-1.624,-0.17,-0.391
0.407,-0.17,0.952,0.743,-0.077,-0.168,0.643,1.629,-1.21,0.24,-1.541,-0.097,-0.29
0.493,-0.242,0.965,0.747,-0.1,-0.197,0.627,1.402,-1.227,0.215,-1.172,-0.126,-0.43
0.539,-0.288,0.972,0.751,-0.107,-0.209,0.617,1.252,-1.255,0.196,-0.963,-0.246,-0.558
0.6,-0.366,0.982,0.759,-0.119,-0.228,0.598,0.922,-1.256,0.165,-0.832,-0.056,-0.639
0.629,-0.419,0.988,0.765,-0.128,-0.238,0.585,0.669,-1.257,0.153,-0.816,-0.096,-0.615
0.65,-0.492,0.996,0.775,-0.142,-0.245,0.565,0.306,-1.28,0.139,-0.63,0.21,-0.567
0.653,-0.539,1.002,0.786,-0.141,-0.242,0.552,0.063,-1.238,0.137,0.123,0.468,-0.903
0.636,-0.615,1.012,0.798,-0.15,-0.243,0.531,-0.359,-1.231,0.163,-0.286,0.498,-0.726
0.616,-0.655,1.018,0.807,-0.151,-0.239,0.519,-0.577,-1.197,0.189,-0.113,0.66,-0.786
0.555,-0.732,1.033,0.825,-0.154,-0.231,0.493,-1.018,-1.142,0.221,0.119,0.538,-0.999
0.508,-0.773,1.042,0.839,-0.159,-0.214,0.475,-1.243,-1.091,0.251,0.167,1.188,-0.966
0.412,-0.836,1.059,0.864,-0.161,-0.185,0.439,-1.616,-0.986,0.282,0.608,1.449,-1.271
0.346,-0.869,1.07,0.881,-0.169,-0.157,0.413,-1.809,-0.909,0.3,0.311,1.714,-1.312
0.223,-0.917,1.089,0.91,-0.174,-0.099,0.363,-2.054,-0.732,0.316,0.607,2.39,-1.48
0.152,-0.937,1.1,0.924,-0.184,-0.061,0.33,-2.127,-0.616,0.327,0.097,2.85,-1.585
0.007,-0.964,1.123,0.947,-0.19,0.01,0.257,-2.192,-0.337,0.357,0.513,2.344,-1.997
-0.085,-0.971,1.138,0.958,-0.195,0.048,0.204,-2.19,-0.156,0.375,0.447,2.142,-2.276
-0.209,-0.966,1.161,0.967,-0.197,0.103,0.128,-2.125,0.137,0.413,0.669,1.926,-2.297
-0.286,-0.955,1.176,0.965,-0.206,0.141,0.077,-2.04,0.304,0.381,0.112,2.382,-2.248
-0.4,-0.921,1.199,0.957,-0.214,0.196,-0.018,-1.771,0.6,0.367,0.272,2.246,-2.699
-0.461,-0.892,1.211,0.946,-0.223,0.223,-0.075,-1.589,0.742,0.311,-0.173,2.245,-2.62
-0.542,-0.831,1.23,0.926,-0.224,0.242,-0.184,-1.225,1.021,0.292,0.414,1.544,-3.202
-0.582,-0.783,1.24,0.909,-0.222,0.243,-0.256,-0.943,1.165,0.242,0.903,1.003,-3.255
-0.619,-0.708,1.251,0.875,-0.223,0.246,-0.352,-0.549,1.328,0.171,0.388,1.024,-3.184
-0.629,-0.655,1.255,0.853,-0.219,0.246,-0.404,-0.28,1.4,0.114,0.673,1.019,-2.776
-0.624,-0.564,1.26,0.808,-0.222,0.245,-0.487,0.185,1.498,0.051,0.505,0.771,-2.638
-0.607,-0.507,1.261,0.784,-0.222,0.238,-0.528,0.451,1.526,0.032,0.369,0.506,-2.587
-0.556,-0.411,1.261,0.748,-0.206,0.221,-0.591,0.895,1.521,0.005,1.081,0.599,-1.984
-0.511,-0.354,1.262,0.732,-0.188,0.205,-0.622,1.178,1.531,0.015,1.436,0.575,-1.722
-0.417,-0.26,1.266,0.708,-0.156,0.174,-0.666,1.592,1.502,0.089,1.654,0.257,-1.277
-0.35,-0.205,1.271,0.7,-0.134,0.149,-0.685,1.774,1.455,0.121,1.794,0.289,-1.0
-0.223,-0.117,1.286,0.69,-0.097,0.102,-0.71,2.079,1.409,0.271,2.024,-0.003,-0.716
-0.141,-0.065,1.299,0.688,-0.065,0.065,-0.72,2.177,1.361,0.354,2.501,-0.067,-0.53
0.0,0.017,1.329,0.684,-0.015,0.006,-0.729,2.273,1.313,0.51,2.437,-0.09,-0.323
0.085,0.065,1.352,0.686,0.014,-0.027,-0.727,2.287,1.299,0.612,2.199,0.049,0.121
0.223,0.143,1.393,0.683,0.069,-0.088,-0.722,2.205,1.261,0.693,2.598,0.236,0.015
0.309,0.195,1.425,0.683,0.088,-0.117,-0.715,2.076,1.254,0.762,1.852,-0.045,0.187
0.42,0.266,1.471,0.684,0.129,-0.168,-0.698,1.82,1.193,0.748,2.156,-0.023,0.412
0.482,0.312,1.5,0.686,0.139,-0.185,-0.689,1.66,1.209,0.776,1.329,-0.108,0.404
0.571,0.388,1.548,0.694,0.16,-0.217,-0.668,1.352,1.211,0.744,0.982,-0.25,0.661
0.614,0.433,1.574,0.702,0.167,-0.229,-0.654,1.169,1.234,0.719,0.805,-0.116,0.834
0.668,0.509,1.614,0.714,0.182,-0.249,-0.628,0.801,1.213,0.617,0.832,0.012,0.844
0.69,0.554,1.636,0.724,0.185,-0.254,-0.614,0.573,1.224,0.588,0.419,0.151,0.889
0.705,0.629,1.667,0.741,0.193,-0.263,-0.587,0.176,1.202,0.503,0.31,0.212,0.949
0.702,0.678,1.686,0.754,0.193,-0.261,-0.571,-0.1,1.168,0.441,0.127,0.377,0.882
0.677,0.744,1.709,0.773,0.196,-0.257,-0.547,-0.49,1.142,0.394,0.083,0.542,0.902
0.653,0.781,1.722,0.786,0.195,-0.251,-0.531,-0.713,1.118,0.376,-0.047,0.677,1.096
0.583,0.85,1.746,0.813,0.193,-0.229,-0.499,-1.152,1.029,0.367,-0.431,0.914,1.198
0.533,0.887,1.758,0.829,0.202,-0.206,-0.478,-1.35,0.976,0.335,0.233,1.593,1.091
0.43,0.94,1.781,0.858,0.194,-0.161,-0.447,-1.701,0.823,0.36,-0.732,1.674,1.03
0.361,0.967,1.796,0.877,0.189,-0.127,-0.423,-1.879,0.726,0.385,-1.151,1.769,1.13
0.235,1.003,1.822,0.904,0.187,-0.07,-0.378,-2.1,0.538,0.43,-0.893,1.929,1.29
0.154,1.017,1.838,0.917,0.189,-0.031,-0.35,-2.162,0.388,0.441,-0.694,2.217,1.295
0.018,1.029,1.867,0.935,0.201,0.037,-0.291,-2.158,0.134,0.464,-0.639,2.475,1.503
-0.063,1.028,1.884,0.943,0.208,0.078,-0.249,-2.159,-0.026,0.469,-0.547,2.776,1.819
-0.193,1.012,1.912,0.951,0.22,0.137,-0.168,-2.058,-0.324,0.442,-0.512,2.129,2.261
-0.266,0.994,1.927,0.953,0.224,0.17,-0.111,-1.976,-0.499,0.392,-0.574,2.376,2.46
-0.376,0.95,1.946,0.947,0.229,0.224,-0.009,-1.75,-0.763,0.294,-0.507,2.73,2.808
-0.433,0.916,1.954,0.938,0.235,0.248,0.053,-1.539,-0.909,0.2,-0.313,2.21,2.853
-0.511,0.85,1.961,0.917,0.232,0.281,0.163,-1.173,-1.117,0.081,-0.765,1.711,3.019
-0.546,0.805,1.961,0.899,0.234,0.291,0.229,-0.929,-1.207,-0.02,-0.892,1.537,3.161
-0.583,0.724,1.953,0.865,0.231,0.295,0.332,-0.475,-1.309,-0.136,-1.119,0.723,3.093
-0.592,0.678,1.945,0.842,0.235,0.298,0.382,-0.289,-1.397,-0.24,-0.331,0.966,3.192
-0.582,0.583,1.925,0.803,0.23,0.274,0.476,0.245,-1.389,-0.301,-0.984,0.184,2.87
-0.563,0.528,1.912,0.782,0.216,0.274,0.517,0.507,-1.483,-0.385,-0.622,1.317,2.05
-0.506,0.439,1.891,0.75,0.194,0.237,0.586,1.002,-1.425,-0.336,-1.589,0.431,2.112
-0.458,0.386,1.88,0.734,0.177,0.21,0.621,1.265,-1.391,-0.289,-1.663,0.2,1.92
-0.36,0.301,1.867,0.707,0.146,0.164,0.672,1.687,-1.372,-0.176,-1.967,0.087,1.662
-0.299,0.258,1.864,0.699,0.13,0.138,0.69,1.813,-1.319,-0.093,-1.93,-0.22,1.199
-0.165,0.173,1.866,0.689,0.087,0.078,0.715,2.026,-1.237,0.075,-2.614,-0.145,0.669
-0.086,0.128,1.872,0.691,0.065,0.04,0.719,2.105,-1.216,0.153,-2.451,-0.387,0.258
0.049,0.053,1.889,0.692,0.021,-0.02,0.722,2.171,-1.195,0.291,-2.26,-0.494,-0.01
0.129,0.008,1.901,0.692,-0.002,-0.053,0.72,2.137,-1.188,0.335,-1.977,-0.445,-0.096
0.257,-0.065,1.923,0.691,-0.048,-0.111,0.712,2.044,-1.198,0.37,-2.48,-0.156,-0.134
0.328,-0.11,1.937,0.692,-0.071,-0.14,0.705,1.868,-1.167,0.35,-2.15,-0.16,-0.127
0.435,-0.184,1.956,0.696,-0.101,-0.18,0.688,1.681,-1.214,0.281,-1.051,-0.023,-0.477
0.492,-0.229,1.967,0.699,-0.118,-0.204,0.675,1.525,-1.208,0.275,-1.334,-0.1,-0.548
0.571,-0.304,1.978,0.705,-0.141,-0.234,0.654,1.177,-1.185,0.162,-1.0,-0.306,-0.869
0.605,-0.345,1.981,0.709,-0.151,-0.247,0.643,1.035,-1.243,0.106,-0.89,-0.218,-0.837
0.653,-0.427,1.982,0.719,-0.166,-0.267,0.62,0.637,-1.248,-0.023,-0.588,-0.086,-0.747
0.668,-0.474,1.979,0.727,-0.171,-0.273,0.606,0.393,-1.216,-0.072,-0.281,-0.069,-0.919
0.672,-0.551,1.969,0.743,-0.177,-0.276,0.583,-0.022,-1.242,-0.194,-0.106,0.403,-0.942
0.663,-0.592,1.962,0.751,-0.181,-0.274,0.572,-0.267,-1.248,-0.201,-0.141,0.517,-0.742
0.621,-0.673,1.945,0.775,-0.181,-0.266,0.544,-0.723,-1.201,-0.26,0.116,0.703,-1.002
0.593,-0.708,1.938,0.788,-0.177,-0.256,0.531,-0.914,-1.157,-0.259,0.614,0.752,-1.097
0.493,-0.791,1.918,0.822,-0.18,-0.222,0.492,-1.443,-1.081,-0.259,0.238,1.356,-1.035
0.452,-0.817,1.912,0.836,-0.181,-0.201,0.477,-1.637,-1.06,-0.261,0.575,1.861,-1.108
0.326,-0.878,1.898,0.867,-0.183,-0.154,0.437,-1.982,-0.876,-0.193,0.499,1.515,-1.212
0.228,-0.912,1.891,0.893,-0.185,-0.1,0.398,-2.196,-0.747,-0.164,0.994,2.716,-1.616
0.093,-0.944,1.884,0.919,-0.188,-0.03,0.345,-2.333,-0.508,-0.099,0.688,2.945,-1.617
0.014,-0.956,1.882,0.932,-0.188,0.016,0.309,-2.408,-0.369,-0.082,0.98,3.067,-1.823
-0.152,-0.964,1.878,0.95,-0.195,0.1,0.224,-2.348,-0.034,-0.05,0.776,2.776,-2.106
-0.21,-0.961,1.876,0.953,-0.199,0.125,0.191,-2.251,0.09,-0.05,0.439,2.439,-2.169
-0.362,-0.935,1.871,0.95,-0.218,0.205,0.089,-2.084,0.427,-0.099,-0.03,3.115,-2.355
-0.433,-0.911,1.866,0.947,-0.221,0.231,0.021,-1.925,0.629,-0.126,0.454,2.356,-3.097
-0.535,-0.859,1.854,0.931,-0.231,0.268,-0.093,-1.549,0.875,-0.214,0.688,1.786,-3.489
-0.585,-0.819,1.843,0.917,-0.23,0.283,-0.163,-1.35,1.088,-0.295,0.848,1.952,-3.529
-0.646,-0.745,1.816,0.884,-0.24,0.294,-0.272,-0.884,1.215,-0.447,0.549,1.197,-3.234
-0.668,-0.701,1.798,0.864,-0.245,0.294,-0.327,-0.677,1.33,-0.55,0.474,1.211,-3.403
-0.687,-0.608,1.753,0.82,-0.251,0.289,-0.426,-0.171,1.422,-0.706,0.51,0.747,-2.982
-0.683,-0.553,1.724,0.792,-0.245,0.286,-0.48,0.119,1.498,-0.794,0.828,1.196,-2.917
-0.651,-0.46,1.669,0.751,-0.235,0.268,-0.555,0.598,1.481,-0.888,1.073,0.76,-2.483
-0.626,-0.416,1.642,0.735,-0.225,0.258,-0.586,0.853,1.528,-0.93,1.135,0.603,-2.27
-0.537,-0.311,1.577,0.7,-0.2,0.219,-0.65,1.39,1.469,-0.915,1.547,0.16,-1.921
-0.483,-0.263,1.547,0.69,-0.181,0.198,-0.673,1.641,1.463,-0.897,1.818,0.22,-1.394
-0.354,-0.171,1.494,0.677,-0.138,0.145,-0.708,2.061,1.408,-0.786,2.102,0.19,-0.883
-0.281,-0.127,1.472,0.677,-0.109,0.112,-0.719,2.23,1.361,-0.688,2.63,0.045,-0.422
-0.115,-0.037,1.437,0.678,-0.041,0.035,-0.734,2.341,1.236,-0.44,3.119,0.007,-0.24
-0.055,-0.007,1.429,0.678,-0.019,0.008,-0.735,2.421,1.234,-0.359,3.071,-0.217,-0.128
0.115,0.078,1.415,0.675,0.043,-0.066,-0.733,2.379,1.192,-0.142,2.727,-0.036,-0.028
0.191,0.117,1.413,0.676,0.064,-0.095,-0.728,2.258,1.15,-0.064,2.197,-0.179,0.218
0.333,0.194,1.415,0.675,0.107,-0.151,-0.714,2.088,1.168,0.047,2.112,-0.293,0.444
0.397,0.233,1.418,0.678,0.129,-0.175,-0.703,1.976,1.16,0.049,2.485,0.064,0.59
0.509,0.31,1.422,0.684,0.153,-0.212,-0.681,1.615,1.167,0.049,1.42,0.04,0.616
0.551,0.344,1.422,0.689,0.161,-0.223,-0.67,1.49,1.183,-0.009,1.269,0.081,0.771
0.634,0.427,1.419,0.703,0.176,-0.249,-0.642,1.086,1.183,-0.076,1.061,-0.036,0.944
0.666,0.471,1.414,0.713,0.178,-0.258,-0.628,0.874,1.196,-0.12,0.63,-0.018,1.093
0.702,0.55,1.399,0.729,0.193,-0.272,-0.598,0.475,1.201,-0.264,1.166,0.877,0.686
0.707,0.579,1.393,0.737,0.183,-0.273,-0.591,0.274,1.186,-0.274,0.131,0.21,0.802
0.702,0.662,1.369,0.758,0.189,-0.278,-0.559,-0.193,1.166,-0.363,0.138,0.316,0.926
0.686,0.705,1.355,0.772,0.188,-0.274,-0.542,-0.423,1.13,-0.376,-0.064,0.456,1.018
0.634,0.78,1.326,0.799,0.189,-0.262,-0.508,-0.874,1.112,-0.441,-0.111,0.875,1.28
0.607,0.807,1.314,0.809,0.188,-0.252,-0.497,-1.064,1.107,-0.47,-0.251,0.904,1.052
0.51,0.878,1.282,0.84,0.19,-0.22,-0.458,-1.477,0.982,-0.459,-0.29,0.911,1.177
0.455,0.908,1.266,0.857,0.192,-0.19,-0.438,-1.704,0.925,-0.484,-0.625,1.98,1.1
0.328,0.959,1.239,0.887,0.201,-0.133,-0.393,-1.994,0.725,-0.408,-0.539,2.02,1.235
0.258,0.979,1.226,0.903,0.204,-0.096,-0.366,-2.068,0.601,-0.361,-0.594,2.299,1.325
0.101,1.006,1.205,0.931,0.206,-0.016,-0.301,-2.261,0.307,-0.276,-1.135,2.641,1.598
0.044,1.01,1.2,0.938,0.211,0.012,-0.275,-2.292,0.197,-0.246,-0.635,2.743,1.704
-0.116,1.005,1.186,0.954,0.213,0.091,-0.19,-2.251,-0.157,-0.181,-0.808,2.625,2.038
-0.197,0.993,1.179,0.957,0.218,0.129,-0.139,-2.176,-0.346,-0.18,-0.614,2.504,2.216
-0.322,0.957,1.167,0.95,0.235,0.199,-0.049,-1.983,-0.6,-0.24,0.607,3.226,2.266
-0.381,0.93,1.16,0.949,0.228,0.216,0.009,-1.778,-0.806,-0.21,-0.864,1.491,3.078
-0.482,0.865,1.14,0.927,0.231,0.271,0.12,-1.392,-1.025,-0.289,-1.03,2.406,2.732
-0.521,0.827,1.128,0.917,0.222,0.279,0.181,-1.151,-1.124,-0.349,-1.274,1.536,2.999
-0.578,0.743,1.097,0.879,0.222,0.303,0.294,-0.727,-1.305,-0.465,-1.257,1.496,3.043
-0.596,0.698,1.076,0.858,0.232,0.308,0.339,-0.572,-1.352,-0.61,0.415,1.414,2.826
-0.605,0.604,1.033,0.822,0.233,0.289,0.433,-0.053,-1.423,-0.701,-0.228,0.744,2.584
-0.594,0.551,1.008,0.807,0.208,0.264,0.485,0.284,-1.426,-0.654,-2.022,0.723,2.51
-0.549,0.455,0.963,0.776,0.182,0.227,0.559,0.787,-1.443,-0.639,-1.745,0.048,2.256
-0.528,0.426,0.951,0.766,0.173,0.214,0.581,0.944,-1.406,-0.585,-1.738,0.213,2.28
-0.43,0.322,0.912,0.73,0.161,0.185,0.638,1.427,-1.357,-0.462,-0.928,-0.195,1.543
-0.375,0.277,0.9,0.724,0.15,0.161,0.653,1.582,-1.313,-0.394,-1.272,-0.595,0.956
-0.25,0.191,0.884,0.718,0.122,0.121,0.675,1.96,-1.294,-0.201,-1.808,-0.403,0.484
-0.181,0.149,0.881,0.721,0.093,0.089,0.681,2.076,-1.261,-0.093,-2.415,-0.014,0.13
-0.027,0.063,0.886,0.723,0.045,0.023,0.69,2.211,-1.227,0.113,-2.396,-0.328,0.234
0.029,0.033,0.891,0.725,0.024,-0.0,0.688,2.218,-1.204,0.18,-2.254,-0.103,-0.138
0.191,-0.057,0.913,0.722,-0.023,-0.081,0.687,2.156,-1.206,0.328,-2.271,-0.645,0.005
0.243,-0.087,0.922,0.725,-0.039,-0.103,0.68,2.082,-1.191,0.364,-2.257,-0.35,-0.246
0.378,-0.171,0.951,0.725,-0.08,-0.169,0.663,1.816,-1.174,0.41,-2.084,-0.402,-0.325
0.435,-0.212,0.965,0.729,-0.095,-0.189,0.651,1.724,-1.216,0.416,-1.762,-0.065,-0.585
0.531,-0.293,0.993,0.74,-0.125,-0.221,0.623,1.383,-1.226,0.404,-1.047,0.235,-0.801
0.575,-0.338,1.007,0.751,-0.13,-0.234,0.604,1.168,-1.224,0.386,-0.772,-0.101,-1.069
0.633,-0.42,1.029,0.767,-0.148,-0.253,0.571,0.785,-1.238,0.321,-0.726,0.03,-0.985
0.645,-0.445,1.035,0.772,-0.149,-0.258,0.561,0.634,-1.217,0.305,-0.601,-0.141,-1.066
0.666,-0.535,1.053,0.793,-0.167,-0.27,0.52,0.146,-1.204,0.233,-0.433,0.219,-0.992
0.664,-0.569,1.059,0.803,-0.17,-0.268,0.504,-0.047,-1.175,0.215,-0.188,0.466,-1.11
0.631,-0.653,1.07,0.831,-0.181,-0.257,0.459,-0.575,-1.114,0.154,0.003,0.915,-1.354
0.612,-0.679,1.074,0.84,-0.182,-0.25,0.446,-0.743,-1.063,0.137,0.139,0.93,-1.204
0.536,-0.746,1.082,0.869,-0.189,-0.222,0.4,-1.16,-0.9,0.109,0.058,1.312,-1.213
0.489,-0.774,1.085,0.884,-0.185,-0.204,0.378,-1.386,-0.841,0.115,0.426,1.404,-1.316
0.373,-0.822,1.094,0.916,-0.179,-0.138,0.332,-1.719,-0.64,0.118,0.718,2.026,-1.114
0.327,-0.835,1.097,0.926,-0.174,-0.112,0.316,-1.805,-0.546,0.141,0.887,2.185,-1.099
0.182,-0.862,1.107,0.95,-0.158,-0.024,0.269,-1.998,-0.287,0.155,1.174,2.153,-0.983
0.14,-0.865,1.112,0.953,-0.155,-0.003,0.259,-1.965,-0.206,0.184,0.891,1.964,-0.806
-0.01,-0.865,1.127,0.962,-0.137,0.072,0.224,-2.033,0.082,0.232,0.939,1.98,-0.522
-0.067,-0.86,1.133,0.965,-0.123,0.096,0.212,-1.993,0.18,0.211,1.554,1.793,-0.49
-0.203,-0.832,1.154,0.966,-0.107,0.15,0.183,-1.776,0.435,0.276,0.872,1.513,-0.461
-0.245,-0.819,1.161,0.967,-0.098,0.157,0.175,-1.69,0.507,0.284,0.858,0.799,-0.462
-0.356,-0.769,1.181,0.966,-0.077,0.19,0.155,-1.424,0.709,0.259,0.802,1.099,-0.323
-0.383,-0.753,1.187,0.968,-0.069,0.189,0.149,-1.326,0.758,0.264,0.757,0.356,-0.359
-0.468,-0.685,1.205,0.97,-0.034,0.205,0.129,-0.973,0.911,0.23,1.285,-0.226,-0.45
-0.486,-0.665,1.208,0.97,-0.029,0.209,0.124,-0.901,0.923,0.193,0.508,0.062,-0.308
-0.538,-0.588,1.218,0.972,0.004,0.211,0.104,-0.565,0.983,0.085,0.937,0.007,-0.356
-0.548,-0.567,1.219,0.972,0.02,0.21,0.101,-0.506,1.037,0.042,2.011,0.069,-0.061
-0.566,-0.488,1.22,0.976,0.036,0.198,0.085,-0.154,1.001,-0.028,0.733,-0.239,-0.205
-0.566,-0.462,1.219,0.978,0.032,0.189,0.082,-0.044,0.997,-0.026,-0.186,-0.5,-0.294
-0.555,-0.389,1.211,0.983,0.04,0.162,0.071,0.227,0.983,-0.124,0.18,-0.973,-0.117
-0.549,-0.369,1.208,0.985,0.033,0.154,0.072,0.285,0.961,-0.126,-0.431,-0.805,-0.047
-0.512,-0.295,1.195,0.99,0.049,0.115,0.064,0.528,0.931,-0.166,0.133,-1.085,-0.082
-0.5,-0.277,1.191,0.991,0.053,0.106,0.062,0.572,0.893,-0.187,0.211,-1.119,-0.075
-0.446,-0.21,1.174,0.993,0.075,0.071,0.054,0.724,0.817,-0.231,0.681,-0.811,-0.221
-0.43,-0.194,1.169,0.993,0.079,0.061,0.054,0.765,0.82,-0.234,0.703,-0.88,0.005
-0.364,-0.137,1.149,0.995,0.08,0.029,0.048,0.851,0.696,-0.257,0.257,-0.814,-0.108
-0.343,-0.121,1.142,0.996,0.076,0.017,0.045,0.857,0.645,-0.27,-0.191,-0.915,-0.136
-0.277,-0.078,1.122,0.997,0.069,-0.012,0.041,0.867,0.532,-0.256,-0.168,-0.806,-0.158
-0.259,-0.067,1.116,0.997,0.065,-0.016,0.04,0.89,0.538,-0.276,-0.389,-0.532,-0.026
-0.19,-0.031,1.094,0.997,0.06,-0.037,0.036,0.857,0.438,-0.275,-0.051,-0.524,-0.036
-0.173,-0.023,1.088,0.997,0.058,-0.04,0.035,0.823,0.392,-0.276,-0.124,-0.38,-0.046
-0.11,0.005,1.067,0.996,0.056,-0.058,0.031,0.775,0.318,-0.265,-0.128,-0.587,-0.079
-0.094,0.011,1.061,0.996,0.052,-0.057,0.032,0.757,0.308,-0.274,-0.599,-0.111,0.167
-0.039,0.03,1.043,0.996,0.05,-0.066,0.029,0.677,0.221,-0.22,-0.429,-0.049,0.099
-0.026,0.034,1.039,0.996,0.051,-0.067,0.028,0.649,0.202,-0.207,-0.1,-0.101,0.013
0.019,0.046,1.026,0.996,0.05,-0.072,0.024,0.534,0.141,-0.134,0.025,-0.024,-0.122
0.028,0.048,1.024,0.996,0.053,-0.071,0.024,0.509,0.123,-0.121,0.345,0.009,-0.12
0.064,0.053,1.019,0.996,0.04,-0.073,0.021,0.411,0.053,-0.036,-0.219,-0.148,-0.09
0.072,0.054,1.018,0.996,0.039,-0.073,0.021,0.375,0.039,-0.026,-0.116,0.003,-0.079
0.096,0.055,1.018,0.997,0.023,-0.07,0.019,0.279,0.015,-0.007,0.004,0.143,-0.179
0.1,0.055,1.018,0.997,0.021,-0.07,0.019,0.261,-0.007,0.004,-0.138,-0.041,-0.119
0.116,0.054,1.016,0.998,0.008,-0.06,0.017,0.174,-0.019,-0.028,-0.334,0.361,-0.051
0.119,0.055,1.016,0.998,0.004,-0.061,0.018,0.15,-0.005,-0.035,-0.298,0.115,0.099
0.127,0.054,1.012,0.999,0.004,-0.052,0.015,0.078,0.004,-0.064,-0.116,0.256,-0.063
0.128,0.055,1.01,0.999,0.005,-0.052,0.015,0.066,0.005,-0.06,-0.001,0.117,-0.018
0.13,0.055,1.003,0.999,0.007,-0.043,0.014,0.014,0.01,-0.109,0.158,0.291,0.002
0.13,0.055,1.0,0.999,0.004,-0.039,0.014,0.002,0.002,-0.128,-0.187,0.471,0.012
0.128,0.056,0.991,0.999,0.012,-0.036,0.011,-0.036,0.018,-0.1,0.22,-0.182,-0.029
0.127,0.057,0.989,0.999,0.008,-0.033,0.012,-0.039,0.022,-0.107,-0.199,0.051,0.052
0.122,0.058,0.98,0.999,0.012,-0.034,0.013,-0.069,0.025,-0.094,0.095,-0.452,0.236
0.12,0.058,0.978,0.999,0.011,-0.028,0.011,-0.074,0.012,-0.081,-0.146,0.277,-0.07
0.113,0.059,0.972,1.0,0.01,-0.02,0.01,-0.092,0.012,-0.07,-0.11,0.138,-0.039
0.111,0.06,0.971,1.0,0.009,-0.015,0.01,-0.095,0.014,-0.076,-0.095,0.221,0.031
0.104,0.061,0.966,1.0,0.009,-0.008,0.009,-0.093,0.019,-0.079,-0.124,0.391,-0.038
0.101,0.062,0.963,1.0,0.015,-0.006,0.009,-0.092,0.023,-0.067,0.554,0.281,-0.081
0.098,0.062,0.962,1.0,0.009,-0.008,0.009,-0.083,0.013,-0.048,-0.074,-0.145,-0.005
0.096,0.063,0.96,1.0,0.008,-0.0,0.008,-0.09,0.009,-0.073,-0.266,0.627,-0.003
0.092,0.064,0.958,1.0,0.01,-0.008,0.008,-0.059,0.022,-0.02,-0.058,-0.102,0.048
0.092,0.064,0.958,1.0,0.01,-0.008,0.008,-0.059,0.022,-0.02,-0.058,-0.102,0.048
0.088,0.065,0.956,1.0,0.014,-0.003,0.005,-0.056,0.01,-0.033,0.494,0.311,-0.159
0.085,0.067,0.956,1.0,0.011,-0.009,0.006,-0.041,0.02,-0.001,0.024,0.031,-0.05
0.084,0.067,0.956,1.0,0.012,-0.009,0.006,-0.035,0.024,0.007,0.064,-0.012,-0.032
0.082,0.069,0.957,1.0,0.003,-0.004,0.007,-0.019,0.033,0.026,0.058,-0.098,-0.064
0.081,0.07,0.958,1.0,0.004,-0.004,0.005,-0.013,0.026,0.036,0.11,-0.122,-0.071
0.081,0.073,0.961,1.0,0.005,-0.011,0.006,-0.007,0.04,0.029,0.007,-0.262,0.011
0.081,0.074,0.961,1.0,0.007,-0.007,0.004,-0.007,0.044,0.014,0.211,0.295,-0.123
0.081,0.078,0.964,1.0,0.006,-0.009,0.005,0.018,0.062,0.05,-0.232,-0.48,0.129
0.082,0.079,0.964,1.0,0.007,-0.006,0.006,0.019,0.06,0.028,-0.23,-0.043,0.13
0.083,0.083,0.965,1.0,0.01,-0.008,0.005,0.024,0.059,0.015,0.186,-0.077,0.061
0.084,0.084,0.965,1.0,0.01,-0.007,0.004,0.032,0.061,0.008,0.186,0.111,-0.079
0.087,0.089,0.965,1.0,0.013,-0.006,0.004,0.035,0.059,-0.01,0.002,0.176,-0.034
0.088,0.091,0.965,1.0,0.018,-0.008,0.004,0.046,0.064,-0.004,0.344,-0.128,0.011
0.092,0.095,0.964,1.0,0.015,-0.009,0.004,0.055,0.057,-0.017,-0.106,-0.033,-0.026
0.093,0.096,0.963,1.0,0.014,-0.009,0.004,0.049,0.044,-0.05,-0.175,0.122,0.004
0.098,0.099,0.959,1.0,0.013,-0.011,0.004,0.06,0.045,-0.049,-0.186,-0.035,0.121
0.099,0.1,0.959,1.0,0.018,-0.013,0.003,0.066,0.047,-0.047,0.221,-0.136,0.01
0.104,0.102,0.955,1.0,0.02,-0.015,0.002,0.063,0.031,-0.028,0.234,-0.092,-0.053
0.106,0.103,0.954,1.0,0.015,-0.015,0.003,0.061,0.021,-0.046,-0.331,0.001,0.107
0.11,0.104,0.952,1.0,0.018,-0.021,0.003,0.061,0.02,-0.02,0.089,0.011,-0.028
0.111,0.104,0.951,1.0,0.018,-0.016,0.001,0.049,0.004,-0.038,0.113,0.456,-0.186
0.115,0.105,0.952,1.0,0.019,-0.021,0.002,0.051,0.002,0.008,0.043,-0.068,-0.008
0.116,0.105,0.952,1.0,0.016,-0.02,0.002,0.036,-0.006,-0.008,-0.171,0.048,0.041
0.119,0.104,0.954,1.0,0.014,-0.024,0.002,0.032,-0.021,0.021,-0.36,0.112,0.005
0.119,0.104,0.955,1.0,0.015,-0.023,0.002,0.024,-0.014,0.017,-0.28,0.113,0.023
0.121,0.103,0.959,0.999,0.022,-0.023,0.0,0.009,-0.01,0.035,0.402,0.174,-0.096
0.121,0.103,0.961,0.999,0.02,-0.028,-0.001,0.019,-0.019,0.082,0.212,-0.323,-0.086
0.121,0.1,0.965,1.0,0.017,-0.026,0.001,-0.002,-0.025,0.067,-0.027,-0.097,-0.007
0.121,0.1,0.966,1.0,0.014,-0.025,0.002,-0.003,-0.02,0.069,-0.126,0.039,0.067
0.121,0.098,0.97,1.0,0.007,-0.018,0.001,-0.009,-0.036,0.048,-0.485,0.136,0.015
0.121,0.097,0.971,1.0,0.006,-0.022,0.002,-0.006,-0.026,0.054,-0.437,-0.328,0.122
0.119,0.095,0.971,1.0,0.007,-0.009,0.001,-0.013,-0.031,-0.001,-0.044,0.263,-0.048
0.119,0.095,0.971,1.0,0.021,-0.007,-0.003,-0.015,-0.013,-0.023,1.156,0.219,-0.37
0.119,0.092,0.969,1.0,0.014,-0.005,-0.001,-0.007,-0.035,-0.045,-0.19,0.345,-0.01
0.119,0.091,0.969,1.0,0.016,-0.007,-0.002,-0.006,-0.042,-0.053,-0.012,0.011,-0.081
0.119,0.09,0.965,1.0,0.001,-0.014,-0.0,0.004,-0.022,-0.046,-0.457,-0.219,-0.004
0.119,0.09,0.965,1.0,-0.001,-0.019,0.0,0.01,-0.019,-0.033,-0.136,-0.471,-0.005
0.12,0.089,0.962,1.0,-0.008,-0.017,0.002,0.004,-0.006,-0.028,-0.32,0.069,0.091
0.12,0.089,0.962,1.0,-0.007,-0.017,0.002,0.01,-0.001,-0.018,-0.025,-0.005,0.053
0.121,0.09,0.962,1.0,0.004,-0.014,0.0,0.004,0.017,-0.011,0.121,0.152,0.025
0.121,0.091,0.962,1.0,0.004,-0.016,0.001,0.009,0.015,0.008,-0.023,-0.094,0.033
0.122,0.093,0.963,1.0,0.016,-0.016,0.0,0.009,0.021,0.029,0.371,-0.051,-0.006
0.122,0.093,0.963,1.0,0.017,-0.017,-0.0,0.016,0.019,0.009,0.236,-0.031,-0.029
0.123,0.094,0.964,1.0,0.021,-0.015,-0.001,0.016,0.014,0.017,0.079,-0.1,0.037
0.124,0.094,0.964,1.0,0.02,-0.015,-0.0,0.018,0.018,0.013,-0.043,-0.091,0.104
0.125,0.094,0.965,1.0,0.013,-0.011,0.0,0.016,-0.003,0.009,-0.208,0.189,-0.043
0.126,0.095,0.965,1.0,0.017,-0.011,-0.001,0.02,-0.001,0.01,0.188,0.061,-0.089
0.128,0.094,0.966,1.0,0.013,-0.019,0.001,0.028,-0.011,0.004,-0.183,-0.18,-0.022
0.128,0.094,0.966,1.0,0.014,-0.015,0.0,0.028,-0.013,0.005,-0.059,0.076,-0.023
0.13,0.092,0.966,1.0,0.01,-0.015,-0.001,0.023,-0.016,-0.002,0.086,0.022,-0.114
0.131,0.092,0.966,1.0,0.01,-0.014,-0.001,0.021,-0.006,-0.004,0.079,0.114,-0.057
0.133,0.091,0.966,1.0,0.015,-0.018,-0.001,0.032,-0.013,0.007,0.264,-0.18,-0.12
0.133,0.091,0.965,1.0,0.02,-0.011,-0.004,0.011,-0.014,-0.035,0.383,0.45,-0.281
0.135,0.09,0.965,1.0,0.011,-0.022,0.0,0.014,-0.011,-0.014,-0.099,-0.102,0.019
0.135,0.09,0.964,1.0,0.011,-0.021,-0.0,0.011,-0.017,-0.032,0.035,0.049,-0.049
0.135,0.089,0.961,1.0,0.009,-0.024,-0.0,-0.003,-0.003,-0.053,0.106,0.08,0.019
0.135,0.089,0.96,1.0,0.006,-0.025,0.0,-0.006,-0.0,-0.051,-0.042,-0.004,-0.036
0.134,0.089,0.955,1.0,0.005,-0.025,0.0,-0.018,0.006,-0.074,0.09,-0.074,-0.021
0.133,0.089,0.953,1.0,0.001,-0.023,0.0,-0.023,0.004,-0.068,-0.13,0.058,-0.023
0.131,0.09,0.946,1.0,0.007,-0.025,-0.0,-0.032,0.013,-0.097,0.393,-0.201,-0.072
0.13,0.091,0.943,1.0,0.002,-0.02,0.001,-0.039,0.018,-0.114,-0.205,0.191,0.084
0.126,0.092,0.932,1.0,-0.0,-0.011,0.004,-0.06,0.016,-0.173,-0.813,0.718,0.274
0.125,0.093,0.93,1.0,0.01,-0.019,0.0,-0.042,0.028,-0.142,0.254,-0.117,-0.118
0.121,0.095,0.918,1.0,0.017,-0.019,-0.0,-0.043,0.025,-0.151,0.088,-0.181,0.055
0.12,0.095,0.914,1.0,0.019,-0.017,-0.001,-0.052,0.016,-0.172,0.156,0.028,0.012
0.116,0.095,0.9,1.0,0.024,-0.018,-0.002,-0.058,-0.001,-0.183,0.219,-0.024,-0.069
0.114,0.095,0.895,1.0,0.012,-0.009,0.004,-0.082,-0.008,-0.228,-0.978,0.927,0.549
0.11,0.094,0.883,1.0,0.018,-0.013,-0.002,-0.05,-0.024,-0.158,-0.229,-0.119,0.039
0.109,0.094,0.879,1.0,0.02,-0.013,-0.001,-0.043,-0.012,-0.163,0.116,-0.138,0.024
0.105,0.091,0.867,0.999,0.023,-0.022,-0.001,-0.052,-0.053,-0.147,0.147,-0.673,0.021
0.104,0.09,0.865,1.0,0.019,-0.012,-0.001,-0.055,-0.041,-0.137,-0.244,0.342,0.103
0.101,0.086,0.854,1.0,0.022,-0.01,-0.002,-0.044,-0.052,-0.134,0.109,0.286,-0.045
0.1,0.085,0.851,1.0,0.016,-0.011,-0.002,-0.046,-0.071,-0.133,-0.497,0.128,-0.05
0.097,0.079,0.84,1.0,0.017,-0.01,-0.001,-0.035,-0.071,-0.143,0.08,-0.214,0.133
0.096,0.078,0.837,1.0,0.024,-0.001,-0.003,-0.055,-0.046,-0.183,1.159,0.638,-0.249
0.094,0.072,0.825,1.0,0.007,-0.004,-0.0,-0.023,-0.083,-0.182,-0.747,0.334,0.171
0.094,0.071,0.822,1.0,0.01,-0.006,-0.003,-0.017,-0.073,-0.154,-0.131,0.122,-0.109
0.093,0.066,0.808,1.0,-0.009,-0.01,-0.002,-0.004,-0.058,-0.176,0.034,0.005,-0.114
0.093,0.065,0.805,1.0,-0.01,-0.013,-0.001,-0.005,-0.04,-0.178,0.121,-0.17,-0.004
0.093,0.063,0.79,1.0,-0.013,-0.015,-0.001,-0.004,-0.017,-0.197,0.071,0.065,-0.002
0.093,0.062,0.785,1.0,-0.017,-0.013,-0.0,-0.007,-0.021,-0.215,-0.34,0.187,0.11
0.093,0.064,0.77,1.0,-0.009,-0.014,-0.0,0.001,0.021,-0.193,0.082,0.121,-0.041
0.093,0.065,0.766,1.0,-0.004,-0.015,0.001,0.003,0.038,-0.187,0.529,0.002,0.008
0.093,0.068,0.751,1.0,0.007,-0.015,-0.002,0.011,0.051,-0.182,0.303,-0.227,-0.052
0.093,0.07,0.747,1.0,0.007,-0.014,-0.001,0.001,0.06,-0.18,0.003,0.063,0.065
0.094,0.072,0.74,1.0,0.004,-0.016,0.001,0.015,0.066,-0.161,-0.347,-0.239,0.228
0.095,0.076,0.729,1.0,0.016,-0.024,0.003,0.029,0.082,-0.186,0.371,-1.272,0.576
0.095,0.078,0.724,1.0,0.015,-0.016,-0.001,0.006,0.058,-0.169,0.392,-0.163,0.014
0.095,0.078,0.724,1.0,0.015,-0.016,-0.001,0.006,0.058,-0.169,0.392,-0.163,0.014
0.096,0.081,0.711,1.0,0.012,-0.001,-0.003,0.023,0.043,-0.202,-0.202,0.489,-0.163
0.098,0.085,0.695,1.0,0.01,0.005,-0.002,0.035,0.046,-0.207,-0.302,0.355,0.035
0.099,0.087,0.692,1.0,0.01,0.001,-0.002,0.038,0.06,-0.175,-0.319,-0.02,-0.08
0.104,0.09,0.675,1.0,0.013,-0.005,-0.001,0.066,0.051,-0.211,-0.057,-0.255,0.07
0.105,0.091,0.67,1.0,0.013,-0.005,-0.002,0.064,0.038,-0.215,0.04,-0.221,0.011
0.108,0.093,0.662,1.0,0.021,-0.009,-0.001,0.079,0.053,-0.197,0.088,-0.328,0.107
0.113,0.095,0.65,1.0,0.021,-0.015,-0.002,0.085,0.028,-0.211,0.046,-0.131,0.018
0.115,0.096,0.643,1.0,0.019,-0.015,-0.002,0.085,0.025,-0.168,-0.725,-0.436,0.295
0.115,0.096,0.643,1.0,0.019,-0.015,-0.002,0.085,0.025,-0.168,-0.725,-0.436,0.295
0.12,0.096,0.63,1.0,0.022,-0.013,-0.002,0.074,0.009,-0.205,0.445,0.282,-0.049
0.124,0.097,0.621,1.0,0.019,-0.017,-0.002,0.082,0.011,-0.162,-0.277,-0.091,-0.005
0.126,0.096,0.616,1.0,0.026,-0.012,-0.004,0.064,-0.009,-0.209,0.405,0.466,-0.166
0.13,0.096,0.606,1.0,0.023,-0.02,-0.003,0.08,-0.01,-0.166,0.02,-0.314,-0.041
0.13,0.096,0.606,1.0,0.023,-0.02,-0.003,0.08,-0.01,-0.166,0.02,-0.314,-0.041
0.134,0.094,0.593,1.0,0.01,-0.018,0.0,0.054,-0.029,-0.221,-1.06,0.488,0.165
0.137,0.093,0.587,1.0,0.014,-0.026,-0.001,0.067,-0.025,-0.18,-0.077,-0.371,0.024
0.137,0.093,0.587,1.0,0.014,-0.026,-0.001,0.067,-0.025,-0.18,-0.077,-0.371,0.024
0.14,0.091,0.574,0.999,0.026,-0.023,-0.002,0.055,-0.028,-0.209,0.66,-0.013,0.054
0.142,0.089,0.567,1.0,0.019,-0.024,-0.002,0.044,-0.036,-0.173,-0.171,-0.034,0.056
0.143,0.087,0.562,0.999,0.02,-0.027,-0.003,0.041,-0.05,-0.184,-0.081,-0.205,0.002
0.145,0.085,0.55,1.0,0.009,-0.024,-0.002,0.034,-0.047,-0.163,-0.609,-0.173,0.127
0.145,0.085,0.55,1.0,0.009,-0.024,-0.002,0.034,-0.047,-0.163,-0.609,-0.173,0.127
0.146,0.081,0.538,1.0,0.008,-0.025,-0.003,0.023,-0.043,-0.171,0.211,-0.283,-0.035
0.147,0.08,0.531,1.0,0.011,-0.024,-0.001,0.018,-0.047,-0.182,0.216,-0.121,0.169
0.147,0.08,0.531,1.0,0.011,-0.024,-0.001,0.018,-0.047,-0.182,0.216,-0.121,0.169
0.148,0.077,0.517,1.0,0.013,-0.017,-0.002,0.009,-0.032,-0.213,0.092,0.295,0.043
0.148,0.074,0.501,1.0,0.007,-0.019,-0.002,-0.001,-0.025,-0.21,-0.177,-0.108,0.089
0.148,0.074,0.497,1.0,0.003,-0.018,-0.003,0.0,-0.031,-0.185,-0.522,-0.075,-0.02
0.148,0.072,0.481,1.0,0.001,-0.019,-0.002,-0.004,-0.022,-0.183,-0.285,-0.083,0.081
0.148,0.071,0.478,1.0,0.004,-0.02,-0.003,0.003,-0.018,-0.17,0.061,-0.137,-0.035
0.147,0.071,0.462,1.0,0.007,-0.022,-0.004,-0.007,-0.0,-0.184,-0.047,-0.182,-0.031
0.147,0.071,0.459,1.0,0.009,-0.019,-0.004,-0.006,-0.002,-0.187,0.1,0.051,0.024
0.146,0.07,0.443,1.0,0.011,-0.018,-0.003,-0.007,-0.001,-0.191,0.092,-0.117,-0.054
0.145,0.07,0.44,1.0,0.01,-0.018,-0.003,-0.009,-0.004,-0.177,-0.064,-0.075,-0.016
0.144,0.07,0.425,1.0,0.007,-0.016,-0.004,-0.008,-0.002,-0.199,-0.251,0.061,-0.119
0.144,0.07,0.422,1.0,0.011,-0.017,-0.004,-0.012,-0.016,-0.202,0.099,0.0,-0.064
