42.00000000000341,0.06999999999999745,69.99999999999505,670.0000000000409,0.0
42.001915091472,0.11861416806193403,70.00000030461166,670.0000000003848,0.0
41.99456636833515,0.1851205419443413,70.00018003026415,670.0000109910017,0.0
41.9812179612195,0.2,70.00028730682119,669.9999824330696,0.007667239321770764
41.9768242988811,0.2,70.00240473777261,670.000239937478,0.0
41.9970606325855,0.2,70.00180016179569,670.0001490635767,0.02357933901618378
42.05098460641857,0.035,70.0005621824233,670.0000940994313,0.0377330074096143
42.14697682700837,0.03937581364871268,70.00123026869348,670.0002398394519,0.0
42.266628568235156,0.0509953691025729,70.0020918760866,670.0003506813109,0.0
42.400144631514074,0.06560996816934084,70.002712857459,670.0004068543572,0.0
42.523887109660244,0.08815086698938063,70.00306803646518,670.0005865571444,0.0
42.630220414031854,0.11427133240529988,70.0032818919953,670.0005784744548,0.002804162813711708
42.72650444725883,0.16873010630054705,70.00435122379733,670.000689604665,0.0
42.777989524951984,0.1498838360752414,70.00257776597796,670.0005002174594,0.04522113976821538
42.790518728834144,0.07164041009586129,70.00413907825528,670.0006115381364,0.02070811801972501
42.80779245930841,0.10532009150760102,70.00100790192101,670.0001307607004,0.12474969516167109
42.805107597439786,0.11755705681690536,70.00010899447031,670.0000060714722,0.15359060411904096
42.755142720941095,0.0721888572293226,70.00515051632135,670.0007146710127,0.0
42.72157438793183,0.14069392187008217,70.00496158024494,670.0008063373537,0.0
42.65418155496695,0.1475839725103297,70.00493119299075,670.000730386868,0.016839082732013996
42.56011985139756,0.13479491931571452,70.00513118336498,670.000731586205,0.017680961089472383
42.45717164578039,0.0960813558629531,70.00593080083637,670.0007247723968,0.0214010150987884
42.349193224985704,0.07645118289323095,70.00602401093826,670.0007015453111,0.025732922827002985
42.250015931390415,0.0957256876890042,70.00316495535873,670.0002926250561,0.09527523461159551
42.15177858935037,0.06881309072365192,70.0065354330035,670.0007749739049,0.0076305263469636925
42.06814142102069,0.08936645208539182,70.00921124848328,670.0011053386713,0.0
41.978030815944486,0.09965652340410014,70.00961462974392,670.0011632745292,0.0
41.88267390071976,0.10339251469608826,70.00975340701163,670.0011648946164,0.0
41.77912888314626,0.09274116644065086,70.01028621153928,670.001135770142,0.005909809853206511
41.697442601147166,0.09887074923754062,70.01050243031544,670.0011464362839,0.0043637530805190625
41.625130841298244,0.10473774596901564,70.0105178053145,670.0011473902387,0.004653678233191024
41.567381388786195,0.12214398062817944,70.01020891173664,670.0011549723398,0.0032435905958227273
41.4880405903366,0.12324438313305816,70.00926737369544,670.0009779345435,0.02837149608717376
41.418966187221244,0.1294828076897069,70.007315671566,670.0006273769105,0.07763670788858205
41.3433013893347,0.12671786218327227,70.00973717677182,670.0010029328323,0.0249613078667223
41.26326424456383,0.1206568885218317,70.01136433873458,670.0011298395419,0.008693738426044102
41.19204607445023,0.11741834580017016,70.01279995432772,670.0012551411596,0.0
41.130098208403744,0.11915385009139975,70.01331548054789,670.0013743037805,0.0
41.0636267012348,0.11675486850324142,70.01270406376602,670.0013353649433,0.005994062115123147
41.00457229966416,0.1149665735625787,70.01192692777697,670.001297086558,0.011676947488032054
40.947471289203506,0.11194992389232682,70.01213680750813,670.0012650917266,0.017139094316673462
40.896282021504426,0.11215892864662497,70.01157238478022,670.0011137668827,0.03627451990677727
40.852868230612124,0.11682491075171915,70.00942905144306,670.0008499137616,0.06835579194279995
40.79607617071547,0.0992149419897256,70.01444157028851,670.0015519447157,0.0
40.748991341426866,0.10481983084290639,70.01475092187422,670.0014722595067,0.007094417385729947
40.708126151946715,0.11168014680969712,70.01409937916259,670.0013338785768,0.02067511228562079
40.665172781264275,0.1068459676993549,70.0136832981743,670.0013760998684,0.017370365948349654
40.62043425540135,0.10204703105895072,70.0159210492664,670.0015055688847,0.004686906084407121
40.58398431328775,0.10820567072142351,70.01524903389318,670.0014166783179,0.013474816991981449
40.54954604163224,0.11078569498958374,70.01462318048895,670.0013607511013,0.019131415308480632
40.51305117649588,0.11168633434419763,70.01389787168199,670.0012535281727,0.029973029214117722
40.481016304621924,0.1147214403534963,70.01177577788513,670.0011137539068,0.04394660178246829
40.44875009000271,0.11894525276103063,70.00836428140303,670.0009431409085,0.06091892701128186
40.408537402956746,0.11719369093847368,70.00864446690657,670.0009660201782,0.05877753208302181
40.37153885440258,0.11602182918022708,70.00881958872523,670.0009750776746,0.058031018641598035
40.33463761569913,0.1146322612017509,70.01033587976153,670.0010496849159,0.050843252503317136
40.305372152869154,0.11537386308272082,70.0084200991614,670.0009638338711,0.059262796314555416
40.27924813340735,0.11859637336464644,70.00566220751305,670.0007213527172,0.08220786643861576
40.24743935012743,0.11540402122700087,70.0086145944272,670.0009505978121,0.06051908152562474
40.22315248316534,0.11228635060323718,70.01050027473387,670.0011980724355,0.03758754459519795
40.2008260328385,0.10995230748537108,70.01230419379766,670.001438248023,0.015971629068940573
40.18031862408016,0.11078852393534129,70.01313284628166,670.0014625418348,0.013341121273469007
40.160754474147126,0.10801686380926465,70.01327646145889,670.0015877481768,0.003707422783405861
40.14193235471602,0.10591608347305663,70.01361901308185,670.0017224966747,0.0
40.12754919657837,0.10740414485049411,70.0111699759208,670.0012248869564,0.03901780800376673
40.10786384268775,0.11026775068408032,70.00673511313786,670.000427632821,0.10137272186903323
40.089900096186646,0.10649891508013834,70.01094215458743,670.0020429593101,0.0
40.072144928428905,0.10416309597936303,70.00549372107723,670.0015668600511,0.03893937913378147
40.05155918627028,0.09729895057287828,70.01985924721296,670.002629989083,0.0
40.03168259138712,0.09325554478575789,70.01732998352263,670.0022375511323,0.031996733155469206
40.01484272999769,0.09699397795722452,70.02720093236148,670.0033164646362,0.0
40.00082258501969,0.09482555449160672,70.02399535237284,670.0030589354283,0.01921772197914079
39.98195481494444,0.09548235694005804,70.02055316413275,670.0026860290884,0.044644609115179354
39.963259981287,0.08546925087741702,70.01786859840153,670.0028935651247,0.037734249273952
39.95504278781967,0.08752446730046397,70.02729113070214,670.0042104088227,0.0
39.942044557471924,0.10239879835141441,70.03418668595035,670.005403378621,0.0
39.94046595759544,0.11616562106704141,70.0364275955854,670.0058355870575,0.0
39.948113993815035,0.09968955583739986,70.03427611785912,670.0050817516053,0.058687701944087456
39.94729070198171,0.09086476226496082,70.03565706861552,670.0040036298867,0.132552311254373
39.959816397819054,0.08436392842755205,70.04173792970681,670.0036250398451,0.16278644052448338
39.9770511119999,0.09175290768845708,70.04312471961927,670.0026293840666,0.24077684388511678
39.9964046663801,0.11260005081650765,70.05499512588443,670.0041007187192,0.145870383176067
40.023087550210775,0.15188553136773225,70.10595229691457,670.0037745251417,0.17858240024375477
40.043825317248604,0.1443280231595531,70.08900395562664,670.0047900774239,0.09577967589307579
40.06142693014264,0.13677817454892516,70.07366564345601,670.005221217045,0.08090703268444091
40.07627473073294,0.14099931967215115,70.06466829900366,670.0065068476827,0.00588225530203898
40.098683904334436,0.13890951528882403,70.0368704104854,670.0098931020602,0.0
40.117272991936126,0.14962198769483287,70.01963522706477,670.0135027311209,0.0
40.12075639368363,0.13795575927833464,70.02214451808464,670.012497356276,0.06484386378946036
40.12497404004884,0.12148930993889966,70.03577672713061,670.0096875612685,0.18079129291761697
40.12493467134503,0.10933319934191282,70.05814577285608,670.0073466115919,0.2877121016089735
40.12502471452559,0.10355877600559742,70.0700280993974,670.0068689094257,0.3479878687833935
40.13223942917733,0.11003957250515914,70.05619490530928,670.0064991231542,0.2888888724081713
40.13618460474821,0.12723646992226834,70.04421142149562,670.0066537987966,0.21275039809755558
40.13194081495639,0.14015225986942642,70.04504063434794,670.0064361561606,0.14219914674512102
40.13116749429973,0.13599324292645423,70.04988502203251,670.0066141185679,0.11560344910449956
40.12854750444319,0.1127879000145767,70.06017477801363,670.0077450214237,0.14884809885915617
40.12525617017369,0.11221074032017186,70.06745111358761,670.0084088782984,0.13586901215000569
40.13172866806065,0.11307050614035949,70.0721708213003,670.0098412190738,0.11052762353213123
40.13357399607791,0.10602451432622273,70.06710670940143,670.0126302309721,0.09944239920221291
40.13672311803939,0.10219461157121466,70.06514928248122,670.0143059104581,0.09630697811476813
40.152605021840486,0.10052849741574954,70.038624523545,670.017960076814,0.075750592131526
40.16116612896349,0.09771232294852152,70.01644989838485,670.0214936793457,0.06296033914055267
40.17182302819965,0.09687265411708941,69.98652051001544,670.0273499662868,0.03690413090064635
40.17851204621455,0.09759798285188534,69.97685203149557,670.0300423859937,0.02373516931355778
40.18540049662797,0.09932562092072396,69.96585926092641,670.0326894619918,0.010812617919707475
40.186690888923756,0.09829689309267561,69.96005640056963,670.0346032103008,0.007762091160163185
40.18025185410934,0.09746635250062366,69.94780736194907,670.0358146359101,0.006464613760255585
40.171194558080245,0.09851870433575002,69.94678227000955,670.0397569181374,0.0
40.163481838806106,0.10351136519531601,69.9532292371804,670.0448309434897,0.0
40.14780387678964,0.10110952914260743,69.95325138898549,670.044011994098,0.0070505067207989845
40.128135013994786,0.0995987990385963,69.93316620839845,670.0420384058049,0.015074164279984828
40.1075790483393,0.09881273901296198,69.94033316016996,670.0426914227745,0.014953994435198114
40.081941787934156,0.09891719422993347,69.93417720332751,670.0429736608864,0.0137583004344169
40.05578034704329,0.10217698354706002,69.93897652377022,670.0430746860715,0.0065630138016652215
40.02683758587171,0.10268945874670023,69.93427995376246,670.0431110029397,0.005196460859315403
40.003990647619645,0.10122766623639405,69.93821093058637,670.044313794673,0.005351513539241707
39.97656467955809,0.10241665877329421,69.94470845147099,670.0443152159954,0.0027068741096473756
39.952678282017175,0.10205361829588609,69.94557194116975,670.0448475546397,0.0020674949559687577
39.94846982576422,0.09897174370371115,69.95492570388339,670.0476351766569,0.0026017558033590606
39.93773806004546,0.09790186249278374,69.95965266846719,670.0487483324551,0.002380107115393279
39.93445185142974,0.09721483318777062,69.96244224881845,670.0497056175723,0.0018455738141757573
39.94374602247106,0.09622336997874682,69.96321559028615,670.0521078167438,0.0
39.95806072011466,0.09572083491364577,69.96029798985757,670.0533284024166,0.0
39.965660141818034,0.09608383982312886,69.95758128369624,670.0524898801316,0.0005806925356602524
39.97574586333484,0.09559435113408565,69.95191127390561,670.0544868886255,0.0
39.989039798405535,0.09475914073319276,69.92294347375358,670.0605028923763,0.0
39.99898089712295,0.09388284238250083,69.89550778122288,670.0684879606202,0.0
40.001835518552475,0.09355215024561424,69.88081560526838,670.076669773999,0.0
40.00369427336323,0.09404896076174406,69.86540918614898,670.0857958316658,0.0
39.99763710106185,0.09421407384216393,69.85776422730366,670.0872009754956,0.0
39.97376521093886,0.09289517238461382,69.88285100484633,670.0756462395368,0.016312629450570434
39.955526325778074,0.09295678405914637,69.87406847601893,670.0764411860905,0.015827038184247286
39.93480925741598,0.09436356762396818,69.8474150421281,670.0802381501743,0.009942506024207175
39.9161591068552,0.09771692803861476,69.82302688557628,670.0970109568166,0.0
39.894913828479744,0.10176229982193033,69.81735497815376,670.1062583520469,0.0
39.86900031820556,0.10476939158110073,69.81169835167826,670.1088341606719,0.0
39.84857607783044,0.1040268864305062,69.80877381965506,670.1075005811738,0.0041411969132011195
39.83737328675034,0.09969492480644404,69.79595899444605,670.1028455139847,0.017304258680449054
39.828993057349216,0.09718423040716967,69.78907077113773,670.1019595114241,0.02367508229630634
39.82932633452841,0.09399981961211674,69.75316042743161,670.0972964929329,0.03569912097748834
39.8448235578358,0.09440736942678855,69.764454694711,670.0984431939648,0.03546839481863169
39.862103059702505,0.09618274717121707,69.7967631463648,670.0973777386325,0.03374800083766281
39.88641512816532,0.0976001106973699,69.82542337183204,670.0952156991159,0.03359643911034827
39.91754053067331,0.09703584245732774,69.83160547962706,670.0984188676003,0.03198054333315277
39.94844746821501,0.0965021457560891,69.82315250614057,670.1034498744467,0.02926209388837076
39.990703425327574,0.09558018738646534,69.74764413801904,670.1339747289906,0.010848619819870203
40.02917243115823,0.09667104118081399,69.68468277975313,670.1608901395924,0.0
40.06338504461391,0.09860386716379176,69.64442234793937,670.1829832543345,0.0
40.08498349449225,0.09920723151909822,69.63649568965818,670.1896090325698,0.0
40.0990655577222,0.09959445286027346,69.62927240332057,670.193647459715,0.0
40.10537589250712,0.09759064001551833,69.62496147334949,670.1934470629519,0.003902216931705957
40.111123045469206,0.09715089018429898,69.60955013766876,670.1946318553623,0.0034923376156294466
40.114142112952145,0.09696614456517973,69.61019553244067,670.1969604945517,0.002003631741917088
40.12123074443315,0.09801055601168637,69.63548298006177,670.2061222177058,0.0
40.12635281516731,0.09988196464583024,69.64757310825257,670.2115305300184,0.0
40.125481098046464,0.10249282071585045,69.66997423070303,670.2139981884865,0.0
40.12968020985015,0.10215493294123572,69.67248776439344,670.2151571832437,0.0
40.14138480671318,0.1006514802264615,69.66619595695096,670.2182242695096,0.00058500470711659
40.14865464348138,0.09934548824385095,69.66320547005515,670.2227603329675,0.0
40.1634561562742,0.09817814778745995,69.65288458767553,670.2272184842096,0.0
40.18379446060277,0.09748885377545942,69.64803967249088,670.2349686328743,0.0
40.22022113441074,0.09678852282461199,69.63409416747376,670.2517126582725,0.0
40.25089857955377,0.09654882958922469,69.62282208970008,670.272327227573,0.0
40.270988130041474,0.09636416533994431,69.63000138786148,670.2705084579655,0.00043969757310928037
40.28417299035948,0.09592795519993257,69.64023590259386,670.2652420406807,0.0026078134249463937
40.2950464409323,0.09596689677662436,69.64820757871223,670.2717194451418,0.0
40.299277638168654,0.09573436120174655,69.64947842360353,670.2713684596565,0.0
40.30406699113265,0.09732809002280145,69.64974707821266,670.2873197886993,0.0
40.30653614054555,0.1005593922484361,69.6685481485226,670.3025408700303,0.0
40.30625837760566,0.1016025862357944,69.69578364057263,670.3089451986556,0.0
40.30406748382432,0.10046167100968471,69.68704493259091,670.306825200497,0.00200569442687585
40.30184849837807,0.10008513150359437,69.6900038315343,670.3070087002327,0.0022307422737789205
40.30862270226364,0.10039756251615255,69.72824784009815,670.3150795596281,0.0
40.32198355817056,0.10086445622010663,69.76866202633587,670.3218392364694,0.0
40.33544408659975,0.1005673469922774,69.77032215069815,670.3229282829684,0.0
40.364276938293344,0.0994239201907019,69.78649152616063,670.3284699200856,0.0
40.394936522269425,0.09876399905271152,69.79709640377148,670.3321520192453,0.0
40.42560959235576,0.09844672098820477,69.79316074038275,670.3330237171062,7.457660647506399e-05
40.45787351250211,0.09849111220243235,69.7895386602463,670.3300201028543,0.0008711245247735863
40.49078604413698,0.09840724323037837,69.79178403810401,670.3304723901642,0.000942471030683425
40.52632810054715,0.09715550464349351,69.77208170967117,670.3618113906133,0.0
40.557511980790565,0.097161753926694,69.73685188935558,670.3823541552795,0.0
40.576562653022776,0.09710021060025412,69.71223704736488,670.3994829226065,0.0
40.59494973257427,0.09730719008846794,69.66345448661029,670.4171023923327,0.0
40.59295220050772,0.09691261020856201,69.67469286324925,670.4255272623243,0.0
40.578669326972985,0.09662024567489388,69.70032099335079,670.4357539390213,0.0
40.55858640315955,0.09564358987444951,69.69658851615783,670.439349034872,0.0012661526112579477
40.53927896710553,0.09580879527097727,69.69928434468439,670.4507800218474,0.0
40.509891810198475,0.09397614543676121,69.72340672744306,670.4563840163013,0.0020038507237924077
40.480004383041056,0.0932526691348553,69.76309826310347,670.467129070078,0.0009060173056224001
40.46496126838445,0.09199295527556017,69.79964369831798,670.4769287148894,0.0013573362903579402
40.456163974853276,0.09076496885872379,69.82722801576162,670.4863178359493,0.001646961104989401
40.45306625270594,0.08977621130548896,69.83938724848176,670.4922659287143,0.0022685805494594732
40.45786753223913,0.08877850738727514,69.86714851921522,670.504252537218,0.0013669466808382544
40.456815785393374,0.0884538919229445,69.89690318192305,670.5150512168335,0.0
40.466904312392586,0.08840349638479529,69.9307722016753,670.5411521886509,0.0
40.48011469129197,0.08796818398360795,69.99011221554602,670.552345502657,0.0
40.4980077478378,0.0879456152126819,69.9983352448821,670.5572197781821,0.0
40.524091095114954,0.08775691877806883,70.03059741968417,670.5667175127631,0.0
40.54646945128728,0.08852569013773323,70.01537366762192,670.5897708765953,0.0
40.568943466533185,0.08931257500133043,70.01329844880593,670.6041289092599,0.0
40.58532017361017,0.08879008993282302,70.03153052618273,670.6023277663722,0.0008689068323665143
40.59580966722574,0.08846256891063639,70.03149449525351,670.5923000962592,0.003149603231669042
40.607136737109684,0.08855088611534885,70.02753464055353,670.6118802628677,0.0
40.614067092516756,0.08865418109907139,70.05796687983499,670.619807651571,0.0
40.61899215553569,0.08907682015307852,70.09355274287205,670.6279682811305,0.0
40.61996595809116,0.08875604051054008,70.08089547837123,670.6266510518303,0.0005261373698347532
40.61810744021349,0.08823629864263588,70.02812815249112,670.6197054368473,0.0022799141557207454
40.61308590549214,0.0879161739884555,69.9555785875393,670.6103340561663,0.004305408134660277
40.62182970444716,0.0878284862548031,69.97946388110473,670.6165468478837,0.0029989138422155527
40.63152599113316,0.08798838258101245,69.9633383623809,670.6173937410887,0.0024095535488025785
40.648793871474986,0.0878144037823438,69.99851545405895,670.6259052255506,0.0008308783524624403
40.66652016434661,0.08727412890162779,70.02323746089131,670.6363830186556,0.0
40.67763176273409,0.0874588647897065,70.0102993269454,670.6326157929864,0.0002711558721049916
40.69753721867753,0.08679802173722215,70.04939114402221,670.6555515532573,0.0
40.71419406270963,0.086280650094311,70.07443215574419,670.6781534362221,0.0
40.72882461936913,0.08596975415280284,70.07437460247681,670.7023664633601,0.0
40.742087271231256,0.08571405392994813,70.08756037072249,670.724859108829,0.0
40.752220466668454,0.08560538367071524,70.1086427059653,670.7425575408946,0.0
40.75748408820591,0.0855833983736625,70.1229670126469,670.7560873807165,0.0
40.760939413487854,0.08556790196475265,70.06567976797702,670.7763144127257,0.0
40.76208549715852,0.08647290584195036,69.98682773588553,670.800708659776,0.0
40.76217113385362,0.08726641372355878,69.94944284421996,670.824272432699,0.0
40.76373748491601,0.08702096214528249,69.93667477772833,670.8451507267827,0.0
40.76432088558977,0.08740969904056581,69.94829356269717,670.877332737539,0.0
40.76578756887565,0.08672606999757378,69.91155244392328,670.8770077080906,0.001169345438083082
40.76673107091203,0.08660026221438974,69.8819813215692,670.8843974465307,0.00038320984292833393
40.78141396266781,0.0863966668540446,69.90139629675302,670.8977711597468,0.0
40.79467661140369,0.0870674175907066,69.93319005418881,670.9142673010456,0.0
40.81899936403795,0.08630834993948161,69.9526582172604,670.9293240502548,0.0
40.83931284616301,0.08665192115352785,69.988516474484,670.9419813925025,0.0
40.869216807881,0.08541652912918193,69.9782380260753,670.9613165250471,0.0
40.893062831424345,0.08498212557392389,69.98473471692479,670.9781641792929,0.0
40.92105016367554,0.08434593371299481,70.00508786110184,670.9961731055008,0.0
40.94307558761405,0.08417527492871994,70.0330127588957,671.0169650395201,0.0
40.95481735095077,0.0839552307273213,70.05720234323391,671.0142427265151,0.0004895637993203316
40.96605652182205,0.0839647779899792,70.07214555487015,671.0178121992872,0.0
40.96749974554349,0.08365267724756495,70.08544102417017,671.0139777905539,0.000755002331693945
40.96634748475142,0.08347970873599339,70.10427534491706,671.0170890035889,0.0004046615299951226
40.96339986107315,0.0835474490037283,70.1225090006076,671.0244153687382,0.0
40.94934452302337,0.08327228622085073,70.12720151803593,671.0274640833186,0.0
40.93678843716786,0.08322021143277152,70.14292258534788,671.0347804476579,0.0
40.916154898588,0.08273829626641732,70.13730801267783,671.0415249874277,0.0
40.89989275233762,0.08252295064424953,70.13620506341182,671.0490795731052,0.0
40.886268828490785,0.08270344832873475,70.21095658957034,671.0636560785122,0.0
40.87354782425186,0.08265328062679791,70.24585007004345,671.0749668192834,0.0
40.86362111511853,0.0828350996574568,70.27026460842005,671.0856434298189,0.0
40.85802184332672,0.0826882573397606,70.33808370212198,671.1008303577194,0.0
40.85484866991899,0.08244227923304799,70.41403326729123,671.1178090749095,0.0
40.85212223546703,0.08227656262380953,70.46844756389945,671.131321697458,0.0
40.85130770958413,0.08217681633328183,70.52776622386902,671.1447554165012,0.0
40.85071560053814,0.08220473468897276,70.53238933190678,671.1526154301102,0.0
40.849747690343335,0.0823564387374557,70.5290919752384,671.1491353377744,0.00012337471116066442
40.85319352337266,0.08213301235956982,70.53263481749143,671.1765690980676,0.0
40.854254990365725,0.0819194567120382,70.52337108804268,671.2057675200939,0.0
40.852843972907095,0.08195095021934276,70.4879266824644,671.2199469361029,0.0
40.85070241542271,0.08190397703301543,70.51333001810681,671.2313670163809,0.0
40.848329017134,0.08197264535068344,70.52866401739132,671.244452225909,0.0
40.841432169685184,0.08184871552394687,70.61039070586936,671.2554279659306,0.0
40.836729592070725,0.08201471135163481,70.69748178515216,671.2824270302482,0.0
40.822104316255015,0.08151543825559605,70.66695199475737,671.2810321246384,0.0009390988950005595
40.80865087254527,0.0814700027404474,70.6104033542554,671.2836525703364,0.0008771349656675582
40.793210975076235,0.0810841407636147,70.68531685905918,671.3035681062269,0.0
40.780215581457355,0.08141389070159565,70.78265265907305,671.3352965191692,0.0
40.76668657116724,0.08116372113518473,70.83593326413038,671.353815193,0.0
40.7545338757579,0.08059760611913451,70.85324795103759,671.3682789073417,0.0
40.740896647080724,0.08089439532527666,70.90075761689872,671.3847183089566,0.0
40.74069626311351,0.08012142696184373,70.92502606781808,671.3966837925257,0.0
40.73716522291415,0.07982691803682367,70.94858870961171,671.4019044759103,0.0
40.75004261646173,0.0797065569037123,70.97322536325494,671.4155653173818,0.0
40.75889413173666,0.07990555551425281,70.9860223561768,671.4258053312086,0.0
40.771756769695216,0.07963051717646791,71.03816138217907,671.4312675658215,0.0
40.782323015088934,0.07957593436482426,71.09798755671348,671.445480530339,0.0
40.78578983584629,0.07937938435099044,71.11043836925717,671.4382031848517,0.0009407594775627993
40.78879445120401,0.07928002388732365,71.15535656462289,671.448885627617,0.0
40.78334993316789,0.0790277182612978,71.16131166493007,671.4498940855644,0.0001921244843997586
40.775753283734126,0.07895422634742856,71.16874224902757,671.4581938050661,0.0
40.76972599044177,0.0790937188878015,71.18887228018335,671.4694679330117,0.0
40.755124556068324,0.07888070832475345,71.22936994091407,671.4821407493861,0.0
40.743582261245656,0.07888658060146886,71.27707719447321,671.4960836844643,0.0
40.724210507466076,0.07863325608114592,71.29410644785553,671.5119556400168,0.0
40.70933248852215,0.07859931091652532,71.31194369667398,671.5257775127822,0.0
40.69278577139422,0.07836516875400017,71.37197499475306,671.5483160547711,0.0
40.68111113535895,0.07847192995811061,71.39247444585502,671.5634516848851,0.0
40.672114282296626,0.0783448611631398,71.45513222129156,671.5815471782854,0.0
40.66677988490035,0.07828445346422287,71.51453797423245,671.6045537526817,0.0
40.66208600773054,0.07846760819487664,71.50883279142646,671.6124646305504,0.0
40.66192877427287,0.07831606268991938,71.60191094619164,671.6410257629071,0.0
40.661458355939004,0.0783289063202225,71.65822983315108,671.6553966433436,0.0
40.66380158837586,0.07849423683863663,71.69206039345717,671.6584173696917,0.0
40.66434760464034,0.07868404171993049,71.69748921003624,671.6441765295571,0.000932396315815639
40.66506382268428,0.07872848542183297,71.7182088094823,671.6473046535958,0.00046914002098329214
40.66510111190772,0.07879497254331953,71.70896569537577,671.651463639183,3.456790649484853e-05
40.66344531011627,0.0785001950399412,71.7892094580639,671.6577515895223,0.0
40.66307944719066,0.07826397450188331,71.84761949514935,671.6855471279111,0.0
40.65258463991106,0.07769765769758716,71.82706211002672,671.6758207795732,0.0016408979778105553
40.64363469570782,0.07724220935211429,71.7945968891371,671.6787697511155,0.0020703627377775544
40.63283648095292,0.07704784378466413,71.80657594764773,671.7143644488867,0.0
40.624373663853824,0.07738442256089205,71.83546665303737,671.760093231923,0.0
40.612545165045226,0.07682168218758312,71.84170309491746,671.7792507093016,0.0
40.6025004827113,0.0767807282508059,71.85684492781715,671.8053892811936,0.0
40.599197386789456,0.07635675002555473,71.88036673122753,671.8225089175946,0.0
40.59558826759875,0.0765731727446405,71.92303292696845,671.8361491708722,0.0
40.60508584518202,0.07599068733000636,71.9763859506354,671.8607366207668,0.0
40.61203472464026,0.07589120400525468,72.04161639120062,671.8800706506498,0.0
40.62761121980612,0.07574363825227677,72.04889465622901,671.8651548874741,0.0014263477908007048
40.638364873944624,0.07593187138827866,72.0406367300565,671.8353241748786,0.003669145723796092
40.657913805891056,0.07554331230403645,72.1192099168109,671.8671638357039,0.0014045412050078302
40.675358603781255,0.07573529099811521,72.21855828345498,671.9130047776093,0.0
40.68670056432995,0.07590204493035271,72.24624471610818,671.934586012491,0.0
40.696863548689926,0.07639967446598721,72.30091870445777,671.962094050124,0.0
40.69558308825265,0.0759350908677346,72.24859879379275,671.9593516722549,0.000683953505762416
40.694915884445166,0.07564740174120996,72.1894838926778,671.9588849412393,0.000983608216154258
40.68442679611953,0.07551142364490546,72.19761830135587,671.9719253559134,8.71754341901258e-06
40.67431174926608,0.0753650758531781,72.20277582006659,671.9854507284715,0.0
40.6596272861706,0.07533101697317938,72.2300353434609,672.001848379148,0.0
40.645888404497235,0.07520924545386079,72.25771411525832,672.0187941233406,0.0
40.63248681689833,0.07499510945495758,72.25664426759374,672.0337745918645,0.0
40.61860851495046,0.07497053583266806,72.29905145262843,672.052334808703,0.0
40.60567586498969,0.07492563596752243,72.30972616932807,672.067699256679,0.0
40.59300777614905,0.07501957666022006,72.27681773954811,672.073846926701,0.0
40.582366331812636,0.07498663842926943,72.31976865885439,672.0902290208528,0.0
40.574620383630055,0.07504881371289708,72.34758257515426,672.1032355967523,0.0
40.56615104316953,0.0751635833955671,72.33544155633827,672.1083020343744,0.0
40.561729614624255,0.07524110437959255,72.34544400187794,672.1163899507932,0.0
40.55871900965052,0.07530540120319196,72.3484956371089,672.1230444165501,0.0
40.55308875862251,0.07552321824062655,72.29943815196731,672.107098455225,0.001024729403634102
40.55608276589667,0.07563909225905556,72.32611363237326,672.1114505951232,0.0004671023846443439
40.55604839187099,0.07583681999376697,72.31225240601538,672.0923620033964,0.0016651333396018927
40.56098540031037,0.07587244589463057,72.36509385693148,672.0985268592132,0.0011053526039115932
40.56395362017221,0.075945358593327,72.38528411191784,672.0954610336955,0.0012758069913189982
40.563080714670804,0.0759606376099432,72.3214903435041,672.0794537924696,0.0022914025739222067
40.56109994239586,0.07612656217549561,72.20790651301802,672.0608830012337,0.003462269665335874
40.556135708113004,0.07573857038361488,72.32416405008367,672.0716514347629,0.003230162897531189
40.555223038957315,0.07548525661918302,72.4193856906281,672.131582671329,0.0
40.54779497258505,0.07490366662591008,72.42005517800803,672.1469395509907,0.0
40.537634234821546,0.07422659345543053,72.25992628088625,672.1581427745064,0.0
40.526739290407235,0.07454169264567138,72.2336152215627,672.1422645825385,0.0010494543811570296
40.520954754023435,0.0742712388631753,72.29294451360975,672.1701655370042,0.0
40.52189820992913,0.0738976800172637,72.43096889162553,672.2343749015372,0.0
40.52891148325978,0.07380377144444586,72.62100578116267,672.2890403052312,0.0
40.53927692611839,0.07339053214267241,72.67313344006897,672.295080309352,4.3626448003206776e-05
40.55229587286691,0.073205407153002,72.67340411258124,672.2812926556273,0.0012882028384484938
40.576348982860196,0.07290960837435367,72.72917383557436,672.315624525736,0.0
40.60046679280477,0.07286053042398272,72.81315245555274,672.3649993405908,0.0
40.62109024706891,0.07292747624144898,72.82484104924022,672.3788789176635,0.0
40.63884664755115,0.07269311372544966,72.84454056104846,672.3705156941381,0.0008792250838112852
40.64966640058742,0.07240373514958215,72.90637512557404,672.357280928622,0.0022687303050724387
40.659450399905175,0.0724337834624273,72.95491002758816,672.3682895710841,0.001361405100669702
40.66202463514603,0.07237051678697265,72.9842020644978,672.3796265079836,0.000528775173936168
40.66433158149053,0.07250202898825713,73.05199053738818,672.3972658497935,0.0
40.65689118332276,0.07227315377672981,73.0519095569932,672.405776964428,0.0
40.64807449335808,0.07208980141782709,73.1029579471959,672.4209674399146,0.0
40.63666421559957,0.07199437386686618,73.10782766672337,672.4368220641733,0.0
40.625267906631734,0.0719791054020959,73.1839818472855,672.4578301125023,0.0
40.613952652927445,0.07193002319560257,73.2397895942686,672.4786161863216,0.0
40.60494124460955,0.07197887697086267,73.29071494084977,672.4975618752391,0.0
40.59897533068617,0.07192564330516353,73.38599956737558,672.5212505719028,0.0
40.59616419415654,0.07198788699880097,73.44463992397488,672.5377382914667,0.0
40.5967781794283,0.07200066078705669,73.53917036757396,672.5602194714807,0.0
40.59934110179175,0.07206522202642024,73.5885103511314,672.5722092816509,0.0
40.604739426702054,0.07208921688334304,73.63605890193107,672.587270425024,0.0
40.61119302867431,0.07203652033166634,73.70616078684358,672.6162188450877,0.0
40.61926197044014,0.07200546444768696,73.77634659100225,672.6408757505859,0.0
40.62680394155784,0.07194824230084566,73.77723071299522,672.6646667759392,0.0
40.632982274571184,0.07189318696921562,73.76945374218577,672.6809440994809,0.0
40.63707253654281,0.07182828815094149,73.73198912951273,672.6846220691287,0.0
40.6396764813561,0.07152888212737123,73.7513361655636,672.6854185329374,0.000460082977142924
40.641615113836025,0.07127311008464796,73.75045672741071,672.713410730218,0.0
40.639309154376946,0.07103263494137647,73.72999980338683,672.7210828879586,0.0
40.6370905897673,0.07085953495710169,73.6931479396097,672.7562667642408,0.0
40.63193038574,0.07061732432315036,73.69128499731266,672.769360484187,0.0
40.62597943790209,0.07055168345050772,73.66892443822198,672.7856822667076,0.0
40.61974601071779,0.07042466600802733,73.69311675569935,672.7949475671201,0.0
40.614545945374914,0.0703733640124993,73.69911955958321,672.8100514597011,0.0
40.61169916843391,0.07017285370554206,73.73958191923074,672.8176533155752,0.0
40.61246442026211,0.07008206455252772,73.79196178419308,672.8312568569031,0.0
40.61829309660577,0.0697481558923652,73.89125199848581,672.8588110803811,0.0
40.624891377563024,0.06961733211863505,73.94731853668402,672.8674778227468,0.0
40.63439659418942,0.06956458890662971,73.98310816840625,672.8645244540941,0.0002761692111826811
40.64599011959007,0.0694131825958728,74.0541352986947,672.8808528377996,0.0
40.658200653895854,0.06931879515588181,74.13213612110016,672.9023339534104,0.0
40.66874528094932,0.06934515710271805,74.19824935589209,672.9214913998517,0.0
40.67875603443128,0.06928672464860595,74.20770058311544,672.9241070400532,0.0
40.6843341312776,0.06922077184878149,74.18530643789569,672.922110316078,0.00020911528277710892
40.6857337336929,0.06913280679635694,74.17927416360229,672.9271216308875,0.0
40.68492934009323,0.06910587276902438,74.209943385834,672.9429863162501,0.0
40.679624867192736,0.06898094524007108,74.20019882784206,672.9545005927641,0.0
40.67147710805396,0.06886212420823955,74.2210186771392,672.9703456809286,0.0
40.66034930613383,0.0688018202452889,74.25904711094088,672.9906111747512,0.0
40.64736745313399,0.06877900789556392,74.30717698953649,673.0121545597536,0.0
40.63425374464581,0.06869815749753426,74.38445772677845,673.0381803936501,0.0
40.621513583811264,0.06866757008667379,74.42942393996648,673.0613717275934,0.0
40.60961824089258,0.06864122908064325,74.49917970653277,673.0864048121339,0.0
40.59938941651285,0.0686248589039784,74.55541185250382,673.1069407434082,0.0
40.591152414584755,0.06863004783742502,74.62938746058003,673.1306444659959,0.0
40.58551070670168,0.06866846447071866,74.69048445354487,673.1521268177119,0.0
40.58185084861865,0.06870284179015644,74.74559748841538,673.1722397011766,0.0
40.57948345429575,0.0687359116439023,74.78752558806843,673.1858451702224,0.0
40.5799665059552,0.0686564114529508,74.90413718470751,673.2189987513091,0.0
40.58021521600705,0.06869369531212767,74.90613767026154,673.2328372215959,0.0
40.58071336695506,0.06871901722385548,74.94229936397058,673.2450802354292,0.0
40.580822765021566,0.06873908348257583,74.92319556119637,673.262585670975,0.0
40.57874672813228,0.06867710543823621,74.86532391701476,673.2471102090664,0.0011292312639860289
40.57500351505859,0.06863109959053063,74.8112365938788,673.2458401811181,0.001251224146768199
40.570544138074766,0.06871810312747867,74.942154840843,673.3037173027327,0.0
40.563011502042954,0.06882759175737996,74.95119121792567,673.3193732216711,0.0
40.552422847308016,0.0685940001390118,74.88579327870993,673.3236366469242,3.672668007354582e-05
40.54020051655673,0.06863429290933247,74.87675676315595,673.3309964438314,0.0
40.53014289876683,0.06863791799324946,75.09584379069491,673.3931518233845,0.0
40.51858038789795,0.06851935501577716,75.12981958971145,673.4204104526091,0.0
40.50793710745151,0.0683381179684752,75.08157994085384,673.4349008338058,0.0
40.49937924453519,0.06842113703504098,75.10351952026691,673.430130101128,0.0003387429540007748
40.49414697809221,0.0682405094601194,75.12344944223125,673.4254456954933,0.0008962259079653783
40.49635011458554,0.0682050368937241,75.2999858564828,673.4808990049683,0.0
40.498792937827616,0.06818956573305493,75.40263271850776,673.5046761286702,0.0
40.50387390269246,0.06822108664551306,75.43057568806343,673.4981020755293,0.0004593027346645645
40.512105810160605,0.06814602757061089,75.49942538148166,673.5039245184512,0.0001714308912082889
40.52197909403336,0.06807294714618578,75.54443714996859,673.5169270957963,0.0
40.530266444433956,0.06809900047424614,75.55373327168971,673.5337075618221,0.0
40.537494942855545,0.06812971957266023,75.58313523266193,673.554074832543,0.0
40.53768210831511,0.06788327567784748,75.46419505191241,673.521124820328,0.002494834067952819
40.53760332925475,0.06783925075009681,75.3942614070867,673.5140519149279,0.0030137223528892173
40.534702573075684,0.06792388350695414,75.45236645819884,673.5393820306927,0.001226203135160417
40.527707470351004,0.06787191504241993,75.48838155774092,673.5547332332146,0.0003007145834211728
40.517528947327946,0.06774607008073841,75.4780664547149,673.5683280944802,0.0
40.506191211704966,0.06770565219129966,75.52495014318731,673.5904601161582,0.0
40.49195733897167,0.06765032973151809,75.5780277718822,673.615449968623,0.0
40.47704375339932,0.0676437297729493,75.64285000971056,673.64254390293,0.0
40.46254219802829,0.0675805441119328,75.70281259635574,673.6721795903591,0.0
40.450334762545296,0.06761140580521378,75.77640020784055,673.702855445898,0.0
40.44003491146132,0.06759454660021419,75.89421331057261,673.7404268165778,0.0
40.433028963172774,0.06760291943633776,75.96723162840624,673.770500421772,0.0
40.429265514777114,0.06764934205845359,76.0252728142529,673.7953793368043,0.0
40.42855896465922,0.06774301799747072,76.09559882699742,673.809233620837,0.0
40.42951067874302,0.06779509614989365,76.16008632838583,673.8240911645863,0.0
40.43295121842799,0.06781090503880881,76.21194082717984,673.8478795691307,0.0
40.43695580792413,0.06784492644219538,76.16240514444475,673.8644588520195,0.0
40.44068295490305,0.06785769420977746,76.19236129437371,673.8675345521604,0.0
40.44410016389199,0.06782081883143902,76.20634242113836,673.8860524874392,0.0
40.447146129204576,0.06778377225300038,76.2590352669948,673.9346568924843,0.0
40.446707290666815,0.06767397432947486,76.26840910934554,673.9413615619552,0.0
40.44358554048405,0.0675140058998229,76.23678590256334,673.9291448807991,0.000999001149157646
40.43911789410811,0.06728824286843155,76.16249671215463,673.9303052001231,0.0012710413077422161
40.4324027840742,0.06714609201904775,76.08652402043089,673.9363712926524,0.001060436305934519
40.42580351929005,0.06694265390074806,75.98386830587795,673.9704382481123,0.0
40.419199545900774,0.06683851603997673,75.96454794056187,674.0130287967521,0.0
40.41277868629584,0.06680645058313467,75.97466330683237,674.0495336348205,0.0
40.40657777733346,0.0667330461651621,75.99085598856591,674.0694838897844,0.0
40.40221073384904,0.06665070842953882,76.02485306230179,674.0881929417673,0.0
40.40026542985222,0.06660361956410601,76.09090948696958,674.1043603654393,0.0
40.40029804289248,0.06652798025936443,76.13561445307515,674.1168418971077,0.0
40.40408817100368,0.06641602527997727,76.1879192469731,674.1303464884066,0.0
40.411823783529684,0.0662786440397315,76.25483913689432,674.1552145935354,0.0
40.42285314477752,0.06605761263748793,76.32139421065263,674.1956471557406,0.0
40.43287181366779,0.06600593576343818,76.3580219035085,674.1970332113441,0.0
40.44442357032785,0.0659491464779813,76.39571350126258,674.2169321060425,0.0
40.45516869732537,0.06598234183697754,76.43810037095393,674.2438333816011,0.0
40.46254744005641,0.06601658992005557,76.43960861143599,674.2604651407936,0.0
40.467489992004886,0.06587432591700729,76.38574234727342,674.255746031327,0.0004523608914208865
40.47014117381254,0.06591613121006433,76.47185498979105,674.2882786082707,0.0
40.46798189280899,0.06591995374700627,76.51953566953533,674.3130554403526,0.0
40.46194953238639,0.0658560442069507,76.526140364598,674.3342856632033,0.0
40.45268686395824,0.06569739116617376,76.48094495874741,674.3531051524083,0.0
40.441686849632845,0.06569344530230418,76.54581590957251,674.3833950106437,0.0
40.4302317951441,0.06563528842767206,76.5528720099779,674.4101505896135,0.0
40.41802422236066,0.06560499232794181,76.65024178798312,674.4434519640425,0.0
40.40638477176807,0.0656097823237456,76.7248959397761,674.4751972133138,0.0
40.396060217562415,0.06562043630246381,76.78151098254388,674.506131491831,0.0
40.3891663240015,0.06557469886094892,76.89126615545135,674.5407424988542,0.0
40.383937031911366,0.06558288433900772,76.95790130626193,674.5708763864542,0.0
40.381700446712806,0.06559091007769072,77.00143530573186,674.5973641007355,0.0
40.38224094483727,0.06566787620931291,76.96796289755359,674.6167147687712,0.0
40.384170681378976,0.06561389743478868,77.03963222720743,674.6515760599126,0.0
40.387874373454046,0.0656153487696441,77.04153251539313,674.6791818106555,0.0
40.391453453887614,0.06566764852551184,76.94594234086624,674.6838359133973,0.0
40.39556050716514,0.06561134557744118,76.96796883563205,674.729988512211,0.0
40.39908537055397,0.06567984459220562,76.90289414053926,674.7303270154463,0.0
40.40165318279435,0.06567034092144826,77.00660378922548,674.7202226635872,0.0007015640697748788
40.40385968455954,0.06573244597999602,77.17631233810035,674.79967192855,0.0
40.4019403625138,0.06571467297479003,77.13770321165013,674.8163835588616,0.0
40.39741840192774,0.06559804203510382,76.95986714102376,674.7886744311238,0.0017929812812421278
40.39298893981373,0.0653130862290318,76.84353804763862,674.8091298348115,0.0010790701891581094
40.38772418581124,0.06519242741389505,76.99199628518983,674.8416509573223,0.0
40.38344745793583,0.06541202906721116,77.23048708073581,674.8720724864693,0.0
40.3776543777859,0.06534833262732201,77.13015476833628,674.8790544781638,0.0
40.371050400631866,0.06585048172999092,76.9723653850939,674.818418902653,0.0034029858191959098
40.367495534750766,0.06593723169066697,76.98166810584492,674.7823081871982,0.005594511969674971
40.369945111380815,0.06592415199864571,77.12104320143192,674.8263005557166,0.0028168756202967865
40.37575707109006,0.06600443038096325,77.257379924591,674.8575110042889,0.000756081773515078
40.38638550853196,0.06588586266039488,77.4975833322398,674.8877777355232,0.0
40.39841314896398,0.06578001937983993,77.53594418555096,674.8940905706202,0.0
40.41030453620836,0.06572957796413935,77.48453719908024,674.8818911828871,0.0007770141514499054
40.42518417587787,0.06579294281059646,77.51260351629779,674.9139734882455,0.0
40.437562488862916,0.06575034187604716,77.63384108257686,674.9328367352921,0.0
40.44727740586782,0.06580471079442662,77.62242758095759,674.9461785497186,0.0
40.452719923937096,0.06576649269956163,77.6124903416743,674.954098744559,0.0
40.45566175748764,0.06577498009969249,77.60268620859078,674.967617009954,0.0
40.45518590089232,0.06573348959209666,77.59924930939188,674.9796932694823,0.0
40.452830846980945,0.06570512733858007,77.62615415892469,674.994088390667,0.0
40.44745151015613,0.06565619456472853,77.65852854616901,675.0128124481329,0.0
40.44097023613246,0.06566288411943266,77.70776522191714,675.0352608496996,0.0
40.43321664714747,0.06565412957013107,77.76064879466227,675.0601613880061,0.0
40.42551355957513,0.06550443639234163,77.81631128380236,675.0858472367132,0.0
40.41920919033569,0.06548922610791176,77.90420081706633,675.1148377703755,0.0
40.41459061591297,0.06548493355943891,77.97140174465132,675.1405102119445,0.0
40.412197247154424,0.06552572259062982,78.01689219732849,675.1650286112798,0.0
40.41174205249279,0.06555473950741161,78.06778239875032,675.187196373322,0.0
40.41383539211529,0.06554508833159453,78.18075510230406,675.2120931457513,0.0
40.41682318914002,0.0656291453398696,78.22399170896936,675.2259704978807,0.0
40.42157204708816,0.06558733862162354,78.31757756833478,675.258648485648,0.0
40.42642851722095,0.06554529637799833,78.31153424643361,675.3075391126745,0.0
40.43149728903999,0.06554722700767827,78.36365012996174,675.3241837021183,0.0
40.43596879547529,0.06553372070897591,78.3982602484471,675.3319828771682,0.0
40.44049826087258,0.06552936427190005,78.4537272487163,675.3125963714489,0.001186481586501355
40.44353260216789,0.06551323981438605,78.42455882349036,675.3143504450389,0.001052658221998853
40.44605655028506,0.06544952994099971,78.41821489213115,675.331979389357,2.9802474912178157e-05
40.44635660166191,0.06550513002304445,78.35034711528176,675.3387143382529,0.0
40.446866881059265,0.06535917442502281,78.29718156201407,675.362077164608,0.0
40.446365089736304,0.06511930284146726,78.27272905172643,675.3857434449527,0.0
40.445258988058626,0.06495989789138842,78.20867503626593,675.4129580527684,0.0
40.44325806782371,0.06484806616325475,78.21235761354816,675.4253888712602,0.0
40.44130176688679,0.0647249045417515,78.1865100292931,675.4389576075085,0.0
40.440065345976535,0.06470705451542869,78.09315401235098,675.4573362869639,0.0
40.439399474408326,0.06462235543903572,78.11740197745463,675.470007858752,0.0
40.44037184815019,0.06459653955844782,78.19854880587924,675.489137667569,0.0
40.44445798486998,0.06450344604103761,78.25760412538551,675.5039947716306,0.0
40.448706322186695,0.06451476207182079,78.32191332948116,675.5124714189244,0.0
40.45711108638989,0.06450038286129617,78.38185283115614,675.51936048771,0.0
40.46610177371577,0.06447328232509056,78.453745219695,675.5413330087914,0.0
40.4771158151912,0.06447819013501482,78.50690529667713,675.5574280650526,0.0
40.4876927013623,0.06443681249747256,78.53325174328825,675.5617847307786,0.0
40.49773732807482,0.06448817257631421,78.53690277853296,675.5931040756907,0.0
40.50542250961615,0.06448647682827463,78.52691973021125,675.6008798626099,0.0
40.50932489207536,0.06455115402909758,78.57845857929269,675.6315005360494,0.0
40.51114338624162,0.06454615337232085,78.56398722565388,675.6444523746964,0.0
40.5091563311396,0.06446825006069162,78.54806397802517,675.6582391409333,0.0
40.505644564415086,0.06440205813393989,78.54670761842995,675.6770249048822,0.0
40.49796843376432,0.06438865824568211,78.57945795154953,675.7030472654804,0.0
40.489495315607265,0.06434257738416937,78.59433108230465,675.7286337762783,0.0
40.47867049734307,0.06431921160103883,78.63378723321867,675.7594960546678,0.0
40.46719491465455,0.06431254789265496,78.66085139220205,675.7878177170423,0.0
40.45575369700245,0.0643414541237201,78.69324799773187,675.8179763308444,0.0
40.445688895341654,0.06441523834556395,78.71936053471136,675.8469529155261,0.0
40.4374697467631,0.06446027513720828,78.789040103757,675.8791988336225,0.0
40.4301604517576,0.06456881976638855,78.75871125700917,675.9086780356977,0.0
40.42568779220168,0.0645973116994083,78.79197352030985,675.9345686803729,0.0
40.42326074265107,0.06460692306181262,78.86436276771904,675.9578973300995,0.0
40.42344250588331,0.06468708478797842,78.90747912089985,675.9698391610465,0.0
40.42408543232483,0.06475587148762312,78.89524598072441,675.9752402058956,0.0
40.42591588316943,0.06480782017214817,78.88755694622712,675.9820286279986,0.0
40.42842072341342,0.0648625925898946,78.87584345500865,676.0083749809353,0.0
40.42993930719779,0.06487598009492374,78.84665306980058,675.9986058723091,0.000571076924692934
40.43072958493091,0.06489144278471483,78.82669541478799,676.0015090235414,0.0003554421726083714
40.430640680839055,0.06490484063692281,78.82619550190462,676.0412244373699,0.0
40.42773868269009,0.06494575737736935,78.7748707989376,676.0468037919829,0.0
40.422627344509394,0.0648957274770307,78.78804299044666,676.0439278385109,0.00018124818600235887
40.416629629493144,0.06486463959047303,78.82033174286501,676.0677918715809,0.0
40.40843539656885,0.06466483952188606,78.83764780460342,676.0790693831747,0.0
40.40022759606894,0.06468806070533889,78.77119477771375,676.1153425157577,0.0
40.391259992786175,0.06453560415170011,78.72358032519898,676.1409026512163,0.0
40.3821583900828,0.06466829595134477,78.79754957222428,676.1293781264985,0.0007142722845263009
40.376320378959484,0.06463646870705524,78.88836383637171,676.1456856086173,0.0
40.37276388977941,0.06464733757521976,78.97366708480139,676.1654325828807,0.0
40.374442167200534,0.06473086980664539,79.09446421755491,676.1962791757153,0.0
40.37707935957272,0.06482090253108282,79.19058829163549,676.208891965347,0.0
40.38397203715201,0.06479477198348203,79.26327509167459,676.245272614833,0.0
40.39127254184595,0.06473880822561114,79.32559546321032,676.2688371317453,0.0
40.40038766001946,0.06468070234983753,79.38235435125046,676.2785067107986,0.0
40.40813260312954,0.06465662945326088,79.40809719011821,676.2726517942866,0.00039982884504038995
40.415366041543194,0.06466836195575813,79.40450229331731,676.2980603654321,0.0
40.41941430049946,0.06471872900032145,79.39420538618681,676.3192205337893,0.0
40.418731926582495,0.06454672074145723,79.30624723265498,676.3071256469744,0.000950828741211608
40.417539043236836,0.06448331068768164,79.28826538661106,676.3167001652525,0.0004638536245534714
40.41170665592566,0.06437025116558416,79.3138693535138,676.3319375781618,0.0
40.40502069998845,0.06432487062559654,79.3429400565758,676.353994238752,0.0
40.39433510480353,0.06426418724235251,79.32854458239677,676.3801070931324,0.0
40.383339945331905,0.06421257664779519,79.32058677093232,676.4091566995739,0.0
40.370014370827896,0.06414440791315892,79.37229791134418,676.445274246747,0.0
40.358133823806334,0.06417179504975128,79.37787263853937,676.476102105343,0.0
40.34661756672596,0.06419296843928375,79.42323899506094,676.5129622500949,0.0
40.33696829426141,0.0642275841998358,79.45741822310882,676.5400333023985,0.0
40.329948668843016,0.06431193930714577,79.47090602587352,676.5730621897749,0.0
40.32439010417179,0.06435846062329294,79.4905867195593,676.6058987599981,0.0
40.32208418053493,0.0646161550851468,79.43951401066266,676.5935301438465,0.0005469035852070056
40.322798316853245,0.06458258357472339,79.5227001191578,676.6425577863054,0.0
40.32600324554109,0.06457610254307804,79.52385864349938,676.6864662896095,0.0
40.32973305572024,0.0645808285646157,79.56371939096873,676.7362288992836,0.0
40.33396923594871,0.06459916441484281,79.59801586361942,676.7548367066337,0.0
40.33637183642792,0.06460499830962971,79.5656949725992,676.7388336016049,0.0009152478091380187
40.339199600377285,0.064616514084148,79.45904712461663,676.7685270796992,0.0
40.341469925580284,0.06456686406184824,79.39990274279528,676.7961058159148,0.0
40.341898785259815,0.06437061662601555,79.34752197944881,676.8287388480871,0.0
40.34292309629143,0.06432001549448092,79.361270052963,676.8897984454237,0.0
40.33979538176319,0.06413094962019981,79.30338652989919,676.9003240136154,0.0
40.336981510172606,0.06405773491995043,79.22687887895889,676.9461399517672,0.0
40.33164741455412,0.06389288744004812,79.12325387341274,676.9595203687338,0.0
40.32761762450516,0.06394881005233194,79.15420469964731,677.0022128870816,0.0
40.322862354417,0.06392979978687542,79.18974736072644,677.0292931653953,0.0
40.319083571237414,0.06403192648960995,79.22934467962767,677.0532147903472,0.0
40.31783845487021,0.06407874154378983,79.2977272996287,677.0786083910222,0.0
40.31764607592156,0.064167691409761,79.3779611255007,677.0899300539269,0.0
40.321283783390925,0.06422041234293512,79.45874924696518,677.0952707237323,0.0
40.32634858418537,0.06415537383194765,79.50871443660877,677.112296317704,0.0
40.33557379285763,0.06406113288173586,79.55949429276416,677.1592095906449,0.0
40.34529846490548,0.06408330409080128,79.62464519087598,677.2121652474851,0.0
40.35660657881458,0.06413998064429492,79.64632002662019,677.2471528682228,0.0
40.36557433278178,0.06415163604183943,79.66179608452312,677.2643016017272,0.0
40.37398346356324,0.06415199450160398,79.69237242536646,677.2868966942076,0.0
40.38106002166918,0.06432892162771825,79.78802808521385,677.3338729543963,0.0
40.383355050575,0.06432984048786113,79.76921653115365,677.3564717229681,0.0
40.38352889350999,0.06436072878403597,79.78601505547194,677.3817018892413,0.0
40.37986439471811,0.06436203763206928,79.82590030918197,677.4130862388531,0.0
40.37493359265631,0.06432833441670664,79.85039298735623,677.4446148609596,0.0
40.36622650567004,0.06441032766843653,79.99189438797352,677.4784287649397,0.0
40.35786032388958,0.0643909637921899,79.95845795942424,677.5062274376352,0.0
40.34803052878658,0.06440604125124069,79.96016731299204,677.541585001202,0.0
40.33948116925525,0.06444700059885061,79.94610994150007,677.572393318735,0.0
40.33105083328964,0.06448278903031317,80.00667890887351,677.6132242474768,0.0
40.323169675635356,0.0646021301163766,79.95428109934342,677.6356714107898,0.0
40.31732939806292,0.06483475957735635,79.87617052192897,677.6431431105656,0.0
40.312442364741734,0.06487278041291611,79.87803378614151,677.6707985826808,0.0
40.31084004856379,0.06497475079403289,79.84754467260656,677.6837671123142,0.0
40.31046277280021,0.06506245389675842,79.79158199181084,677.6924657941564,0.0
40.31388162680964,0.06508197626638439,79.86538348103446,677.7231894827867,0.0
40.31723107142046,0.0651368447060828,79.83161559093216,677.7490169240549,0.0
40.322278143984995,0.06516897666391994,79.84945028058077,677.7625672341649,0.0
40.32646861255775,0.06520300300801982,79.82356352017202,677.7654312233556,0.0
40.329246642950636,0.06527748623998812,79.59595856269856,677.7893075625641,0.0
40.33122198585573,0.06514998587713038,79.50961836784522,677.7699907484264,0.0014083896384216536
40.332324382755104,0.06520301036165471,79.6180946366983,677.7680758153763,0.001219050309055044
40.33198002573968,0.06514964422880193,79.70119918007026,677.7760742267062,0.0007443552325056955
40.330510266963316,0.06521688665746077,79.87152413779592,677.7989150003287,0.0
40.32533474520591,0.06535389612850252,79.74307316115411,677.7924723896066,0.0002919111794999732
40.31858014077483,0.0654437573202916,79.64484119281158,677.7758236769236,0.0013206939429494422
40.31488320908646,0.0654132455584502,79.81971096709502,677.8172933187675,0.0
40.31245703802586,0.0653386071311766,79.96044196115058,677.8459981719084,0.0
40.31186467540723,0.06550896119711462,80.16352042241908,677.893082777381,0.0
40.31384471857737,0.06552192115277465,80.21076977240335,677.9024545322685,0.0
40.31619946543059,0.0655326779194236,80.2770435231387,677.8940340728924,0.0005556615493939045
40.323800909313086,0.0655006827101249,80.33369004699499,677.8947875983382,0.0005311975565142723
40.33252104338363,0.06543513919437743,80.32437260364227,677.9101318644467,0.0
40.34459600227934,0.06546378929681858,80.33501170519276,677.9233343974057,0.0
40.355269095679084,0.06546571651502842,80.29633182733242,677.9282352582494,0.0
40.36674939435177,0.0654946920063372,80.30065005979833,677.9371300811213,0.0
40.37644610186712,0.06555225549179718,80.29975699835896,677.9569978025746,0.0
40.38351060768924,0.06561046648019114,80.31080945394848,677.9769701089948,0.0
40.38891545013123,0.06567332661469578,80.33109109524696,677.9960510662326,0.0
40.39044178854766,0.06557007278504504,80.29441939256337,678.0044904384554,0.0
40.39024956104347,0.0654788425912733,80.27828394552762,678.0196493780868,0.0
40.38702531218549,0.0654277227713934,80.2507165177803,678.0400465936432,0.0
40.38358489079569,0.065453800813425,80.19498546668672,678.0610824598976,0.0
40.37782098745135,0.06546153200878478,80.15299729654512,678.0868900383615,0.0
40.372448949333425,0.0654848895413234,80.12318516497315,678.1099889822885,0.0
40.36672946050454,0.06546746676242589,80.20828812002476,678.1474221397369,0.0
40.36171488676649,0.06553434641482642,80.2025158385055,678.168094300505,0.0
40.35798705035373,0.06565210658874251,80.20176045503422,678.1912765582739,0.0
40.35547986623656,0.06581086561360325,80.20941454376849,678.2036828517425,0.0
40.354988824402554,0.06588207277280135,80.25709896956593,678.2283746480035,0.0
40.35542317056999,0.06594374174876012,80.32753430639781,678.2561952366116,0.0
40.35738557077645,0.06599770119525816,80.44557216569956,678.2827100598928,0.0
40.35892598977802,0.06607184743326075,80.49291729842606,678.2983201422791,0.0
40.36219742310606,0.06613941371698664,80.5290805803659,678.3162048459095,0.0
40.364529822192175,0.06623113164753053,80.70963584006341,678.3430011449218,0.0
40.36744029111691,0.06631447468314088,80.78396386431501,678.3529486200345,0.0
40.36906672768622,0.0663151238068518,80.78606135364629,678.3522265573629,4.591371458860932e-05
40.37027444820796,0.06638229556641662,80.84603991117962,678.3554729067389,0.0
40.3707303541892,0.06635254574138956,80.82311630652269,678.3526391467981,0.00019395761026888957
40.37058460883123,0.06624146099929586,80.91751788159081,678.3593076515832,0.0
40.36946255742454,0.06619156231650544,80.89572753662799,678.35815626061,9.99675539397059e-05
40.366637738346036,0.06618338854991902,80.98108538195976,678.3645335529934,0.0
40.36414126132423,0.06637418920501946,81.21193427557365,678.3787580636576,0.0
40.35987691593012,0.06644572238031636,81.25675209196963,678.384157102912,0.0
40.355912760322475,0.06640307330302463,81.24531048568711,678.384966501941,0.0
40.350767224377506,0.06635701053539494,81.31363899209452,678.3927707398345,0.0
40.34598890240031,0.0663206903077413,81.24171154335951,678.3944186948737,0.0
40.34149286403214,0.06630594602057527,81.28514389087557,678.4012855233465,0.0
40.33689823874268,0.06629470148289565,81.35463604255386,678.4082733362437,0.0
40.33197353774349,0.06631782377455712,81.45573913770052,678.410414428965,0.0
40.3276159854283,0.06637782623333019,81.48922001067572,678.4130288547647,0.0
40.32271769546008,0.06641071202336621,81.50102998493946,678.4140389519965,0.0
40.3178422121255,0.06640889335715562,81.57031867210425,678.4171573640622,0.0
40.31322941481357,0.0664095987182667,81.64294150184675,678.4194888796919,0.0
40.30847239122917,0.06639467124961608,81.68782452492914,678.4200419864185,1.3207748240776454e-05
40.303593020152064,0.06638714356607428,81.71254179781349,678.4207701482989,0.0
40.29867015569548,0.06637482987362445,81.73533698420778,678.4211862170199,7.445936784108023e-07
40.29394611543105,0.06638318199884816,81.81391301385578,678.4228504512745,0.0
40.28897543150124,0.0663576918332255,81.8639030858411,678.4233429570163,2.9714139044139626e-05
40.28485628446214,0.06634069218881772,81.9007439309535,678.4240250947425,2.4946211232879368e-05
40.28095931917598,0.06633045037028744,81.92661737078971,678.4249456218026,0.0
40.27830938923472,0.06632091259544586,81.94862942958048,678.425899248151,0.0
40.275844057110746,0.06632856330664871,81.91302774913417,678.4262725156029,0.0
40.275062721392025,0.06633555141313328,81.94388090337796,678.4270308739872,0.0
40.27437299504619,0.06633878366583007,81.95454691276066,678.4275302689997,0.0
40.27392109289607,0.06633703589455053,81.96086337173556,678.4277323767631,0.0
40.27371810724353,0.06634160811257493,81.96943767754743,678.4284108171015,0.0
40.27279799675132,0.06633816973000357,82.04620327462104,678.4292882111107,1.4311538082778333e-06
40.271724305779586,0.0663475117760044,82.07694060316419,678.4301065203056,0.0
40.27001946147316,0.06635158134930047,82.11604761044732,678.4307697220901,0.0
40.268407631543546,0.0663537496800958,82.12879602895202,678.4312487692956,0.0
40.2657537561583,0.06634941074273203,82.16422789252901,678.4316749548738,7.551137539692774e-06
40.26273931344629,0.066353330238055,82.21573623575864,678.432186568742,1.8266629995762085e-05
40.26018678178151,0.06634722380690468,82.19761366296913,678.4324443839952,0.0
40.257428158620534,0.06635013748380993,82.18728305937046,678.4325413029911,0.0
40.2547798694386,0.06635545387606047,82.09901869219449,678.4322568350082,0.0
40.25238056575595,0.0663564394288457,82.10785477013503,678.4323567129143,5.137797271296159e-06
40.25005729103719,0.06635773324380627,82.1007069963119,678.4322878919239,8.317466608475923e-06
40.24748617775626,0.0663591525087316,82.10900112018112,678.4324275461327,1.0853456018774614e-05
40.24474328519407,0.06636760493812041,82.14018199206862,678.4325844323268,2.6682019772197876e-05
40.242110205248295,0.06637286973710019,82.1684944531412,678.4324805982492,6.0103123128475356e-05
40.23971373694857,0.06636496380490813,82.16884073243497,678.4324070648755,7.734418760726295e-05
40.23671817720082,0.0663730863038118,82.20747916382894,678.4324403953225,0.00010909565472299554
40.23466403724891,0.06636950173932545,82.212714696593,678.432423464057,0.0001224818343126586
40.23249266742773,0.06636774672550688,82.21624913154015,678.4324409972661,0.00013119350776589583
40.22995303107181,0.06636445931834171,82.2340508425791,678.4321233744074,0.0001767245664120697
40.22798991043375,0.06636687799252441,82.23483196365997,678.4320608238571,0.00018502524830469957
40.22608874079105,0.06636799252355183,82.23384585738236,678.4320395627897,0.00018983240824467485
40.22449492859751,0.06636803985568818,82.23479246971712,678.4320393802305,0.00019468689436841658
40.22303400305374,0.0663662940974899,82.23992499134424,678.4319861192996,0.0002073966839804518
40.221375956982044,0.06636573193940841,82.245680836861,678.4319610558537,0.00021852891863162157
40.21938162815693,0.0663596330570523,82.26661553704275,678.4317609173604,0.0002589934604825822
40.218103583234466,0.06635950753514742,82.26343657320159,678.4318340365003,0.00025465054428824445
40.2163465231745,0.066368072469748,82.24200416232718,678.4319145680624,0.00023017310493701832
40.21433397767058,0.06636590168815185,82.25210082635138,678.4319323761829,0.0002442556117833057
40.21219862971016,0.06636574910349213,82.2647254367538,678.4319229382111,0.00026120798071395076
40.20969932376224,0.06636857854768624,82.25686353135077,678.4320265378069,0.00025276354003395075
40.20735432615757,0.06636914979224792,82.28153951432554,678.4318921925246,0.00028821508063382793
40.20473295240294,0.06636675604033658,82.28175146520203,678.4319108584021,0.00029628135025586356
40.201435918371246,0.06636594327810776,82.26678136668009,678.4320668774292,0.0002836468238574455
40.198173263498774,0.0663662988185611,82.25572757316357,678.4322223305544,0.0002733638762738103
40.19495691982011,0.06636438907910357,82.27262334787991,678.4321413875847,0.0003033395666725775
40.192105452532765,0.06636600318588602,82.28162682936517,678.4321296705618,0.0003185293660193306
40.18882405031692,0.06635926754261179,82.28555021315877,678.4321179076734,0.00033684664325227455
40.18603456587443,0.06635892818725478,82.28523418988051,678.4321615777185,0.000341930647317319
40.18281570093392,0.06635479110183877,82.26867904564118,678.4323869414819,0.00032553352149216285
40.18050952290331,0.06635553795921471,82.2681105478086,678.4324319943771,0.00032804518880797485
40.17781758027169,0.06635342838552072,82.27132691031534,678.4324128837943,0.00034119010860452333
40.17568718386761,0.0663517534014447,82.2788002308765,678.4323409292926,0.0003593001795759305
40.17343180287386,0.06635310661276791,82.2782306614111,678.4323800759332,0.0003616850490452152
40.17152137981178,0.06634630944983488,82.28765650775681,678.4322431743691,0.0003885990726331672
40.170553919776566,0.0663573213113467,82.27197951570768,678.4320678400527,0.000382309446671392
40.169253808109715,0.06636460906245685,82.25737043511712,678.4319906549147,0.0003740189141028477
40.16798982964417,0.06636546360990114,82.25759389140549,678.4320049748769,0.0003760142546164453
40.16634141786778,0.06636689451112433,82.28793494284717,678.4320104848334,0.0004037769396399941
40.16482394139758,0.0663793556061563,82.26278036034735,678.4321646685729,0.00036861957036741404
40.16226165147129,0.0663811270453553,82.27343025108551,678.432186551826,0.00038202680925415397
40.1593133334949,0.06635780956673935,82.34472601781425,678.4320378488065,0.00047446118771832745
40.15599757067555,0.06636674164278919,82.34071324398732,678.4322833194117,0.00045848296745321196
40.1525447173419,0.06637724020042533,82.32223741287714,678.4317329060443,0.0004833129558098567
40.14927220580572,0.06636798698125618,82.3641030043952,678.432438683618,0.00048617656399599466
40.14624238908272,0.06637046451279749,82.38330164855574,678.4326750514261,0.0004931809841220175
40.14329837771751,0.06638493520538996,82.37010573582528,678.4329407388101,0.00046364186385544924
40.140516017186144,0.06639680521959633,82.35354441647813,678.4327071969577,0.0004660144963678477
40.13785295734715,0.06639806028765557,82.35110533052857,678.4326089788423,0.0004776696402804379
40.13553748672044,0.06640030549392326,82.33525184797277,678.4324720834833,0.0004793772049809381
40.13363678590066,0.06639875209626007,82.36357879252598,678.4326492053688,0.0004968902742434403
40.13130761614264,0.06640399846164072,82.37057379089899,678.4328022668313,0.0004955763949286937
40.129130891197455,0.06640672726291438,82.36985636014138,678.432890980571,0.000493626716483036
40.12687333493292,0.06640619216953461,82.37061568167944,678.4329246814796,0.0004990535053804812
40.12455320095517,0.06640191398060698,82.38051608467816,678.43283172765,0.0005230156470698463
40.12228312501929,0.0664040730690503,82.37379373374941,678.4329072242576,0.0005178773519192978
40.11995264274013,0.06639944211647916,82.38912052578159,678.4328662391417,0.0005429911853333458
40.11769868117014,0.06639901096369387,82.38802390760229,678.4328803915839,0.0005482025512425253
40.11537338190041,0.06639880159416406,82.38321246319676,678.432946088196,0.0005470955266885559
40.11309612146998,0.06639884856393458,82.37405019901993,678.4330634035803,0.0005387800636467559
40.11112895124002,0.06639709343324438,82.37506646499021,678.4331202380243,0.0005428546740185779
40.10844266972734,0.06640041786483272,82.33402081853968,678.4333695145835,0.0004994730890029692
40.10631242210867,0.06639965296468893,82.3365977398245,678.4333992493667,0.00050646267905359
40.10395180498928,0.06639982867574046,82.32515250314538,678.433394294017,0.0005047161614941459
40.10133046017656,0.06639801852952738,82.31331566342023,678.4334299608365,0.000502147209441352
40.09891829802227,0.0663977872059824,82.31411207024695,678.4334580891717,0.0005083766898716343
40.096216307768145,0.06639760042730841,82.3115161546874,678.4335151404714,0.0005108907802099899
40.093805239992356,0.06639948532462421,82.31038977727074,678.4335872884321,0.0005112633679840141
40.09098617332616,0.06639291029208993,82.31492121880355,678.4337375686404,0.0005179345929850946
40.08802807677565,0.06639177821612398,82.31638779308662,678.4337743698036,0.0005264784988953711
40.08410553784487,0.06640683423730723,82.30089866269624,678.4334173225793,0.0005398861237460648
40.08095129387885,0.06639968176917596,82.3076219590865,678.4336883471539,0.0005417559110598888
40.07776230334591,0.06639892867873816,82.29467279338432,678.4335860835047,0.0005485915922254154
40.074320495692845,0.06639946257784271,82.29824481525371,678.4337378457245,0.000551581029697737
40.07078935423353,0.06640576052866216,82.29623946113563,678.4340557570749,0.0005356064765595211
40.0664814971301,0.06634661232483276,82.41009091448899,678.4335235404076,0.0007132054550489204
40.06360659312984,0.06634256231460778,82.40510689889042,678.4335004124384,0.0007223354840938803
40.06071220060899,0.06634081135408991,82.40532984396346,678.4336133458569,0.0007250873237342679
40.05819164168443,0.0663443889769827,82.37674671788204,678.4340055846129,0.0006821019550653253
40.055946699360554,0.06632759987032713,82.41059425879375,678.4347591690725,0.0006769494957680995
40.05380216195826,0.06632841931960877,82.41009904398484,678.4349988841932,0.0006667383496003537
40.05176761950451,0.06631764231853976,82.45678673572819,678.4356093468622,0.0006763189190976317
40.04957047339321,0.06631353537069577,82.43279343843983,678.4353720121719,0.0006826802019710243
40.04667535950223,0.06633756531169355,82.30644317113574,678.4338041198222,0.0006803492926353221
40.043985725023084,0.06631190589419973,82.37444539196504,678.4377947801216,0.0004966856107488022
40.04186567908439,0.06632040824288184,82.35073584585074,678.4372996335946,0.0005115564659096207
40.03936787572155,0.06631907406703562,82.32162050813459,678.4366898633773,0.0005374869476158382
40.03690715613581,0.06630906114421048,82.3196395652518,678.4362764746548,0.0005772950618222077
40.03415372560586,0.06630316625914436,82.31963496085568,678.4361719663833,0.0005965440033066846
40.03114885698779,0.06632463751265191,82.29505449346765,678.4362186202909,0.0005695050065171316
40.02859590390198,0.06633133806259883,82.28336451445514,678.4359361998603,0.000582459464643467
40.02620384134632,0.06631134094563575,82.33458726361454,678.4372004411941,0.0005596092179638594
40.02391203336735,0.06631083393571191,82.35272924678424,678.4376275884197,0.0005529586959560244
40.02164541034025,0.06630867935591098,82.34882733676648,678.4375630135999,0.000562598209671956
40.019719999962135,0.06630473011686797,82.30873024701374,678.4374337067721,0.0005486847500417745
40.01736011896163,0.06631706690481981,82.26903827965195,678.4383574163406,0.0004565945512740207
40.01535272337491,0.06635037614616018,82.24580028088496,678.4364811809653,0.0005456982614757133
40.013352680488765,0.0663743224039892,82.20832040501745,678.4353834652603,0.000579096340932795
40.010775497413114,0.06636390371356224,82.252749260947,678.4361688776878,0.0005765827677587239
40.008127673535895,0.06637824158296207,82.25134910758278,678.4361902726025,0.0005729462163504039
40.006113603208576,0.06639198664945693,82.21959656158126,678.4356711175279,0.0005798309643928554
40.00344075091348,0.06638937910013205,82.21681714729303,678.4358531703637,0.0005757296961392407
40.000722995682345,0.06638705751539742,82.22244219873964,678.4360492346168,0.0005770771303787915
39.998361710242705,0.06638462333052347,82.24927783753128,678.4363831349589,0.0005845833772330784
39.99571520877733,0.06638474600620964,82.25356143355413,678.4364528177126,0.0005913735760353086
39.99387647799239,0.06637150178763547,82.29454082579315,678.4362615788546,0.0006494450535175849
39.9920448953179,0.06638386034022595,82.28692507159067,678.4361375927202,0.0006493509888319205
39.989527413508874,0.06636672299248762,82.30970839904269,678.43639466552,0.0006687743940580154
39.987838874096646,0.06636076627629749,82.3120119127237,678.4363763152816,0.0006807726388699987
39.98528107340141,0.06636659349239911,82.26802654367104,678.436352587212,0.0006529801872633172
39.983579575190824,0.06636741912663725,82.27851224355622,678.4365106687295,0.0006552908632431229
39.98189300151498,0.0663721334438854,82.28380894573722,678.4365443187497,0.0006592353236241173
39.97920297657724,0.06634358321500897,82.35543219794819,678.4375628975695,0.0006737377867071206
39.977311835207274,0.06634514391709602,82.38253439119352,678.4378944320758,0.0006774222646132515
39.97545535314273,0.06635413136942772,82.39413200027874,678.4382229081815,0.0006646555570816463
39.973055134615,0.06634402550347032,82.39399089713638,678.4383210473018,0.0006720888405292024
39.971367143324635,0.06634342702473543,82.39579081965162,678.4384471545294,0.0006708036337388015
39.96947562713624,0.06634867835301694,82.38534879947889,678.438290453503,0.0006755617450052558
39.9680040606486,0.06634574228090973,82.43482233179007,678.4396266992959,0.000632172072476763
39.96654503576715,0.06636361807237706,82.44797340703634,678.4407001774179,0.0005650890534451467
39.96489980457444,0.06635723164807605,82.43488966179052,678.4406515716196,0.0005675505357804118
39.963079759588986,0.0663547711247163,82.42079294232319,678.4406236706861,0.0005659512734904066
39.96130192089649,0.06635631509079928,82.3967297679156,678.440621297798,0.0005525024829518722
39.95899412479128,0.06635670473149999,82.40154219302866,678.4404969776288,0.0005711041059410286
39.9567533601718,0.0663534731142775,82.4093575068151,678.4405642480571,0.0005815607901081837
39.95499144752545,0.06635641039250528,82.43049171184225,678.440726121388,0.000590417033686594
39.95323572575522,0.06636876485998396,82.41838678975556,678.4405470039266,0.000590528681985739
39.95170393605032,0.06636899854415709,82.4137338145467,678.4405824318735,0.0005892922264320796
39.949903153370784,0.06637122865299086,82.40043660854263,678.4406293019317,0.000580413795584404
39.94806260588211,0.06637041471811989,82.40437499250159,678.4406503055658,0.0005881700171322598
39.9461416888542,0.0663707935346193,82.40042247813683,678.4407306989809,0.0005856671488252141
39.944482820263865,0.06636966829690914,82.39662621647796,678.4407589642701,0.0005868133892073695
39.94244312822521,0.06636692589884188,82.39845192777446,678.440713273787,0.0005991665610425572
39.94039781139616,0.06636616873827798,82.39949977507742,678.4407411024333,0.0006049195163856739
