0.039,-0.02,0.002,1.0,0.005,-0.001,0.006,-0.0,0.0,0.0,0.0,-0.0,0.0
0.039,-0.02,0.002,1.0,0.005,-0.001,0.006,-0.0,0.0,0.0,0.0,-0.0,0.0
0.039,-0.02,0.002,1.0,0.005,-0.001,0.006,-0.0,0.0,0.0,0.0,-0.0,0.0
0.04,-0.02,0.003,1.0,0.009,0.007,-0.003,0.044,-0.004,0.047,0.215,0.757,-0.45
0.04,-0.019,0.013,1.0,0.013,0.012,0.003,0.025,0.015,0.348,0.367,0.554,0.026
0.041,-0.021,0.045,1.0,0.016,0.024,0.0,0.023,-0.039,0.941,0.748,1.247,0.011
0.042,-0.022,0.088,1.0,0.014,0.019,0.003,0.013,-0.044,1.42,0.612,0.275,0.322
0.078,-0.052,0.175,0.017,-0.585,-0.775,-0.239,1.593,-1.378,2.838,-54.612,-74.398,-22.626
0.047,-0.025,0.191,1.0,0.008,-0.009,-0.006,-0.211,0.203,1.358,9.818,12.205,3.826
0.053,-0.03,0.341,1.0,0.012,0.015,-0.005,0.119,-0.08,3.253,1.125,1.048,0.641
0.058,-0.033,0.438,1.0,0.008,0.021,-0.007,0.123,-0.085,2.756,0.064,0.419,0.028
0.061,-0.036,0.529,1.0,0.007,0.009,-0.006,0.073,-0.053,1.878,-0.066,-0.317,0.125
0.068,-0.04,0.655,1.0,0.006,-0.001,-0.012,0.183,-0.102,3.551,1.334,-1.302,-0.404
0.074,-0.046,0.809,1.0,0.001,-0.003,-0.008,0.136,-0.13,3.17,-0.168,-0.196,-0.081
0.081,-0.05,0.936,1.0,0.001,-0.004,-0.006,0.434,-0.27,7.347,-0.538,1.184,0.558
0.085,-0.055,1.013,1.0,0.0,-0.008,-0.008,0.201,-0.169,3.623,-0.263,-0.272,-0.069
0.089,-0.058,1.11,0.998,-0.051,0.036,-0.014,0.109,-0.1,2.741,-3.683,3.198,-0.635
0.097,-0.063,1.199,1.0,-0.005,-0.019,-0.008,0.167,-0.115,2.208,0.692,-1.542,0.002
0.103,-0.066,1.27,1.0,-0.002,-0.009,-0.004,0.196,-0.099,2.033,0.04,0.89,0.307
0.108,-0.071,1.331,1.0,-0.002,-0.018,-0.003,0.173,-0.102,1.664,1.434,-0.977,-0.048
0.112,-0.075,1.386,1.0,-0.015,-0.011,-0.013,0.114,-0.137,1.923,-3.426,4.699,-1.911
0.117,-0.08,1.424,0.999,-0.016,-0.029,0.002,0.157,-0.22,1.567,-0.273,-0.319,0.733
0.122,-0.083,1.449,0.999,-0.016,-0.035,-0.005,0.134,-0.11,0.869,-0.463,-0.135,-0.099
0.127,-0.087,1.466,0.999,-0.022,-0.031,-0.007,0.125,-0.112,0.562,-0.53,0.316,-0.062
0.132,-0.09,1.474,0.998,0.002,-0.066,-0.0,0.131,-0.115,0.254,1.266,-1.89,0.158
0.138,-0.096,1.472,0.999,-0.02,-0.045,-0.002,0.145,-0.12,-0.121,-0.099,-3.525,-2.167
0.142,-0.1,1.461,0.998,-0.011,-0.066,-0.003,0.127,-0.119,-0.328,0.34,-1.412,-0.388
0.143,-0.105,1.452,0.995,0.016,-0.099,-0.002,0.055,-0.17,-0.258,2.652,-2.925,0.115
0.15,-0.107,1.409,0.998,-0.033,-0.059,0.001,0.155,-0.1,-1.176,-1.552,1.024,0.455
0.154,-0.111,1.371,0.997,-0.031,-0.07,-0.005,0.115,-0.101,-1.025,-0.261,-0.333,-0.235
0.157,-0.116,1.321,0.997,-0.029,-0.071,-0.007,0.08,-0.15,-1.429,0.181,-0.702,-0.444
0.157,-0.116,1.321,0.997,-0.029,-0.071,-0.007,0.08,-0.15,-1.429,0.181,-0.702,-0.444
0.16,-0.12,1.236,0.997,-0.028,-0.072,-0.006,0.048,-0.095,-1.685,0.084,-0.498,-0.16
0.16,-0.123,1.164,0.997,-0.025,-0.076,-0.003,0.01,-0.066,-1.521,0.144,0.072,-0.066
0.16,-0.123,1.164,0.997,-0.025,-0.076,-0.003,0.01,-0.066,-1.521,0.144,0.072,-0.066
0.187,-0.152,1.075,0.073,0.575,0.795,0.182,0.44,-0.439,-0.818,18.872,25.911,5.518
0.185,-0.153,1.041,0.06,0.565,0.783,0.253,0.065,-0.108,-0.603,2.359,7.06,1.369
0.148,-0.127,0.919,0.998,-0.03,-0.049,-0.008,-0.648,0.457,-2.324,-19.767,-26.156,-8.323
0.143,-0.126,0.877,0.999,-0.022,-0.041,-0.009,-0.33,0.16,-1.819,-6.068,-7.952,-2.798
0.153,-0.149,0.767,0.031,0.587,0.793,0.159,-0.148,-0.015,-1.172,3.269,3.965,0.749
0.153,-0.149,0.767,0.031,0.587,0.793,0.159,-0.076,-0.008,-0.6,1.674,2.03,0.383
0.1,-0.116,0.645,1.0,-0.003,-0.021,-0.012,-2.545,1.585,-5.926,-56.096,-77.22,-14.487
0.098,-0.116,0.635,1.0,-0.0,-0.014,-0.014,-1.385,0.816,-3.375,-28.528,-39.579,-7.513
0.081,-0.111,0.57,1.0,0.011,0.004,-0.01,-0.284,0.113,-0.986,-0.698,-1.419,-0.154
0.081,-0.111,0.57,1.0,0.011,0.004,-0.01,-0.284,0.113,-0.986,-0.698,-1.419,-0.154
0.062,-0.107,0.505,0.999,0.018,0.027,-0.015,-0.287,0.062,-0.94,0.638,0.767,-0.019
0.055,-0.107,0.484,0.999,0.018,0.028,-0.014,-0.261,0.006,-0.872,0.429,1.038,0.083
0.049,-0.106,0.461,0.999,0.02,0.031,-0.011,-0.216,0.022,-0.766,0.103,0.452,0.23
0.039,-0.107,0.426,0.999,0.019,0.035,-0.011,-0.201,-0.027,-0.77,-0.026,0.473,0.163
0.033,-0.109,0.398,1.0,0.013,0.025,-0.012,-0.15,-0.06,-0.657,-0.738,-0.43,0.228
0.03,-0.11,0.384,0.999,0.017,0.039,-0.013,-0.066,-0.043,-0.465,-0.012,0.913,-0.267
0.025,-0.118,0.359,0.999,0.013,0.033,-0.012,-0.017,-0.096,-0.251,0.281,-0.109,0.076
0.025,-0.118,0.359,0.999,0.011,0.029,-0.012,-0.01,-0.051,-0.114,0.024,-0.252,0.055
0.027,-0.127,0.347,0.999,0.01,0.041,-0.011,0.029,-0.106,-0.105,0.121,1.109,0.199
0.027,-0.13,0.348,0.998,-0.018,0.055,-0.016,0.026,-0.148,0.013,-2.568,2.405,-0.764
0.031,-0.134,0.346,1.0,0.005,0.017,-0.012,0.087,-0.121,-0.005,0.089,-1.034,-0.124
0.033,-0.138,0.345,1.0,0.003,0.029,-0.011,0.081,-0.107,-0.022,0.051,0.714,-0.08
0.039,-0.145,0.345,0.999,0.0,0.041,-0.009,0.106,-0.121,-0.047,-0.021,1.83,0.198
0.039,-0.145,0.345,0.999,0.0,0.041,-0.009,0.106,-0.121,-0.047,-0.021,1.83,0.198
0.047,-0.152,0.344,1.0,-0.003,0.019,-0.009,0.081,-0.066,-0.03,0.133,0.135,0.092
0.051,-0.154,0.342,1.0,-0.009,0.016,-0.009,0.094,-0.067,-0.062,-0.243,0.165,0.117
0.051,-0.154,0.342,1.0,-0.009,0.016,-0.009,0.094,-0.067,-0.062,-0.243,0.165,0.117
0.059,-0.161,0.333,1.0,-0.007,0.013,-0.012,0.088,-0.031,-0.11,0.933,1.793,0.28
0.068,-0.167,0.318,1.0,-0.007,-0.005,-0.013,0.071,-0.059,-0.128,0.173,-0.161,-0.154
0.077,-0.172,0.298,1.0,-0.008,-0.007,-0.009,0.132,-0.068,-0.281,-0.274,0.371,-0.065
0.079,-0.173,0.293,1.0,-0.007,0.015,-0.01,0.113,-0.061,-0.243,-0.045,2.152,-0.087
0.086,-0.177,0.273,1.0,-0.014,-0.011,-0.004,0.076,-0.058,-0.348,-0.636,-0.126,0.404
0.091,-0.179,0.263,1.0,-0.011,-0.019,-0.016,0.14,-0.073,-0.315,0.062,-1.331,-0.677
0.091,-0.179,0.263,1.0,-0.011,-0.019,-0.016,0.14,-0.073,-0.315,0.062,-1.331,-0.677
0.097,-0.181,0.243,1.0,-0.013,-0.002,-0.013,0.073,-0.021,-0.225,0.056,0.393,-0.113
0.103,-0.184,0.229,1.0,-0.011,-0.001,-0.015,0.014,-0.008,-0.03,0.034,0.074,-0.043
0.107,-0.184,0.221,1.0,-0.019,-0.014,-0.011,0.111,-0.003,-0.201,-0.335,-0.761,0.183
0.111,-0.181,0.221,1.0,-0.024,-0.011,-0.009,0.049,0.039,0.002,-0.537,-0.66,0.421
0.113,-0.179,0.223,1.0,-0.017,-0.01,-0.012,0.05,0.049,0.079,-0.051,0.112,-0.178
0.113,-0.179,0.223,1.0,-0.017,-0.01,-0.012,0.05,0.049,0.079,-0.051,0.112,-0.178
0.115,-0.176,0.227,1.0,-0.02,-0.008,-0.011,0.036,0.061,0.074,-0.011,0.126,-0.03
0.116,-0.172,0.232,1.0,-0.019,-0.011,-0.009,0.039,0.26,0.269,-0.333,-1.706,0.229
0.116,-0.172,0.232,1.0,-0.019,-0.011,-0.009,0.039,0.26,0.269,-0.333,-1.706,0.229
0.117,-0.167,0.238,1.0,-0.014,-0.007,-0.01,0.008,0.08,0.091,0.187,-0.345,0.057
0.117,-0.162,0.242,1.0,-0.016,-0.019,-0.01,0.001,0.128,0.114,-0.197,-0.687,0.091
0.117,-0.162,0.242,1.0,-0.016,-0.019,-0.01,0.001,0.128,0.114,-0.197,-0.687,0.091
0.117,-0.156,0.245,1.0,-0.014,-0.018,-0.013,-0.007,0.053,0.032,-0.055,-0.154,-0.012
0.116,-0.15,0.248,1.0,-0.016,-0.017,-0.01,-0.029,0.152,0.056,-0.313,-0.668,0.152
0.116,-0.15,0.248,1.0,-0.016,-0.017,-0.01,-0.029,0.152,0.056,-0.313,-0.668,0.152
0.114,-0.144,0.248,1.0,-0.018,-0.018,-0.009,-0.034,0.119,-0.02,-0.512,-0.339,0.008
0.112,-0.138,0.248,1.0,-0.001,-0.012,-0.015,-0.027,0.121,-0.015,0.377,0.05,-0.386
0.112,-0.138,0.248,1.0,-0.001,-0.012,-0.015,-0.027,0.121,-0.015,0.377,0.05,-0.386
0.11,-0.134,0.247,1.0,-0.007,-0.015,-0.006,-0.068,0.124,-0.025,-0.22,-0.333,0.473
0.106,-0.126,0.243,1.0,-0.003,-0.016,-0.009,-0.069,0.153,-0.085,-0.336,-0.48,-0.036
0.103,-0.119,0.24,1.0,0.006,-0.005,-0.013,-0.051,0.147,-0.049,0.43,0.346,-0.112
0.103,-0.118,0.24,1.0,0.004,0.002,-0.012,-0.043,0.075,-0.039,0.031,0.448,0.044
0.096,-0.11,0.239,1.0,0.001,-0.011,-0.01,-0.088,0.11,-0.033,-0.361,0.253,0.13
0.091,-0.103,0.241,1.0,0.001,-0.013,-0.009,-0.067,0.091,0.033,-0.259,-0.323,0.092
0.086,-0.099,0.243,1.0,0.002,-0.008,-0.011,-0.125,0.085,0.048,-0.119,-0.108,-0.058
0.084,-0.098,0.244,1.0,0.009,-0.0,-0.01,-0.119,0.104,0.076,0.475,0.557,0.11
0.077,-0.092,0.249,0.999,0.027,-0.03,-0.003,-0.068,0.071,0.014,1.766,-2.52,0.685
0.075,-0.092,0.252,1.0,0.012,0.002,-0.016,-0.089,0.041,0.09,0.059,0.866,-0.589
0.068,-0.087,0.256,1.0,-0.001,-0.005,-0.012,-0.071,0.055,0.034,-1.228,-0.373,0.041
0.066,-0.087,0.259,1.0,0.011,0.009,-0.014,-0.078,0.014,0.08,0.311,0.893,-0.195
0.061,-0.086,0.264,1.0,0.011,0.002,-0.016,-0.076,-0.019,0.065,0.274,0.033,-0.336
0.058,-0.085,0.266,1.0,0.006,0.008,-0.012,-0.073,0.012,0.051,-0.037,0.208,-0.032
0.053,-0.085,0.27,1.0,0.011,0.021,-0.012,-0.099,-0.013,0.096,0.044,0.505,0.064
0.051,-0.086,0.275,1.0,0.016,0.014,-0.017,-0.025,-0.022,0.08,0.151,-0.104,-0.185
0.048,-0.087,0.281,1.0,0.009,0.014,-0.012,-0.047,-0.055,0.112,0.181,0.9,-0.199
0.046,-0.089,0.287,1.0,0.014,0.013,-0.016,-0.061,-0.042,0.178,0.493,0.787,-0.226
0.044,-0.092,0.295,1.0,0.006,0.01,-0.012,-0.091,-0.079,0.24,-0.582,0.51,0.552
0.044,-0.092,0.296,1.0,0.007,0.025,-0.011,-0.055,-0.065,0.199,-0.231,1.362,0.317
0.043,-0.094,0.302,1.0,0.001,0.005,-0.01,-0.04,-0.063,0.198,0.037,-0.487,0.092
0.041,-0.098,0.312,1.0,0.001,0.001,-0.01,-0.022,-0.072,0.194,0.129,-0.641,0.018
0.041,-0.101,0.318,1.0,0.0,0.005,-0.013,-0.009,-0.095,0.159,0.24,-0.041,-0.318
0.04,-0.105,0.326,1.0,0.0,0.007,-0.013,-0.003,-0.024,0.038,0.042,0.178,-0.045
0.04,-0.107,0.333,0.999,-0.028,0.035,-0.019,-0.039,-0.082,0.33,-2.753,2.848,-0.634
0.041,-0.112,0.34,1.0,-0.01,0.01,-0.011,0.018,-0.06,0.105,-0.405,0.559,-0.067
0.04,-0.114,0.341,1.0,-0.006,0.003,-0.012,-0.003,-0.077,0.069,0.092,-0.024,-0.073
0.041,-0.118,0.347,1.0,0.002,-0.001,-0.015,0.004,-0.045,0.062,0.428,-0.46,-0.061
0.042,-0.12,0.348,1.0,-0.004,0.0,-0.015,0.03,-0.071,0.043,-0.016,-0.126,-0.37
0.043,-0.123,0.352,1.0,-0.007,-0.005,-0.013,0.012,-0.052,0.047,-0.008,-0.498,0.024
0.043,-0.124,0.352,1.0,-0.007,0.001,-0.01,0.005,-0.022,0.012,-0.012,0.115,0.099
0.045,-0.128,0.356,1.0,-0.002,0.006,-0.013,0.039,-0.052,0.044,0.308,0.36,-0.226
0.045,-0.128,0.358,1.0,-0.002,-0.0,-0.015,0.034,-0.038,0.068,0.117,-0.242,-0.207
0.047,-0.131,0.363,1.0,-0.003,0.01,-0.012,0.021,-0.013,0.071,-0.003,0.667,0.05
0.046,-0.131,0.364,1.0,-0.009,-0.008,-0.008,-0.002,0.001,0.09,-0.523,-1.0,0.41
0.047,-0.133,0.366,1.0,-0.009,-0.001,-0.012,-0.003,-0.033,0.066,-0.355,-0.183,-0.041
0.048,-0.134,0.37,1.0,-0.005,-0.001,-0.009,-0.022,-0.009,0.069,-0.039,-0.72,0.416
0.049,-0.135,0.372,1.0,-0.006,0.007,-0.015,0.012,-0.021,0.053,0.057,0.23,-0.119
0.049,-0.135,0.372,1.0,-0.006,0.007,-0.015,0.012,-0.021,0.053,0.057,0.23,-0.119
0.05,-0.137,0.376,1.0,-0.003,0.001,-0.013,0.017,-0.018,0.044,-0.03,-0.012,0.083
0.05,-0.137,0.378,1.0,-0.013,-0.002,-0.013,0.014,-0.017,0.086,-0.502,0.137,-0.211
0.051,-0.139,0.381,1.0,-0.007,-0.02,-0.018,0.012,-0.025,0.061,0.019,-1.027,-0.25
0.082,-0.166,0.397,0.004,-0.586,-0.775,-0.238,0.169,-0.148,0.09,-6.162,-8.372,-2.521
0.082,-0.166,0.397,0.004,-0.586,-0.775,-0.238,0.069,-0.061,0.037,-2.524,-3.429,-1.032
0.052,-0.139,0.389,1.0,-0.001,0.001,-0.015,-1.045,0.957,-0.236,40.939,54.846,16.897
0.052,-0.139,0.395,1.0,-0.009,-0.009,-0.012,-0.029,0.029,0.078,1.041,1.612,0.634
0.052,-0.139,0.395,1.0,-0.009,-0.009,-0.012,-0.029,0.029,0.078,1.041,1.612,0.634
0.053,-0.14,0.403,1.0,-0.002,-0.002,-0.012,0.02,0.004,0.157,0.625,0.341,-0.036
0.053,-0.14,0.408,1.0,-0.0,0.019,-0.014,0.021,-0.009,0.07,0.255,1.603,0.005
0.053,-0.14,0.411,1.0,-0.002,-0.007,-0.013,-0.015,-0.007,0.136,-0.027,-1.223,0.024
0.082,-0.169,0.432,0.016,0.587,0.772,0.244,1.274,-1.205,0.752,48.699,64.979,20.607
0.082,-0.169,0.432,0.016,0.587,0.772,0.244,0.267,-0.253,0.158,10.213,13.627,4.322
0.05,-0.14,0.421,1.0,-0.004,-0.012,-0.007,-0.805,0.702,-0.27,-28.645,-38.228,-11.843
0.049,-0.14,0.422,1.0,-0.01,-0.011,-0.011,-0.137,0.096,0.01,-4.218,-5.088,-1.641
0.049,-0.141,0.423,1.0,-0.014,-0.014,-0.004,-0.062,0.003,0.021,-2.052,-2.31,-0.022
0.048,-0.141,0.425,1.0,-0.0,-0.009,-0.016,-0.035,0.003,0.049,0.233,-0.173,-0.074
0.047,-0.141,0.426,1.0,-0.002,-0.003,-0.015,-0.034,0.007,0.019,-0.026,0.155,0.054
0.047,-0.141,0.426,1.0,-0.002,-0.003,-0.015,-0.034,0.007,0.019,-0.026,0.155,0.054
0.044,-0.141,0.425,1.0,-0.003,-0.004,-0.016,-0.033,-0.004,-0.014,0.031,0.141,-0.241
0.044,-0.141,0.424,1.0,-0.002,0.001,-0.017,-0.033,-0.005,-0.003,-0.144,0.422,-0.134
0.044,-0.141,0.424,1.0,-0.002,0.001,-0.017,-0.033,-0.005,-0.003,-0.144,0.422,-0.134
0.041,-0.141,0.424,1.0,-0.001,0.0,-0.014,-0.052,-0.011,0.012,-0.502,0.802,-0.11
0.038,-0.141,0.423,1.0,-0.005,-0.005,-0.013,-0.049,-0.011,-0.007,-0.205,-0.002,0.069
0.037,-0.142,0.423,1.0,-0.002,-0.001,-0.015,-0.04,-0.015,0.0,0.057,0.334,-0.117
0.033,-0.143,0.423,1.0,-0.004,-0.005,-0.014,-0.046,0.002,-0.004,-0.068,-0.229,0.096
0.03,-0.142,0.422,1.0,-0.013,-0.011,-0.01,-0.116,0.01,-0.043,-1.018,-1.096,0.519
0.028,-0.142,0.424,1.0,-0.007,-0.005,-0.013,-0.062,0.014,0.036,-0.016,-0.181,-0.016
0.027,-0.142,0.425,1.0,-0.003,-0.0,-0.013,-0.061,0.007,0.036,0.304,0.318,0.009
0.025,-0.143,0.424,1.0,-0.007,-0.004,-0.015,-0.06,-0.011,-0.038,-0.489,-0.263,-0.075
0.022,-0.143,0.425,1.0,-0.0,0.01,-0.021,-0.073,0.007,0.019,-0.409,0.823,-0.547
0.021,-0.143,0.425,0.999,-0.02,0.025,-0.027,-0.073,0.003,0.027,-1.677,1.413,-0.764
0.02,-0.144,0.423,1.0,-0.007,-0.001,-0.014,-0.075,0.01,-0.042,-0.287,-0.369,0.197
0.018,-0.144,0.422,1.0,0.001,0.006,-0.014,-0.026,-0.002,-0.016,0.018,0.009,0.091
0.014,-0.146,0.418,1.0,0.0,0.002,-0.015,-0.063,-0.027,-0.066,-0.12,-0.34,0.022
0.012,-0.147,0.415,1.0,0.002,0.01,-0.017,-0.025,-0.007,-0.049,0.299,0.454,-0.357
0.011,-0.147,0.413,1.0,-0.001,0.02,-0.015,-0.049,0.029,-0.139,-0.263,2.013,0.082
0.008,-0.148,0.409,1.0,-0.001,-0.001,-0.017,-0.04,-0.028,-0.051,0.039,-0.616,-0.113
0.005,-0.149,0.405,1.0,-0.003,0.004,-0.014,-0.042,-0.012,-0.076,0.1,0.396,-0.044
0.004,-0.15,0.402,1.0,0.0,0.003,-0.016,-0.023,-0.008,-0.05,-0.008,0.135,0.002
0.001,-0.151,0.398,1.0,-0.003,0.003,-0.013,-0.037,-0.018,-0.051,0.077,0.253,0.057
0.001,-0.151,0.398,1.0,-0.003,0.003,-0.013,-0.037,-0.018,-0.051,0.077,0.253,0.057
0.0,-0.152,0.396,1.0,-0.004,0.002,-0.015,-0.036,-0.031,-0.1,-0.101,0.34,-0.085
-0.002,-0.152,0.391,1.0,-0.009,0.001,-0.015,-0.017,-0.01,-0.093,0.576,-0.727,0.212
-0.002,-0.152,0.391,1.0,-0.009,0.001,-0.015,-0.017,-0.01,-0.093,0.576,-0.727,0.212
-0.004,-0.153,0.386,1.0,-0.007,0.002,-0.015,-0.037,-0.013,-0.08,-0.121,-0.122,0.088
-0.005,-0.153,0.383,1.0,-0.01,-0.002,-0.014,-0.04,-0.006,-0.086,-0.402,-0.355,0.093
-0.006,-0.154,0.382,1.0,-0.006,-0.0,-0.017,-0.006,-0.008,-0.02,0.028,-0.014,-0.092
-0.007,-0.154,0.378,1.0,-0.004,0.001,-0.014,-0.024,0.008,-0.062,0.015,-0.452,0.021
-0.008,-0.154,0.376,1.0,-0.006,-0.0,-0.013,-0.004,0.0,-0.022,-0.053,-0.061,0.011
-0.009,-0.154,0.369,1.0,-0.004,0.001,-0.015,-0.004,0.011,-0.111,0.894,-0.377,-0.105
0.022,-0.183,0.382,0.001,-0.59,-0.773,-0.232,1.532,-1.426,0.592,-56.897,-77.818,-23.544
-0.009,-0.154,0.361,1.0,-0.001,0.014,-0.018,-0.222,0.196,-0.22,-10.884,-14.792,-4.711
-0.01,-0.154,0.357,1.0,-0.005,0.006,-0.012,-0.053,0.037,-0.189,-1.251,-1.99,0.176
-0.008,-0.153,0.351,1.0,-0.007,0.006,-0.018,0.001,-0.0,-0.02,-0.009,0.026,-0.015
-0.007,-0.152,0.345,1.0,-0.006,0.01,-0.019,0.015,0.011,-0.072,0.036,0.093,-0.039
-0.007,-0.151,0.341,1.0,-0.011,0.005,-0.014,0.031,0.032,-0.179,-0.439,-0.174,0.517
-0.005,-0.149,0.333,1.0,-0.009,0.001,-0.013,0.026,0.041,-0.117,-0.182,-0.331,0.178
-0.005,-0.149,0.333,1.0,-0.009,0.001,-0.013,0.026,0.041,-0.117,-0.182,-0.331,0.178
-0.003,-0.148,0.328,1.0,-0.003,0.02,-0.015,0.064,0.025,-0.145,0.621,1.534,-0.105
-0.001,-0.147,0.322,1.0,-0.004,0.007,-0.02,0.046,0.018,-0.148,0.217,-0.361,0.023
-0.001,-0.147,0.322,1.0,-0.004,0.007,-0.02,0.046,0.018,-0.148,0.217,-0.361,0.023
-0.0,-0.145,0.321,1.0,0.002,0.007,-0.011,0.028,0.052,-0.051,0.64,-0.133,0.53
0.003,-0.144,0.314,1.0,-0.002,0.005,-0.02,0.083,0.023,-0.076,0.128,0.051,-0.723
0.003,-0.144,0.314,1.0,-0.002,0.005,-0.02,0.083,0.023,-0.076,0.128,0.051,-0.723
0.007,-0.142,0.312,1.0,-0.0,-0.012,-0.022,0.074,0.018,0.005,0.285,-1.943,-0.447
0.008,-0.14,0.308,1.0,-0.004,0.004,-0.018,0.011,0.008,-0.019,0.038,-0.101,0.059
0.014,-0.138,0.301,1.0,0.012,-0.018,-0.014,0.072,0.051,-0.126,1.021,-2.996,0.274
0.014,-0.138,0.301,1.0,0.012,-0.018,-0.014,0.072,0.051,-0.126,1.021,-2.996,0.274
0.016,-0.137,0.297,1.0,-0.005,0.001,-0.014,0.044,0.025,-0.077,-0.326,0.199,0.108
0.018,-0.135,0.291,1.0,-0.006,0.002,-0.015,0.057,0.026,-0.124,-0.283,-0.04,0.029
0.018,-0.135,0.291,1.0,-0.006,0.002,-0.015,0.057,0.026,-0.124,-0.283,-0.04,0.029
0.02,-0.135,0.288,1.0,-0.011,-0.01,-0.017,0.048,0.004,-0.077,-0.22,-0.362,-0.175
0.021,-0.134,0.285,1.0,-0.001,-0.003,-0.011,0.009,0.024,-0.082,0.206,0.169,0.418
0.027,-0.133,0.276,1.0,0.001,0.0,-0.019,0.091,0.017,-0.115,0.366,0.604,-0.175
0.027,-0.132,0.272,1.0,-0.001,-0.005,-0.017,0.039,0.01,-0.165,0.039,-0.218,0.061
0.03,-0.132,0.264,1.0,-0.003,-0.007,-0.018,0.023,-0.0,-0.082,-0.171,-0.165,-0.041
0.03,-0.132,0.264,1.0,-0.003,-0.007,-0.018,0.006,-0.0,-0.021,-0.045,-0.043,-0.011
0.035,-0.13,0.251,1.0,-0.003,-0.001,-0.016,0.044,0.003,-0.142,-0.911,-0.689,0.264
0.036,-0.13,0.25,1.0,0.001,0.004,-0.019,0.031,-0.003,-0.061,-0.162,-0.004,0.024
0.039,-0.13,0.242,1.0,0.002,-0.002,-0.015,0.013,0.007,-0.071,-0.17,-0.988,0.143
0.042,-0.131,0.236,1.0,0.002,0.003,-0.017,0.059,-0.001,-0.095,-0.1,-0.557,0.032
0.044,-0.132,0.233,1.0,0.002,-0.013,-0.018,0.024,-0.014,-0.04,0.071,-1.183,-0.001
0.045,-0.133,0.229,1.0,0.003,-0.003,-0.021,0.059,-0.028,-0.138,0.312,0.153,-0.203
0.049,-0.134,0.222,1.0,0.005,0.022,-0.019,0.069,-0.027,-0.07,0.137,1.628,0.022
0.049,-0.134,0.222,1.0,0.005,0.022,-0.019,0.035,-0.014,-0.036,0.07,0.833,0.011
0.05,-0.135,0.219,1.0,0.001,-0.006,-0.017,0.041,-0.02,-0.101,-0.136,-1.317,0.197
0.051,-0.137,0.214,1.0,0.002,-0.004,-0.019,0.028,-0.033,-0.09,0.011,-0.069,0.015
0.054,-0.139,0.208,0.999,0.034,-0.041,-0.009,0.059,-0.044,-0.138,1.228,-1.475,0.5
0.054,-0.139,0.208,0.999,0.034,-0.041,-0.009,0.059,-0.044,-0.138,1.228,-1.475,0.5
0.056,-0.142,0.206,1.0,-0.004,0.002,-0.019,0.035,-0.044,-0.063,-0.298,0.168,-0.235
0.057,-0.143,0.204,1.0,-0.001,0.017,-0.021,0.036,-0.053,-0.077,0.107,1.217,-0.114
0.056,-0.144,0.203,1.0,-0.001,0.008,-0.017,0.005,-0.014,-0.035,0.072,0.242,0.096
0.058,-0.146,0.2,1.0,-0.002,0.0,-0.019,0.022,-0.042,-0.044,-0.04,-0.229,-0.046
0.058,-0.146,0.2,1.0,-0.002,0.0,-0.019,0.022,-0.042,-0.044,-0.04,-0.229,-0.046
0.059,-0.149,0.198,1.0,-0.008,0.001,-0.017,0.02,-0.04,-0.053,-0.075,0.598,0.069
0.06,-0.149,0.197,1.0,-0.008,0.008,-0.017,0.024,-0.016,-0.02,-0.057,0.437,0.063
0.06,-0.149,0.197,1.0,-0.008,0.008,-0.017,0.024,-0.016,-0.02,-0.057,0.437,0.063
0.061,-0.152,0.195,1.0,0.006,-0.021,-0.018,0.015,-0.062,-0.045,0.222,-0.828,-0.112
0.061,-0.152,0.194,0.999,0.01,-0.027,-0.016,0.005,-0.015,-0.013,0.159,-0.321,0.032
0.061,-0.152,0.194,0.999,0.01,-0.027,-0.016,0.005,-0.015,-0.013,0.159,-0.321,0.032
0.062,-0.154,0.194,1.0,-0.004,0.006,-0.02,-0.002,-0.019,0.005,-0.513,1.155,-0.198
0.062,-0.154,0.193,1.0,-0.008,-0.0,-0.019,0.015,-0.009,-0.046,-0.247,-0.059,0.066
0.062,-0.154,0.193,1.0,-0.008,-0.0,-0.019,0.015,-0.009,-0.046,-0.247,-0.059,0.066
0.062,-0.154,0.191,1.0,-0.008,0.009,-0.021,0.001,-0.014,-0.029,-0.054,0.266,-0.041
0.062,-0.154,0.188,1.0,-0.008,0.011,-0.027,-0.005,0.026,-0.089,0.347,0.709,-0.995
0.064,-0.154,0.185,1.0,-0.009,-0.003,-0.022,-0.117,0.136,-0.146,5.957,5.726,3.256
0.064,-0.155,0.184,1.0,-0.011,-0.005,-0.022,-0.02,0.017,-0.034,0.953,0.92,0.553
0.065,-0.154,0.18,1.0,-0.009,0.001,-0.019,0.04,0.02,-0.06,0.465,-0.416,0.22
0.065,-0.154,0.18,1.0,-0.009,0.001,-0.019,0.04,0.02,-0.06,0.465,-0.416,0.22
0.067,-0.152,0.181,1.0,-0.009,0.011,-0.019,0.036,0.053,-0.006,0.194,0.658,0.074
0.067,-0.151,0.182,1.0,-0.005,0.001,-0.019,0.027,0.038,0.036,0.295,-0.072,-0.022
0.068,-0.149,0.185,1.0,-0.007,-0.0,-0.019,0.015,0.023,0.048,-0.075,-0.035,0.033
0.069,-0.147,0.19,1.0,-0.002,0.001,-0.014,0.007,0.023,0.054,0.158,0.139,0.172
0.069,-0.147,0.19,1.0,-0.002,0.001,-0.014,0.007,0.023,0.054,0.158,0.139,0.172
0.072,-0.144,0.197,1.0,-0.005,0.016,-0.02,0.044,0.059,0.164,-0.018,0.55,-0.006
0.073,-0.142,0.202,1.0,-0.008,-0.003,-0.02,0.037,0.063,0.153,-0.243,-0.27,-0.099
0.073,-0.142,0.202,1.0,-0.008,-0.003,-0.02,0.037,0.063,0.153,-0.243,-0.27,-0.099
0.074,-0.14,0.207,1.0,-0.003,0.005,-0.021,0.014,0.028,0.069,-0.033,0.338,0.015
0.074,-0.139,0.209,1.0,-0.004,-0.002,-0.019,0.018,0.025,0.076,-0.005,-0.302,0.015
0.074,-0.139,0.209,1.0,-0.004,-0.002,-0.019,0.018,0.025,0.076,-0.005,-0.302,0.015
0.075,-0.138,0.21,1.0,-0.004,0.007,-0.02,0.012,0.014,0.02,0.002,0.155,-0.026
0.077,-0.134,0.214,1.0,-0.002,0.0,-0.021,0.004,0.029,0.023,-0.042,-0.546,0.03
0.076,-0.132,0.214,1.0,-0.002,-0.002,-0.015,-0.02,0.064,-0.002,0.11,-0.202,0.637
0.078,-0.131,0.214,1.0,0.002,0.012,-0.019,0.026,0.039,0.007,0.194,0.819,-0.007
0.077,-0.129,0.215,1.0,0.002,0.002,-0.025,0.003,0.054,0.025,0.056,-0.28,-0.292
0.079,-0.128,0.218,1.0,0.004,-0.004,-0.023,0.018,0.005,0.028,0.125,-0.184,-0.109
0.079,-0.128,0.218,1.0,0.004,-0.004,-0.023,0.003,0.001,0.005,0.021,-0.031,-0.018
0.08,-0.126,0.219,1.0,0.0,0.001,-0.021,0.021,0.088,0.048,-0.28,0.32,0.104
0.079,-0.125,0.221,1.0,0.01,0.003,-0.014,-0.019,0.057,0.072,0.471,0.206,0.429
0.08,-0.124,0.222,1.0,0.006,0.006,-0.019,0.019,0.032,0.068,-0.222,0.46,-0.064
0.081,-0.123,0.225,1.0,0.0,-0.0,-0.02,0.041,0.027,0.065,-0.282,0.191,-0.35
0.081,-0.122,0.228,1.0,-0.005,-0.005,-0.021,0.005,0.022,0.076,-0.337,-0.936,-0.113
0.081,-0.121,0.231,1.0,0.006,0.002,-0.021,0.02,0.014,0.101,0.388,0.626,-0.092
0.081,-0.12,0.239,1.0,0.003,-0.002,-0.02,0.006,0.016,0.132,0.255,0.053,0.087
0.082,-0.121,0.242,1.0,0.003,0.01,-0.021,0.009,-0.002,0.106,0.135,0.998,-0.19
0.082,-0.121,0.242,1.0,0.003,0.01,-0.021,0.009,-0.002,0.106,0.135,0.998,-0.19
0.081,-0.121,0.25,1.0,0.0,-0.002,-0.021,0.001,-0.014,0.146,-0.084,-0.462,-0.14
0.081,-0.121,0.254,1.0,0.003,0.007,-0.019,-0.004,0.001,0.067,0.042,0.38,0.059
0.081,-0.121,0.254,1.0,0.003,0.007,-0.019,-0.004,0.001,0.067,0.042,0.38,0.059
0.08,-0.122,0.268,1.0,-0.0,-0.002,-0.019,-0.019,-0.007,0.187,-0.031,-0.88,0.129
0.08,-0.122,0.27,1.0,0.002,0.013,-0.018,0.005,-0.041,0.141,0.4,1.524,0.071
0.078,-0.123,0.28,1.0,-0.001,-0.003,-0.02,-0.022,0.004,0.167,0.012,-0.432,-0.071
0.078,-0.123,0.285,1.0,-0.001,0.005,-0.022,-0.015,-0.034,0.124,-0.176,0.047,-0.227
0.078,-0.123,0.285,1.0,-0.001,0.005,-0.022,-0.015,-0.034,0.124,-0.176,0.047,-0.227
0.075,-0.125,0.298,1.0,-0.001,-0.007,-0.013,-0.077,-0.022,0.151,0.002,-1.045,0.659
0.075,-0.125,0.298,1.0,-0.001,-0.007,-0.013,-0.077,-0.022,0.151,0.002,-1.045,0.659
0.075,-0.124,0.306,1.0,0.003,0.0,-0.021,-0.0,0.001,0.105,0.375,0.309,-0.046
0.074,-0.126,0.309,1.0,0.001,0.005,-0.02,-0.018,-0.024,0.114,0.453,0.707,-0.049
0.074,-0.126,0.309,1.0,0.001,0.005,-0.02,-0.018,-0.024,0.114,0.453,0.707,-0.049
0.071,-0.126,0.319,1.0,-0.001,-0.004,-0.02,-0.059,0.009,0.203,-0.565,0.576,-0.377
0.069,-0.128,0.331,1.0,-0.003,0.0,-0.022,-0.037,-0.021,0.166,0.166,0.354,-0.066
0.066,-0.129,0.341,1.0,0.003,0.002,-0.021,-0.027,-0.029,0.129,0.63,0.717,-0.196
0.065,-0.13,0.346,1.0,-0.004,-0.01,-0.022,-0.034,-0.033,0.125,-0.105,-0.553,-0.16
0.063,-0.129,0.353,1.0,-0.004,-0.002,-0.02,-0.036,-0.005,0.149,-0.032,0.076,0.02
0.059,-0.131,0.363,1.0,0.003,-0.014,-0.023,-0.054,-0.042,0.164,0.585,-0.493,-0.504
0.058,-0.131,0.368,1.0,-0.003,0.004,-0.02,-0.045,-0.025,0.165,0.024,0.649,-0.052
0.058,-0.131,0.368,1.0,-0.003,0.004,-0.02,-0.045,-0.025,0.165,0.024,0.649,-0.052
0.053,-0.132,0.383,1.0,-0.003,0.003,-0.02,-0.045,-0.006,0.109,-0.136,0.451,0.159
0.053,-0.132,0.383,1.0,-0.003,0.003,-0.02,-0.045,-0.006,0.109,-0.136,0.451,0.159
0.051,-0.132,0.389,1.0,-0.004,0.002,-0.022,-0.045,-0.01,0.146,-0.246,0.248,-0.122
0.048,-0.132,0.395,1.0,-0.003,-0.007,-0.02,-0.214,0.134,0.077,-5.711,-8.087,-2.069
0.046,-0.133,0.4,1.0,-0.001,-0.002,-0.02,-0.092,0.008,0.144,-0.636,-0.99,-0.326
0.043,-0.132,0.404,1.0,-0.001,-0.002,-0.014,-0.104,0.012,0.14,-0.048,-0.168,0.423
0.041,-0.133,0.409,1.0,-0.002,0.003,-0.021,-0.055,-0.003,0.116,0.101,0.228,-0.137
0.041,-0.133,0.409,1.0,-0.002,0.003,-0.021,-0.055,-0.003,0.116,0.101,0.228,-0.137
0.04,-0.133,0.41,1.0,-0.003,-0.004,-0.017,-0.021,0.006,0.032,-0.014,-0.105,0.08
0.036,-0.134,0.419,1.0,0.002,0.007,-0.021,-0.082,-0.018,0.157,-0.784,2.388,-0.536
0.035,-0.134,0.424,1.0,0.0,0.003,-0.021,-0.057,0.007,0.177,-0.22,0.183,-0.137
0.035,-0.134,0.424,1.0,0.003,0.015,-0.022,-0.033,-0.008,0.117,0.084,0.937,-0.089
0.031,-0.135,0.433,1.0,0.016,-0.02,-0.016,-0.028,-0.021,0.08,1.64,-1.996,0.508
0.03,-0.135,0.437,1.0,0.0,0.009,-0.021,-0.053,-0.008,0.165,-0.121,1.01,-0.031
0.029,-0.136,0.445,1.0,0.002,0.002,-0.024,-0.022,-0.035,0.205,0.291,-0.086,-0.28
0.027,-0.136,0.455,1.0,-0.003,-0.006,-0.024,-0.045,-0.022,0.231,-0.343,-1.117,-0.108
0.027,-0.136,0.455,1.0,-0.003,-0.006,-0.024,-0.045,-0.022,0.231,-0.343,-1.117,-0.108
0.024,-0.136,0.472,1.0,-0.006,0.001,-0.021,-0.043,0.002,0.268,-0.455,-0.208,0.106
0.022,-0.137,0.48,1.0,-0.007,-0.003,-0.021,-0.041,-0.005,0.265,-0.201,-0.235,-0.035
0.022,-0.137,0.48,1.0,-0.007,-0.003,-0.021,-0.041,-0.005,0.265,-0.201,-0.235,-0.035
0.019,-0.137,0.499,1.0,-0.001,0.004,-0.017,-0.069,-0.004,0.213,0.332,0.326,0.427
0.018,-0.137,0.507,1.0,0.001,0.01,-0.023,-0.02,-0.011,0.188,0.215,0.27,-0.169
0.015,-0.137,0.519,1.0,-0.004,0.001,-0.021,-0.04,-0.007,0.18,-0.025,-0.072,0.038
0.015,-0.137,0.519,1.0,-0.004,0.001,-0.021,-0.04,-0.007,0.18,-0.025,-0.072,0.038
0.013,-0.137,0.53,1.0,-0.004,-0.001,-0.021,-0.031,-0.004,0.177,0.012,0.032,-0.138
0.012,-0.138,0.535,1.0,0.002,0.01,-0.026,-0.038,-0.03,0.154,0.587,1.035,-0.496
0.012,-0.138,0.535,1.0,0.002,0.01,-0.026,-0.038,-0.03,0.154,0.587,1.035,-0.496
0.011,-0.137,0.543,1.0,0.0,0.005,-0.022,-0.027,0.01,0.195,0.051,-0.232,0.018
0.01,-0.137,0.547,1.0,-0.001,-0.002,-0.024,-0.035,0.015,0.193,-0.249,-0.969,-0.135
0.007,-0.136,0.561,1.0,-0.002,-0.011,-0.018,-0.037,0.015,0.109,0.042,-1.073,0.199
0.005,-0.136,0.569,1.0,-0.004,-0.001,-0.021,-0.028,0.011,0.122,-0.313,-0.216,0.007
0.004,-0.136,0.57,1.0,-0.006,0.0,-0.022,-0.011,0.003,0.039,-0.1,-0.004,-0.026
0.0,-0.135,0.572,1.0,-0.01,-0.007,-0.019,-0.082,0.027,0.01,-0.718,-0.011,0.032
-0.0,-0.136,0.574,1.0,-0.001,-0.001,-0.024,-0.039,-0.003,0.049,0.238,0.158,-0.201
-0.003,-0.135,0.576,1.0,-0.011,-0.005,-0.019,-0.047,0.018,0.058,-0.374,-0.338,0.134
-0.004,-0.135,0.578,1.0,0.001,-0.001,-0.023,-0.025,0.024,0.051,0.483,0.225,-0.16
-0.006,-0.134,0.58,1.0,-0.007,-0.003,-0.02,-0.059,0.016,0.065,-0.307,0.001,0.121
-0.009,-0.134,0.583,1.0,-0.004,-0.009,-0.022,-0.045,0.018,0.074,0.228,-0.267,-0.114
-0.01,-0.133,0.584,1.0,-0.005,0.012,-0.022,-0.02,-0.005,0.01,0.159,0.848,-0.052
-0.013,-0.133,0.587,1.0,-0.005,-0.006,-0.02,-0.063,0.02,0.071,-0.033,-0.534,0.016
-0.016,-0.131,0.589,1.0,-0.002,0.003,-0.02,-0.042,0.011,0.019,0.107,0.35,0.046
-0.019,-0.13,0.593,1.0,-0.002,-0.008,-0.021,-0.119,0.062,0.167,-0.381,-2.51,0.286
-0.021,-0.13,0.594,1.0,-0.001,-0.004,-0.021,-0.085,0.035,0.064,-0.0,-0.799,0.089
-0.026,-0.128,0.596,1.0,-0.003,-0.004,-0.019,-0.068,0.024,0.022,-0.314,-0.356,0.136
-0.027,-0.127,0.598,1.0,0.003,0.011,-0.022,-0.051,0.016,0.051,0.307,1.056,-0.217
-0.031,-0.126,0.601,1.0,-0.015,0.009,-0.021,-0.078,0.02,0.079,-1.712,1.08,0.035
-0.031,-0.126,0.601,1.0,0.001,0.0,-0.022,-0.024,0.007,0.026,0.243,-0.095,-0.037
-0.034,-0.126,0.602,1.0,0.001,0.006,-0.021,-0.098,0.019,0.021,0.167,-0.02,0.004
-0.039,-0.124,0.602,1.0,-0.003,0.003,-0.018,-0.096,0.025,-0.005,-0.468,-0.262,0.344
-0.038,-0.124,0.602,1.0,-0.0,0.006,-0.022,-0.044,0.013,0.004,-0.106,0.054,-0.05
-0.041,-0.124,0.602,1.0,-0.003,0.002,-0.02,-0.067,0.017,-0.013,-0.066,-0.157,0.143
-0.043,-0.123,0.602,1.0,0.001,0.01,-0.022,-0.042,0.005,-0.011,-0.079,1.288,-0.168
-0.044,-0.122,0.603,1.0,-0.001,0.005,-0.022,-0.043,0.021,0.025,-0.175,-0.337,-0.061
-0.044,-0.122,0.603,1.0,-0.001,0.005,-0.022,-0.043,0.021,0.025,-0.175,-0.337,-0.061
-0.047,-0.122,0.603,1.0,0.0,0.001,-0.021,-0.036,0.013,0.018,-0.16,-0.214,-0.039
-0.048,-0.123,0.603,1.0,0.0,0.007,-0.022,-0.028,-0.041,0.013,0.055,0.076,0.027
-0.048,-0.123,0.603,1.0,0.0,0.007,-0.022,-0.028,-0.041,0.013,0.055,0.076,0.027
-0.049,-0.122,0.605,1.0,-0.003,0.005,-0.022,-0.006,0.002,0.005,-0.09,0.068,-0.027
-0.05,-0.122,0.606,1.0,-0.003,0.005,-0.021,-0.061,0.019,0.082,-0.016,0.08,0.129
-0.053,-0.123,0.619,0.994,0.093,0.056,0.002,-0.019,-0.001,0.058,0.505,0.281,0.053
-0.051,-0.121,0.609,1.0,0.001,0.015,-0.023,0.038,0.049,-0.264,-4.705,-2.239,-1.338
-0.051,-0.121,0.609,1.0,0.001,0.015,-0.023,0.038,0.049,-0.264,-4.705,-2.239,-1.338
-0.052,-0.121,0.61,1.0,0.0,0.015,-0.022,-0.005,0.007,-0.012,-0.361,-0.122,-0.006
-0.052,-0.121,0.61,1.0,0.001,0.014,-0.021,0.001,0.007,0.008,0.026,0.009,0.029
-0.052,-0.121,0.61,1.0,0.001,0.014,-0.021,0.001,0.007,0.008,0.026,0.009,0.029
-0.051,-0.12,0.611,1.0,0.001,0.01,-0.021,0.002,0.01,0.02,-0.102,-0.346,0.065
-0.051,-0.12,0.611,1.0,0.0,0.013,-0.021,0.011,0.006,-0.005,-0.004,0.239,-0.015
-0.051,-0.12,0.611,1.0,0.0,0.013,-0.021,0.011,0.006,-0.005,-0.004,0.239,-0.015
-0.05,-0.119,0.611,1.0,-0.005,0.015,-0.02,0.009,0.013,-0.007,-0.319,0.149,0.002
-0.05,-0.119,0.609,1.0,-0.002,-0.001,-0.021,0.006,-0.007,-0.061,-0.017,-0.348,-0.274
-0.05,-0.119,0.607,1.0,-0.001,-0.002,-0.017,-0.003,0.001,-0.063,0.09,-0.136,0.096
-0.049,-0.119,0.606,1.0,0.003,0.012,-0.022,0.029,0.001,-0.058,0.207,0.672,-0.178
-0.05,-0.12,0.597,0.999,0.02,0.016,-0.036,-0.117,-0.042,-0.209,1.932,0.474,-1.739
-0.05,-0.12,0.597,0.999,0.02,0.016,-0.036,-0.117,-0.042,-0.209,1.932,0.474,-1.739
-0.046,-0.12,0.59,1.0,0.004,0.01,-0.025,0.058,-0.013,-0.148,0.205,0.638,-0.411
-0.046,-0.119,0.584,1.0,0.002,0.011,-0.023,0.032,0.003,-0.152,-0.098,0.721,-0.074
-0.045,-0.119,0.579,1.0,0.005,0.009,-0.023,0.022,-0.015,-0.183,0.1,0.708,-0.216
-0.044,-0.119,0.565,1.0,0.003,0.008,-0.024,0.02,-0.007,-0.208,-0.157,-0.012,-0.113
-0.044,-0.119,0.565,1.0,0.003,0.008,-0.024,0.02,-0.007,-0.208,-0.157,-0.012,-0.113
-0.042,-0.12,0.55,0.999,0.019,-0.023,-0.015,0.044,-0.019,-0.266,0.929,-2.237,0.583
-0.04,-0.121,0.538,1.0,0.001,0.005,-0.022,0.041,-0.003,-0.166,-0.256,-0.329,0.018
-0.039,-0.121,0.534,1.0,0.006,0.008,-0.022,0.044,-0.02,-0.193,0.565,-0.094,0.026
-0.036,-0.122,0.523,1.0,0.002,-0.0,-0.022,0.035,-0.024,-0.14,0.024,-0.441,0.055
-0.035,-0.123,0.52,1.0,0.0,0.006,-0.021,0.035,-0.015,-0.097,-0.091,0.119,0.006
-0.033,-0.124,0.516,1.0,0.005,0.001,-0.023,0.074,-0.04,-0.147,0.312,-0.171,-0.191
-0.03,-0.126,0.509,1.0,0.001,-0.0,-0.022,0.057,-0.033,-0.145,-0.057,-0.184,0.027
-0.028,-0.126,0.506,1.0,0.005,0.001,-0.023,0.057,-0.022,-0.066,0.281,-0.31,-0.075
-0.028,-0.126,0.506,1.0,0.005,0.001,-0.023,0.057,-0.022,-0.066,0.281,-0.31,-0.075
-0.026,-0.128,0.503,1.0,-0.005,-0.006,-0.022,0.038,-0.022,-0.047,-0.441,-0.652,0.034
-0.024,-0.13,0.502,1.0,0.003,0.002,-0.024,0.061,-0.033,-0.031,0.42,0.248,-0.028
-0.024,-0.13,0.502,1.0,0.003,0.002,-0.024,0.061,-0.033,-0.031,0.42,0.248,-0.028
-0.021,-0.132,0.501,1.0,-0.001,-0.001,-0.022,0.091,-0.068,-0.008,0.591,0.66,-0.302
-0.02,-0.133,0.5,1.0,-0.007,0.004,-0.021,0.029,-0.008,-0.022,-0.159,0.127,0.039
-0.02,-0.133,0.5,1.0,-0.007,0.004,-0.021,0.023,-0.007,-0.017,-0.127,0.101,0.031
-0.018,-0.135,0.497,1.0,-0.006,-0.005,-0.022,0.043,-0.037,-0.066,0.049,-0.36,-0.046
-0.016,-0.137,0.491,1.0,-0.001,-0.009,-0.023,0.022,-0.045,-0.129,0.259,-0.752,-0.038
-0.016,-0.137,0.489,1.0,-0.004,0.003,-0.022,0.018,-0.026,-0.099,-0.181,0.136,0.012
-0.015,-0.138,0.478,1.0,-0.001,-0.008,-0.021,0.015,-0.008,-0.126,0.486,-0.105,-0.062
-0.015,-0.139,0.475,1.0,-0.005,-0.003,-0.022,0.014,-0.015,-0.139,-0.023,0.369,-0.09
-0.015,-0.14,0.46,1.0,-0.002,0.003,-0.025,0.002,-0.009,-0.15,0.094,-0.01,-0.103
-0.015,-0.14,0.46,1.0,-0.002,0.003,-0.025,0.0,-0.001,-0.02,0.013,-0.001,-0.014
-0.016,-0.141,0.44,1.0,-0.005,0.001,-0.023,-0.004,-0.015,-0.186,0.055,-0.055,-0.121
-0.016,-0.141,0.435,1.0,-0.001,0.005,-0.022,-0.002,-0.009,-0.123,0.097,0.246,0.056
-0.016,-0.141,0.435,1.0,-0.001,0.005,-0.022,-0.002,-0.009,-0.123,0.097,0.246,0.056
-0.017,-0.141,0.424,1.0,-0.003,-0.003,-0.022,-0.014,0.001,-0.102,-0.119,-0.792,-0.012
-0.018,-0.141,0.415,1.0,-0.001,0.004,-0.023,-0.011,-0.011,-0.158,0.23,0.592,-0.057
-0.018,-0.141,0.414,1.0,-0.001,0.001,-0.023,-0.005,-0.005,-0.138,0.103,-0.06,-0.02
-0.02,-0.143,0.404,1.0,-0.001,0.008,-0.024,-0.015,-0.082,-0.141,0.169,0.679,-0.267
-0.02,-0.143,0.404,1.0,-0.001,0.008,-0.024,-0.015,-0.082,-0.141,0.169,0.679,-0.267
-0.021,-0.141,0.399,1.0,-0.002,-0.002,-0.021,-0.022,0.027,-0.102,-0.013,-0.489,0.167
-0.021,-0.141,0.394,1.0,-0.003,-0.0,-0.023,0.001,-0.018,-0.103,-0.258,-0.439,0.023
-0.021,-0.141,0.394,1.0,-0.003,-0.0,-0.023,0.001,-0.018,-0.103,-0.258,-0.439,0.023
-0.023,-0.141,0.388,1.0,-0.002,-0.001,-0.022,-0.025,0.005,-0.086,-0.177,-0.528,0.019
-0.023,-0.141,0.382,1.0,-0.002,0.008,-0.022,-0.021,-0.003,-0.08,-0.849,1.651,-0.334
-0.023,-0.14,0.378,1.0,-0.001,0.002,-0.023,-0.008,0.017,-0.157,0.119,0.0,-0.011
-0.023,-0.141,0.374,1.0,-0.001,0.001,-0.023,-0.004,-0.001,-0.1,-0.022,0.046,0.104
-0.023,-0.141,0.374,1.0,-0.001,0.001,-0.023,-0.004,-0.001,-0.1,-0.022,0.046,0.104
-0.023,-0.14,0.365,0.999,0.003,0.024,-0.023,0.048,-0.008,-0.172,0.418,1.905,-0.41
-0.024,-0.141,0.354,1.0,-0.0,0.011,-0.022,0.004,-0.001,-0.13,0.645,0.134,0.133
-0.024,-0.14,0.351,1.0,-0.004,-0.003,-0.022,0.003,0.007,-0.163,0.079,-0.96,-0.025
-0.023,-0.14,0.341,1.0,-0.009,0.001,-0.02,0.006,0.014,-0.119,-0.334,0.097,0.122
-0.023,-0.14,0.339,1.0,0.008,-0.008,-0.016,0.026,-0.002,-0.137,1.132,-0.63,0.337
-0.021,-0.141,0.327,1.0,-0.001,-0.006,-0.014,0.021,-0.009,-0.139,0.209,-0.686,0.888
-0.02,-0.141,0.326,0.999,0.034,-0.033,-0.01,0.037,0.002,-0.096,1.711,-1.512,0.503
-0.018,-0.142,0.313,1.0,0.002,0.012,-0.024,0.055,-0.011,-0.144,0.001,0.581,-0.113
-0.015,-0.144,0.302,0.999,0.005,0.034,-0.02,0.048,-0.022,-0.135,0.415,1.727,0.251
-0.012,-0.144,0.299,1.0,-0.001,-0.002,-0.026,0.038,-0.021,-0.053,-0.082,-0.391,-0.161
-0.01,-0.145,0.294,1.0,-0.004,0.005,-0.023,-1.007,1.03,-0.673,-41.328,-55.468,-17.386
-0.007,-0.145,0.29,1.0,0.005,0.004,-0.025,0.0,0.026,-0.069,-0.534,-1.527,-0.501
-0.005,-0.147,0.288,1.0,-0.003,0.001,-0.023,0.175,-0.091,-0.249,-1.506,2.442,-0.347
0.0,-0.147,0.287,1.0,-0.001,0.006,-0.023,0.071,0.009,0.006,-0.039,0.322,0.063
0.002,-0.147,0.287,1.0,0.002,0.01,-0.024,0.105,-0.015,0.035,0.173,0.018,-0.082
0.006,-0.149,0.289,1.0,0.002,0.008,-0.023,0.118,-0.006,0.057,0.306,0.89,0.275
0.007,-0.149,0.29,1.0,0.0,0.005,-0.023,0.061,-0.007,0.043,0.03,0.16,0.125
0.011,-0.151,0.294,1.0,0.0,-0.006,-0.023,0.064,-0.015,0.067,0.137,-0.055,-0.063
0.013,-0.151,0.296,1.0,-0.003,-0.003,-0.018,0.031,-0.001,0.067,-0.232,-0.659,0.348
0.017,-0.152,0.298,1.0,-0.004,-0.003,-0.022,0.07,-0.009,0.054,-0.107,0.2,0.127
0.019,-0.152,0.3,1.0,-0.009,-0.002,-0.021,0.036,-0.007,0.022,-0.467,-0.216,0.114
0.019,-0.152,0.3,1.0,-0.008,-0.005,-0.02,0.016,0.001,0.012,-0.099,-0.152,0.045
0.023,-0.154,0.301,1.0,-0.008,-0.016,-0.023,0.035,-0.016,-0.0,-0.196,-0.594,-0.027
0.025,-0.153,0.301,1.0,-0.006,-0.006,-0.023,0.063,0.008,0.016,0.046,0.04,-0.071
0.026,-0.154,0.301,1.0,-0.008,-0.009,-0.024,0.036,-0.02,-0.017,-0.122,0.02,0.032
0.028,-0.154,0.3,1.0,-0.004,0.016,-0.025,0.048,-0.025,-0.05,0.233,1.399,-0.057
0.029,-0.153,0.3,1.0,-0.005,-0.008,-0.022,0.037,0.014,0.006,-0.118,-1.025,0.027
0.029,-0.153,0.299,1.0,-0.007,-0.008,-0.021,0.021,0.009,-0.034,-0.033,-0.204,0.068
0.031,-0.153,0.296,1.0,-0.006,0.002,-0.023,0.027,-0.002,-0.091,-0.137,0.389,0.071
0.031,-0.153,0.296,1.0,-0.006,0.002,-0.023,0.027,-0.002,-0.091,-0.137,0.389,0.071
0.031,-0.153,0.293,1.0,-0.004,-0.005,-0.023,0.011,0.002,-0.066,0.058,-0.101,0.106
0.031,-0.153,0.292,1.0,-0.004,-0.006,-0.017,-0.023,-0.011,-0.061,0.025,-0.159,0.408
0.032,-0.152,0.285,0.999,-0.001,0.02,-0.027,-0.004,-0.005,-0.12,0.287,1.669,-0.273
0.033,-0.152,0.285,1.0,-0.002,0.015,-0.021,0.014,0.017,-0.062,0.077,0.332,0.239
0.032,-0.149,0.281,1.0,-0.002,-0.007,-0.022,0.002,0.021,-0.065,0.055,-0.263,-0.06
0.032,-0.149,0.279,1.0,-0.003,-0.005,-0.024,0.004,0.012,-0.058,-0.163,0.339,-0.058
0.032,-0.149,0.276,1.0,0.002,0.018,-0.025,-0.004,0.011,-0.044,0.09,0.63,-0.055
0.032,-0.149,0.276,1.0,0.002,0.018,-0.025,-0.0,0.001,-0.005,0.01,0.068,-0.006
0.032,-0.149,0.276,1.0,0.002,0.018,-0.025,-0.0,0.001,-0.005,0.01,0.068,-0.006
0.029,-0.148,0.275,1.0,-0.0,-0.004,-0.022,-0.018,0.003,-0.001,0.012,-0.221,-0.052
0.027,-0.146,0.277,1.0,0.002,-0.004,-0.02,-0.01,0.029,0.036,-0.006,-0.107,-0.095
0.026,-0.147,0.279,1.0,-0.007,-0.011,-0.025,-0.027,0.005,0.048,-0.145,-0.353,-0.113
0.024,-0.147,0.282,1.0,-0.005,-0.007,-0.023,-0.037,-0.012,0.06,-0.391,-0.033,-0.017
0.024,-0.147,0.285,1.0,0.001,-0.003,-0.024,-0.036,0.015,0.09,0.202,0.281,0.142
0.022,-0.146,0.292,1.0,0.002,0.001,-0.024,-0.029,-0.006,0.086,0.233,0.028,-0.119
0.021,-0.146,0.294,1.0,-0.006,-0.013,-0.024,-0.057,0.023,0.15,-0.658,-1.266,0.038
0.017,-0.147,0.302,1.0,-0.0,-0.004,-0.02,-0.066,0.0,0.106,0.106,-0.296,0.243
0.017,-0.147,0.305,1.0,-0.001,-0.002,-0.023,-0.028,-0.005,0.113,0.079,-0.149,-0.096
0.045,-0.176,0.33,0.01,0.592,0.772,0.233,0.584,-0.587,0.387,23.369,31.38,9.288
0.013,-0.147,0.317,1.0,-0.004,-0.005,-0.022,-0.563,0.489,-0.171,-19.588,-26.851,-8.057
0.011,-0.147,0.323,1.0,-0.001,-0.007,-0.023,-0.07,0.011,0.116,-1.384,-2.586,-0.439
0.011,-0.147,0.324,1.0,-0.002,0.006,-0.022,-0.038,0.011,0.088,-0.848,-0.151,-0.15
0.008,-0.147,0.33,1.0,-0.003,0.001,-0.023,-0.053,-0.007,0.065,-0.197,0.043,0.093
0.008,-0.147,0.33,1.0,-0.003,0.001,-0.023,-0.053,-0.007,0.065,-0.197,0.043,0.093
0.005,-0.147,0.333,1.0,-0.005,-0.004,-0.021,-0.051,0.014,0.058,-0.246,-0.215,0.18
0.004,-0.147,0.335,1.0,-0.004,0.0,-0.022,-0.048,-0.012,0.032,0.001,0.379,0.104
0.004,-0.147,0.335,1.0,-0.004,0.0,-0.022,-0.048,-0.012,0.032,0.001,0.379,0.104
0.002,-0.147,0.337,1.0,-0.003,0.002,-0.023,-0.029,0.011,0.061,-0.105,0.038,-0.014
0.0,-0.148,0.338,1.0,-0.001,0.007,-0.024,-0.044,-0.008,0.012,0.121,0.364,-0.049
0.0,-0.148,0.338,1.0,-0.001,0.007,-0.024,-0.044,-0.008,0.012,0.121,0.364,-0.049
-0.002,-0.148,0.34,1.0,0.0,0.006,-0.022,-0.035,-0.004,0.046,0.048,0.332,0.066
-0.004,-0.148,0.344,0.999,-0.024,0.032,-0.033,-0.075,0.005,0.178,-2.216,2.587,-1.042
-0.004,-0.148,0.344,0.999,-0.024,0.032,-0.033,-0.075,0.005,0.178,-2.216,2.587,-1.042
-0.007,-0.149,0.35,1.0,-0.004,-0.0,-0.022,-0.036,-0.008,0.094,-0.306,-0.168,0.014
-0.007,-0.149,0.35,1.0,-0.004,-0.0,-0.022,-0.036,-0.008,0.094,-0.306,-0.168,0.014
-0.008,-0.15,0.356,1.0,-0.003,0.01,-0.024,0.039,-0.123,0.198,1.966,5.527,-1.256
-0.009,-0.15,0.367,1.0,-0.006,0.005,-0.024,-0.007,-0.0,0.196,-0.255,-0.152,-0.113
-0.009,-0.151,0.37,1.0,-0.003,0.014,-0.024,-0.002,-0.01,0.134,-0.034,1.634,-0.005
-0.01,-0.152,0.383,1.0,-0.002,0.014,-0.023,0.011,-0.011,0.146,-0.101,0.498,-0.218
-0.01,-0.152,0.384,1.0,-0.003,0.01,-0.023,0.003,-0.008,0.146,-0.069,-0.017,-0.143
-0.011,-0.151,0.391,1.0,-0.008,0.003,-0.023,-0.006,0.016,0.218,-0.036,-0.017,0.02
-0.01,-0.152,0.396,1.0,0.009,-0.018,-0.01,0.061,0.008,0.191,1.577,-1.499,1.302
-0.011,-0.152,0.4,1.0,-0.003,0.009,-0.023,0.007,-0.004,0.181,0.233,1.02,-0.208
-0.01,-0.151,0.416,1.0,-0.004,-0.007,-0.026,0.026,-0.001,0.202,-0.057,-0.826,-0.097
-0.01,-0.151,0.419,1.0,-0.001,0.006,-0.023,-0.001,0.007,0.189,0.231,0.541,0.122
-0.01,-0.151,0.425,1.0,-0.008,0.0,-0.021,-0.012,0.013,0.145,-0.411,-0.068,0.206
-0.01,-0.151,0.43,1.0,0.009,-0.025,-0.016,0.012,0.01,0.148,0.772,-2.737,0.53
-0.009,-0.151,0.437,1.0,0.004,-0.014,-0.018,0.014,0.024,0.15,0.6,-1.152,0.399
-0.009,-0.151,0.437,1.0,0.004,-0.014,-0.018,0.014,0.024,0.15,0.6,-1.152,0.399
-0.009,-0.151,0.441,0.999,0.002,0.025,-0.023,0.019,-0.006,0.074,0.119,2.239,-0.107
-0.009,-0.15,0.444,1.0,0.001,0.004,-0.025,0.026,0.007,0.089,0.18,0.18,-0.17
-0.008,-0.149,0.448,1.0,-0.002,0.007,-0.023,0.03,0.005,0.031,0.023,-0.085,-0.02
-0.008,-0.149,0.448,1.0,-0.002,0.007,-0.023,0.017,0.012,0.026,0.012,0.011,0.007
-0.008,-0.149,0.449,1.0,0.001,0.016,-0.022,0.018,0.013,0.027,0.186,0.556,0.066
-0.007,-0.148,0.45,1.0,0.001,0.013,-0.022,0.021,0.012,0.034,0.179,0.29,-0.064
-0.007,-0.149,0.452,1.0,0.002,0.004,-0.023,0.019,-0.015,0.046,0.382,0.613,-0.244
-0.007,-0.149,0.453,1.0,0.001,0.003,-0.023,0.018,-0.008,0.057,0.251,0.336,-0.19
-0.006,-0.148,0.458,1.0,0.001,-0.001,-0.023,0.01,0.006,0.077,0.254,-0.04,-0.102
-0.006,-0.148,0.46,1.0,-0.0,0.007,-0.024,0.019,0.003,0.071,-0.101,0.351,-0.022
-0.006,-0.148,0.46,1.0,-0.0,0.007,-0.024,0.019,0.003,0.071,-0.101,0.351,-0.022
-0.006,-0.148,0.464,1.0,-0.002,-0.001,-0.022,0.001,0.008,0.104,0.024,-0.376,0.024
-0.005,-0.148,0.471,1.0,-0.004,0.006,-0.024,0.01,0.014,0.169,-0.376,0.118,-0.056
-0.005,-0.148,0.477,1.0,-0.004,-0.0,-0.022,0.011,0.021,0.202,-0.393,-0.546,0.109
-0.005,-0.148,0.479,1.0,0.001,0.004,-0.023,0.012,-0.002,0.163,0.172,-0.127,-0.085
-0.004,-0.148,0.487,1.0,0.004,0.006,-0.024,0.021,0.043,0.126,0.553,3.404,0.519
-0.004,-0.149,0.495,1.0,0.0,0.001,-0.023,0.006,-0.011,0.283,-0.529,-0.141,0.404
-0.004,-0.148,0.497,1.0,-0.0,0.003,-0.025,-0.001,0.013,0.266,-0.295,0.163,0.006
-0.004,-0.148,0.512,1.0,-0.006,-0.006,-0.021,-0.009,0.009,0.203,-0.279,-0.243,0.024
-0.004,-0.148,0.512,1.0,-0.006,-0.006,-0.021,-0.009,0.009,0.203,-0.279,-0.243,0.024
-0.004,-0.149,0.517,1.0,-0.002,0.005,-0.022,0.035,-0.001,0.173,0.096,0.785,-0.205
-0.004,-0.149,0.531,1.0,0.002,0.002,-0.024,-0.008,0.008,0.281,0.016,-0.76,-0.087
-0.004,-0.149,0.531,1.0,0.002,0.002,-0.024,-0.008,0.008,0.281,0.016,-0.76,-0.087
-0.004,-0.15,0.536,1.0,-0.0,0.002,-0.026,-0.003,-0.018,0.162,0.001,0.153,-0.133
-0.006,-0.149,0.544,1.0,-0.003,-0.009,-0.017,-0.056,0.01,0.125,-0.286,-1.052,0.737
-0.006,-0.149,0.544,1.0,-0.003,-0.009,-0.017,-0.056,0.01,0.125,-0.286,-1.052,0.737
-0.006,-0.15,0.557,1.0,-0.001,-0.003,-0.024,-0.004,-0.012,0.166,0.35,0.119,-0.148
-0.006,-0.15,0.557,1.0,-0.001,-0.003,-0.024,-0.004,-0.012,0.166,0.35,0.119,-0.148
-0.01,-0.151,0.576,1.0,0.0,-0.005,-0.018,-0.075,0.009,0.19,0.08,-0.007,0.545
-0.009,-0.151,0.58,1.0,0.001,-0.003,-0.022,-0.012,-0.004,0.142,0.147,0.016,0.072
-0.011,-0.152,0.589,1.0,0.0,-0.005,-0.023,-0.012,-0.006,0.067,0.061,-0.01,-0.07
-0.013,-0.152,0.595,1.0,-0.006,-0.008,-0.017,-0.041,0.004,0.132,-0.196,-0.096,0.335
-0.014,-0.152,0.605,1.0,0.004,-0.007,-0.024,-0.028,-0.018,0.161,0.224,-0.067,-0.246
-0.016,-0.152,0.611,1.0,0.007,-0.01,-0.021,-0.035,-0.007,0.113,0.066,0.364,-0.103
-0.019,-0.153,0.618,1.0,0.001,-0.008,-0.024,-0.037,-0.013,0.121,0.069,-0.255,-0.053
-0.021,-0.154,0.621,1.0,-0.003,-0.003,-0.022,-0.044,-0.01,0.066,-0.197,0.13,0.03
-0.022,-0.154,0.622,1.0,-0.002,-0.006,-0.022,-0.057,-0.011,0.065,0.001,-0.413,-0.007
-0.024,-0.155,0.624,1.0,-0.003,0.002,-0.024,-0.025,-0.007,0.034,-0.093,0.333,-0.131
-0.027,-0.155,0.625,1.0,0.0,-0.006,-0.023,-0.065,-0.012,0.02,0.101,-0.204,-0.062
-0.027,-0.155,0.625,1.0,0.0,-0.006,-0.023,-0.065,-0.012,0.02,0.101,-0.204,-0.062
-0.029,-0.155,0.626,1.0,-0.001,-0.004,-0.023,-0.072,-0.002,0.081,-0.412,-0.096,-0.153
-0.033,-0.156,0.629,1.0,0.001,0.002,-0.024,-0.069,0.008,0.066,-0.11,0.453,0.036
-0.034,-0.156,0.629,1.0,0.002,-0.003,-0.023,-0.079,-0.001,0.047,0.129,-0.28,0.104
-0.037,-0.157,0.633,1.0,-0.001,0.003,-0.024,-0.059,-0.015,0.083,0.174,0.727,-0.023
-0.039,-0.158,0.636,1.0,-0.001,0.007,-0.023,-0.067,-0.013,0.06,0.012,0.809,0.072
-0.039,-0.158,0.636,1.0,-0.001,0.007,-0.023,-0.067,-0.013,0.06,0.012,0.809,0.072
-0.043,-0.158,0.642,1.0,-0.002,0.013,-0.023,-0.052,-0.01,0.082,-0.095,1.523,0.054
-0.045,-0.159,0.645,1.0,0.001,0.013,-0.025,-0.05,-0.017,0.072,0.255,0.897,-0.199
-0.045,-0.159,0.645,1.0,0.001,0.013,-0.025,-0.05,-0.017,0.072,0.255,0.897,-0.199
-0.048,-0.159,0.649,1.0,-0.002,-0.0,-0.023,-0.023,-0.004,0.032,0.057,-0.102,-0.035
-0.055,-0.16,0.656,1.0,-0.006,-0.002,-0.016,-0.072,0.001,0.048,-0.1,-0.947,0.396
-0.055,-0.159,0.658,1.0,-0.007,0.005,-0.023,-0.02,0.014,0.108,-0.057,-0.012,-0.561
-0.06,-0.159,0.662,1.0,-0.006,0.011,-0.023,-0.041,0.017,0.045,-0.148,0.295,-0.002
-0.061,-0.159,0.663,1.0,-0.007,0.002,-0.023,-0.052,0.016,0.051,-0.073,-0.464,0.022
-0.063,-0.159,0.664,1.0,-0.008,0.001,-0.025,-0.011,0.003,0.013,-0.034,-0.009,-0.041
-0.063,-0.159,0.664,1.0,-0.008,0.001,-0.025,-0.004,0.001,0.005,-0.014,-0.004,-0.017
-0.067,-0.157,0.67,1.0,-0.005,0.014,-0.024,-0.036,0.024,0.071,0.116,0.666,-0.083
-0.067,-0.157,0.67,1.0,-0.01,0.003,-0.021,-0.058,0.028,0.056,-0.417,-0.704,0.209
-0.068,-0.156,0.672,1.0,-0.01,0.006,-0.024,-0.033,0.029,0.074,-0.448,-0.253,-0.044
-0.07,-0.154,0.673,1.0,-0.004,0.006,-0.018,-0.081,0.067,0.047,0.607,0.021,0.518
-0.07,-0.154,0.673,1.0,-0.003,0.008,-0.018,-0.061,0.039,0.02,0.341,0.074,0.416
-0.071,-0.152,0.672,1.0,-0.004,0.0,-0.021,-0.025,0.037,-0.006,0.156,-0.319,0.098
-0.072,-0.151,0.67,1.0,-0.008,0.003,-0.021,-0.033,0.043,-0.032,-0.477,-1.008,0.215
-0.072,-0.15,0.67,1.0,-0.007,0.0,-0.021,-0.011,0.051,-0.029,-0.113,-0.524,0.015
-0.072,-0.146,0.664,1.0,-0.0,0.014,-0.023,-0.01,0.027,-0.062,-0.652,1.562,-0.138
-0.073,-0.144,0.663,1.0,0.004,0.003,-0.027,-0.019,0.067,-0.052,0.064,-0.151,-0.298
-0.072,-0.143,0.662,1.0,-0.001,0.009,-0.024,0.005,0.039,-0.035,-0.152,0.309,0.01
-0.072,-0.142,0.66,1.0,0.0,-0.013,-0.025,-0.023,0.041,0.02,-0.354,-2.424,-0.024
-0.073,-0.142,0.67,0.998,0.034,-0.045,-0.012,-0.033,-0.064,0.6,2.876,-4.499,1.062
-0.072,-0.139,0.652,1.0,0.005,-0.0,-0.023,-0.004,0.014,-0.148,-0.012,0.215,-0.039
-0.072,-0.137,0.649,1.0,0.004,-0.002,-0.024,0.0,0.035,-0.106,0.084,-0.249,0.083
-0.071,-0.136,0.645,1.0,0.0,-0.006,-0.026,0.003,0.013,-0.102,-0.146,-0.437,-0.131
-0.071,-0.136,0.645,1.0,0.0,-0.006,-0.026,0.003,0.013,-0.102,-0.146,-0.437,-0.131
-0.071,-0.135,0.64,1.0,0.002,-0.002,-0.023,0.006,0.005,-0.104,0.385,-1.038,0.147
-0.071,-0.134,0.631,1.0,0.001,0.01,-0.023,0.004,0.003,-0.117,-0.017,0.773,-0.03
-0.071,-0.134,0.63,1.0,-0.002,-0.003,-0.022,-0.006,0.005,-0.092,-0.26,-0.549,0.03
-0.071,-0.133,0.62,1.0,-0.003,-0.001,-0.022,-0.09,0.1,-0.172,-3.417,-4.498,-1.27
-0.071,-0.133,0.618,1.0,-0.001,0.001,-0.022,-0.032,0.043,-0.133,-1.224,-1.874,-0.491
-0.071,-0.133,0.607,1.0,-0.001,-0.003,-0.024,-0.0,0.01,-0.134,0.073,-0.075,-0.121
-0.072,-0.134,0.605,1.0,0.0,0.008,-0.025,-0.004,-0.033,-0.157,0.084,0.671,-0.238
-0.071,-0.132,0.592,1.0,0.003,-0.003,-0.021,0.023,0.021,-0.19,0.229,-0.322,0.271
-0.071,-0.132,0.59,1.0,-0.0,-0.006,-0.025,-0.011,-0.004,-0.178,-0.147,-0.432,-0.212
-0.072,-0.132,0.577,1.0,0.001,-0.002,-0.023,-0.006,0.01,-0.168,0.195,-0.496,0.094
-0.072,-0.132,0.575,1.0,-0.004,0.004,-0.022,0.002,0.003,-0.142,-0.202,0.449,0.085
-0.072,-0.132,0.564,1.0,0.003,-0.003,-0.025,-0.015,-0.006,-0.128,-0.015,-0.446,-0.175
-0.072,-0.132,0.562,1.0,0.002,0.006,-0.025,0.001,-0.003,-0.131,0.007,0.572,-0.102
-0.072,-0.133,0.549,1.0,-0.001,0.005,-0.025,-0.005,-0.001,-0.069,-0.082,-0.057,-0.013
-0.072,-0.133,0.546,1.0,-0.0,0.002,-0.021,0.0,-0.002,-0.076,0.018,-0.125,0.182
-0.073,-0.133,0.543,1.0,-0.004,-0.002,-0.022,-0.019,0.017,-0.116,-0.325,-0.24,0.079
-0.073,-0.134,0.536,1.0,-0.001,-0.004,-0.023,-0.004,-0.005,-0.095,0.028,-0.296,-0.179
-0.072,-0.134,0.533,1.0,-0.005,0.01,-0.022,0.013,-0.018,-0.075,0.07,0.773,0.028
-0.072,-0.134,0.532,1.0,-0.005,0.0,-0.022,0.0,-0.01,-0.045,0.171,-0.272,0.041
-0.073,-0.135,0.529,1.0,-0.004,-0.003,-0.02,-0.017,0.018,-0.031,-0.331,0.037,0.379
-0.072,-0.136,0.529,1.0,-0.003,-0.001,-0.023,0.008,-0.028,-0.024,-0.07,0.215,-0.14
-0.072,-0.138,0.528,1.0,-0.002,0.004,-0.02,0.015,-0.028,0.005,-0.14,-0.034,0.263
-0.072,-0.137,0.528,1.0,0.0,0.002,-0.023,-0.002,0.005,-0.014,0.132,-0.202,-0.156
-0.072,-0.138,0.527,1.0,-0.006,-0.002,-0.021,-0.008,-0.005,-0.01,-0.325,-0.467,0.085
-0.072,-0.139,0.527,1.0,-0.005,0.006,-0.023,0.008,-0.035,-0.016,-0.086,0.221,-0.018
-0.071,-0.14,0.523,1.0,-0.005,0.006,-0.023,0.009,-0.026,-0.064,-0.069,-0.49,0.095
-0.072,-0.141,0.522,1.0,-0.004,-0.001,-0.019,-0.017,-0.014,-0.073,0.037,-0.658,0.361
-0.071,-0.142,0.517,1.0,-0.003,0.012,-0.022,0.016,-0.008,-0.064,-0.007,0.321,0.043
-0.071,-0.143,0.511,1.0,-0.002,0.008,-0.024,0.01,-0.021,-0.106,0.145,0.828,-0.108
-0.07,-0.144,0.506,1.0,-0.004,0.004,-0.022,0.001,-0.013,-0.115,0.012,0.14,0.049
-0.07,-0.145,0.499,1.0,-0.006,0.007,-0.023,0.007,-0.036,-0.164,-0.278,0.556,-0.009
-0.07,-0.145,0.497,1.0,-0.004,0.001,-0.023,0.012,-0.02,-0.151,-0.006,-0.147,0.02
-0.069,-0.145,0.486,1.0,-0.003,0.002,-0.023,0.011,0.012,-0.144,0.039,-0.287,0.093
-0.068,-0.146,0.48,1.0,-0.003,-0.001,-0.024,0.004,0.003,-0.142,0.019,-1.174,0.001
-0.068,-0.146,0.48,1.0,-0.003,-0.001,-0.024,0.004,0.003,-0.142,0.019,-1.174,0.001
-0.067,-0.147,0.467,1.0,-0.003,-0.001,-0.024,0.02,-0.033,-0.185,0.341,-0.181,-0.206
-0.065,-0.147,0.452,1.0,-0.006,0.002,-0.021,0.018,0.002,-0.208,0.411,-0.235,0.143
-0.065,-0.147,0.449,1.0,-0.003,0.001,-0.02,-0.007,0.004,-0.181,0.386,-0.377,0.478
-0.062,-0.148,0.434,1.0,-0.0,0.002,-0.026,0.027,-0.01,-0.082,-1.606,1.797,-0.705
-0.061,-0.148,0.431,1.0,0.001,0.006,-0.027,0.027,-0.007,-0.135,-0.583,0.657,-0.357
-0.06,-0.149,0.425,1.0,-0.001,0.006,-0.024,0.043,-0.008,-0.16,-0.133,0.75,0.057
-0.058,-0.149,0.421,1.0,-0.002,0.0,-0.026,0.052,-0.01,-0.133,-0.024,0.09,-0.073
-0.056,-0.149,0.417,1.0,0.003,0.009,-0.025,0.043,0.014,-0.046,0.346,0.232,-0.063
-0.056,-0.149,0.417,1.0,0.003,0.009,-0.025,0.043,0.014,-0.046,0.346,0.232,-0.063
-0.054,-0.15,0.413,1.0,-0.007,-0.002,-0.022,0.055,-0.006,-0.112,-0.5,-0.603,0.037
-0.05,-0.151,0.409,0.999,0.004,0.03,-0.025,0.068,-0.015,-0.067,0.182,1.26,0.043
-0.05,-0.151,0.409,0.999,0.004,0.03,-0.025,0.068,-0.015,-0.067,0.182,1.26,0.043
-0.049,-0.152,0.41,1.0,0.0,0.0,-0.021,0.024,-0.017,-0.007,-0.065,-0.317,0.127
-0.017,-0.181,0.425,0.008,0.596,0.767,0.237,0.179,-0.155,0.083,6.448,8.488,2.526
-0.017,-0.181,0.425,0.008,0.596,0.767,0.237,0.179,-0.155,0.083,6.448,8.488,2.526
-0.042,-0.155,0.412,1.0,-0.001,-0.01,-0.024,-0.012,0.012,-0.019,-2.348,-3.604,-0.735
-0.04,-0.156,0.41,1.0,0.002,0.022,-0.022,0.044,-0.042,-0.057,-0.224,0.907,0.008
-0.04,-0.156,0.41,1.0,0.002,0.022,-0.022,0.044,-0.042,-0.057,-0.224,0.907,0.008
-0.037,-0.158,0.408,1.0,0.0,-0.002,-0.024,0.066,-0.046,-0.083,-0.205,-0.231,-0.115
-0.034,-0.16,0.402,1.0,0.004,0.014,-0.025,0.06,-0.039,-0.132,0.304,1.053,-0.075
-0.035,-0.16,0.403,0.999,-0.003,0.013,-0.031,0.019,-0.011,-0.069,-0.431,0.733,-0.631
-0.032,-0.163,0.39,1.0,-0.002,-0.002,-0.023,0.046,-0.04,-0.226,-0.01,0.213,0.18
-0.032,-0.163,0.39,1.0,-0.002,-0.002,-0.023,0.046,-0.04,-0.226,-0.01,0.213,0.18
-0.027,-0.166,0.37,1.0,-0.001,0.01,-0.024,0.05,-0.037,-0.221,-0.098,0.722,-0.081
-0.027,-0.166,0.37,1.0,-0.001,0.01,-0.024,0.05,-0.037,-0.221,-0.098,0.722,-0.081
-0.024,-0.17,0.351,1.0,-0.004,-0.012,-0.025,0.033,-0.041,-0.187,-0.185,-0.807,0.001
-0.025,-0.171,0.347,1.0,-0.004,0.001,-0.019,0.023,-0.087,-0.426,-1.07,-0.028,0.471
-0.023,-0.172,0.339,1.0,-0.003,0.001,-0.023,0.033,-0.034,-0.226,-0.026,0.193,0.091
-0.021,-0.173,0.332,1.0,-0.005,-0.001,-0.018,0.008,-0.019,-0.172,0.122,-0.103,0.612
-0.019,-0.174,0.327,0.999,-0.0,0.019,-0.026,0.054,-0.05,-0.191,0.5,1.027,-0.143
-0.018,-0.174,0.325,0.999,-0.001,0.024,-0.027,0.067,-0.059,-0.197,0.217,1.044,-0.231
-0.017,-0.176,0.319,1.0,-0.01,0.006,-0.028,0.036,-0.04,-0.117,-0.672,-0.2,-0.183
-0.017,-0.176,0.319,1.0,-0.01,0.006,-0.028,0.036,-0.04,-0.117,-0.672,-0.2,-0.183
-0.013,-0.178,0.314,1.0,-0.007,-0.003,-0.025,0.045,-0.032,-0.064,-0.302,-0.175,0.004
-0.008,-0.18,0.313,1.0,-0.002,-0.002,-0.027,0.047,-0.002,0.004,0.451,-0.425,-0.064
-0.007,-0.181,0.313,1.0,-0.006,-0.004,-0.025,0.04,-0.027,-0.003,-0.036,-0.537,-0.106
-0.004,-0.182,0.316,1.0,-0.001,-0.001,-0.025,0.033,-0.01,0.029,0.114,-0.011,0.042
-0.002,-0.182,0.315,0.999,0.024,-0.039,-0.014,0.081,0.001,-0.039,2.922,-3.565,0.821
-0.001,-0.182,0.318,1.0,-0.002,0.008,-0.025,0.057,-0.015,0.091,-0.602,1.449,-0.467
-0.0,-0.182,0.319,1.0,-0.004,0.009,-0.025,0.05,-0.011,0.078,-0.401,0.78,-0.219
0.032,-0.212,0.337,0.01,0.592,0.772,0.231,0.505,-0.457,0.269,17.991,24.141,7.127
0.002,-0.183,0.323,1.0,-0.008,-0.003,-0.026,-0.508,0.531,-0.215,-20.662,-28.775,-8.774
0.004,-0.183,0.324,1.0,-0.004,0.005,-0.024,-0.022,0.066,-0.029,-3.499,-4.442,-1.375
0.006,-0.184,0.324,1.0,-0.006,-0.006,-0.024,0.027,-0.002,0.04,-0.079,-1.859,0.037
0.006,-0.184,0.324,1.0,-0.006,-0.006,-0.024,0.027,-0.002,0.04,-0.079,-1.859,0.037
0.039,-0.214,0.339,0.004,0.599,0.765,0.238,0.978,-0.937,0.465,35.869,48.591,15.454
0.039,-0.213,0.338,0.013,0.596,0.768,0.234,0.099,-0.07,0.012,3.122,3.866,1.038
0.01,-0.184,0.32,1.0,-0.015,-0.008,-0.022,-1.525,1.499,-0.857,-58.301,-80.062,-24.701
0.012,-0.184,0.321,1.0,-0.003,-0.005,-0.023,-0.184,0.212,-0.105,-7.391,-10.904,-3.33
0.012,-0.184,0.321,1.0,-0.001,-0.01,-0.026,-0.034,0.025,-0.049,-2.29,-3.973,-1.421
0.013,-0.184,0.319,1.0,-0.006,-0.005,-0.023,0.021,0.037,-0.066,-0.89,-0.186,0.131
0.014,-0.184,0.318,1.0,-0.006,-0.0,-0.023,0.011,-0.004,-0.008,0.059,0.142,0.008
0.014,-0.184,0.318,1.0,-0.006,-0.0,-0.023,0.011,-0.004,-0.008,0.059,0.142,0.008
0.016,-0.184,0.321,1.0,-0.0,0.018,-0.025,0.059,0.004,0.061,0.716,1.939,-0.222
0.017,-0.184,0.323,1.0,-0.0,0.003,-0.024,0.024,-0.0,0.071,0.217,-0.327,-0.063
0.016,-0.184,0.328,1.0,-0.006,-0.001,-0.022,-0.017,0.011,0.111,-0.01,-0.51,0.356
0.017,-0.185,0.33,1.0,-0.001,-0.001,-0.025,0.017,-0.023,0.07,0.174,-0.174,-0.217
0.017,-0.184,0.339,1.0,-0.003,-0.004,-0.024,0.01,-0.011,0.124,0.186,-0.206,-0.132
0.018,-0.184,0.345,1.0,-0.003,-0.006,-0.023,0.026,0.012,0.141,0.01,-0.383,-0.25
0.018,-0.184,0.353,1.0,0.0,0.0,-0.025,0.004,-0.006,0.106,0.082,0.291,-0.194
0.018,-0.184,0.354,1.0,0.001,0.0,-0.026,0.008,-0.003,0.113,0.175,0.205,-0.227
0.016,-0.183,0.362,1.0,-0.007,-0.006,-0.018,-0.057,0.022,0.08,0.07,-0.987,0.803
0.016,-0.184,0.363,1.0,-0.004,-0.003,-0.024,-0.005,-0.018,0.062,0.256,-0.169,-0.21
0.016,-0.184,0.365,1.0,-0.002,-0.001,-0.024,-0.562,0.541,-0.246,-21.456,-28.134,-8.905
0.016,-0.184,0.365,1.0,-0.002,0.0,-0.024,-0.366,0.348,-0.157,-13.751,-17.87,-5.678
0.015,-0.184,0.366,1.0,-0.007,-0.007,-0.022,-0.048,0.006,-0.022,-0.953,-1.274,-0.119
0.014,-0.183,0.366,1.0,-0.011,-0.007,-0.025,-0.028,0.016,-0.009,-0.502,-0.484,-0.154
0.013,-0.183,0.366,1.0,-0.008,-0.004,-0.024,-0.015,0.01,-0.019,-0.233,-0.078,0.013
0.013,-0.183,0.365,1.0,-0.002,0.01,-0.025,-0.011,0.005,-0.012,0.166,0.442,-0.035
0.013,-0.183,0.365,1.0,-0.002,0.01,-0.025,-0.011,0.005,-0.012,0.166,0.442,-0.035
0.013,-0.182,0.366,1.0,-0.003,0.006,-0.026,-0.004,0.003,0.002,0.006,-0.034,-0.009
0.012,-0.183,0.366,1.0,0.0,0.011,-0.028,-0.012,-0.007,0.003,0.065,0.092,-0.053
0.011,-0.181,0.366,1.0,-0.007,0.002,-0.023,-0.048,0.078,-0.002,-0.726,-0.886,0.496
0.01,-0.181,0.366,1.0,-0.004,0.003,-0.023,-0.022,0.014,0.021,0.179,0.029,0.057
0.009,-0.181,0.367,1.0,-0.003,-0.0,-0.024,-0.017,0.001,0.029,0.067,-0.17,-0.05
0.009,-0.181,0.367,1.0,-0.003,-0.0,-0.024,-0.017,0.001,0.029,0.067,-0.17,-0.05
0.008,-0.179,0.373,1.0,0.0,0.001,-0.023,-0.013,0.014,0.081,0.234,0.342,0.098
0.008,-0.179,0.373,1.0,0.0,0.001,-0.023,-0.013,0.014,0.081,0.234,0.342,0.098
0.007,-0.178,0.381,0.999,-0.001,0.021,-0.026,0.004,0.019,0.086,-0.186,1.12,-0.078
0.007,-0.178,0.381,0.999,-0.001,0.021,-0.026,0.004,0.019,0.086,-0.186,1.12,-0.078
0.005,-0.178,0.385,1.0,-0.003,-0.003,-0.02,-0.055,0.009,0.086,-0.027,-1.049,0.396
0.006,-0.177,0.39,1.0,-0.004,0.003,-0.023,-0.028,0.006,0.102,-0.351,-0.291,0.278
0.005,-0.177,0.391,1.0,-0.004,0.0,-0.02,-0.039,0.007,0.089,-0.164,-0.421,0.462
0.004,-0.177,0.397,1.0,-0.003,0.002,-0.018,-0.036,0.004,0.083,-0.105,-0.13,0.4
0.004,-0.176,0.4,1.0,-0.004,-0.007,-0.022,-0.02,0.01,0.093,-0.548,0.01,-0.115
0.004,-0.176,0.4,1.0,-0.004,-0.007,-0.022,-0.02,0.01,0.093,-0.548,0.01,-0.115
0.004,-0.176,0.403,1.0,0.0,0.005,-0.024,-0.012,-0.004,0.039,0.147,0.133,-0.056
0.002,-0.174,0.404,1.0,0.001,-0.002,-0.021,-0.026,0.053,0.028,0.186,-0.474,0.092
0.002,-0.174,0.404,1.0,0.001,-0.002,-0.021,-0.013,0.027,0.014,0.095,-0.243,0.047
0.001,-0.175,0.402,1.0,-0.001,0.003,-0.023,-0.296,0.279,-0.186,30.221,40.812,12.47
0.001,-0.174,0.401,1.0,-0.001,0.006,-0.021,-0.024,0.022,-0.027,2.085,2.898,0.932
-0.0,-0.174,0.396,1.0,-0.006,-0.006,-0.025,-0.024,-0.001,-0.091,-0.207,-0.164,0.223
-0.0,-0.174,0.396,1.0,-0.006,-0.006,-0.025,-0.024,-0.001,-0.091,-0.207,-0.164,0.223
-0.002,-0.174,0.391,1.0,-0.003,-0.002,-0.024,-0.029,-0.001,-0.075,-0.093,0.059,-0.086
-0.002,-0.173,0.388,1.0,0.001,0.002,-0.024,-0.012,0.017,-0.044,0.147,-0.084,-0.036
-0.002,-0.173,0.388,1.0,0.001,0.002,-0.024,-0.012,0.017,-0.044,0.147,-0.084,-0.036
-0.003,-0.173,0.384,0.999,0.003,0.026,-0.024,-0.012,0.015,-0.085,0.281,1.821,0.138
-0.004,-0.173,0.383,1.0,0.001,-0.001,-0.022,-0.043,0.003,-0.039,-0.083,-1.206,0.125
-0.004,-0.173,0.383,1.0,0.001,-0.001,-0.022,-0.043,0.003,-0.039,-0.083,-1.206,0.125
-0.004,-0.173,0.379,1.0,-0.002,0.018,-0.024,-0.001,0.003,-0.064,-0.046,0.715,-0.045
-0.006,-0.173,0.377,1.0,-0.003,-0.003,-0.027,-0.017,0.001,-0.04,-0.002,-0.716,-0.15
-0.006,-0.173,0.373,1.0,-0.005,0.002,-0.026,-0.019,-0.01,-0.099,0.044,0.231,0.019
-0.007,-0.173,0.371,1.0,-0.003,0.005,-0.025,-0.023,0.002,-0.098,0.127,0.442,0.076
-0.007,-0.173,0.369,1.0,-0.004,0.014,-0.023,0.007,0.0,-0.06,0.422,1.289,-0.103
-0.008,-0.172,0.365,1.0,-0.001,0.007,-0.024,-0.001,0.0,-0.069,0.075,-0.104,-0.087
0.022,-0.201,0.378,0.005,-0.596,-0.767,-0.237,1.01,-0.953,0.448,-38.63,-52.575,-17.076
0.022,-0.201,0.378,0.005,-0.596,-0.767,-0.237,1.01,-0.953,0.448,-38.63,-52.575,-17.076
0.021,-0.202,0.372,0.003,0.6,0.764,0.237,0.007,-0.02,-0.027,-0.537,-0.513,-0.12
-0.009,-0.171,0.351,1.0,-0.006,-0.005,-0.026,-0.383,0.382,-0.277,-14.45,-19.643,-5.987
-0.009,-0.171,0.351,1.0,-0.006,-0.005,-0.026,-0.126,0.125,-0.091,-4.735,-6.437,-1.962
-0.009,-0.17,0.347,1.0,-0.007,-0.001,-0.025,-0.004,0.034,-0.092,-0.415,-0.378,-0.101
-0.008,-0.17,0.343,1.0,-0.006,0.002,-0.024,0.023,0.004,-0.128,0.465,-1.07,0.162
-0.008,-0.17,0.341,1.0,-0.001,0.002,-0.024,0.009,-0.009,-0.065,0.314,-0.351,-0.038
-0.008,-0.17,0.341,1.0,-0.001,0.002,-0.024,0.009,-0.009,-0.065,0.314,-0.351,-0.038
-0.007,-0.169,0.339,1.0,0.0,0.013,-0.026,0.038,0.011,-0.082,0.171,0.97,-0.149
-0.006,-0.169,0.337,1.0,0.004,0.003,-0.024,0.012,0.009,-0.062,0.541,-0.446,0.123
-0.006,-0.169,0.337,1.0,0.004,0.003,-0.024,0.012,0.009,-0.062,0.541,-0.446,0.123
-0.005,-0.168,0.332,1.0,-0.003,0.002,-0.024,0.03,0.021,-0.153,0.0,-1.251,-0.053
-0.004,-0.168,0.327,1.0,-0.007,0.002,-0.023,0.031,0.015,-0.09,-0.208,-0.082,0.024
-0.004,-0.168,0.327,1.0,-0.007,0.002,-0.023,0.031,0.015,-0.09,-0.208,-0.082,0.024
-0.003,-0.167,0.326,1.0,-0.002,0.002,-0.024,0.028,0.013,-0.07,0.034,-0.471,-0.013
-0.0,-0.167,0.32,1.0,-0.003,0.004,-0.024,0.047,0.004,-0.088,-0.136,0.022,-0.195
-0.0,-0.167,0.32,1.0,-0.003,0.004,-0.024,0.047,0.004,-0.088,-0.136,0.022,-0.195
0.001,-0.167,0.317,1.0,-0.001,0.008,-0.025,0.039,0.008,-0.087,0.149,0.537,-0.063
0.003,-0.168,0.314,1.0,-0.002,0.009,-0.028,0.139,-0.043,-0.168,-0.113,0.141,-0.402
0.005,-0.166,0.312,1.0,0.005,0.006,-0.025,0.029,-0.022,-0.127,1.275,0.279,0.336
0.006,-0.166,0.31,1.0,-0.006,-0.001,-0.023,0.037,0.015,-0.061,-0.161,-0.301,0.153
0.009,-0.165,0.308,1.0,-0.002,0.001,-0.021,0.032,-0.005,-0.03,-0.161,-0.246,0.205
0.013,-0.165,0.304,0.998,0.04,-0.046,-0.012,0.118,0.014,-0.181,4.734,-3.783,0.925
0.013,-0.165,0.308,0.999,-0.019,0.021,-0.029,0.038,0.014,0.055,-1.841,2.318,-0.458
0.016,-0.165,0.304,0.999,-0.002,0.019,-0.025,0.082,-0.0,-0.047,-0.799,4.201,-0.32
0.016,-0.165,0.304,0.999,-0.002,0.019,-0.025,0.082,-0.0,-0.047,-0.799,4.201,-0.32
0.018,-0.164,0.302,1.0,-0.003,0.002,-0.024,0.063,0.014,-0.048,0.075,0.458,-0.173
0.018,-0.164,0.301,1.0,-0.002,-0.003,-0.024,0.023,0.001,-0.033,0.114,-0.248,-0.035
0.019,-0.164,0.3,1.0,-0.002,-0.008,-0.024,0.028,0.003,-0.037,-0.001,-0.439,0.034
0.021,-0.164,0.299,1.0,0.001,0.013,-0.025,0.035,0.001,-0.031,0.112,0.869,-0.024
0.023,-0.164,0.296,1.0,0.0,-0.004,-0.022,0.011,0.014,-0.011,0.057,-1.008,0.171
0.023,-0.164,0.295,1.0,-0.001,-0.004,-0.023,0.003,0.005,-0.031,-0.183,-0.403,0.069
0.024,-0.164,0.294,1.0,-0.002,-0.006,-0.025,0.026,-0.002,-0.029,0.033,0.084,-0.038
0.025,-0.164,0.294,1.0,-0.002,-0.003,-0.027,0.005,-0.001,-0.003,-0.011,0.084,-0.03
0.025,-0.164,0.294,1.0,-0.002,-0.003,-0.027,0.004,-0.0,-0.002,-0.009,0.067,-0.024
0.026,-0.165,0.292,1.0,-0.0,-0.008,-0.027,0.029,-0.028,0.013,0.353,0.112,-0.272
0.026,-0.165,0.293,1.0,0.002,-0.006,-0.027,0.005,-0.005,0.004,0.082,0.051,-0.038
0.026,-0.165,0.293,1.0,0.002,-0.006,-0.027,0.005,-0.005,0.004,0.082,0.051,-0.038
0.057,-0.196,0.307,0.0,0.598,0.765,0.238,0.375,-0.396,0.188,-14.693,-19.967,-6.458
0.057,-0.197,0.307,0.003,0.597,0.767,0.235,0.053,-0.054,0.029,-1.929,-2.783,-0.948
0.057,-0.197,0.307,0.003,0.597,0.767,0.235,0.053,-0.054,0.029,-1.929,-2.783,-0.948
0.027,-0.169,0.293,0.999,0.0,0.017,-0.027,-0.153,0.12,-0.066,-5.6,-7.752,-2.377
0.026,-0.17,0.294,0.999,-0.002,-0.017,-0.027,-0.061,0.009,0.025,-1.081,-3.219,-0.223
0.026,-0.17,0.294,0.999,-0.002,-0.017,-0.027,-0.061,0.009,0.025,-1.081,-3.219,-0.223
0.025,-0.172,0.294,1.0,0.001,-0.004,-0.025,-0.01,-0.038,-0.009,0.109,0.366,-0.058
0.024,-0.172,0.294,1.0,0.0,0.002,-0.024,-0.012,-0.002,0.017,-0.069,-0.113,-0.014
0.024,-0.172,0.295,1.0,-0.0,0.001,-0.024,-0.01,-0.008,0.013,-0.055,-0.098,-0.039
0.023,-0.174,0.294,1.0,-0.001,-0.001,-0.026,-0.019,-0.018,0.008,-0.06,-0.442,-0.016
0.022,-0.175,0.294,1.0,0.001,0.003,-0.021,-0.063,-0.033,0.013,0.228,0.301,0.517
0.02,-0.177,0.293,1.0,0.001,-0.002,-0.019,-0.023,-0.013,-0.012,0.032,0.176,0.149
0.02,-0.178,0.293,1.0,-0.001,0.013,-0.025,0.006,-0.019,0.01,0.046,0.721,-0.137
0.02,-0.18,0.294,1.0,-0.004,-0.002,-0.026,-0.005,-0.029,0.025,-0.039,-0.973,-0.184
0.019,-0.181,0.294,1.0,-0.003,0.001,-0.024,-0.007,-0.003,0.001,-0.009,-0.04,0.05
0.019,-0.181,0.294,1.0,-0.003,0.001,-0.024,-0.007,-0.003,0.001,-0.009,-0.04,0.05
0.017,-0.183,0.293,1.0,-0.009,0.002,-0.025,-0.006,-0.006,-0.004,-0.098,0.011,-0.006
0.017,-0.184,0.293,0.999,-0.004,0.022,-0.025,-0.022,-0.044,-0.01,0.288,1.214,-0.01
0.016,-0.186,0.294,1.0,-0.007,0.003,-0.026,-0.008,-0.017,-0.01,-0.01,0.24,0.021
0.016,-0.186,0.294,1.0,-0.007,0.003,-0.026,-0.008,-0.017,-0.01,-0.01,0.24,0.021
0.045,-0.216,0.31,0.006,0.599,0.766,0.232,0.174,-0.221,0.108,7.402,9.515,3.046
0.045,-0.216,0.31,0.006,0.599,0.767,0.231,0.023,-0.03,0.015,1.01,1.271,0.408
0.045,-0.216,0.31,0.006,0.599,0.767,0.231,0.023,-0.03,0.015,1.01,1.271,0.408
0.013,-0.188,0.298,1.0,-0.005,-0.004,-0.024,-0.032,0.013,0.006,-0.736,-1.082,-0.296
0.013,-0.188,0.298,1.0,-0.005,-0.004,-0.024,-0.032,0.013,0.006,-0.736,-1.082,-0.296
0.012,-0.189,0.299,1.0,-0.001,0.001,-0.027,-0.009,-0.012,0.021,0.028,-0.187,-0.054
0.012,-0.189,0.299,1.0,-0.002,0.0,-0.026,-0.003,-0.004,0.006,-0.004,-0.07,-0.0
0.012,-0.189,0.299,1.0,-0.002,0.0,-0.026,-0.003,-0.004,0.006,-0.004,-0.07,-0.0
0.012,-0.189,0.299,1.0,-0.002,0.0,-0.026,-0.0,-0.0,0.0,-0.0,-0.002,-0.0
0.012,-0.189,0.299,1.0,-0.0,0.019,-0.024,0.003,-0.007,-0.007,0.065,0.355,-0.057
0.012,-0.189,0.299,1.0,-0.001,0.019,-0.024,0.001,-0.003,-0.001,-0.002,0.166,-0.002
0.012,-0.189,0.299,1.0,-0.002,0.004,-0.024,-0.012,0.002,0.024,-0.023,-1.019,0.032
0.012,-0.189,0.298,1.0,-0.003,0.013,-0.024,-0.002,-0.005,-0.018,-0.066,-0.201,-0.011
0.012,-0.19,0.297,1.0,-0.004,0.016,-0.024,-0.0,-0.046,-0.046,-0.126,0.273,0.063
0.012,-0.19,0.297,1.0,-0.004,0.016,-0.024,-0.0,-0.046,-0.046,-0.126,0.273,0.063
0.012,-0.189,0.293,1.0,0.011,-0.018,-0.023,0.01,0.002,-0.075,1.325,-1.439,0.226
0.013,-0.189,0.292,1.0,-0.004,0.002,-0.024,0.003,-0.005,-0.055,-0.029,-0.141,-0.01
0.013,-0.189,0.289,1.0,-0.008,-0.003,-0.024,0.012,0.007,-0.079,-0.142,0.4,-0.007
0.013,-0.189,0.289,1.0,-0.008,-0.003,-0.024,0.012,0.007,-0.079,-0.142,0.4,-0.007
0.044,-0.217,0.301,0.006,0.6,0.765,0.236,0.293,-0.273,0.118,10.884,14.712,4.634
0.015,-0.187,0.281,0.999,0.0,0.026,-0.025,-0.083,0.116,-0.09,-3.945,-4.211,-1.724
0.046,-0.214,0.289,0.001,-0.597,-0.768,-0.233,0.722,-0.647,0.212,27.167,36.176,11.045
0.046,-0.214,0.289,0.001,-0.597,-0.768,-0.233,0.722,-0.647,0.212,27.167,36.176,11.045
0.016,-0.184,0.27,1.0,-0.005,0.001,-0.021,-0.063,0.07,-0.061,4.122,5.497,1.716
0.018,-0.183,0.263,1.0,-0.008,0.002,-0.024,0.012,0.014,-0.211,0.16,1.149,0.227
0.018,-0.183,0.263,1.0,-0.008,0.002,-0.024,0.012,0.014,-0.211,0.16,1.149,0.227
0.019,-0.182,0.255,1.0,-0.005,0.006,-0.025,0.024,0.026,-0.107,-0.012,0.108,-0.089
0.02,-0.181,0.248,1.0,-0.001,0.001,-0.02,-0.009,0.046,-0.115,0.455,-1.5,0.547
0.023,-0.18,0.241,1.0,-0.003,0.009,-0.026,0.058,0.014,-0.109,0.092,0.644,-0.062
0.024,-0.178,0.236,1.0,-0.006,0.014,-0.025,0.015,0.02,-0.074,-0.084,0.609,0.022
0.025,-0.177,0.234,1.0,-0.002,0.002,-0.025,0.03,0.047,-0.127,0.422,-0.783,0.014
0.027,-0.176,0.227,1.0,-0.001,-0.007,-0.025,0.04,0.021,-0.144,1.455,-2.407,0.494
0.028,-0.175,0.225,1.0,-0.004,0.005,-0.025,0.05,0.028,-0.102,0.345,-0.452,0.171
0.031,-0.174,0.219,1.0,-0.003,0.009,-0.025,0.048,0.029,-0.125,-0.045,0.333,-0.002
0.032,-0.172,0.212,1.0,-0.002,0.001,-0.024,0.036,0.029,-0.111,0.096,-0.284,0.041
0.032,-0.172,0.212,1.0,-0.002,0.001,-0.024,0.036,0.029,-0.111,0.096,-0.284,0.041
0.036,-0.17,0.203,1.0,-0.008,0.0,-0.022,0.014,0.05,-0.183,-0.485,0.25,0.103
0.037,-0.169,0.198,1.0,0.002,-0.001,-0.023,0.023,0.048,-0.098,-0.467,0.539,-0.264
0.039,-0.168,0.191,1.0,-0.008,-0.002,-0.024,0.021,0.016,-0.105,-0.317,-0.373,0.056
0.042,-0.167,0.183,1.0,0.001,0.004,-0.024,0.092,0.045,-0.293,0.055,0.041,0.07
0.043,-0.166,0.177,1.0,0.001,0.005,-0.025,0.032,0.032,-0.16,0.449,0.454,0.038
0.045,-0.166,0.167,1.0,-0.004,-0.002,-0.026,0.055,0.02,-0.186,-0.032,0.245,-0.038
0.047,-0.165,0.16,0.999,0.001,0.031,-0.026,0.06,0.027,-0.197,0.126,2.469,0.21
0.049,-0.164,0.152,1.0,-0.002,-0.004,-0.025,0.063,0.006,-0.211,0.648,-1.853,0.503
0.051,-0.164,0.143,1.0,0.0,0.017,-0.026,0.031,0.002,-0.155,0.17,0.773,0.006
0.053,-0.163,0.135,1.0,-0.0,0.002,-0.027,0.057,0.014,-0.159,0.078,-0.107,-0.069
0.055,-0.162,0.126,0.999,0.002,0.031,-0.021,0.008,-0.002,-0.165,-2.035,3.244,0.377
0.056,-0.162,0.123,1.0,-0.0,0.012,-0.025,0.046,0.021,-0.162,-0.339,0.548,0.057
0.057,-0.162,0.119,1.0,-0.001,-0.008,-0.026,0.04,0.003,-0.193,-0.087,-1.09,-0.062
0.059,-0.162,0.111,0.999,0.001,0.019,-0.027,0.053,0.009,-0.268,-0.256,2.261,0.068
0.063,-0.161,0.098,1.0,-0.0,0.01,-0.025,0.063,0.021,-0.198,-0.027,0.813,0.091
0.064,-0.162,0.093,1.0,0.001,0.016,-0.027,0.032,-0.012,-0.133,-0.139,0.202,-0.032
0.066,-0.161,0.089,1.0,-0.004,-0.001,-0.025,0.028,0.023,-0.105,-0.592,0.179,0.015
0.068,-0.161,0.086,1.0,-0.005,-0.002,-0.025,0.028,0.012,-0.071,-0.273,-0.213,0.091
0.068,-0.161,0.086,1.0,-0.005,-0.002,-0.025,0.028,0.012,-0.071,-0.273,-0.213,0.091
0.071,-0.161,0.083,1.0,-0.003,0.001,-0.024,0.057,0.01,-0.063,-0.08,0.52,0.151
0.073,-0.162,0.082,1.0,0.001,0.002,-0.025,0.077,-0.018,-0.046,0.429,-0.088,-0.001
0.073,-0.162,0.082,1.0,0.001,0.002,-0.025,0.077,-0.018,-0.046,0.429,-0.088,-0.001
0.075,-0.163,0.08,0.999,0.003,0.018,-0.028,0.064,-0.041,-0.084,0.355,1.459,-0.189
0.077,-0.163,0.08,1.0,-0.003,0.001,-0.024,0.015,-0.002,-0.007,-0.099,-0.083,0.034
0.077,-0.163,0.08,1.0,-0.003,0.001,-0.024,0.015,-0.002,-0.007,-0.099,-0.083,0.034
0.079,-0.163,0.077,1.0,-0.01,-0.007,-0.022,0.056,-0.009,-0.076,-0.586,-0.563,0.131
0.081,-0.164,0.078,1.0,-0.002,-0.003,-0.028,0.065,-0.009,-0.014,-0.058,-0.321,-0.148
0.085,-0.163,0.074,0.999,0.014,-0.028,-0.024,0.059,0.023,-0.057,1.443,-1.97,0.116
0.085,-0.164,0.074,1.0,-0.009,-0.003,-0.025,0.04,-0.031,-0.054,-0.812,0.689,-0.04
0.087,-0.165,0.073,1.0,-0.004,-0.007,-0.024,0.048,-0.025,-0.019,-0.014,-0.713,0.327
0.088,-0.166,0.07,1.0,-0.006,0.007,-0.027,0.034,-0.011,-0.071,-0.011,-0.007,-0.097
0.09,-0.165,0.071,0.999,-0.008,-0.022,-0.021,0.025,0.01,0.008,-0.216,-0.622,0.226
0.09,-0.165,0.071,0.999,-0.008,-0.022,-0.021,0.025,0.01,0.008,-0.216,-0.622,0.226
0.092,-0.166,0.066,1.0,-0.005,-0.003,-0.025,0.042,0.004,-0.031,-0.097,-0.244,0.188
0.123,-0.196,0.079,0.008,0.598,0.765,0.239,1.529,-1.513,0.626,57.574,77.48,23.855
0.123,-0.196,0.079,0.008,0.598,0.765,0.239,1.529,-1.513,0.626,57.574,77.48,23.855
0.095,-0.167,0.057,1.0,-0.004,-0.005,-0.027,-0.098,0.115,-0.112,-5.143,-6.569,-2.311
0.094,-0.167,0.056,1.0,-0.012,-0.01,-0.023,-0.021,0.002,-0.032,-0.708,-0.816,-0.094
0.096,-0.167,0.055,1.0,-0.005,-0.013,-0.028,0.021,0.009,-0.004,-0.323,-0.397,0.045
0.097,-0.167,0.055,0.999,-0.007,-0.024,-0.027,0.002,0.008,0.03,-0.103,-1.391,0.046
0.097,-0.167,0.052,0.999,0.001,0.017,-0.031,0.006,-0.007,-0.054,0.364,1.047,-0.227
0.099,-0.166,0.052,1.0,-0.003,0.018,-0.025,0.028,0.007,-0.009,0.055,0.383,0.12
0.099,-0.166,0.053,1.0,0.001,0.006,-0.027,0.013,0.013,0.02,0.156,-0.151,-0.075
0.101,-0.165,0.053,0.999,0.024,-0.038,-0.015,0.034,0.024,0.014,0.655,-1.192,0.263
0.102,-0.164,0.056,1.0,-0.006,-0.002,-0.025,0.027,0.014,0.036,-0.348,-0.124,-0.049
0.103,-0.164,0.057,1.0,-0.006,-0.002,-0.026,0.024,0.009,0.011,-0.06,0.108,-0.09
0.105,-0.163,0.057,1.0,-0.002,-0.004,-0.026,0.024,0.019,0.001,-0.089,-0.11,0.041
0.106,-0.163,0.055,0.999,-0.001,0.017,-0.031,0.03,-0.012,-0.047,0.027,1.18,-0.225
0.107,-0.163,0.054,1.0,0.0,0.001,-0.027,0.027,0.018,-0.015,0.042,-0.528,0.094
0.109,-0.162,0.05,1.0,-0.004,0.011,-0.029,0.034,0.03,-0.116,-0.362,2.101,0.175
0.109,-0.162,0.05,0.999,-0.002,0.014,-0.028,0.034,0.033,-0.103,-0.111,1.939,0.177
0.11,-0.16,0.047,0.999,-0.01,-0.015,-0.029,0.038,0.027,-0.089,-0.684,-0.63,-0.382
