0.02,-0.037,-0.005,1.0,0.0,-0.001,0.002,-0.018,-0.003,0.004,0.007,0.001,-0.002
0.02,-0.037,-0.005,1.0,0.0,-0.001,0.002,-0.018,-0.003,0.004,0.007,0.001,-0.002
0.02,-0.037,-0.005,1.0,0.0,-0.001,0.002,0.013,0.003,-0.006,0.01,-0.005,0.002
0.019,-0.038,-0.004,1.0,-0.0,-0.001,0.001,-0.042,-0.012,0.027,-0.019,0.01,-0.005
0.019,-0.038,-0.005,1.0,0.0,-0.001,0.002,0.002,0.002,-0.008,0.014,-0.007,0.004
0.02,-0.037,-0.004,1.0,0.0,-0.001,0.001,0.027,0.022,0.007,0.001,0.013,-0.003
0.02,-0.036,-0.003,1.0,0.001,0.001,0.001,0.005,0.016,0.033,0.028,0.122,-0.004
0.02,-0.037,0.015,1.0,0.002,0.012,0.001,0.011,-0.024,0.547,0.105,0.657,-0.019
0.022,-0.041,0.069,1.0,0.002,0.019,-0.0,0.053,-0.123,1.609,-0.025,0.453,-0.074
0.025,-0.045,0.177,1.0,0.003,0.021,-0.002,0.082,-0.105,3.243,0.078,0.129,-0.14
0.038,-0.042,0.296,1.0,0.005,0.018,-0.005,0.388,0.081,3.552,0.137,-0.238,-0.132
0.049,-0.046,0.435,1.0,0.005,0.02,-0.006,0.333,-0.114,4.128,-0.037,0.143,-0.086
0.049,-0.05,0.637,1.0,0.003,0.026,-0.007,-0.009,-0.123,5.93,-0.075,0.349,-0.076
0.062,-0.057,0.823,1.0,0.003,0.023,-0.008,0.418,-0.198,5.688,-0.015,-0.203,-0.041
0.089,-0.064,1.055,1.0,-0.001,0.019,-0.008,0.793,-0.219,6.872,-0.231,-0.236,-0.001
0.129,-0.071,1.256,1.0,-0.003,0.01,-0.008,1.204,-0.217,6.038,-0.097,-0.544,0.008
0.161,-0.087,1.481,1.0,-0.003,0.004,-0.007,0.956,-0.477,6.824,-0.048,-0.361,0.061
0.206,-0.1,1.649,1.0,-0.004,-0.002,-0.006,1.382,-0.395,5.184,-0.058,-0.323,0.057
0.202,-0.105,1.875,1.0,-0.005,0.003,-0.006,-0.101,-0.176,6.876,-0.046,0.301,-0.019
0.24,-0.127,1.997,1.0,-0.006,-0.002,-0.005,1.133,-0.634,3.691,-0.057,-0.32,0.081
0.282,-0.129,2.101,1.0,-0.007,-0.008,-0.005,1.282,-0.074,3.168,-0.049,-0.357,-0.015
0.319,-0.152,2.228,1.0,-0.008,-0.011,-0.004,1.122,-0.713,3.871,-0.058,-0.172,0.045
0.337,-0.157,2.371,1.0,-0.009,-0.011,-0.005,0.56,-0.14,4.345,-0.076,-0.009,-0.032
0.371,-0.181,2.451,1.0,-0.012,-0.015,-0.004,1.026,-0.721,2.425,-0.163,-0.286,0.04
0.409,-0.201,2.514,1.0,-0.014,-0.02,-0.004,1.147,-0.622,1.913,-0.105,-0.262,0.021
0.452,-0.213,2.545,1.0,-0.016,-0.025,-0.004,1.29,-0.362,0.932,-0.154,-0.318,-0.003
0.489,-0.249,2.572,0.999,-0.017,-0.031,-0.002,1.134,-1.072,0.825,-0.072,-0.345,0.091
0.522,-0.269,2.58,0.999,-0.019,-0.035,-0.002,0.985,-0.608,0.231,-0.123,-0.285,0.018
0.558,-0.27,2.573,0.999,-0.022,-0.04,-0.003,1.078,-0.033,-0.203,-0.17,-0.251,-0.087
0.588,-0.29,2.545,0.999,-0.025,-0.045,-0.003,0.893,-0.604,-0.84,-0.141,-0.303,0.034
0.602,-0.315,2.503,0.998,-0.026,-0.049,-0.002,0.432,-0.741,-1.276,-0.111,-0.241,0.05
0.602,-0.315,2.503,0.998,-0.026,-0.049,-0.002,0.432,-0.741,-1.276,-0.111,-0.241,0.05
0.628,-0.34,2.373,0.998,-0.03,-0.055,-0.002,0.397,-0.577,-2.363,-0.144,-0.211,0.01
0.63,-0.351,2.286,0.998,-0.032,-0.058,-0.002,0.058,-0.33,-2.556,-0.122,-0.151,0.003
0.63,-0.351,2.286,0.998,-0.032,-0.058,-0.002,0.058,-0.33,-2.556,-0.122,-0.151,0.003
0.606,-0.341,2.089,0.998,-0.033,-0.06,-0.003,-0.551,-0.036,-3.234,-0.042,-0.035,-0.016
0.568,-0.343,2.0,0.998,-0.035,-0.058,-0.003,-1.14,-0.044,-2.679,-0.112,0.136,-0.012
0.568,-0.343,2.0,0.998,-0.035,-0.058,-0.003,-1.14,-0.044,-2.679,-0.112,0.136,-0.012
0.467,-0.303,1.691,0.998,-0.035,-0.047,-0.007,-1.361,1.182,-2.547,0.066,0.431,-0.189
0.467,-0.303,1.691,0.998,-0.035,-0.047,-0.007,-1.361,1.182,-2.547,0.066,0.431,-0.189
0.426,-0.293,1.585,0.999,-0.032,-0.042,-0.007,-1.251,0.313,-3.192,0.19,0.31,-0.021
0.377,-0.292,1.499,0.999,-0.028,-0.035,-0.007,-1.391,0.014,-2.478,0.198,0.412,0.052
0.326,-0.285,1.407,0.999,-0.026,-0.028,-0.007,-1.504,0.219,-2.719,0.151,0.437,0.003
0.217,-0.233,1.172,1.0,-0.014,-0.009,-0.01,-1.229,0.857,-1.571,0.358,0.525,-0.116
0.217,-0.233,1.172,1.0,-0.014,-0.009,-0.01,-1.229,0.857,-1.571,0.358,0.525,-0.116
0.145,-0.192,1.055,1.0,-0.001,0.008,-0.013,-1.389,0.375,-0.866,0.389,0.658,-0.022
0.123,-0.185,0.98,1.0,0.005,0.012,-0.012,-0.649,0.219,-2.25,0.322,0.266,0.022
0.123,-0.185,0.98,1.0,0.005,0.012,-0.012,-0.649,0.219,-2.25,0.322,0.266,0.022
0.053,-0.169,0.849,1.0,0.011,0.026,-0.012,-0.494,0.141,-1.356,0.147,0.138,0.024
0.053,-0.169,0.849,1.0,0.011,0.026,-0.012,-0.494,0.141,-1.356,0.147,0.138,0.024
0.014,-0.18,0.736,0.999,0.012,0.031,-0.01,-0.262,-0.13,-1.206,-0.001,-0.018,0.004
0.014,-0.18,0.736,0.999,0.012,0.031,-0.01,-0.262,-0.13,-1.206,-0.001,-0.018,0.004
0.009,-0.182,0.707,0.999,0.011,0.032,-0.011,-0.136,-0.071,-0.87,-0.025,0.069,-0.008
0.004,-0.189,0.677,0.999,0.01,0.032,-0.01,-0.16,-0.209,-0.896,-0.058,-0.029,0.017
0.002,-0.196,0.662,0.999,0.008,0.032,-0.01,-0.053,-0.217,-0.488,-0.146,0.001,-0.007
-0.0,-0.2,0.649,0.999,0.007,0.031,-0.01,-0.077,-0.11,-0.363,-0.069,-0.033,-0.009
0.003,-0.238,0.619,1.0,-0.002,0.028,-0.008,0.365,-0.31,-0.382,-0.132,-0.138,0.042
0.014,-0.245,0.612,1.0,-0.004,0.026,-0.008,0.324,-0.227,-0.213,-0.095,-0.155,0.004
0.014,-0.245,0.612,1.0,-0.004,0.026,-0.008,0.324,-0.227,-0.213,-0.095,-0.155,0.004
0.026,-0.263,0.618,1.0,-0.007,0.022,-0.008,0.209,-0.174,0.078,-0.094,-0.129,-0.001
0.037,-0.272,0.61,1.0,-0.009,0.019,-0.007,0.344,-0.26,-0.229,-0.104,-0.178,0.015
0.037,-0.272,0.61,1.0,-0.009,0.019,-0.007,0.344,-0.26,-0.229,-0.104,-0.178,0.015
0.07,-0.292,0.598,1.0,-0.013,0.01,-0.007,0.46,-0.16,-0.307,-0.052,-0.226,-0.009
0.07,-0.292,0.598,1.0,-0.013,0.01,-0.007,0.46,-0.16,-0.307,-0.052,-0.226,-0.009
0.1,-0.308,0.559,1.0,-0.014,0.002,-0.007,0.349,-0.107,-0.464,-0.046,-0.141,-0.012
0.1,-0.308,0.559,1.0,-0.014,0.002,-0.007,0.349,-0.107,-0.464,-0.046,-0.141,-0.012
0.109,-0.317,0.532,1.0,-0.016,-0.002,-0.007,0.199,-0.378,-0.624,-0.033,-0.149,0.041
0.118,-0.333,0.504,1.0,-0.016,-0.005,-0.006,0.324,-0.56,-1.008,0.002,-0.237,0.07
0.118,-0.333,0.504,1.0,-0.016,-0.005,-0.006,0.324,-0.56,-1.008,0.002,-0.237,0.07
0.141,-0.333,0.449,1.0,-0.016,-0.009,-0.006,0.117,-0.033,-0.524,0.027,-0.049,0.003
0.141,-0.333,0.449,1.0,-0.016,-0.009,-0.006,0.117,-0.033,-0.524,0.027,-0.049,0.003
0.151,-0.332,0.424,1.0,-0.017,-0.009,-0.007,0.297,0.031,-0.732,-0.016,-0.039,-0.034
0.162,-0.34,0.375,1.0,-0.024,-0.009,-0.007,0.14,-0.134,-0.291,-0.08,-0.038,0.022
0.168,-0.341,0.366,1.0,-0.025,-0.009,-0.007,0.198,-0.038,-0.254,-0.11,-0.0,0.007
0.168,-0.341,0.366,1.0,-0.025,-0.009,-0.007,0.198,-0.038,-0.254,-0.11,-0.0,0.007
0.171,-0.336,0.362,1.0,-0.026,-0.008,-0.007,0.059,-0.115,-0.106,-0.002,-0.003,0.03
0.176,-0.333,0.365,1.0,-0.025,-0.008,-0.007,0.141,0.107,0.081,0.03,-0.016,-0.014
0.176,-0.333,0.365,1.0,-0.025,-0.008,-0.007,0.141,0.107,0.081,0.03,-0.016,-0.014
0.181,-0.322,0.38,1.0,-0.023,-0.01,-0.007,0.155,0.079,0.156,0.081,-0.064,0.008
0.184,-0.317,0.388,1.0,-0.022,-0.01,-0.008,0.091,0.158,0.234,0.084,-0.028,-0.024
0.184,-0.317,0.388,1.0,-0.022,-0.01,-0.008,0.091,0.158,0.234,0.084,-0.028,-0.024
0.187,-0.296,0.403,1.0,-0.019,-0.011,-0.008,0.013,0.243,0.258,0.077,-0.029,0.003
0.188,-0.288,0.409,1.0,-0.018,-0.011,-0.008,0.033,0.255,0.207,0.069,-0.017,-0.018
0.188,-0.288,0.409,1.0,-0.018,-0.011,-0.008,0.033,0.255,0.207,0.069,-0.017,-0.018
0.186,-0.277,0.417,1.0,-0.016,-0.012,-0.008,-0.141,0.292,0.165,0.053,0.009,-0.007
0.188,-0.268,0.418,1.0,-0.015,-0.012,-0.008,0.04,0.277,0.032,0.073,-0.005,-0.016
0.188,-0.268,0.418,1.0,-0.015,-0.012,-0.008,0.04,0.277,0.032,0.073,-0.005,-0.016
0.179,-0.25,0.421,1.0,-0.012,-0.011,-0.009,-0.09,0.299,-0.057,0.082,0.003,-0.025
0.178,-0.244,0.418,1.0,-0.01,-0.011,-0.009,-0.024,0.163,-0.082,0.119,0.023,0.003
0.178,-0.244,0.418,1.0,-0.01,-0.011,-0.009,-0.024,0.163,-0.082,0.119,0.023,0.003
0.162,-0.218,0.414,1.0,-0.005,-0.008,-0.009,-0.164,0.144,-0.006,0.096,0.035,0.013
0.162,-0.218,0.414,1.0,-0.005,-0.008,-0.009,-0.164,0.144,-0.006,0.096,0.035,0.013
0.146,-0.195,0.411,1.0,-0.001,-0.006,-0.01,-0.264,0.268,0.17,0.073,0.068,-0.02
0.146,-0.195,0.411,1.0,-0.001,-0.006,-0.01,-0.264,0.268,0.17,0.073,0.068,-0.02
0.137,-0.185,0.41,1.0,-0.0,-0.006,-0.01,-0.171,0.126,-0.007,-0.001,0.017,-0.002
0.133,-0.184,0.409,1.0,-0.0,-0.005,-0.01,-0.14,0.054,-0.022,-0.001,0.049,0.011
0.124,-0.178,0.419,1.0,-0.0,-0.003,-0.01,-0.253,0.171,0.304,-0.005,0.108,0.008
0.12,-0.17,0.42,1.0,-0.0,-0.003,-0.01,-0.143,0.259,0.026,-0.005,0.02,-0.03
0.1,-0.159,0.432,1.0,0.002,0.001,-0.01,-0.199,0.129,0.067,0.049,0.056,-0.002
0.096,-0.155,0.431,1.0,0.002,0.001,-0.01,-0.114,0.112,-0.025,0.028,0.035,-0.011
0.083,-0.15,0.441,1.0,0.002,0.003,-0.01,-0.091,0.098,0.121,-0.014,0.035,-0.017
0.083,-0.15,0.441,1.0,0.002,0.003,-0.01,-0.091,0.098,0.121,-0.014,0.035,-0.017
0.062,-0.149,0.457,1.0,0.004,0.006,-0.01,-0.143,-0.159,-0.034,0.041,0.003,0.035
0.062,-0.149,0.457,1.0,0.004,0.006,-0.01,-0.143,-0.159,-0.034,0.041,0.003,0.035
0.057,-0.153,0.478,1.0,0.004,0.007,-0.01,-0.054,-0.054,0.268,0.004,-0.019,-0.003
0.057,-0.153,0.478,1.0,0.004,0.007,-0.01,-0.054,-0.054,0.268,0.004,-0.019,-0.003
0.052,-0.157,0.488,1.0,0.004,0.007,-0.01,-0.132,-0.113,0.285,0.011,0.0,0.01
0.047,-0.163,0.504,1.0,0.001,0.008,-0.01,-0.052,-0.173,0.246,-0.096,0.017,0.006
0.047,-0.163,0.504,1.0,0.001,0.008,-0.01,-0.052,-0.173,0.246,-0.096,0.017,0.006
0.044,-0.178,0.534,1.0,-0.003,0.008,-0.01,0.006,-0.196,0.314,-0.086,-0.022,0.02
0.044,-0.178,0.534,1.0,-0.003,0.008,-0.01,0.006,-0.196,0.314,-0.086,-0.022,0.02
0.048,-0.186,0.55,1.0,-0.005,0.007,-0.01,0.069,-0.126,0.296,-0.048,-0.017,-0.003
0.047,-0.188,0.557,1.0,-0.007,0.007,-0.01,-0.025,-0.075,0.224,-0.093,-0.001,-0.019
0.046,-0.198,0.576,1.0,-0.009,0.007,-0.01,-0.065,-0.073,0.375,-0.049,0.012,-0.016
0.048,-0.203,0.578,1.0,-0.01,0.006,-0.01,0.072,-0.152,0.047,-0.077,-0.049,0.013
0.052,-0.218,0.592,1.0,-0.011,0.005,-0.01,0.093,-0.037,0.118,-0.028,-0.044,-0.011
0.052,-0.218,0.592,1.0,-0.011,0.005,-0.01,0.093,-0.037,0.118,-0.028,-0.044,-0.011
0.053,-0.224,0.601,1.0,-0.012,0.004,-0.01,0.0,-0.016,0.118,0.006,0.0,-0.007
0.053,-0.224,0.601,1.0,-0.012,0.004,-0.01,0.0,-0.016,0.118,0.006,0.0,-0.007
0.056,-0.23,0.617,1.0,-0.011,0.004,-0.01,-0.225,-0.232,0.269,0.023,0.0,0.016
0.056,-0.23,0.617,1.0,-0.011,0.004,-0.01,-0.225,-0.232,0.269,0.023,0.0,0.016
0.056,-0.229,0.62,1.0,-0.011,0.003,-0.011,-0.007,0.024,0.092,0.002,-0.056,-0.024
0.057,-0.232,0.624,1.0,-0.01,0.003,-0.01,0.023,-0.086,0.116,0.049,-0.021,0.016
0.064,-0.24,0.63,1.0,-0.01,0.002,-0.01,0.061,-0.047,0.087,-0.024,0.008,-0.001
0.067,-0.244,0.631,1.0,-0.01,0.002,-0.01,0.082,-0.1,0.036,-0.04,0.036,0.016
0.067,-0.244,0.631,1.0,-0.01,0.002,-0.01,0.082,-0.1,0.036,-0.04,0.036,0.016
0.067,-0.25,0.638,1.0,-0.012,0.004,-0.01,0.012,0.07,-0.018,-0.008,0.006,-0.016
0.067,-0.25,0.638,1.0,-0.012,0.004,-0.01,0.012,0.07,-0.018,-0.008,0.006,-0.016
0.065,-0.252,0.645,1.0,-0.012,0.003,-0.01,0.082,-0.011,0.054,-0.014,-0.038,-0.015
0.07,-0.254,0.648,1.0,-0.012,0.003,-0.01,0.124,-0.044,0.067,-0.021,-0.043,-0.004
0.07,-0.254,0.648,1.0,-0.012,0.003,-0.01,0.124,-0.044,0.067,-0.021,-0.043,-0.004
0.075,-0.257,0.65,1.0,-0.011,0.001,-0.01,0.07,-0.038,0.003,0.028,-0.063,-0.013
0.077,-0.256,0.654,1.0,-0.011,0.001,-0.011,0.055,0.047,0.115,0.047,-0.033,-0.016
0.077,-0.256,0.654,1.0,-0.011,0.001,-0.011,0.055,0.047,0.115,0.047,-0.033,-0.016
0.076,-0.251,0.687,1.0,-0.01,0.0,-0.011,-0.025,0.001,0.203,-0.013,-0.032,-0.011
0.076,-0.251,0.687,1.0,-0.01,0.0,-0.011,-0.025,0.001,0.203,-0.013,-0.032,-0.011
0.078,-0.254,0.705,1.0,-0.009,0.0,-0.011,-0.039,0.063,0.434,0.017,0.026,-0.019
0.077,-0.253,0.702,1.0,-0.009,-0.001,-0.011,-0.023,0.032,-0.067,0.015,-0.066,-0.011
0.077,-0.253,0.702,1.0,-0.009,-0.001,-0.011,-0.023,0.032,-0.067,0.015,-0.066,-0.011
0.079,-0.256,0.716,1.0,-0.009,-0.001,-0.011,0.058,0.051,0.121,0.015,-0.048,-0.024
0.077,-0.256,0.726,1.0,-0.009,-0.001,-0.011,-0.059,-0.018,0.318,-0.01,0.037,0.004
0.077,-0.256,0.726,1.0,-0.009,-0.001,-0.011,-0.059,-0.018,0.318,-0.01,0.037,0.004
0.076,-0.255,0.731,1.0,-0.009,0.0,-0.011,-0.027,0.061,0.025,0.011,0.039,-0.004
0.075,-0.255,0.73,1.0,-0.008,0.001,-0.011,-0.018,0.008,-0.024,0.049,0.024,-0.016
0.075,-0.255,0.73,1.0,-0.008,0.001,-0.011,-0.018,0.008,-0.024,0.049,0.024,-0.016
0.075,-0.254,0.734,1.0,-0.008,0.001,-0.011,0.029,0.037,0.003,-0.008,-0.03,-0.017
0.076,-0.256,0.733,1.0,-0.008,0.001,-0.012,0.012,-0.045,-0.03,-0.02,-0.009,-0.006
0.076,-0.256,0.733,1.0,-0.008,0.001,-0.012,0.012,-0.045,-0.03,-0.02,-0.009,-0.006
0.072,-0.252,0.731,1.0,-0.008,0.001,-0.012,-0.084,0.061,-0.041,0.014,0.019,-0.002
0.069,-0.252,0.729,1.0,-0.008,0.001,-0.012,-0.068,0.024,-0.039,0.011,0.005,-0.007
0.058,-0.256,0.733,1.0,-0.008,0.001,-0.012,-0.135,0.015,-0.065,0.004,-0.002,-0.004
0.058,-0.256,0.733,1.0,-0.008,0.001,-0.012,-0.135,0.015,-0.065,0.004,-0.002,-0.004
0.048,-0.253,0.737,1.0,-0.009,0.001,-0.012,-0.2,0.149,0.036,0.005,0.001,-0.028
0.048,-0.253,0.737,1.0,-0.009,0.001,-0.012,-0.2,0.149,0.036,0.005,0.001,-0.028
0.049,-0.257,0.732,1.0,-0.008,0.001,-0.012,0.036,-0.107,-0.138,0.024,-0.002,0.009
0.039,-0.254,0.735,1.0,-0.008,0.002,-0.012,-0.152,0.12,0.052,-0.007,0.044,-0.027
0.039,-0.254,0.735,1.0,-0.008,0.002,-0.012,-0.152,0.12,0.052,-0.007,0.044,-0.027
0.032,-0.261,0.74,1.0,-0.008,0.003,-0.012,-0.222,-0.212,0.142,0.029,0.08,0.035
0.031,-0.259,0.731,1.0,-0.007,0.004,-0.012,-0.027,-0.043,-0.09,0.031,0.023,0.007
0.031,-0.259,0.731,1.0,-0.007,0.004,-0.012,-0.027,-0.043,-0.09,0.031,0.023,0.007
0.023,-0.26,0.727,1.0,-0.006,0.005,-0.012,-0.075,0.0,-0.087,0.011,-0.013,-0.004
0.023,-0.26,0.727,1.0,-0.006,0.005,-0.012,-0.075,0.0,-0.087,0.011,-0.013,-0.004
0.015,-0.26,0.722,1.0,-0.006,0.005,-0.012,-0.03,-0.029,-0.09,0.006,0.02,0.005
0.01,-0.263,0.718,1.0,-0.007,0.005,-0.012,-0.128,-0.091,-0.14,-0.058,0.013,0.007
0.001,-0.269,0.697,1.0,-0.009,0.005,-0.012,0.006,-0.009,-0.082,-0.009,-0.007,0.003
0.001,-0.269,0.697,1.0,-0.009,0.005,-0.012,0.006,-0.009,-0.082,-0.009,-0.007,0.003
-0.002,-0.273,0.687,1.0,-0.01,0.005,-0.012,-0.063,-0.025,-0.097,-0.038,0.003,-0.008
-0.002,-0.273,0.687,1.0,-0.01,0.005,-0.012,-0.063,-0.025,-0.097,-0.038,0.003,-0.008
-0.003,-0.275,0.675,1.0,-0.01,0.004,-0.012,-0.003,-0.069,-0.356,0.003,-0.057,0.001
-0.008,-0.276,0.669,1.0,-0.01,0.004,-0.012,-0.06,-0.025,-0.123,0.007,-0.017,-0.007
-0.008,-0.276,0.669,1.0,-0.01,0.004,-0.012,-0.06,-0.025,-0.123,0.007,-0.017,-0.007
-0.012,-0.277,0.662,1.0,-0.01,0.004,-0.012,-0.023,-0.106,-0.037,-0.013,0.003,0.002
-0.012,-0.277,0.662,1.0,-0.01,0.004,-0.012,-0.023,-0.106,-0.037,-0.013,0.003,0.002
-0.02,-0.281,0.646,1.0,-0.01,0.004,-0.012,-0.171,-0.035,-0.155,0.017,-0.001,-0.01
-0.02,-0.281,0.646,1.0,-0.01,0.004,-0.012,-0.171,-0.035,-0.155,0.017,-0.001,-0.01
-0.024,-0.284,0.638,1.0,-0.011,0.005,-0.012,-0.11,-0.068,-0.04,-0.039,0.03,0.01
-0.024,-0.284,0.638,1.0,-0.011,0.005,-0.012,-0.11,-0.068,-0.04,-0.039,0.03,0.01
-0.025,-0.283,0.634,1.0,-0.011,0.004,-0.012,-0.025,0.02,-0.125,-0.024,-0.023,-0.01
-0.025,-0.286,0.629,1.0,-0.012,0.004,-0.012,-0.017,-0.088,-0.15,-0.027,-0.008,0.01
-0.031,-0.286,0.606,1.0,-0.013,0.006,-0.012,-0.051,-0.007,-0.095,0.014,0.035,0.005
-0.031,-0.286,0.606,1.0,-0.013,0.006,-0.012,-0.051,-0.007,-0.095,0.014,0.035,0.005
-0.034,-0.288,0.602,1.0,-0.013,0.007,-0.012,-0.074,-0.039,-0.107,-0.026,0.026,0.025
-0.034,-0.279,0.582,1.0,-0.012,0.007,-0.012,0.042,0.079,-0.339,0.014,-0.014,0.001
-0.033,-0.281,0.567,1.0,-0.012,0.007,-0.012,-0.066,-0.066,-0.162,0.016,0.013,0.015
-0.033,-0.281,0.567,1.0,-0.012,0.007,-0.012,-0.066,-0.066,-0.162,0.016,0.013,0.015
-0.03,-0.278,0.557,1.0,-0.012,0.006,-0.012,0.1,0.098,-0.296,-0.0,-0.054,-0.016
-0.028,-0.276,0.549,1.0,-0.012,0.006,-0.012,0.039,0.063,-0.235,0.017,-0.026,-0.011
-0.028,-0.276,0.549,1.0,-0.012,0.006,-0.012,0.039,0.063,-0.235,0.017,-0.026,-0.011
-0.026,-0.27,0.545,1.0,-0.011,0.006,-0.013,0.076,0.179,-0.146,0.031,0.01,-0.032
-0.023,-0.269,0.535,1.0,-0.011,0.006,-0.013,0.052,-0.048,-0.178,0.002,-0.006,0.017
-0.023,-0.269,0.535,1.0,-0.011,0.006,-0.013,0.052,-0.048,-0.178,0.002,-0.006,0.017
-0.019,-0.263,0.526,1.0,-0.009,0.005,-0.013,-0.049,0.019,0.033,0.04,0.014,0.005
-0.019,-0.263,0.526,1.0,-0.009,0.005,-0.013,-0.049,0.019,0.033,0.04,0.014,0.005
-0.008,-0.253,0.51,1.0,-0.009,0.003,-0.014,0.131,0.08,-0.22,-0.005,-0.063,-0.014
-0.008,-0.253,0.51,1.0,-0.009,0.003,-0.014,0.131,0.08,-0.22,-0.005,-0.063,-0.014
-0.001,-0.25,0.505,1.0,-0.009,0.003,-0.013,0.177,0.012,-0.063,0.009,0.001,0.023
-0.0,-0.25,0.503,1.0,-0.009,0.002,-0.013,0.024,0.015,-0.064,-0.005,-0.014,0.01
-0.0,-0.25,0.503,1.0,-0.009,0.002,-0.013,0.024,0.015,-0.064,-0.005,-0.014,0.01
0.002,-0.248,0.497,1.0,-0.009,0.002,-0.013,0.07,0.07,-0.185,-0.017,-0.001,-0.012
0.011,-0.242,0.477,1.0,-0.008,0.002,-0.014,0.066,0.185,-0.188,0.013,-0.029,-0.023
0.011,-0.242,0.477,1.0,-0.008,0.002,-0.014,0.066,0.185,-0.188,0.013,-0.029,-0.023
0.015,-0.239,0.466,1.0,-0.008,0.0,-0.014,-0.02,0.058,-0.165,-0.024,-0.036,0.002
0.015,-0.239,0.466,1.0,-0.008,0.0,-0.014,-0.02,0.058,-0.165,-0.024,-0.036,0.002
0.022,-0.236,0.447,1.0,-0.006,-0.0,-0.014,0.013,-0.012,-0.101,0.068,0.005,0.011
0.022,-0.236,0.447,1.0,-0.006,-0.0,-0.014,0.013,-0.012,-0.101,0.068,0.005,0.011
0.035,-0.23,0.421,1.0,-0.003,-0.001,-0.014,0.193,0.051,-0.35,0.029,-0.023,-0.001
0.033,-0.226,0.417,1.0,-0.003,-0.0,-0.015,-0.058,0.115,-0.117,0.002,0.059,-0.028
0.039,-0.229,0.402,1.0,-0.003,0.0,-0.014,-0.044,-0.021,-0.096,-0.019,0.057,-0.001
0.039,-0.229,0.402,1.0,-0.003,0.0,-0.014,-0.044,-0.021,-0.096,-0.019,0.057,-0.001
0.041,-0.226,0.397,1.0,-0.003,0.0,-0.015,0.074,0.101,-0.142,-0.021,0.014,-0.03
0.043,-0.225,0.39,1.0,-0.004,-0.0,-0.015,0.068,0.013,-0.225,-0.036,-0.02,-0.018
0.046,-0.228,0.383,1.0,-0.004,-0.001,-0.015,0.087,-0.076,-0.218,-0.019,-0.036,-0.002
0.049,-0.23,0.378,1.0,-0.005,-0.001,-0.015,0.097,-0.057,-0.149,-0.028,-0.024,0.012
0.059,-0.235,0.362,1.0,-0.005,-0.001,-0.015,0.11,-0.11,-0.153,-0.018,0.006,0.003
0.061,-0.235,0.354,1.0,-0.005,-0.002,-0.015,0.026,-0.038,-0.092,0.031,-0.008,0.009
0.061,-0.235,0.354,1.0,-0.005,-0.002,-0.015,0.026,-0.038,-0.092,0.031,-0.008,0.009
0.063,-0.241,0.343,1.0,-0.006,-0.002,-0.015,-0.017,-0.1,-0.202,-0.03,-0.023,0.009
0.063,-0.241,0.343,1.0,-0.006,-0.002,-0.015,-0.017,-0.1,-0.202,-0.03,-0.023,0.009
0.068,-0.249,0.333,1.0,-0.008,-0.003,-0.015,0.011,-0.105,-0.088,-0.039,-0.011,0.021
0.067,-0.252,0.333,1.0,-0.008,-0.003,-0.015,-0.031,-0.094,-0.01,-0.033,0.021,-0.005
0.067,-0.252,0.333,1.0,-0.008,-0.003,-0.015,-0.031,-0.094,-0.01,-0.033,0.021,-0.005
0.072,-0.255,0.326,1.0,-0.008,-0.003,-0.015,0.151,-0.084,-0.23,-0.022,-0.035,0.0
0.072,-0.259,0.32,1.0,-0.01,-0.003,-0.015,-0.091,-0.149,-0.019,-0.014,0.019,0.019
0.072,-0.259,0.32,1.0,-0.01,-0.003,-0.015,-0.091,-0.149,-0.019,-0.014,0.019,0.019
0.075,-0.26,0.317,1.0,-0.01,-0.002,-0.015,0.092,-0.052,-0.085,-0.053,0.023,-0.002
0.064,-0.276,0.325,1.0,-0.011,-0.001,-0.014,-0.337,-0.456,0.264,-0.022,0.08,0.084
0.064,-0.276,0.325,1.0,-0.011,-0.001,-0.014,-0.337,-0.456,0.264,-0.022,0.08,0.084
0.077,-0.268,0.312,1.0,-0.012,-0.003,-0.015,0.017,-0.094,-0.017,-0.018,-0.015,0.011
0.078,-0.269,0.309,1.0,-0.012,-0.002,-0.015,0.032,-0.015,-0.082,-0.037,0.03,-0.004
0.078,-0.269,0.309,1.0,-0.012,-0.002,-0.015,0.032,-0.015,-0.082,-0.037,0.03,-0.004
0.081,-0.27,0.305,1.0,-0.013,-0.002,-0.015,0.106,-0.031,-0.119,-0.027,-0.011,0.001
0.079,-0.276,0.298,1.0,-0.017,0.0,-0.015,0.005,-0.074,-0.181,-0.158,0.063,0.03
0.079,-0.276,0.298,1.0,-0.017,0.0,-0.015,0.005,-0.074,-0.181,-0.158,0.063,0.03
0.083,-0.274,0.288,1.0,-0.018,0.001,-0.015,0.049,0.024,-0.2,0.059,-0.018,-0.002
0.083,-0.274,0.288,1.0,-0.018,0.001,-0.015,0.049,0.024,-0.2,0.059,-0.018,-0.002
0.083,-0.274,0.288,1.0,-0.018,0.001,-0.015,0.049,0.024,-0.2,0.059,-0.018,-0.002
0.081,-0.274,0.287,1.0,-0.017,0.002,-0.015,-0.068,-0.011,-0.041,0.019,0.03,0.001
0.084,-0.271,0.281,1.0,-0.016,0.0,-0.015,0.012,0.005,-0.065,0.069,-0.057,-0.005
0.084,-0.271,0.281,1.0,-0.016,0.0,-0.015,0.012,0.005,-0.065,0.069,-0.057,-0.005
0.091,-0.261,0.287,1.0,-0.013,-0.001,-0.016,0.108,0.105,0.082,0.04,-0.04,-0.017
0.091,-0.261,0.287,1.0,-0.013,-0.001,-0.016,0.108,0.105,0.082,0.04,-0.04,-0.017
0.09,-0.258,0.299,1.0,-0.013,-0.001,-0.016,-0.002,0.077,0.194,0.002,0.024,0.015
0.089,-0.257,0.306,1.0,-0.012,-0.0,-0.016,-0.03,0.041,0.214,0.02,0.022,-0.006
0.089,-0.257,0.306,1.0,-0.012,-0.0,-0.016,-0.03,0.041,0.214,0.02,0.022,-0.006
0.094,-0.248,0.317,1.0,-0.012,-0.001,-0.016,0.041,0.119,0.148,0.013,-0.022,-0.01
0.095,-0.245,0.322,1.0,-0.011,-0.001,-0.016,0.044,0.09,0.171,0.038,-0.018,0.001
0.095,-0.245,0.322,1.0,-0.011,-0.001,-0.016,0.044,0.09,0.171,0.038,-0.018,0.001
0.096,-0.239,0.335,1.0,-0.01,-0.001,-0.016,0.01,0.135,0.18,0.008,-0.002,-0.003
0.098,-0.236,0.336,1.0,-0.01,-0.001,-0.016,0.069,0.094,0.05,0.021,-0.0,-0.006
0.098,-0.236,0.336,1.0,-0.01,-0.001,-0.016,0.069,0.094,0.05,0.021,-0.0,-0.006
0.097,-0.229,0.346,1.0,-0.008,-0.001,-0.017,-0.145,0.087,0.139,0.034,0.018,-0.014
0.097,-0.229,0.346,1.0,-0.008,-0.001,-0.017,-0.145,0.087,0.139,0.034,0.018,-0.014
0.101,-0.223,0.346,1.0,-0.007,-0.001,-0.017,0.103,0.146,-0.007,0.036,-0.011,-0.017
0.105,-0.22,0.347,1.0,-0.006,-0.001,-0.017,0.129,0.091,0.04,0.025,0.018,-0.007
0.105,-0.22,0.347,1.0,-0.006,-0.001,-0.017,0.129,0.091,0.04,0.025,0.018,-0.007
0.105,-0.216,0.354,1.0,-0.005,-0.002,-0.017,-0.015,0.022,0.032,0.014,-0.01,-0.005
0.106,-0.213,0.354,1.0,-0.005,-0.001,-0.017,0.021,0.093,0.003,0.025,0.02,0.001
0.106,-0.213,0.354,1.0,-0.005,-0.001,-0.017,0.021,0.093,0.003,0.025,0.02,0.001
0.108,-0.208,0.362,1.0,-0.004,-0.001,-0.017,-0.025,0.016,0.056,0.015,-0.045,0.004
0.108,-0.208,0.362,1.0,-0.004,-0.001,-0.017,-0.025,0.016,0.056,0.015,-0.045,0.004
0.107,-0.207,0.365,1.0,-0.004,-0.002,-0.017,-0.016,0.016,0.112,0.01,-0.042,0.004
0.113,-0.207,0.376,1.0,-0.003,-0.002,-0.017,0.107,-0.068,0.187,0.035,0.01,0.015
0.113,-0.207,0.376,1.0,-0.003,-0.002,-0.017,0.107,-0.068,0.187,0.035,0.01,0.015
0.116,-0.207,0.388,1.0,-0.003,-0.002,-0.017,0.04,-0.004,0.206,0.028,-0.012,0.002
0.114,-0.206,0.395,1.0,-0.003,-0.002,-0.017,-0.058,0.007,0.222,-0.025,0.025,-0.012
0.114,-0.206,0.395,1.0,-0.003,-0.002,-0.017,-0.058,0.007,0.222,-0.025,0.025,-0.012
0.113,-0.21,0.425,1.0,-0.005,-0.002,-0.017,0.021,-0.123,0.247,-0.051,-0.02,0.018
0.113,-0.21,0.425,1.0,-0.005,-0.002,-0.017,0.021,-0.123,0.247,-0.051,-0.02,0.018
0.11,-0.209,0.441,1.0,-0.006,-0.002,-0.017,-0.11,0.007,0.342,-0.028,0.033,-0.004
0.112,-0.212,0.446,1.0,-0.006,-0.002,-0.017,0.068,-0.076,0.144,-0.017,-0.014,0.011
0.112,-0.212,0.446,1.0,-0.006,-0.002,-0.017,0.068,-0.076,0.144,-0.017,-0.014,0.011
0.108,-0.215,0.471,1.0,-0.007,-0.001,-0.017,-0.084,0.013,0.281,-0.022,0.026,-0.011
0.108,-0.215,0.471,1.0,-0.007,-0.001,-0.017,-0.084,0.013,0.281,-0.022,0.026,-0.011
0.108,-0.217,0.484,1.0,-0.008,-0.001,-0.017,-0.039,-0.012,0.224,-0.023,0.024,-0.008
0.111,-0.22,0.489,1.0,-0.008,-0.001,-0.017,0.099,-0.073,0.151,-0.0,-0.025,-0.001
0.111,-0.22,0.489,1.0,-0.008,-0.001,-0.017,0.099,-0.073,0.151,-0.0,-0.025,-0.001
0.11,-0.219,0.498,1.0,-0.008,-0.001,-0.017,-0.039,0.025,0.262,-0.012,-0.023,-0.014
0.107,-0.219,0.506,1.0,-0.008,-0.001,-0.017,-0.083,-0.01,0.265,-0.015,0.021,0.004
0.106,-0.222,0.512,1.0,-0.008,-0.001,-0.017,-0.019,-0.096,0.168,-0.001,0.021,0.004
0.099,-0.229,0.555,1.0,-0.009,-0.001,-0.017,-0.066,-0.037,0.278,-0.031,-0.024,-0.004
0.099,-0.229,0.555,1.0,-0.009,-0.001,-0.017,-0.066,-0.037,0.278,-0.031,-0.024,-0.004
0.097,-0.227,0.573,1.0,-0.009,-0.002,-0.018,0.028,0.008,0.219,0.001,0.001,-0.013
0.095,-0.227,0.582,1.0,-0.009,-0.002,-0.018,-0.075,-0.02,0.262,-0.003,0.04,-0.006
0.095,-0.227,0.582,1.0,-0.009,-0.002,-0.018,-0.075,-0.02,0.262,-0.003,0.04,-0.006
0.087,-0.232,0.606,1.0,-0.009,-0.001,-0.017,-0.154,0.072,0.342,-0.021,0.039,-0.011
0.087,-0.232,0.606,1.0,-0.009,-0.001,-0.017,-0.154,0.072,0.342,-0.021,0.039,-0.011
0.088,-0.233,0.61,1.0,-0.009,-0.002,-0.018,0.016,-0.04,0.119,0.002,-0.059,-0.009
0.081,-0.234,0.629,1.0,-0.008,-0.001,-0.017,-0.164,0.102,0.339,0.019,0.051,-0.014
0.081,-0.234,0.629,1.0,-0.008,-0.001,-0.017,-0.164,0.102,0.339,0.019,0.051,-0.014
0.076,-0.239,0.644,1.0,-0.008,-0.0,-0.017,-0.035,-0.01,0.094,0.006,-0.003,0.003
0.073,-0.238,0.651,1.0,-0.008,0.0,-0.017,-0.09,0.025,0.234,0.025,0.045,-0.009
0.073,-0.238,0.651,1.0,-0.008,0.0,-0.017,-0.09,0.025,0.234,0.025,0.045,-0.009
0.069,-0.241,0.657,1.0,-0.008,0.001,-0.017,-0.118,-0.088,0.176,0.012,0.052,0.006
0.063,-0.239,0.668,1.0,-0.007,0.002,-0.017,0.029,-0.131,-0.121,0.007,-0.043,0.018
0.063,-0.239,0.668,1.0,-0.007,0.002,-0.017,0.029,-0.131,-0.121,0.007,-0.043,0.018
0.06,-0.239,0.673,1.0,-0.007,0.002,-0.017,-0.086,0.011,0.152,0.002,0.035,-0.016
0.053,-0.238,0.688,1.0,-0.007,0.003,-0.018,-0.011,-0.019,0.075,0.003,-0.029,-0.01
0.053,-0.238,0.688,1.0,-0.007,0.003,-0.018,-0.011,-0.019,0.075,0.003,-0.029,-0.01
0.051,-0.243,0.698,1.0,-0.008,0.003,-0.018,-0.002,-0.118,-0.003,-0.047,-0.015,0.002
0.049,-0.244,0.71,1.0,-0.008,0.003,-0.018,-0.042,-0.027,0.341,-0.03,0.024,0.004
0.045,-0.244,0.724,1.0,-0.008,0.004,-0.018,-0.139,-0.01,0.436,-0.011,0.038,-0.003
0.042,-0.245,0.738,1.0,-0.009,0.004,-0.018,-0.068,-0.043,0.419,-0.018,0.009,-0.005
0.04,-0.247,0.747,1.0,-0.009,0.004,-0.018,-0.057,-0.043,0.279,0.007,-0.038,-0.001
0.04,-0.247,0.747,1.0,-0.009,0.004,-0.018,-0.057,-0.043,0.279,0.007,-0.038,-0.001
0.041,-0.245,0.783,1.0,-0.01,0.003,-0.018,0.089,-0.025,0.244,-0.032,-0.043,0.0
0.041,-0.245,0.783,1.0,-0.01,0.003,-0.018,0.089,-0.025,0.244,-0.032,-0.043,0.0
0.035,-0.247,0.821,1.0,-0.01,0.003,-0.018,-0.013,0.098,0.14,-0.018,-0.024,-0.024
0.035,-0.247,0.821,1.0,-0.01,0.003,-0.018,-0.013,0.098,0.14,-0.018,-0.024,-0.024
0.028,-0.246,0.847,1.0,-0.01,0.004,-0.018,-0.116,0.046,0.345,-0.012,0.031,0.0
0.028,-0.246,0.856,1.0,-0.01,0.004,-0.018,0.001,-0.003,0.255,0.007,-0.019,0.011
0.028,-0.246,0.856,1.0,-0.01,0.004,-0.018,0.001,-0.003,0.255,0.007,-0.019,0.011
0.028,-0.248,0.86,1.0,-0.01,0.003,-0.018,-0.008,-0.044,0.133,-0.001,-0.041,-0.001
0.03,-0.249,0.877,1.0,-0.01,0.004,-0.018,0.081,-0.029,0.514,0.009,0.027,-0.01
0.027,-0.25,0.884,1.0,-0.009,0.004,-0.018,-0.094,-0.053,0.209,0.029,-0.02,0.012
0.026,-0.248,0.89,1.0,-0.008,0.003,-0.018,-0.045,0.086,0.185,0.054,-0.019,0.009
0.024,-0.25,0.935,1.0,-0.008,0.003,-0.018,0.191,-0.134,0.06,-0.023,-0.053,0.013
0.024,-0.25,0.935,1.0,-0.008,0.003,-0.018,0.191,-0.134,0.06,-0.023,-0.053,0.013
0.018,-0.249,0.949,1.0,-0.008,0.002,-0.018,-0.013,-0.037,0.087,0.001,0.014,-0.005
0.018,-0.249,0.949,1.0,-0.008,0.002,-0.018,-0.013,-0.037,0.087,0.001,0.014,-0.005
0.011,-0.249,0.949,1.0,-0.009,0.002,-0.018,-0.074,0.038,0.122,-0.048,-0.004,-0.016
0.011,-0.249,0.949,1.0,-0.009,0.002,-0.018,-0.074,0.038,0.122,-0.048,-0.004,-0.016
0.012,-0.252,0.952,1.0,-0.01,0.001,-0.018,0.023,-0.036,0.073,-0.032,-0.036,-0.001
0.009,-0.251,0.956,1.0,-0.01,0.001,-0.018,-0.092,0.056,0.112,-0.011,-0.011,-0.001
0.009,-0.251,0.956,1.0,-0.01,0.001,-0.018,-0.092,0.056,0.112,-0.011,-0.011,-0.001
-0.004,-0.243,0.961,1.0,-0.011,0.001,-0.019,-0.177,0.176,0.044,0.006,0.006,-0.021
-0.004,-0.243,0.961,1.0,-0.011,0.001,-0.019,-0.177,0.176,0.044,0.006,0.006,-0.021
-0.011,-0.244,0.974,1.0,-0.009,0.002,-0.018,-0.075,-0.028,0.154,0.032,0.038,-0.002
-0.011,-0.244,0.974,1.0,-0.009,0.002,-0.018,-0.075,-0.028,0.154,0.032,0.038,-0.002
-0.024,-0.235,0.972,1.0,-0.007,0.004,-0.018,-0.195,0.089,0.173,0.065,0.081,0.003
-0.024,-0.235,0.972,1.0,-0.007,0.004,-0.018,-0.195,0.089,0.173,0.065,0.081,0.003
-0.031,-0.231,0.973,1.0,-0.006,0.005,-0.018,-0.085,-0.05,0.013,0.032,0.051,0.009
-0.036,-0.229,0.974,1.0,-0.006,0.005,-0.019,-0.144,0.045,0.051,0.002,0.011,-0.005
-0.036,-0.229,0.974,1.0,-0.006,0.005,-0.019,-0.144,0.045,0.051,0.002,0.011,-0.005
-0.035,-0.232,0.972,1.0,-0.006,0.005,-0.018,0.004,-0.068,-0.068,-0.005,-0.013,0.02
-0.04,-0.23,0.974,1.0,-0.006,0.005,-0.018,-0.143,0.049,0.066,0.005,0.031,-0.009
-0.058,-0.227,0.982,1.0,-0.006,0.008,-0.018,-0.114,0.098,0.078,-0.015,0.043,-0.017
-0.058,-0.23,0.977,1.0,-0.006,0.007,-0.018,-0.001,-0.085,-0.163,0.0,-0.021,0.015
-0.058,-0.23,0.977,1.0,-0.006,0.007,-0.018,-0.001,-0.085,-0.163,0.0,-0.021,0.015
-0.064,-0.23,0.982,1.0,-0.007,0.008,-0.019,-0.113,-0.067,0.017,-0.021,0.021,0.003
-0.064,-0.23,0.982,1.0,-0.007,0.008,-0.019,-0.113,-0.067,0.017,-0.021,0.021,0.003
-0.064,-0.23,0.982,1.0,-0.007,0.008,-0.019,-0.113,-0.067,0.017,-0.021,0.021,0.003
-0.073,-0.228,0.985,1.0,-0.008,0.008,-0.019,-0.007,0.04,-0.033,-0.022,-0.013,-0.009
-0.073,-0.228,0.985,1.0,-0.008,0.008,-0.019,-0.007,0.04,-0.033,-0.022,-0.013,-0.009
-0.074,-0.227,0.987,1.0,-0.008,0.008,-0.019,-0.036,0.024,0.036,-0.02,-0.006,-0.011
-0.073,-0.226,0.984,1.0,-0.009,0.008,-0.019,0.047,0.039,-0.09,-0.027,-0.002,-0.007
-0.073,-0.226,0.984,1.0,-0.009,0.008,-0.019,0.047,0.039,-0.09,-0.027,-0.002,-0.007
-0.077,-0.226,0.988,1.0,-0.009,0.009,-0.019,-0.01,0.075,-0.041,-0.038,0.005,-0.007
-0.079,-0.226,0.992,1.0,-0.009,0.009,-0.019,-0.055,0.01,0.11,0.033,0.028,0.017
-0.079,-0.226,0.992,1.0,-0.009,0.009,-0.019,-0.055,0.01,0.11,0.033,0.028,0.017
-0.076,-0.228,0.988,1.0,-0.009,0.009,-0.019,0.087,-0.056,-0.129,0.008,-0.047,0.005
-0.079,-0.224,0.996,1.0,-0.008,0.009,-0.019,-0.03,0.077,0.132,0.011,0.0,-0.012
-0.079,-0.224,0.996,1.0,-0.008,0.009,-0.019,-0.03,0.077,0.132,0.011,0.0,-0.012
-0.076,-0.222,1.003,1.0,-0.007,0.008,-0.019,0.031,0.045,0.146,0.015,-0.01,-0.007
-0.075,-0.222,1.002,1.0,-0.007,0.008,-0.019,0.026,0.005,-0.025,0.004,-0.007,-0.006
-0.075,-0.222,1.002,1.0,-0.007,0.008,-0.019,0.026,0.005,-0.025,0.004,-0.007,-0.006
-0.073,-0.221,0.998,1.0,-0.007,0.007,-0.019,-0.064,0.063,0.022,-0.013,-0.007,-0.012
-0.074,-0.22,0.997,1.0,-0.007,0.007,-0.019,-0.204,0.083,0.219,0.019,0.064,-0.009
-0.074,-0.22,0.997,1.0,-0.007,0.007,-0.019,-0.204,0.083,0.219,0.019,0.064,-0.009
-0.07,-0.22,0.979,1.0,-0.006,0.006,-0.019,0.047,0.028,-0.256,0.016,-0.015,0.005
-0.07,-0.22,0.979,1.0,-0.006,0.006,-0.019,0.047,0.028,-0.256,0.016,-0.015,0.005
-0.071,-0.217,0.961,1.0,-0.006,0.006,-0.019,-0.085,0.023,-0.295,0.001,0.015,-0.004
-0.071,-0.215,0.954,1.0,-0.006,0.007,-0.019,-0.013,0.042,-0.229,0.014,0.045,0.005
-0.071,-0.215,0.954,1.0,-0.006,0.007,-0.019,-0.013,0.042,-0.229,0.014,0.045,0.005
-0.068,-0.219,0.924,1.0,-0.005,0.007,-0.019,0.086,0.024,-0.266,0.04,0.021,-0.008
-0.067,-0.217,0.911,1.0,-0.005,0.007,-0.019,0.033,0.041,-0.409,0.024,0.013,-0.02
-0.065,-0.215,0.891,1.0,-0.005,0.007,-0.019,0.025,0.071,-0.135,-0.007,0.023,-0.033
-0.065,-0.22,0.88,1.0,-0.005,0.007,-0.019,0.005,-0.174,-0.35,0.019,-0.026,0.043
-0.059,-0.217,0.857,1.0,-0.005,0.006,-0.019,0.169,0.053,-0.472,-0.019,-0.059,-0.027
-0.059,-0.217,0.857,1.0,-0.005,0.006,-0.019,0.169,0.053,-0.472,-0.019,-0.059,-0.027
-0.054,-0.223,0.846,1.0,-0.005,0.005,-0.019,0.195,-0.13,-0.18,-0.003,-0.028,0.017
-0.048,-0.226,0.832,1.0,-0.005,0.004,-0.019,0.181,-0.115,-0.285,0.001,-0.052,0.013
-0.048,-0.226,0.832,1.0,-0.005,0.004,-0.019,0.181,-0.115,-0.285,0.001,-0.052,0.013
-0.044,-0.23,0.824,1.0,-0.005,0.003,-0.019,0.08,-0.149,-0.123,0.016,-0.036,0.014
-0.038,-0.227,0.82,1.0,-0.005,0.003,-0.019,0.161,0.069,-0.106,0.001,-0.054,-0.031
-0.038,-0.227,0.82,1.0,-0.005,0.003,-0.019,0.161,0.069,-0.106,0.001,-0.054,-0.031
-0.036,-0.232,0.821,1.0,-0.006,0.002,-0.019,0.078,-0.122,0.023,-0.036,-0.046,0.018
-0.033,-0.235,0.821,1.0,-0.006,0.001,-0.019,0.085,-0.106,0.017,-0.049,-0.032,0.012
-0.03,-0.237,0.821,1.0,-0.008,0.001,-0.019,0.09,-0.052,-0.013,-0.071,-0.035,0.002
-0.021,-0.243,0.814,1.0,-0.009,-0.0,-0.019,0.096,-0.037,-0.023,-0.028,0.002,-0.012
-0.021,-0.243,0.814,1.0,-0.009,-0.0,-0.019,0.096,-0.037,-0.023,-0.028,0.002,-0.012
-0.016,-0.247,0.801,1.0,-0.01,-0.002,-0.019,-0.058,-0.005,-0.174,-0.022,-0.007,-0.013
-0.016,-0.247,0.801,1.0,-0.01,-0.002,-0.019,-0.058,-0.005,-0.174,-0.022,-0.007,-0.013
-0.016,-0.249,0.796,1.0,-0.01,-0.002,-0.019,0.024,-0.051,-0.151,0.001,-0.009,0.008
-0.014,-0.25,0.791,1.0,-0.01,-0.002,-0.019,0.049,-0.052,-0.152,0.004,-0.004,-0.001
-0.014,-0.249,0.784,1.0,-0.01,-0.002,-0.019,0.011,0.048,-0.204,-0.024,-0.023,-0.014
-0.017,-0.252,0.736,1.0,-0.01,-0.001,-0.019,0.094,0.031,-0.4,-0.001,-0.007,-0.015
-0.022,-0.251,0.729,1.0,-0.01,-0.001,-0.019,-0.141,0.034,-0.229,0.01,0.011,-0.007
-0.022,-0.251,0.729,1.0,-0.01,-0.001,-0.019,-0.141,0.034,-0.229,0.01,0.011,-0.007
-0.021,-0.255,0.714,1.0,-0.01,-0.001,-0.019,0.034,-0.098,-0.443,-0.006,-0.01,0.013
-0.024,-0.252,0.704,1.0,-0.01,-0.001,-0.019,-0.089,0.088,-0.297,-0.024,0.006,-0.027
-0.025,-0.257,0.68,1.0,-0.009,-0.001,-0.019,0.048,-0.054,-0.315,0.031,0.005,0.006
-0.03,-0.253,0.676,1.0,-0.009,0.0,-0.019,-0.151,0.106,-0.124,0.015,0.061,-0.009
-0.03,-0.253,0.676,1.0,-0.009,0.0,-0.019,-0.151,0.106,-0.124,0.015,0.061,-0.009
-0.032,-0.253,0.647,1.0,-0.008,0.001,-0.019,-0.007,0.017,-0.327,0.025,-0.003,-0.013
-0.034,-0.252,0.643,1.0,-0.008,0.001,-0.019,-0.066,0.021,-0.123,-0.01,0.008,-0.014
-0.034,-0.252,0.643,1.0,-0.008,0.001,-0.019,-0.066,0.021,-0.123,-0.01,0.008,-0.014
-0.037,-0.253,0.641,1.0,-0.008,0.002,-0.019,-0.109,-0.027,-0.079,-0.0,0.045,0.017
-0.039,-0.252,0.634,1.0,-0.009,0.003,-0.019,-0.057,0.024,-0.207,-0.02,0.03,0.001
-0.041,-0.25,0.611,1.0,-0.008,0.003,-0.019,-0.001,0.076,-0.18,0.007,-0.008,-0.005
-0.044,-0.249,0.61,1.0,-0.008,0.004,-0.019,-0.108,0.018,-0.04,0.005,0.066,-0.011
-0.044,-0.249,0.61,1.0,-0.008,0.004,-0.019,-0.108,0.018,-0.04,0.005,0.066,-0.011
-0.045,-0.25,0.593,1.0,-0.008,0.004,-0.019,0.018,0.145,-0.334,-0.021,0.009,-0.025
-0.04,-0.25,0.579,1.0,-0.008,0.003,-0.019,0.178,-0.004,-0.436,-0.008,-0.061,0.013
-0.044,-0.247,0.581,1.0,-0.007,0.004,-0.019,-0.118,0.087,0.051,0.035,0.036,-0.024
-0.048,-0.249,0.571,1.0,-0.008,0.004,-0.019,-0.129,-0.052,-0.278,-0.028,-0.009,0.004
-0.05,-0.249,0.568,1.0,-0.008,0.004,-0.019,-0.075,-0.008,-0.108,0.016,0.046,0.013
-0.049,-0.25,0.56,1.0,-0.008,0.005,-0.019,0.045,-0.016,-0.226,-0.02,0.019,0.0
-0.049,-0.248,0.55,1.0,-0.008,0.005,-0.019,0.005,0.061,-0.292,0.021,-0.003,-0.028
-0.047,-0.25,0.544,1.0,-0.007,0.005,-0.019,0.04,-0.087,-0.188,0.046,0.003,0.022
-0.05,-0.25,0.536,1.0,-0.006,0.004,-0.019,-0.075,0.006,-0.239,0.043,-0.009,0.007
-0.049,-0.249,0.529,1.0,-0.006,0.004,-0.019,0.022,0.044,-0.212,0.016,-0.028,0.001
-0.044,-0.251,0.489,1.0,-0.007,0.005,-0.019,0.167,0.029,-0.337,-0.017,-0.013,-0.025
-0.042,-0.248,0.482,1.0,-0.006,0.005,-0.019,0.076,0.09,-0.217,0.018,0.001,-0.022
-0.031,-0.255,0.461,1.0,-0.007,0.004,-0.019,0.169,-0.102,-0.263,-0.041,-0.025,0.01
-0.03,-0.253,0.458,1.0,-0.007,0.004,-0.019,0.041,0.064,-0.09,-0.021,-0.005,-0.016
-0.028,-0.255,0.454,1.0,-0.008,0.004,-0.019,0.054,-0.065,-0.122,-0.01,-0.02,0.008
-0.026,-0.253,0.449,1.0,-0.008,0.004,-0.019,0.062,0.042,-0.157,-0.004,0.026,-0.0
-0.025,-0.255,0.447,1.0,-0.008,0.004,-0.019,0.035,-0.038,-0.071,-0.001,-0.003,-0.002
-0.022,-0.256,0.446,1.0,-0.008,0.004,-0.019,0.08,-0.041,-0.029,0.009,-0.025,0.003
0.001,-0.258,0.45,1.0,-0.008,0.001,-0.019,0.169,-0.114,0.023,-0.027,-0.034,0.018
0.004,-0.257,0.455,1.0,-0.008,-0.0,-0.019,0.1,0.036,0.138,0.004,-0.032,-0.002
0.018,-0.26,0.461,1.0,-0.009,-0.002,-0.019,0.218,-0.112,-0.1,-0.025,-0.075,0.019
0.018,-0.26,0.461,1.0,-0.009,-0.002,-0.019,0.218,-0.112,-0.1,-0.025,-0.075,0.019
0.023,-0.263,0.47,1.0,-0.01,-0.001,-0.019,0.153,-0.037,0.036,-0.027,-0.029,0.014
0.024,-0.263,0.474,1.0,-0.011,-0.002,-0.019,0.029,-0.014,0.126,-0.039,-0.019,-0.0
0.024,-0.263,0.474,1.0,-0.011,-0.002,-0.019,0.029,-0.014,0.126,-0.039,-0.019,-0.0
0.031,-0.263,0.473,1.0,-0.011,-0.003,-0.019,0.109,0.004,-0.023,-0.03,-0.022,-0.01
0.031,-0.263,0.473,1.0,-0.011,-0.003,-0.019,0.109,0.004,-0.023,-0.03,-0.022,-0.01
0.037,-0.264,0.472,1.0,-0.012,-0.004,-0.019,0.074,0.061,-0.034,-0.019,-0.053,-0.021
0.038,-0.264,0.472,1.0,-0.012,-0.004,-0.019,0.032,-0.026,-0.011,0.011,-0.017,0.005
0.038,-0.264,0.472,1.0,-0.012,-0.004,-0.019,0.032,-0.026,-0.011,0.011,-0.017,0.005
0.041,-0.263,0.464,1.0,-0.011,-0.005,-0.019,0.031,0.055,-0.026,0.032,0.006,-0.008
0.041,-0.26,0.461,1.0,-0.011,-0.004,-0.019,0.013,0.094,-0.062,0.025,0.036,-0.012
0.041,-0.26,0.461,1.0,-0.011,-0.004,-0.019,0.013,0.094,-0.062,0.025,0.036,-0.012
0.043,-0.257,0.455,1.0,-0.01,-0.004,-0.019,0.096,0.131,-0.117,0.02,-0.017,-0.014
0.043,-0.257,0.451,1.0,-0.01,-0.004,-0.019,-0.012,-0.019,-0.101,0.013,0.01,0.011
0.043,-0.258,0.446,1.0,-0.01,-0.004,-0.019,0.009,-0.02,-0.163,0.011,-0.003,0.003
0.04,-0.254,0.434,1.0,-0.008,-0.003,-0.019,-0.046,0.035,-0.082,0.035,0.023,-0.008
0.042,-0.254,0.43,1.0,-0.007,-0.004,-0.019,0.067,0.005,-0.108,0.048,-0.023,0.008
0.042,-0.254,0.43,1.0,-0.007,-0.004,-0.019,0.067,0.005,-0.108,0.048,-0.023,0.008
0.037,-0.249,0.425,1.0,-0.006,-0.003,-0.019,0.004,0.059,-0.156,-0.009,0.016,-0.008
0.037,-0.249,0.425,1.0,-0.006,-0.003,-0.019,0.004,0.059,-0.156,-0.009,0.016,-0.008
0.036,-0.25,0.425,1.0,-0.007,-0.003,-0.019,0.002,-0.005,0.003,-0.01,0.008,0.0
0.036,-0.25,0.425,1.0,-0.007,-0.003,-0.019,0.002,-0.005,0.003,-0.01,0.008,0.0
0.038,-0.252,0.424,1.0,-0.007,-0.003,-0.019,0.042,-0.023,-0.035,0.003,-0.017,-0.004
0.038,-0.252,0.424,1.0,-0.007,-0.003,-0.019,0.042,-0.023,-0.035,0.003,-0.017,-0.004
0.039,-0.252,0.426,1.0,-0.007,-0.004,-0.019,0.042,-0.005,0.045,0.021,-0.014,0.0
0.039,-0.252,0.426,1.0,-0.007,-0.004,-0.019,0.042,-0.005,0.045,0.021,-0.014,0.0
0.023,-0.248,0.453,1.0,-0.007,-0.001,-0.019,0.017,-0.023,0.174,0.013,0.001,0.01
0.022,-0.249,0.461,1.0,-0.007,-0.001,-0.019,-0.042,-0.032,0.269,-0.04,0.016,-0.015
0.02,-0.246,0.467,1.0,-0.007,-0.001,-0.019,-0.06,0.071,0.176,0.026,-0.001,-0.019
0.017,-0.248,0.477,1.0,-0.007,-0.001,-0.019,-0.087,-0.056,0.274,-0.021,0.038,0.006
0.016,-0.251,0.488,1.0,-0.008,-0.0,-0.019,-0.023,0.013,0.209,-0.036,0.029,-0.009
0.012,-0.252,0.5,1.0,-0.009,-0.001,-0.019,-0.099,0.012,0.17,-0.029,-0.011,0.004
0.012,-0.252,0.5,1.0,-0.009,-0.001,-0.019,-0.099,0.012,0.17,-0.029,-0.011,0.004
0.009,-0.253,0.508,1.0,-0.009,-0.0,-0.019,-0.016,-0.006,0.121,0.011,0.01,0.0
0.006,-0.25,0.513,1.0,-0.009,0.0,-0.019,-0.09,0.082,0.142,-0.003,0.031,-0.023
0.006,-0.25,0.513,1.0,-0.009,0.0,-0.019,-0.09,0.082,0.142,-0.003,0.031,-0.023
-0.001,-0.253,0.517,1.0,-0.008,0.001,-0.019,-0.151,-0.052,0.105,0.019,0.044,0.008
-0.002,-0.255,0.518,1.0,-0.008,0.001,-0.019,-0.025,-0.038,0.033,0.018,0.044,0.004
-0.002,-0.255,0.518,1.0,-0.008,0.001,-0.019,-0.025,-0.038,0.033,0.018,0.044,0.004
-0.009,-0.254,0.523,1.0,-0.007,0.003,-0.019,-0.062,0.025,-0.001,0.019,0.02,0.01
-0.01,-0.255,0.524,1.0,-0.006,0.003,-0.019,-0.042,-0.024,0.044,0.069,0.007,0.016
-0.01,-0.255,0.524,1.0,-0.006,0.003,-0.019,-0.042,-0.024,0.044,0.069,0.007,0.016
-0.015,-0.257,0.531,1.0,-0.007,0.004,-0.019,-0.053,-0.061,0.071,-0.028,-0.0,0.004
-0.015,-0.257,0.531,1.0,-0.007,0.004,-0.019,-0.053,-0.061,0.071,-0.028,-0.0,0.004
-0.019,-0.259,0.539,1.0,-0.008,0.005,-0.019,-0.08,-0.025,0.094,-0.017,0.008,0.002
-0.021,-0.26,0.547,1.0,-0.008,0.005,-0.019,-0.055,-0.021,0.225,-0.019,0.027,0.002
-0.017,-0.264,0.547,1.0,-0.009,0.004,-0.019,0.136,-0.132,0.004,-0.028,-0.045,-0.0
-0.02,-0.265,0.552,1.0,-0.009,0.004,-0.019,-0.09,-0.01,0.151,-0.038,0.009,-0.0
-0.018,-0.265,0.559,1.0,-0.009,0.004,-0.019,0.044,-0.019,0.198,-0.016,0.0,0.021
-0.016,-0.265,0.561,1.0,-0.01,0.004,-0.019,0.074,0.021,0.071,-0.043,-0.018,-0.009
-0.02,-0.269,0.599,1.0,-0.01,0.005,-0.019,0.121,-0.002,0.184,-0.011,-0.03,0.003
-0.022,-0.27,0.61,1.0,-0.01,0.005,-0.019,-0.055,-0.033,0.323,-0.012,0.011,0.007
-0.022,-0.27,0.61,1.0,-0.01,0.005,-0.019,-0.055,-0.033,0.323,-0.012,0.011,0.007
-0.021,-0.269,0.628,1.0,-0.011,0.004,-0.019,-0.076,0.013,0.247,-0.019,-0.016,0.005
-0.022,-0.267,0.64,1.0,-0.011,0.004,-0.019,-0.027,0.066,0.389,0.025,0.006,-0.018
-0.015,-0.265,0.664,1.0,-0.01,0.004,-0.019,0.046,-0.006,0.483,0.008,0.017,0.009
-0.015,-0.262,0.677,1.0,-0.01,0.004,-0.019,0.014,0.116,0.379,-0.019,0.007,-0.018
-0.015,-0.262,0.677,1.0,-0.01,0.004,-0.019,0.014,0.116,0.379,-0.019,0.007,-0.018
-0.016,-0.26,0.683,1.0,-0.01,0.004,-0.019,-0.041,0.056,0.19,-0.0,-0.012,-0.01
-0.015,-0.26,0.683,1.0,-0.01,0.004,-0.019,0.017,-0.024,0.132,0.024,0.011,0.011
-0.015,-0.26,0.683,1.0,-0.01,0.004,-0.019,0.017,-0.024,0.132,0.024,0.011,0.011
-0.013,-0.258,0.689,1.0,-0.01,0.004,-0.019,0.038,0.063,0.164,0.018,0.007,0.004
-0.015,-0.259,0.699,1.0,-0.009,0.004,-0.019,-0.043,-0.023,0.298,0.033,0.005,0.0
-0.012,-0.254,0.7,1.0,-0.007,0.003,-0.019,-0.037,0.021,0.071,0.051,0.026,0.004
-0.009,-0.255,0.698,1.0,-0.007,0.003,-0.019,0.112,-0.024,-0.058,0.002,-0.006,-0.007
-0.009,-0.255,0.698,1.0,-0.007,0.003,-0.019,0.112,-0.024,-0.058,0.002,-0.006,-0.007
-0.01,-0.251,0.705,1.0,-0.007,0.004,-0.02,-0.022,0.098,0.034,0.007,-0.001,-0.022
-0.009,-0.251,0.708,1.0,-0.007,0.003,-0.02,0.029,0.025,0.097,-0.006,-0.014,-0.008
-0.009,-0.251,0.708,1.0,-0.007,0.003,-0.02,0.029,0.025,0.097,-0.006,-0.014,-0.008
-0.009,-0.255,0.717,1.0,-0.008,0.004,-0.02,0.088,-0.043,0.178,-0.008,0.024,0.001
-0.008,-0.255,0.718,1.0,-0.008,0.003,-0.02,0.043,-0.0,0.029,-0.015,-0.061,-0.015
-0.008,-0.255,0.718,1.0,-0.008,0.003,-0.02,0.043,-0.0,0.029,-0.015,-0.061,-0.015
-0.003,-0.254,0.723,1.0,-0.008,0.003,-0.02,0.14,0.045,0.144,0.017,-0.023,0.009
-0.003,-0.249,0.74,1.0,-0.008,0.003,-0.02,0.067,0.084,0.205,0.012,-0.023,-0.007
-0.003,-0.249,0.74,1.0,-0.008,0.003,-0.02,0.067,0.084,0.205,0.012,-0.023,-0.007
-0.004,-0.252,0.755,1.0,-0.008,0.003,-0.02,-0.038,-0.065,0.457,0.014,0.015,0.008
-0.001,-0.252,0.775,1.0,-0.007,0.003,-0.02,0.055,0.017,0.409,0.015,-0.003,-0.004
-0.001,-0.252,0.775,1.0,-0.007,0.003,-0.02,0.055,0.017,0.409,0.015,-0.003,-0.004
0.002,-0.254,0.777,1.0,-0.007,0.002,-0.02,0.078,-0.033,0.068,0.013,-0.064,0.002
0.002,-0.253,0.79,1.0,-0.007,0.002,-0.02,-0.0,0.006,0.39,-0.004,-0.002,0.003
0.002,-0.253,0.79,1.0,-0.007,0.002,-0.02,-0.0,0.006,0.39,-0.004,-0.002,0.003
0.003,-0.257,0.823,1.0,-0.008,0.001,-0.019,0.018,-0.104,0.2,-0.01,-0.029,0.026
0.005,-0.253,0.83,1.0,-0.008,0.001,-0.02,0.066,0.11,0.192,-0.018,-0.013,-0.034
0.005,-0.253,0.83,1.0,-0.008,0.001,-0.02,0.066,0.11,0.192,-0.018,-0.013,-0.034
0.004,-0.253,0.857,1.0,-0.008,0.002,-0.02,0.059,-0.043,0.157,0.001,0.003,0.006
0.004,-0.253,0.857,1.0,-0.008,0.002,-0.02,0.059,-0.043,0.157,0.001,0.003,0.006
0.004,-0.253,0.855,1.0,-0.009,0.002,-0.02,-0.02,0.021,-0.055,-0.026,-0.013,0.0
-0.001,-0.251,0.89,1.0,-0.007,0.002,-0.02,-0.064,0.098,0.402,0.029,0.016,-0.024
-0.001,-0.251,0.89,1.0,-0.007,0.002,-0.02,-0.064,0.098,0.402,0.029,0.016,-0.024
0.002,-0.253,0.913,1.0,-0.007,0.002,-0.02,0.14,0.019,0.226,-0.002,-0.045,-0.013
0.002,-0.253,0.913,1.0,-0.007,0.002,-0.02,0.14,0.019,0.226,-0.002,-0.045,-0.013
-0.005,-0.253,0.937,1.0,-0.007,0.002,-0.02,-0.092,-0.001,0.361,0.024,0.032,0.005
-0.005,-0.253,0.937,1.0,-0.007,0.002,-0.02,-0.092,-0.001,0.361,0.024,0.032,0.005
-0.005,-0.256,0.955,1.0,-0.007,0.002,-0.02,0.043,0.037,0.106,0.014,-0.012,0.001
-0.005,-0.256,0.955,1.0,-0.007,0.002,-0.02,0.043,0.037,0.106,0.014,-0.012,0.001
-0.012,-0.253,0.964,1.0,-0.007,0.002,-0.02,-0.107,0.062,0.103,0.005,-0.007,-0.017
-0.012,-0.255,0.959,1.0,-0.008,0.001,-0.02,-0.002,-0.059,-0.139,-0.028,-0.016,0.006
-0.012,-0.255,0.959,1.0,-0.008,0.001,-0.02,-0.002,-0.059,-0.139,-0.028,-0.016,0.006
-0.018,-0.257,0.965,1.0,-0.008,0.002,-0.02,-0.096,-0.026,-0.005,-0.001,0.003,-0.003
-0.021,-0.257,0.968,1.0,-0.008,0.002,-0.02,-0.083,-0.011,0.1,0.016,0.002,-0.001
-0.021,-0.257,0.968,1.0,-0.008,0.002,-0.02,-0.083,-0.011,0.1,0.016,0.002,-0.001
-0.025,-0.258,0.964,1.0,-0.008,0.003,-0.02,-0.056,0.036,-0.126,-0.001,-0.001,-0.012
-0.032,-0.263,0.971,1.0,-0.007,0.003,-0.02,-0.214,-0.165,0.205,0.013,0.052,0.024
-0.032,-0.263,0.971,1.0,-0.007,0.003,-0.02,-0.214,-0.165,0.205,0.013,0.052,0.024
-0.035,-0.264,0.973,1.0,-0.008,0.004,-0.02,-0.074,-0.003,0.017,-0.026,0.004,-0.003
-0.04,-0.268,0.978,1.0,-0.008,0.004,-0.02,-0.137,-0.106,0.167,-0.012,0.046,0.017
-0.04,-0.268,0.978,1.0,-0.008,0.004,-0.02,-0.137,-0.106,0.167,-0.012,0.046,0.017
-0.044,-0.266,0.983,1.0,-0.008,0.005,-0.02,-0.117,0.048,0.147,-0.02,0.021,-0.024
-0.049,-0.269,0.989,1.0,-0.008,0.005,-0.02,-0.158,-0.077,0.17,0.004,0.011,0.015
-0.049,-0.27,0.985,1.0,-0.009,0.005,-0.02,0.009,-0.034,-0.112,-0.042,0.006,-0.004
-0.055,-0.275,0.992,1.0,-0.01,0.006,-0.019,-0.194,-0.138,0.197,-0.062,0.079,0.017
-0.055,-0.276,0.995,1.0,-0.01,0.007,-0.019,0.012,-0.049,0.1,-0.028,0.019,0.015
-0.06,-0.279,0.998,1.0,-0.011,0.007,-0.019,-0.162,-0.09,0.091,-0.047,0.009,0.001
-0.066,-0.279,1.002,1.0,-0.012,0.008,-0.019,-0.198,-0.047,0.291,-0.009,0.067,0.002
-0.066,-0.279,1.0,1.0,-0.012,0.008,-0.019,0.004,0.01,-0.059,0.009,-0.007,0.008
-0.069,-0.279,1.003,1.0,-0.012,0.008,-0.019,-0.09,0.007,0.074,0.023,0.008,-0.001
-0.086,-0.277,1.019,1.0,-0.013,0.009,-0.019,-0.109,0.048,0.194,-0.027,0.043,-0.004
-0.086,-0.277,1.019,1.0,-0.013,0.009,-0.019,-0.109,0.048,0.194,-0.027,0.043,-0.004
-0.088,-0.278,1.022,1.0,-0.013,0.009,-0.019,-0.035,-0.032,0.109,-0.016,-0.009,0.009
-0.089,-0.275,1.019,1.0,-0.013,0.009,-0.019,0.077,0.103,-0.069,-0.018,0.002,-0.012
-0.089,-0.275,1.019,1.0,-0.013,0.009,-0.019,0.077,0.103,-0.069,-0.018,0.002,-0.012
-0.093,-0.271,1.022,1.0,-0.012,0.01,-0.019,0.011,0.082,-0.011,0.025,0.003,0.009
-0.093,-0.271,1.022,1.0,-0.012,0.01,-0.019,0.011,0.082,-0.011,0.025,0.003,0.009
-0.096,-0.266,1.024,1.0,-0.012,0.01,-0.02,-0.097,0.136,0.05,0.02,0.022,-0.023
-0.095,-0.255,1.02,1.0,-0.009,0.009,-0.02,-0.02,0.144,0.08,0.0,0.011,-0.02
-0.093,-0.251,1.017,1.0,-0.008,0.008,-0.02,0.058,0.111,-0.068,0.054,-0.048,-0.012
-0.093,-0.251,1.017,1.0,-0.008,0.008,-0.02,0.058,0.111,-0.068,0.054,-0.048,-0.012
-0.091,-0.245,1.014,1.0,-0.006,0.007,-0.02,0.056,0.009,-0.05,0.046,-0.016,0.018
-0.091,-0.245,1.014,1.0,-0.006,0.007,-0.02,0.056,0.009,-0.05,0.046,-0.016,0.018
-0.094,-0.239,1.006,1.0,-0.005,0.007,-0.02,-0.059,-0.078,0.013,0.033,0.026,0.031
-0.094,-0.239,1.006,1.0,-0.005,0.007,-0.02,-0.059,-0.078,0.013,0.033,0.026,0.031
-0.095,-0.233,1.005,1.0,-0.005,0.007,-0.02,-0.031,0.188,-0.003,0.019,0.002,-0.034
-0.094,-0.234,1.005,1.0,-0.005,0.007,-0.02,0.024,-0.035,0.0,0.016,0.009,0.009
-0.095,-0.233,1.004,1.0,-0.005,0.007,-0.02,-0.028,0.043,-0.044,-0.012,-0.008,-0.015
-0.096,-0.232,1.003,1.0,-0.005,0.007,-0.02,-0.004,0.028,-0.034,-0.014,0.008,-0.003
-0.096,-0.232,1.003,1.0,-0.005,0.007,-0.02,-0.025,-0.001,0.005,-0.016,0.002,0.009
-0.091,-0.228,0.978,1.0,-0.007,0.005,-0.02,0.178,0.118,-0.785,-0.08,-0.106,-0.012
-0.092,-0.229,0.975,1.0,-0.007,0.006,-0.02,-0.04,-0.025,-0.086,-0.019,0.024,-0.001
-0.091,-0.231,0.966,1.0,-0.008,0.005,-0.02,0.024,-0.05,-0.249,-0.046,-0.018,-0.003
-0.092,-0.229,0.964,1.0,-0.008,0.006,-0.02,-0.013,0.04,-0.055,0.007,0.016,0.012
-0.096,-0.229,0.958,1.0,-0.007,0.006,-0.02,-0.128,0.021,-0.182,0.013,0.005,0.012
-0.097,-0.229,0.945,1.0,-0.008,0.006,-0.02,-0.028,-0.012,-0.24,-0.009,-0.009,-0.002
-0.094,-0.229,0.937,1.0,-0.008,0.005,-0.02,0.085,-0.0,-0.245,0.001,-0.019,-0.005
-0.095,-0.23,0.928,1.0,-0.008,0.005,-0.02,-0.025,-0.041,-0.278,0.009,-0.02,0.005
-0.094,-0.228,0.912,1.0,-0.008,0.005,-0.02,0.043,0.021,-0.254,-0.008,-0.006,0.001
-0.097,-0.229,0.906,1.0,-0.008,0.005,-0.02,-0.095,-0.036,-0.195,-0.009,0.039,0.0
-0.095,-0.227,0.877,1.0,-0.007,0.004,-0.02,0.235,0.081,-0.367,0.002,-0.072,-0.014
-0.099,-0.226,0.822,1.0,-0.007,0.004,-0.02,0.019,0.049,-0.23,-0.002,-0.018,-0.013
-0.099,-0.226,0.822,1.0,-0.007,0.004,-0.02,0.019,0.049,-0.23,-0.002,-0.018,-0.013
-0.1,-0.23,0.814,1.0,-0.008,0.005,-0.02,-0.04,-0.029,-0.11,-0.016,0.022,-0.012
-0.101,-0.231,0.811,1.0,-0.007,0.005,-0.02,-0.02,-0.053,-0.096,0.013,0.023,0.006
-0.101,-0.233,0.804,1.0,-0.008,0.005,-0.02,-0.004,-0.035,-0.204,-0.016,-0.019,0.01
-0.099,-0.231,0.802,1.0,-0.007,0.005,-0.02,0.046,0.061,-0.056,0.016,-0.022,-0.02
-0.101,-0.231,0.803,1.0,-0.007,0.004,-0.02,-0.048,-0.016,0.036,0.036,-0.02,-0.001
-0.098,-0.232,0.8,1.0,-0.007,0.004,-0.02,0.078,-0.023,-0.1,0.01,-0.039,0.007
-0.103,-0.231,0.798,1.0,-0.007,0.004,-0.02,-0.056,-0.032,-0.042,-0.013,0.019,0.004
-0.101,-0.236,0.795,1.0,-0.007,0.004,-0.02,0.056,-0.165,-0.083,-0.003,-0.027,0.014
-0.101,-0.235,0.794,1.0,-0.008,0.004,-0.02,0.0,-0.039,-0.001,-0.019,0.005,0.008
-0.101,-0.237,0.795,1.0,-0.007,0.005,-0.02,0.002,-0.064,0.033,0.011,0.041,0.013
-0.104,-0.239,0.791,1.0,-0.008,0.005,-0.02,-0.059,0.025,-0.045,-0.005,-0.001,-0.019
-0.104,-0.239,0.791,1.0,-0.008,0.005,-0.02,-0.059,0.025,-0.045,-0.005,-0.001,-0.019
-0.096,-0.247,0.763,1.0,-0.01,0.004,-0.02,-0.033,-0.009,-0.075,-0.014,0.031,0.01
-0.096,-0.247,0.763,1.0,-0.01,0.004,-0.02,-0.033,-0.009,-0.075,-0.014,0.031,0.01
-0.097,-0.253,0.745,1.0,-0.01,0.005,-0.019,-0.05,-0.046,-0.15,-0.003,0.026,0.004
-0.097,-0.253,0.745,1.0,-0.01,0.005,-0.019,-0.05,-0.046,-0.15,-0.003,0.026,0.004
-0.097,-0.253,0.745,1.0,-0.01,0.005,-0.019,-0.05,-0.046,-0.15,-0.003,0.026,0.004
-0.1,-0.251,0.718,1.0,-0.01,0.005,-0.02,-0.004,0.056,-0.258,-0.008,0.01,-0.026
-0.1,-0.251,0.718,1.0,-0.01,0.005,-0.02,-0.004,0.056,-0.258,-0.008,0.01,-0.026
-0.099,-0.248,0.704,1.0,-0.01,0.005,-0.02,0.016,0.076,-0.412,0.001,-0.02,-0.026
-0.101,-0.252,0.697,1.0,-0.01,0.006,-0.02,-0.055,-0.125,-0.227,0.043,0.04,0.021
-0.101,-0.251,0.688,1.0,-0.01,0.006,-0.02,-0.012,0.032,-0.267,0.005,0.028,0.001
-0.098,-0.248,0.674,1.0,-0.01,0.006,-0.02,0.086,0.079,-0.399,-0.028,-0.016,-0.017
-0.094,-0.246,0.629,1.0,-0.008,0.006,-0.02,0.092,0.13,-0.416,0.037,-0.014,-0.009
-0.094,-0.246,0.629,1.0,-0.008,0.006,-0.02,0.092,0.13,-0.416,0.037,-0.014,-0.009
-0.094,-0.246,0.629,1.0,-0.008,0.006,-0.02,0.092,0.13,-0.416,0.037,-0.014,-0.009
-0.09,-0.247,0.621,1.0,-0.007,0.006,-0.02,0.128,-0.032,-0.242,0.044,-0.006,0.008
-0.083,-0.247,0.607,1.0,-0.007,0.005,-0.02,0.205,0.023,-0.359,0.013,-0.048,0.011
-0.083,-0.247,0.607,1.0,-0.007,0.005,-0.02,0.205,0.023,-0.359,0.013,-0.048,0.011
-0.078,-0.246,0.604,1.0,-0.005,0.004,-0.021,0.05,0.077,-0.004,0.025,-0.038,-0.016
-0.071,-0.244,0.602,1.0,-0.005,0.003,-0.021,0.214,0.067,-0.059,0.038,-0.046,-0.02
-0.071,-0.244,0.602,1.0,-0.005,0.003,-0.021,0.214,0.067,-0.059,0.038,-0.046,-0.02
-0.074,-0.244,0.609,1.0,-0.006,0.004,-0.021,-0.112,-0.011,0.236,-0.052,0.009,-0.005
-0.064,-0.249,0.61,1.0,-0.006,0.002,-0.021,0.052,-0.104,0.105,0.008,-0.021,0.028
-0.064,-0.249,0.61,1.0,-0.006,0.002,-0.021,0.052,-0.104,0.105,0.008,-0.021,0.028
-0.058,-0.249,0.61,1.0,-0.006,0.002,-0.021,0.168,0.009,-0.013,-0.013,-0.04,-0.016
-0.058,-0.252,0.613,1.0,-0.006,0.001,-0.021,0.027,-0.084,0.081,0.014,-0.02,0.011
-0.058,-0.251,0.616,1.0,-0.006,0.001,-0.021,-0.021,0.011,0.1,-0.029,-0.009,0.001
-0.051,-0.254,0.602,1.0,-0.007,0.0,-0.021,-0.085,-0.108,-0.061,-0.031,0.031,0.019
-0.051,-0.254,0.602,1.0,-0.007,0.0,-0.021,-0.085,-0.108,-0.061,-0.031,0.031,0.019
-0.044,-0.263,0.568,1.0,-0.008,0.0,-0.02,0.131,-0.112,-0.274,-0.015,-0.024,0.021
-0.044,-0.263,0.568,1.0,-0.008,0.0,-0.02,0.131,-0.112,-0.274,-0.015,-0.024,0.021
-0.045,-0.268,0.547,1.0,-0.009,0.001,-0.02,-0.103,-0.066,-0.214,-0.014,0.052,0.008
-0.045,-0.268,0.547,1.0,-0.009,0.001,-0.02,-0.103,-0.066,-0.214,-0.014,0.052,0.008
-0.04,-0.271,0.516,1.0,-0.009,0.001,-0.02,0.015,-0.114,-0.374,-0.002,0.038,0.011
-0.039,-0.275,0.505,1.0,-0.01,0.001,-0.02,0.032,-0.113,-0.331,-0.018,0.018,0.004
-0.039,-0.275,0.505,1.0,-0.01,0.001,-0.02,0.032,-0.113,-0.331,-0.018,0.018,0.004
-0.036,-0.276,0.494,1.0,-0.01,0.001,-0.02,0.089,-0.038,-0.32,-0.043,-0.01,-0.015
-0.037,-0.279,0.483,1.0,-0.011,0.002,-0.02,0.005,-0.078,-0.232,-0.039,-0.001,0.009
-0.037,-0.279,0.483,1.0,-0.011,0.002,-0.02,0.005,-0.078,-0.232,-0.039,-0.001,0.009
-0.028,-0.282,0.46,1.0,-0.012,0.003,-0.021,0.161,0.015,-0.222,-0.015,-0.003,-0.024
-0.028,-0.282,0.46,1.0,-0.012,0.003,-0.021,0.161,0.015,-0.222,-0.015,-0.003,-0.024
-0.026,-0.283,0.454,1.0,-0.012,0.002,-0.02,0.045,-0.036,-0.16,-0.014,-0.039,0.01
-0.021,-0.291,0.448,1.0,-0.012,0.002,-0.02,-0.063,-0.078,0.045,-0.005,0.017,0.017
-0.02,-0.288,0.453,1.0,-0.012,0.002,-0.02,0.025,0.086,0.151,-0.013,-0.002,-0.025
-0.02,-0.288,0.453,1.0,-0.012,0.002,-0.02,0.025,0.086,0.151,-0.013,-0.002,-0.025
-0.013,-0.289,0.452,1.0,-0.012,0.001,-0.02,0.203,-0.014,-0.025,0.016,-0.052,0.011
-0.006,-0.292,0.458,1.0,-0.012,-0.0,-0.02,0.118,-0.098,0.104,0.018,-0.063,0.016
-0.006,-0.292,0.463,1.0,-0.011,-0.0,-0.02,0.003,0.013,0.152,0.016,-0.002,-0.002
-0.001,-0.293,0.463,1.0,-0.011,-0.001,-0.02,0.144,-0.034,-0.006,0.007,-0.031,0.011
-0.0,-0.291,0.466,1.0,-0.011,-0.001,-0.02,0.03,0.066,0.1,0.006,0.003,-0.012
0.008,-0.29,0.466,1.0,-0.011,-0.001,-0.02,0.254,0.025,-0.019,0.004,-0.0,-0.02
0.004,-0.286,0.467,1.0,-0.01,-0.001,-0.02,-0.097,0.115,0.031,0.04,-0.014,0.007
0.007,-0.29,0.466,1.0,-0.011,-0.002,-0.02,0.087,-0.122,-0.037,-0.01,-0.044,0.019
0.008,-0.29,0.466,1.0,-0.011,-0.002,-0.02,0.01,0.004,-0.038,0.02,-0.01,0.007
0.008,-0.29,0.466,1.0,-0.011,-0.002,-0.02,0.01,0.004,-0.038,0.02,-0.01,0.007
0.008,-0.29,0.466,1.0,-0.011,-0.002,-0.02,0.01,0.004,-0.038,0.02,-0.01,0.007
0.015,-0.286,0.459,1.0,-0.011,-0.002,-0.02,0.107,0.082,-0.15,0.014,-0.007,-0.008
0.016,-0.289,0.458,1.0,-0.01,-0.002,-0.02,0.006,-0.029,-0.106,-0.003,-0.023,0.01
0.016,-0.289,0.458,1.0,-0.01,-0.002,-0.02,0.006,-0.029,-0.106,-0.003,-0.023,0.01
0.02,-0.285,0.455,1.0,-0.011,-0.001,-0.02,0.119,0.129,-0.078,-0.022,0.007,-0.036
0.02,-0.287,0.452,1.0,-0.01,-0.001,-0.02,0.157,-0.058,-0.065,0.019,-0.033,0.017
0.021,-0.287,0.454,1.0,-0.01,-0.001,-0.02,0.041,-0.004,0.055,0.003,0.018,-0.014
0.022,-0.286,0.459,1.0,-0.01,-0.001,-0.021,0.033,0.101,0.086,0.025,0.005,-0.025
0.022,-0.286,0.459,1.0,-0.01,-0.001,-0.021,0.033,0.101,0.086,0.025,0.005,-0.025
0.029,-0.288,0.477,1.0,-0.009,-0.001,-0.02,0.029,-0.067,0.231,0.013,-0.005,0.021
0.029,-0.288,0.477,1.0,-0.009,-0.001,-0.02,0.029,-0.067,0.231,0.013,-0.005,0.021
0.028,-0.287,0.488,1.0,-0.01,-0.002,-0.02,-0.033,0.022,0.333,-0.014,-0.023,-0.001
0.027,-0.289,0.495,1.0,-0.01,-0.002,-0.02,-0.02,-0.055,0.23,0.003,0.004,0.016
0.027,-0.287,0.513,1.0,-0.009,-0.002,-0.02,-0.012,-0.041,0.088,-0.017,-0.003,0.027
0.027,-0.287,0.513,1.0,-0.009,-0.002,-0.02,-0.012,-0.041,0.088,-0.017,-0.003,0.027
0.026,-0.289,0.518,1.0,-0.01,-0.002,-0.02,-0.027,-0.046,0.148,-0.015,0.006,0.004
0.026,-0.287,0.525,1.0,-0.01,-0.002,-0.02,-0.012,0.078,0.133,-0.015,0.018,-0.013
0.025,-0.289,0.524,1.0,-0.01,-0.001,-0.02,-0.018,-0.062,-0.018,-0.001,0.01,0.012
0.023,-0.287,0.521,1.0,-0.011,-0.0,-0.02,-0.09,0.003,0.03,-0.021,0.051,0.018
0.023,-0.287,0.521,1.0,-0.011,-0.0,-0.02,-0.09,0.003,0.03,-0.021,0.051,0.018
0.02,-0.287,0.524,1.0,-0.011,0.0,-0.019,-0.094,-0.007,0.074,-0.011,0.029,0.005
0.02,-0.288,0.522,1.0,-0.011,0.0,-0.02,0.017,-0.034,-0.042,-0.019,-0.005,-0.006
0.02,-0.288,0.519,1.0,-0.011,0.0,-0.019,-0.012,0.009,-0.099,0.025,-0.01,0.006
0.02,-0.288,0.519,1.0,-0.011,0.0,-0.019,-0.012,0.009,-0.099,0.025,-0.01,0.006
0.017,-0.289,0.52,1.0,-0.011,0.001,-0.02,-0.007,-0.0,-0.028,0.002,-0.002,-0.003
0.014,-0.285,0.52,1.0,-0.01,0.001,-0.02,0.006,0.055,-0.061,0.009,0.005,-0.006
0.014,-0.285,0.52,1.0,-0.01,0.001,-0.02,0.006,0.055,-0.061,0.009,0.005,-0.006
0.015,-0.284,0.521,1.0,-0.01,0.001,-0.02,-0.066,0.042,0.012,0.001,0.001,-0.016
0.015,-0.284,0.521,1.0,-0.01,0.001,-0.02,-0.066,0.042,0.012,0.001,0.001,-0.016
0.013,-0.281,0.529,1.0,-0.01,0.001,-0.02,0.157,0.015,-0.091,0.019,-0.06,-0.007
0.013,-0.281,0.529,1.0,-0.01,0.001,-0.02,0.157,0.015,-0.091,0.019,-0.06,-0.007
0.014,-0.28,0.534,1.0,-0.009,0.001,-0.02,0.021,0.036,0.15,0.016,0.003,-0.006
0.01,-0.279,0.543,1.0,-0.009,0.002,-0.02,0.095,0.024,0.14,0.016,0.022,0.0
0.01,-0.279,0.543,1.0,-0.009,0.002,-0.02,0.095,0.024,0.14,0.016,0.022,0.0
0.01,-0.278,0.55,1.0,-0.009,0.002,-0.02,-0.018,0.028,0.187,-0.001,0.022,0.003
0.009,-0.278,0.559,1.0,-0.009,0.002,-0.02,-0.01,0.044,0.184,-0.018,-0.001,-0.019
0.009,-0.278,0.559,1.0,-0.009,0.002,-0.02,-0.01,0.044,0.184,-0.018,-0.001,-0.019
0.011,-0.273,0.567,1.0,-0.009,0.0,-0.02,0.086,0.089,-0.043,-0.003,-0.075,-0.0
0.009,-0.274,0.574,1.0,-0.01,0.001,-0.02,-0.055,-0.032,0.225,-0.018,0.01,0.005
0.008,-0.276,0.582,1.0,-0.01,0.001,-0.02,-0.02,-0.033,0.217,0.001,0.001,-0.004
0.005,-0.275,0.583,1.0,-0.01,0.001,-0.02,-0.095,0.005,0.04,-0.004,-0.01,0.016
0.006,-0.274,0.58,1.0,-0.01,0.0,-0.02,0.062,-0.08,-0.227,0.003,-0.026,0.023
0.006,-0.272,0.572,1.0,-0.008,0.0,-0.02,0.045,0.005,-0.224,0.061,-0.018,0.011
0.006,-0.272,0.572,1.0,-0.008,0.0,-0.02,0.045,0.005,-0.224,0.061,-0.018,0.011
0.002,-0.271,0.57,1.0,-0.008,0.001,-0.02,-0.026,-0.017,-0.069,-0.017,0.004,0.01
0.002,-0.271,0.57,1.0,-0.008,0.001,-0.02,-0.026,-0.017,-0.069,-0.017,0.004,0.01
0.002,-0.271,0.57,1.0,-0.008,0.001,-0.02,-0.026,-0.017,-0.069,-0.017,0.004,0.01
-0.003,-0.272,0.56,1.0,-0.008,0.001,-0.02,-0.13,-0.041,-0.095,-0.001,0.04,0.001
-0.005,-0.269,0.557,1.0,-0.008,0.001,-0.02,-0.117,-0.024,-0.097,-0.014,-0.022,0.003
-0.005,-0.269,0.557,1.0,-0.008,0.001,-0.02,-0.117,-0.024,-0.097,-0.014,-0.022,0.003
-0.004,-0.271,0.548,1.0,-0.009,0.001,-0.02,0.045,-0.044,-0.103,-0.043,0.011,0.011
-0.004,-0.271,0.548,1.0,-0.009,0.001,-0.02,0.045,-0.044,-0.103,-0.043,0.011,0.011
-0.005,-0.272,0.546,1.0,-0.009,0.001,-0.02,-0.042,-0.033,-0.06,-0.008,-0.021,0.004
-0.01,-0.271,0.539,1.0,-0.009,0.002,-0.02,-0.093,0.034,-0.058,0.013,0.039,-0.002
-0.01,-0.271,0.539,1.0,-0.009,0.002,-0.02,-0.093,0.034,-0.058,0.013,0.039,-0.002
-0.014,-0.272,0.53,1.0,-0.01,0.003,-0.02,-0.184,0.008,0.037,-0.005,0.053,0.004
-0.012,-0.272,0.519,1.0,-0.01,0.002,-0.02,0.023,0.01,-0.211,-0.022,-0.047,-0.011
-0.012,-0.272,0.519,1.0,-0.01,0.002,-0.02,0.023,0.01,-0.211,-0.022,-0.047,-0.011
-0.018,-0.272,0.52,1.0,-0.01,0.003,-0.02,-0.086,0.038,-0.023,0.02,0.031,0.013
-0.018,-0.272,0.52,1.0,-0.01,0.003,-0.02,-0.086,0.038,-0.023,0.02,0.031,0.013
-0.018,-0.271,0.504,1.0,-0.01,0.003,-0.02,-0.044,-0.023,-0.159,-0.017,0.032,-0.011
-0.018,-0.271,0.504,1.0,-0.01,0.003,-0.02,-0.044,-0.023,-0.159,-0.017,0.032,-0.011
-0.017,-0.27,0.492,1.0,-0.01,0.003,-0.02,-0.085,0.046,0.037,0.049,0.033,-0.019
-0.016,-0.271,0.492,1.0,-0.009,0.004,-0.02,0.036,-0.054,0.002,0.02,0.035,0.016
-0.016,-0.271,0.492,1.0,-0.009,0.004,-0.02,0.036,-0.054,0.002,0.02,0.035,0.016
-0.018,-0.268,0.486,1.0,-0.009,0.004,-0.02,-0.045,0.066,-0.008,0.007,0.012,-0.009
-0.018,-0.268,0.486,1.0,-0.009,0.004,-0.02,-0.045,0.066,-0.008,0.007,0.012,-0.009
-0.018,-0.268,0.486,1.0,-0.009,0.004,-0.02,-0.045,0.066,-0.008,0.007,0.012,-0.009
-0.017,-0.269,0.481,1.0,-0.009,0.004,-0.02,0.041,-0.027,-0.143,-0.009,-0.008,0.002
-0.015,-0.266,0.471,1.0,-0.009,0.004,-0.02,0.028,0.012,-0.12,-0.008,0.003,-0.01
-0.015,-0.266,0.471,1.0,-0.009,0.004,-0.02,0.028,0.012,-0.12,-0.008,0.003,-0.01
-0.015,-0.266,0.47,1.0,-0.01,0.004,-0.02,-0.002,0.016,-0.026,-0.035,0.01,0.008
-0.013,-0.264,0.465,1.0,-0.01,0.004,-0.02,0.051,0.032,-0.098,0.003,0.017,0.0
-0.013,-0.264,0.465,1.0,-0.01,0.004,-0.02,0.051,0.032,-0.098,0.003,0.017,0.0
-0.008,-0.263,0.449,1.0,-0.009,0.003,-0.02,0.087,-0.025,-0.165,-0.003,-0.014,-0.001
-0.008,-0.263,0.449,1.0,-0.009,0.003,-0.02,0.087,-0.025,-0.165,-0.003,-0.014,-0.001
-0.008,-0.263,0.449,1.0,-0.009,0.003,-0.02,0.087,-0.025,-0.165,-0.003,-0.014,-0.001
-0.002,-0.261,0.446,1.0,-0.008,0.003,-0.02,0.065,0.012,0.083,0.031,-0.003,0.009
-0.002,-0.261,0.446,1.0,-0.008,0.003,-0.02,0.065,0.012,0.083,0.031,-0.003,0.009
-0.001,-0.258,0.442,1.0,-0.008,0.002,-0.021,0.025,0.103,-0.114,0.004,-0.045,-0.033
0.004,-0.258,0.439,1.0,-0.009,0.001,-0.021,0.091,0.006,-0.065,-0.017,-0.027,0.004
0.008,-0.258,0.436,1.0,-0.009,0.0,-0.02,0.112,-0.013,-0.082,-0.018,-0.044,0.008
0.008,-0.258,0.436,1.0,-0.009,0.0,-0.02,0.112,-0.013,-0.082,-0.018,-0.044,0.008
0.012,-0.256,0.431,1.0,-0.01,-0.001,-0.021,0.011,0.043,-0.024,-0.003,-0.019,0.003
0.012,-0.252,0.433,1.0,-0.01,-0.001,-0.021,0.002,0.099,0.041,0.004,0.005,-0.021
0.012,-0.252,0.433,1.0,-0.01,-0.001,-0.021,0.002,0.099,0.041,0.004,0.005,-0.021
0.017,-0.254,0.428,1.0,-0.009,-0.001,-0.021,0.116,0.069,-0.097,0.009,-0.026,-0.005
0.017,-0.254,0.428,1.0,-0.009,-0.001,-0.021,0.116,0.069,-0.097,0.009,-0.026,-0.005
0.021,-0.252,0.424,1.0,-0.009,-0.002,-0.021,0.142,0.053,-0.126,0.013,-0.05,-0.013
0.026,-0.249,0.416,1.0,-0.007,-0.001,-0.021,0.181,-0.067,-0.078,0.019,-0.018,-0.003
0.026,-0.249,0.416,1.0,-0.006,-0.001,-0.021,0.005,-0.005,-0.016,0.015,-0.015,0.002
0.026,-0.249,0.416,1.0,-0.006,-0.001,-0.021,0.005,-0.005,-0.016,0.015,-0.015,0.002
0.025,-0.245,0.415,1.0,-0.006,-0.002,-0.021,-0.039,0.115,-0.014,0.015,-0.011,-0.012
0.029,-0.249,0.414,1.0,-0.005,-0.002,-0.021,0.086,-0.055,-0.043,0.026,0.004,0.006
0.029,-0.249,0.414,1.0,-0.005,-0.002,-0.021,0.086,-0.055,-0.043,0.026,0.004,0.006
0.03,-0.248,0.414,1.0,-0.005,-0.002,-0.021,0.016,0.038,0.005,-0.018,-0.031,-0.009
0.03,-0.247,0.415,1.0,-0.006,-0.002,-0.021,0.002,0.022,0.026,-0.02,-0.009,-0.002
0.03,-0.247,0.415,1.0,-0.006,-0.002,-0.021,0.002,0.022,0.026,-0.02,-0.009,-0.002
0.032,-0.251,0.413,1.0,-0.007,-0.002,-0.021,-0.025,-0.035,-0.01,-0.021,0.018,-0.004
0.03,-0.251,0.413,1.0,-0.008,-0.002,-0.021,-0.051,-0.026,0.011,-0.054,0.004,-0.006
0.03,-0.251,0.413,1.0,-0.008,-0.002,-0.021,-0.051,-0.026,0.011,-0.054,0.004,-0.006
0.03,-0.253,0.413,1.0,-0.008,-0.001,-0.021,0.005,-0.008,0.011,0.008,0.018,0.004
0.03,-0.253,0.413,1.0,-0.008,-0.001,-0.021,0.005,-0.008,0.011,0.008,0.018,0.004
0.032,-0.257,0.411,1.0,-0.008,-0.002,-0.021,0.067,-0.108,-0.07,-0.004,-0.025,-0.001
0.028,-0.258,0.413,1.0,-0.007,-0.001,-0.021,-0.108,-0.043,0.071,0.008,0.042,0.014
0.028,-0.263,0.407,1.0,-0.008,-0.001,-0.021,0.01,-0.093,0.029,-0.008,0.026,0.008
0.028,-0.263,0.407,1.0,-0.008,-0.001,-0.021,0.01,-0.093,0.029,-0.008,0.026,0.008
0.026,-0.267,0.407,1.0,-0.008,-0.001,-0.021,-0.0,-0.103,0.042,-0.004,0.002,0.007
0.026,-0.267,0.407,1.0,-0.008,-0.001,-0.021,-0.0,-0.103,0.042,-0.004,0.002,0.007
0.023,-0.272,0.405,1.0,-0.01,-0.0,-0.021,-0.035,-0.016,-0.03,-0.054,0.021,-0.007
0.023,-0.272,0.405,1.0,-0.01,-0.0,-0.021,-0.035,-0.016,-0.03,-0.054,0.021,-0.007
0.02,-0.276,0.407,1.0,-0.011,0.0,-0.021,-0.006,-0.055,-0.038,-0.039,-0.009,-0.001
0.02,-0.276,0.407,1.0,-0.011,0.0,-0.021,-0.006,-0.055,-0.038,-0.039,-0.009,-0.001
0.017,-0.283,0.405,1.0,-0.011,0.001,-0.02,0.007,-0.023,-0.024,0.029,0.013,0.003
0.017,-0.283,0.405,1.0,-0.011,0.001,-0.02,0.007,-0.023,-0.024,0.029,0.013,0.003
0.016,-0.284,0.403,1.0,-0.011,0.001,-0.02,-0.017,-0.051,-0.072,0.013,-0.043,-0.005
0.016,-0.284,0.406,1.0,-0.011,0.001,-0.02,-0.048,0.014,0.056,0.002,0.019,0.005
0.016,-0.284,0.406,1.0,-0.011,0.001,-0.02,-0.048,0.014,0.056,0.002,0.019,0.005
0.014,-0.287,0.403,1.0,-0.011,0.001,-0.02,0.007,0.023,0.012,-0.016,0.001,-0.011
0.014,-0.287,0.403,1.0,-0.011,0.001,-0.02,0.007,0.023,0.012,-0.016,0.001,-0.011
0.021,-0.28,0.403,1.0,-0.011,0.0,-0.021,0.189,0.127,-0.11,-0.003,-0.025,0.005
0.02,-0.284,0.404,1.0,-0.011,0.0,-0.02,-0.054,-0.116,0.04,0.01,-0.001,0.022
0.02,-0.284,0.404,1.0,-0.011,0.0,-0.02,-0.054,-0.116,0.04,0.01,-0.001,0.022
0.016,-0.285,0.404,1.0,-0.011,0.0,-0.02,-0.117,-0.049,0.007,-0.003,0.016,-0.003
0.013,-0.285,0.408,1.0,-0.011,0.001,-0.02,-0.068,0.024,0.121,-0.002,0.02,-0.001
0.014,-0.288,0.41,1.0,-0.009,0.001,-0.02,0.075,-0.066,-0.07,-0.001,-0.012,0.008
0.014,-0.288,0.41,1.0,-0.009,0.001,-0.02,0.075,-0.066,-0.07,-0.001,-0.012,0.008
0.01,-0.286,0.411,1.0,-0.01,0.001,-0.02,-0.037,-0.036,0.005,-0.014,-0.01,0.012
0.011,-0.286,0.411,1.0,-0.011,0.002,-0.02,0.028,0.005,-0.012,-0.027,0.037,-0.011
0.011,-0.286,0.411,1.0,-0.011,0.002,-0.02,0.028,0.005,-0.012,-0.027,0.037,-0.011
0.007,-0.288,0.41,1.0,-0.011,0.003,-0.02,-0.107,-0.05,-0.012,-0.019,0.052,0.009
0.008,-0.287,0.407,1.0,-0.012,0.001,-0.02,0.004,0.017,-0.018,0.001,-0.014,0.008
0.007,-0.288,0.407,1.0,-0.012,0.002,-0.02,-0.048,-0.014,0.008,0.02,0.025,-0.005
0.007,-0.288,0.407,1.0,-0.012,0.002,-0.02,-0.048,-0.014,0.008,0.02,0.025,-0.005
0.01,-0.285,0.397,1.0,-0.012,0.001,-0.02,-0.106,-0.029,-0.047,0.018,-0.001,0.017
0.011,-0.285,0.394,1.0,-0.012,0.001,-0.02,0.023,-0.002,-0.086,0.001,-0.037,0.008
0.014,-0.282,0.386,1.0,-0.011,0.001,-0.021,-0.07,0.036,-0.099,0.018,0.017,0.005
0.014,-0.282,0.386,1.0,-0.011,0.001,-0.021,-0.07,0.036,-0.099,0.018,0.017,0.005
0.014,-0.279,0.372,1.0,-0.011,0.001,-0.02,0.005,0.028,-0.166,0.012,0.014,0.001
0.017,-0.28,0.367,1.0,-0.011,0.001,-0.02,0.087,-0.036,-0.141,-0.011,0.025,0.006
0.017,-0.28,0.367,1.0,-0.011,0.001,-0.02,0.087,-0.036,-0.141,-0.011,0.025,0.006
0.015,-0.278,0.349,1.0,-0.011,0.001,-0.02,-0.023,-0.047,-0.254,0.006,0.01,0.024
0.015,-0.278,0.349,1.0,-0.011,0.001,-0.02,-0.023,-0.047,-0.254,0.006,0.01,0.024
0.019,-0.27,0.335,1.0,-0.01,0.001,-0.021,0.049,0.092,-0.203,0.01,-0.069,-0.023
0.019,-0.27,0.335,1.0,-0.01,0.001,-0.021,0.049,0.092,-0.203,0.01,-0.069,-0.023
0.021,-0.27,0.328,1.0,-0.009,0.001,-0.021,0.064,0.012,-0.197,0.016,-0.042,0.013
0.023,-0.268,0.322,1.0,-0.01,0.0,-0.021,0.077,0.059,-0.186,-0.027,-0.019,-0.002
0.024,-0.262,0.305,1.0,-0.01,0.0,-0.021,-0.066,0.082,-0.122,0.021,-0.007,0.012
0.027,-0.261,0.3,1.0,-0.01,-0.0,-0.021,0.072,0.042,-0.174,0.003,-0.02,-0.019
0.029,-0.258,0.292,1.0,-0.009,-0.001,-0.021,0.047,0.029,-0.128,0.04,-0.02,0.018
0.029,-0.258,0.292,1.0,-0.009,-0.001,-0.021,0.047,0.029,-0.128,0.04,-0.02,0.018
0.035,-0.252,0.274,1.0,-0.009,-0.001,-0.021,0.018,0.013,-0.099,0.039,-0.0,0.002
0.035,-0.252,0.274,1.0,-0.009,-0.001,-0.021,0.018,0.013,-0.099,0.039,-0.0,0.002
0.039,-0.246,0.258,1.0,-0.008,-0.001,-0.021,0.025,0.036,-0.234,-0.014,-0.008,-0.012
0.039,-0.246,0.258,1.0,-0.008,-0.001,-0.021,0.025,0.036,-0.234,-0.014,-0.008,-0.012
0.044,-0.241,0.239,1.0,-0.008,-0.001,-0.022,0.028,0.08,-0.195,-0.006,0.008,-0.015
0.044,-0.241,0.239,1.0,-0.008,-0.001,-0.022,0.028,0.08,-0.195,-0.006,0.008,-0.015
0.045,-0.236,0.217,1.0,-0.008,-0.002,-0.022,-0.081,0.1,-0.131,0.013,0.008,-0.022
0.045,-0.236,0.217,1.0,-0.008,-0.002,-0.022,-0.081,0.1,-0.131,0.013,0.008,-0.022
0.049,-0.237,0.196,1.0,-0.008,-0.002,-0.021,0.032,-0.005,-0.159,0.017,0.007,0.019
0.049,-0.237,0.196,1.0,-0.008,-0.002,-0.021,0.032,-0.005,-0.159,0.017,0.007,0.019
0.053,-0.233,0.172,1.0,-0.006,-0.002,-0.022,-0.018,0.034,-0.195,0.04,-0.001,0.01
0.053,-0.233,0.172,1.0,-0.006,-0.002,-0.022,-0.018,0.034,-0.195,0.04,-0.001,0.01
0.059,-0.229,0.154,1.0,-0.006,-0.002,-0.022,0.108,0.074,-0.296,0.021,0.017,-0.007
0.06,-0.23,0.146,1.0,-0.006,-0.002,-0.022,0.027,-0.011,-0.232,-0.01,0.011,-0.002
0.06,-0.23,0.146,1.0,-0.006,-0.002,-0.022,0.027,-0.011,-0.232,-0.01,0.011,-0.002
0.061,-0.228,0.138,1.0,-0.007,-0.002,-0.022,0.026,0.042,-0.221,-0.017,0.007,-0.022
0.068,-0.228,0.112,1.0,-0.006,-0.0,-0.022,0.147,0.039,-0.233,0.049,-0.02,-0.002
0.07,-0.229,0.106,1.0,-0.006,-0.0,-0.022,0.053,-0.035,-0.197,0.004,-0.009,0.003
0.07,-0.229,0.106,1.0,-0.006,-0.0,-0.022,0.053,-0.035,-0.197,0.004,-0.009,0.003
0.074,-0.239,0.105,1.0,-0.007,-0.002,-0.022,0.1,-0.292,0.072,-0.01,-0.046,0.01
0.074,-0.239,0.103,1.0,-0.007,-0.001,-0.021,-0.005,-0.015,-0.068,-0.019,0.072,0.019
0.074,-0.239,0.103,1.0,-0.007,-0.001,-0.021,-0.005,-0.015,-0.068,-0.019,0.072,0.019
0.08,-0.239,0.1,1.0,-0.007,-0.001,-0.022,0.162,0.008,-0.09,0.002,-0.043,-0.011
0.084,-0.24,0.095,1.0,-0.008,-0.002,-0.022,0.117,0.016,-0.077,-0.014,-0.018,-0.01
0.084,-0.24,0.095,1.0,-0.008,-0.002,-0.022,0.117,0.016,-0.077,-0.014,-0.018,-0.01
0.084,-0.247,0.099,1.0,-0.01,-0.002,-0.021,0.028,-0.018,-0.042,-0.037,-0.032,0.004
0.086,-0.248,0.098,1.0,-0.01,-0.002,-0.022,0.032,-0.008,-0.023,-0.017,0.014,-0.01
0.086,-0.248,0.098,1.0,-0.01,-0.002,-0.022,0.032,-0.008,-0.023,-0.017,0.014,-0.01
0.086,-0.249,0.097,1.0,-0.01,-0.002,-0.022,0.029,-0.029,-0.023,0.004,-0.013,0.004
0.096,-0.246,0.092,1.0,-0.01,-0.003,-0.022,0.292,0.086,-0.167,-0.0,-0.062,-0.017
0.098,-0.246,0.091,1.0,-0.009,-0.005,-0.022,0.153,0.037,-0.095,-0.001,-0.057,0.012
0.096,-0.248,0.09,1.0,-0.009,-0.004,-0.021,-0.056,-0.043,-0.013,0.004,0.044,0.012
0.096,-0.248,0.09,1.0,-0.009,-0.004,-0.021,-0.056,-0.043,-0.013,0.004,0.044,0.012
0.101,-0.248,0.084,1.0,-0.009,-0.005,-0.022,0.007,-0.009,-0.063,0.013,-0.029,-0.002
0.103,-0.248,0.081,1.0,-0.009,-0.005,-0.022,0.051,-0.02,-0.098,0.017,-0.014,-0.003
0.103,-0.248,0.081,1.0,-0.009,-0.005,-0.022,0.051,-0.02,-0.098,0.017,-0.014,-0.003
0.103,-0.249,0.081,1.0,-0.009,-0.005,-0.022,-0.013,-0.002,0.005,0.007,0.016,-0.015
0.108,-0.25,0.067,1.0,-0.009,-0.006,-0.022,-0.013,-0.059,-0.045,-0.009,0.032,0.009
0.108,-0.25,0.067,1.0,-0.009,-0.006,-0.022,-0.013,-0.059,-0.045,-0.009,0.032,0.009
0.108,-0.248,0.063,1.0,-0.01,-0.006,-0.022,0.003,0.051,-0.12,-0.021,-0.008,-0.015
0.107,-0.249,0.062,1.0,-0.01,-0.005,-0.022,-0.01,-0.023,-0.034,-0.006,0.037,0.008
0.107,-0.25,0.061,1.0,-0.01,-0.004,-0.021,-0.021,-0.029,-0.031,-0.013,0.066,0.019
0.112,-0.249,0.058,1.0,-0.011,-0.005,-0.022,0.155,0.028,-0.098,-0.078,-0.084,-0.006
0.114,-0.246,0.055,1.0,-0.011,-0.004,-0.022,0.05,0.029,-0.028,0.015,-0.017,-0.019
0.114,-0.246,0.055,1.0,-0.011,-0.004,-0.022,0.05,0.029,-0.028,0.015,-0.017,-0.019
0.118,-0.244,0.059,1.0,-0.01,-0.003,-0.022,0.09,-0.043,0.008,0.044,0.02,0.014
0.118,-0.244,0.059,1.0,-0.01,-0.003,-0.022,0.09,-0.043,0.008,0.044,0.02,0.014
0.118,-0.242,0.061,1.0,-0.01,-0.004,-0.022,0.004,0.037,0.074,0.005,-0.034,-0.009
0.122,-0.24,0.062,1.0,-0.009,-0.005,-0.022,-0.078,-0.029,0.015,0.013,-0.017,-0.007
0.126,-0.238,0.06,1.0,-0.01,-0.006,-0.022,0.096,0.059,-0.072,-0.06,-0.049,-0.001
0.126,-0.238,0.06,1.0,-0.01,-0.006,-0.022,0.096,0.059,-0.072,-0.06,-0.049,-0.001
0.128,-0.235,0.057,1.0,-0.01,-0.006,-0.023,0.078,0.068,-0.091,-0.01,-0.051,-0.018
