-0.0024999999999999996,0.018166666666666654,-0.13491666666666666,0.999997642794256,-0.0010627555589744096,3.3188039723340483e-05,-0.02409530825880213,-0.009,-0.005,-1.6329999999999998,-0.0001852062993212132,9.26031496606066e-05,-0.0002778094489818199
-0.0023333333333333327,0.01666666666666668,-0.13674999999999998,1.0000036317618022,-0.0009149495807070746,-0.000446657008404292,-0.02284075826976633,-0.008,-0.014,-1.6439999999999997,0.0002778094489818199,-0.001296444095248493,0.0004630157483030329
0.0013323433317557034,0.02117428339611792,-0.1321203768043262,1.0000018621345854,-0.0008121715884653745,-0.0001315584812647621,-0.02392903878753118,0.013936750200028082,0.013478632619363823,-1.3523337368591122,0.0005938370843112357,-0.00037174959442781404,0.0010452258868525889
-0.004332658307286553,0.015870065841547296,-0.11384688571277866,1.0000051820428866,-0.0009984803086563916,0.000440564048456976,-0.023779220032719855,-0.01987681724866187,-0.017737069481691604,-0.9179779354235185,-0.019332305756717526,0.05538859840021415,0.0024542927508954693
0.00016566362722381865,0.021222525507192353,-0.082915070185022,0.9999937012705257,-0.0026787556024753054,0.0015541100163882129,-0.024145870026323155,0.007664871452470903,0.017176662117539265,-0.46854971455102296,-0.03787397475691671,0.10391417763160263,0.0032968065853240212
-0.0040663435073324565,0.017332700379354103,-0.03700093933182223,0.9999984014476068,-0.001930990750130156,0.0039745079780366165,-0.023678982820758213,-0.009186405309331047,-0.007731719094182374,-0.02472232614861446,-0.054802021163297854,0.1453722952930559,0.006615766884669207
0.0009538326728789625,0.01975315439016802,0.02378542571945804,0.9999846439455148,-0.0033593476789888425,0.006559817707903416,-0.022503745250378265,0.01821833779309619,0.008860575068753275,0.4008902818893815,-0.06465529733794215,0.1679526043285973,0.008312712957252765
0.0013310032355589967,0.01991775804313933,0.045719902684808744,0.9999592736157029,-0.0044515566681587225,0.009481418391670503,-0.022400008092416466,0.024769016668103383,0.011235165960496032,0.5167007634246826,-0.07458650377092593,0.1794795970488839,0.009708796921898449
0.0014216884361450228,0.019958440956635917,0.04690055892673376,0.9999517406528653,-0.004919127480494501,0.010259611124710131,-0.022295807751251343,0.026047038685608193,0.011797011207506085,0.4790223407356574,-0.07805627578492612,0.1761296983772684,0.010597594586068097
0.001432157018062265,0.01996885294219566,0.041065921780888304,0.9999510315530571,-0.005211517923777783,0.010313961744741479,-0.022236276266308024,0.02599037372294255,0.012007489336180326,0.4003511455696234,-0.07889720189323511,0.16566066236671426,0.011002216597117496
0.0013747292520052982,0.019938583334627197,0.03283076472042951,0.9999568651126951,-0.005236897490759901,0.00977972079338663,-0.02220939746202408,0.024938984970664203,0.011713669409821664,0.3210992721450627,-0.07888599766591683,0.15416957762381325,0.01110412878079792
0.0013235327527258908,0.019938685817071044,0.025120699419193607,0.9999621805478537,-0.005388007082340813,0.009183167259740934,-0.022188509586571294,0.024018582036805295,0.011927073280040024,0.2623962563194635,-0.08026117902908422,0.14670145144550073,0.011115823816393802
0.00011585638580239727,0.01976014414064634,0.020544740922326967,0.9999594247240153,-0.005402662459725097,0.008657818072475842,-0.023538260964241775,0.016243632788060097,0.010891379868904524,0.2351905586416273,-0.08223364573014531,0.1423758969833784,0.010026862385859592
5.641494089770635e-05,0.019567028753481472,0.018245667699404087,0.9999687750972465,-0.00530902539755415,0.008123788342631146,-0.023351905224368728,0.015228723858212822,0.009596818485933653,0.22862848030310853,-0.08439458615015459,0.13992035246637619,0.01051357321764653
3.9837046929279586e-05,0.01957748200156035,0.01888458777938416,0.9999692010266092,-0.005450127792131193,0.00796261260543728,-0.02335659995356001,0.014964099424027709,0.009855184788047143,0.2417685515621613,-0.08823789451421576,0.14107299929936457,0.010521714949887094
0.0019011059701128812,0.019574371023349062,0.022214949712130456,0.9998445922337892,-0.004911920836366845,0.01990652312955244,-0.021363919084666446,0.04716898354898402,0.0084470319240465,0.2686332681568154,-0.09098128038851903,0.15998028272842418,0.013390825112224433
0.018835615145447956,0.01962907049576748,0.09228344769557845,0.9994158275427234,-0.00476728161680964,0.0372264403802525,-0.020968855182947353,0.167240854367781,0.007475989032530234,0.619720245574899,-0.09766461620115077,0.18755443058303797,0.011462937781693132
0.041633424822780145,0.009941211123422757,0.24506701475717269,0.9984946723495806,-0.01432839215821596,0.03372080812853632,-0.025846033303054905,0.2712995650770891,-0.009828096521117735,1.2264942478009204,-0.11432834688423929,0.14143195036808381,0.0037011821521834073
0.04815337292481226,0.012688029897817475,0.2876414865130149,0.9985081677971487,-0.016954295117527003,0.035310382652375544,-0.025518431530000427,0.2788303478433992,0.017192211232566697,1.283385689316773,-0.12016878652262708,0.0878754677621108,0.009041001157289416
0.04701671894775666,0.0023536178365425736,0.34140612679149984,0.9986109994218251,-0.018209772057378473,0.03399698528436156,-0.02491393961371063,0.24547210400418384,-0.03146251737397781,1.3517999418557856,-0.11392334301124471,0.03442284815124944,0.012069490245409865
0.046781094531664125,0.002303564653988268,0.33931142851554164,0.9986884824641101,-0.01827971044531235,0.031672717131197355,-0.024820016478147636,0.23914485048801296,-0.032883445495262766,1.294035179304583,-0.10529295319328924,-0.004439069651807638,0.012484588650160711
0.04624482051045289,0.0021757875564527612,0.3336575902347633,0.9987770261919684,-0.01821513401318244,0.02886168287226691,-0.024732302644018152,0.23023987249848915,-0.03479252526042306,1.2149458004370548,-0.10374112357729888,-0.026296519846153454,0.012104330225601959
0.045509634799593274,0.0019707736505103464,0.3243580924517693,0.9988455743419182,-0.01804742957132134,0.02653957144210283,-0.024687679352180057,0.22128099395761405,-0.036930312467576484,1.1272612224768987,-0.10456926535268561,-0.034946307607026425,0.01147020381048952
0.11393825477199267,-0.01830249777916492,0.38642856942175385,0.9988889761915953,-0.02093290052150515,0.030424878242173124,-0.02349419840626625,0.5055523425570368,-0.10020027676922083,0.9012893371395164,-0.10439824515957688,-0.033196728950450616,0.01420102271567647
0.12033755044292435,-0.0007540808250010255,0.43126670012822427,0.99882968616145,-0.02461480025495143,0.035622028358969555,-0.02390552444198065,0.47984011942256344,0.028339873143573602,0.7938553525677713,-0.110130558414899,-0.025572654400223827,0.012283960756398806
0.12020116409065024,-0.0008002591598780974,0.42909306024117244,0.99881701967373,-0.024969993487189673,0.035717128842275514,-0.02392455121063652,0.47969092777558525,0.02862442455952015,0.7856581931657303,-0.11744873940517457,-0.058696749333826057,0.013880305820581631
0.12023345940501819,-0.000774838834102157,0.4292670570590813,0.9988339356518002,-0.02514254897357759,0.035145747835504025,-0.023883901971911946,0.48038926310751695,0.02931555558703691,0.7937845464868606,-0.10534099866003473,-0.09420726582704636,0.015474625828531303
0.12030419124703012,-0.0007206034930279736,0.43035608804590053,0.998880692690613,-0.02504753439845439,0.03391211365503086,-0.023811805203312185,0.48059402824747954,0.030045137842573878,0.8072543809824017,-0.0933735757192552,-0.1225285576612294,0.015862399948226913
0.12033137426093596,-0.0006615457013369317,0.4318606126290585,0.9989505704498328,-0.0247227123130331,0.032101549766221114,-0.02372963664688724,0.479420560399733,0.0304830437835119,0.8211138782690275,-0.0850480959065,-0.1425232319440721,0.015643994987501617
0.15061965894695403,-0.010207687980038613,0.6356096460297328,0.9979863011545284,-0.0306123167272665,0.0444138994517976,-0.021948741612101995,0.4960247021623859,0.0246965001034414,1.172904743001563,-0.08200260527984611,-0.15072891900005408,0.016804694415935805
0.1506485133129267,-0.01023083002826632,0.6367634709165483,0.9980455341830219,-0.02986951461448171,0.043556435993569904,-0.02199775153939503,0.49545471440840777,0.02380309629287638,1.1831635792472186,-0.08054341220431319,-0.15361183232875888,0.01601314629633234
0.19866273864275302,-0.0026198199688190022,0.6439483244179568,0.9983322862058013,-0.03361130066995633,0.033305885544353125,-0.02046096624981865,0.6175969248152245,0.08052593558611622,0.8133843944077341,-0.07855594783298267,-0.1937427790453965,0.0171862739980809
0.19851251782653487,-0.0027294138392453243,0.6421578210264212,0.998345148688392,-0.03364656020427273,0.032871728022795595,-0.020477566018559382,0.6142953320408853,0.07810377135489424,0.7739163686465602,-0.07931409502663031,-0.20753562115982177,0.01714807582934503
0.234313103034112,-0.011111938939679798,0.6985339440669023,0.9982839632873786,-0.03659338227564408,0.032122525056454534,-0.017269109536502875,0.5630657511531623,0.056298825457007255,0.6522231183139782,-0.06625325253960043,-0.21721181680691704,0.018948916953370556
0.23396599385678635,-0.011333665732697285,0.6949095712598858,0.9983182819579673,-0.036388118490837056,0.03130078984752531,-0.017227978233253154,0.5601083032840766,0.05494234978914988,0.6297671418203402,-0.05770227932725352,-0.22888023999794432,0.019079161347585614
0.3124581165657805,0.022102781551794574,0.6108832921695148,0.998288384525589,-0.03980317576276649,0.027598560980110647,-0.01820320383483705,0.7626839880202185,0.219430138866147,0.05481264448339162,-0.05416943364803555,-0.23645291043320274,0.015495930046550721
0.36287228980838093,0.03677790716115203,0.5800256664443576,0.9983063497849128,-0.04331859953076794,0.020111387121760506,-0.016777020794229713,0.7910862435766988,0.25984672576608986,-0.15993419213952012,-0.051575544910323505,-0.2467605600741161,0.015727001058644007
0.37148308833818355,0.039551510631839384,0.5750397540531669,0.9983519587550206,-0.04265558739454741,0.01747144533847554,-0.016541427884646773,0.7142468476399613,0.25454988958314334,-0.14978711655322782,-0.022307846658458412,-0.26953011047583086,0.01843332084734875
0.3768022315133093,0.08154618961588096,0.5720181921177016,0.9993465404487447,-0.04202943430716705,0.01630865455682037,-0.017693663430455565,0.6382238620778249,0.4435490308735869,-0.11399947678800418,0.011721849177398602,-0.28364349014304696,0.016592093723356967
0.45454893105525973,0.07670163752785165,0.487393941122211,0.9992930454306217,-0.04264654176905391,0.006602748285284921,-0.0152675128454909,0.7722464777783469,0.3476585216680821,-0.37953274633713024,0.0344307294901052,-0.291061342072571,0.020329987321086557
0.45469496850066876,0.07703662381422295,0.4922244665001546,0.9993631923083441,-0.04109526773402563,0.005912444631643372,-0.015213469151437438,0.7729252013183079,0.3498681349832072,-0.3310063560457742,0.06909790402205931,-0.283956026213474,0.021070868930249828
0.45489603551075297,0.07742803921554517,0.4989257240765801,0.9994491133180957,-0.03906164179267029,0.0052411824179099415,-0.015172688490615234,0.7736453022040695,0.3519513893162075,-0.265515420006469,0.08724607008901125,-0.2847963504699572,0.019524996463201355
0.45507468598770934,0.07765718020539009,0.503028462103371,0.9994948559854077,-0.03780836758008877,0.005424354428250899,-0.015269857104906009,0.7753548851154501,0.3531046043821122,-0.22418420470217465,0.09269547126938482,-0.28559912300533796,0.01765175715213781
0.5190059520313767,0.12460696919123423,0.3866067094651118,0.999300865090542,-0.04021195310895242,-0.005176253173514792,-0.014731564347488884,0.8222919416246847,0.5022106543076932,-0.5965749159769629,0.08722945532352824,-0.29593715541454746,0.014246285066045966
0.5500723872734601,0.17259281097260842,0.2179153115014574,0.9991652241068718,-0.04059245483460595,-0.01596433327751156,-0.012540202963952161,0.5925896928627968,0.5576757080396185,-0.992040683886216,0.08801465918518668,-0.2994286310052206,0.013646700540211715
0.550062977696274,0.17278233638145454,0.21963681068118343,0.9991465635321118,-0.040886635835872355,-0.01630879992994214,-0.012627832040854976,0.5917322976621572,0.5603032481771018,-0.9695298569051056,0.1037523976733624,-0.2987973252230994,0.014940880917880685
0.6063479859248424,0.2321353910104542,-0.01387942851966128,0.9987562896531409,-0.04321142216154679,-0.02993158978547605,-0.01318337915888156,0.6262080181822671,0.7145762435784774,-1.590672854050294,0.1250776710417158,-0.269534137069496,0.014824185995497804
0.6062661183347487,0.23224896765543607,-0.0126711906905888,0.9988130226781173,-0.04248004123085345,-0.029085206486645657,-0.013157116065984544,0.6248542218155397,0.7174972100050051,-1.5541837933351237,0.14628918904353405,-0.23768772537305008,0.01476317058660814
0.6061546762978615,0.2325915318936251,-0.008336446984553585,0.9989143121852636,-0.04105749633320231,-0.0276257473121047,-0.013129466501474275,0.623027837532383,0.7230847709375952,-1.4720318035428281,0.18532229904022468,-0.20237235591811534,0.015554786459728936
0.6292193821796214,0.3252410461680926,-0.32057114223036565,0.9987958151651787,-0.03229120247011771,-0.044176853756291934,-0.010893214123577497,0.3427471358276356,0.7755035013157638,-1.7461150480238161,0.22909025180907466,-0.1808885174211551,0.01773887657692721
0.6290186175014604,0.32576716557612506,-0.3126645307509209,0.9989408225703528,-0.030589875168380347,-0.042038424192628696,-0.010969632478759466,0.3434063178861301,0.7782399020577199,-1.674186811627229,0.2450676215801937,-0.17107245652509884,0.015891934155245632
0.6287775310773661,0.3261327856617497,-0.3068571023214736,0.9990280749234471,-0.029335707516558698,-0.04081656647780913,-0.011064983708855808,0.3408670742464598,0.7810621707276264,-1.6031293046429336,0.2515330946005726,-0.11867364291793607,0.016944946330133052
0.5825234438560724,0.2736015713274491,-0.1100872811841706,0.999251567059585,-0.02835639914581349,-0.03629037264521779,-0.011103892541282015,-0.016666745758564853,0.35100567460885845,0.03477664293233572,0.24515421099372478,-0.05649908758319087,0.01429206696704932
0.5822218166445424,0.27405272666091546,-0.10401292195545069,0.999306687894619,-0.02829837777199306,-0.03474434491379216,-0.01123633777430561,-0.018672845789610294,0.35566712565272013,0.10202326569442724,0.23998654829883412,-0.035464975755952685,0.012291456628878617
-3.181577545054881,-1.2997239431757508,0.3576806287553481,0.9924670632710525,0.10541689351921049,0.05571492757837998,0.02851253130315127,-18.975551972387855,-7.993714959499392,2.489033812430019,0.4536291769083781,0.1768677639950579,0.09293999220135209
-3.1810769092661344,-1.299895588403834,0.36554333770787206,0.9924785258865512,0.10387736111396799,0.058277074350001234,0.028640375110442734,-18.972670077229964,-7.986393980121396,2.505734981076652,0.40457571033119366,0.2006271139277263,0.09127676003089244
-3.1815050664104936,-1.2989655978797874,0.36478099626573324,0.992875828849126,0.094983040859875,0.06544583343703653,0.030266675316577084,-18.993940397088164,-7.944115841005678,2.330388984507789,-0.41251838933350715,0.984389806098598,0.16192772496532476
1.6213807466792751,0.7293948878935113,0.04687233048507012,0.999986316379005,0.013918085177982004,0.009361058869419377,-0.014838869795851944,6.149405593486165,2.7039289329233434,0.56489112213563,-0.9358042514366098,1.1405778415841628,-0.031684942727105744
1.6232213714646355,0.731836533221917,0.0204257015178888,0.999430962329079,-0.01118023679728638,0.036028661618282096,-0.013835149481011477,6.194349175688143,2.7461732786218054,0.5259780098015372,-1.5808254323415594,1.9545098161307741,0.09075238856425506
0.6020329413604141,0.2503951676645608,0.32811777141954,0.9976339957681641,-0.034221628464483275,0.06611519786175331,-0.0073800141260151825,0.06460725855889835,-0.10082724162865746,1.5247703695846815,-1.2019586368383384,1.6777785185193752,0.18549697693780923
0.6001084913228447,0.16202960730243712,0.968808632402797,0.9958367804437454,-0.01909690100275837,0.08605572735239596,-0.005239720658682578,0.10601388100329955,-0.4934285844543449,2.561648019555236,-0.7660995722204068,1.0006458867904628,-0.5697536969026581
0.6044124736408188,0.14576820883049438,1.0529809575017688,0.9942730256141407,-0.031598236481170945,0.09825832162431807,-0.016082877932068446,0.15311183049164345,-0.4810724418108798,2.4845236136632005,-0.6426631876592813,0.5247103500609899,-0.812142011406699
0.6016184910692106,0.14081405684714432,1.072850473471346,0.9965478250652315,-0.010926068628789847,0.07173484327933013,-0.03348956482122098,0.09896426653375812,-0.5254032676558784,2.400570238272859,-0.5162086230565787,0.13329487622024166,-0.8157545247104936
0.6008675498435616,0.143037851231813,1.0433594748055626,0.9976992474274677,0.004028430318762673,0.04554782165559324,-0.04471164877739098,0.06836570680663141,-0.5159093210041098,2.0795233900217944,-0.3067021687720347,-0.09938745830888769,-0.6799038915362913
0.5962442355986565,0.14579913612568893,0.9760086030568353,0.9968476542564289,0.04201963662051203,-0.00741210952544924,-0.06291992491280657,-1.3667078702147423e-06,-0.5246794436652609,1.6604026407567478,-0.18536614336613658,-0.3014980641844204,-0.5479296688804268
0.5932468052114325,0.14373350551200423,0.9893582780592243,0.9950897606847194,0.047832631087154194,-0.031225932145016573,-0.07754585635308699,-0.033880217735960685,-0.5343370204512352,1.6991347528617438,-0.2027409730163032,-0.3749481810562329,-0.42729299057276016
-0.029594881591052953,-0.3780984959815158,1.742827118862365,0.9893926328606242,-0.08715281907844807,0.10997520699424908,-0.04072048208938656,-2.029965303807236,-1.893844150896265,2.667463660986169,-0.36821988753163504,-0.23365515967328487,-0.287658842527647
-0.03212941519744249,-0.3788077915967936,1.7281192015869415,0.9901965549549987,-0.08413327286336549,0.10955661026700207,-0.025989285420316453,-2.034295312313481,-1.893007618640344,2.636465487886587,-0.43965905067139704,-0.1726226223854913,-0.19530469486886295
-0.030743489471259648,-0.37846912295801205,1.7336932696453902,0.9901458727118206,-0.08338304925464439,0.11242870610329034,-0.016238380855946786,-2.0373181131263087,-1.901713438858744,2.620922556173429,-0.5716497421083939,-0.0458295331401601,-0.1609049873368981
-0.18352707865598844,-0.6613189409834649,1.9594967605444975,0.9759516057428087,-0.13978528860246311,0.1667081510340606,0.019367784634579326,-1.993796520453755,-2.3983018199929265,2.5202808289458045,-0.679025968207588,0.08503830350966037,-0.11516912049116247
-0.18287286836515992,-0.6609379699477159,1.9616737620278213,0.9734235882072562,-0.14749883099077776,0.17424277490155773,0.022746484263684422,-1.9981988608662606,-2.3997605025948014,2.500820604059778,-0.7541771529087449,0.2063761094060941,-0.09611673069770696
-0.39257941050588974,-0.7031665251124671,2.040838419233313,0.9641900570123016,-0.15875074098051392,0.20886574216976925,0.025859837632007176,-2.163602162199818,-1.8807570618190168,1.8459977025864762,-0.7716522643320056,0.24308597413649152,-0.07681176175724752
0.41720779085338683,-0.681576989573086,2.2132082151348667,0.9650446572977549,-0.2006753322319964,0.14264473171689385,-0.08495704211055935,1.3561753788404252,-0.8784582208480793,1.3506496782620183,-0.7834883129988689,0.185395518560028,-0.13162106528652653
0.4132863311300864,-0.6846298198427143,2.199922264440734,0.9633636039394711,-0.20400953306931963,0.1494099437941182,-0.08446585374924434,1.3566341471608225,-0.8738303512707918,1.3253281975409232,-0.7214650838476402,0.1925646568057254,-0.11886052327785085
0.41535406053289126,-0.6828860072690448,2.205219504383522,0.9638338958264833,-0.20256590641533884,0.14963766200926437,-0.08214360538706242,1.3733984960313275,-0.8613608818968485,1.364730696411343,-0.5905715880590471,-0.17790015511659185,-0.014793538493416254
0.4166427243650149,-0.681724285175567,2.208963083037237,0.9661157633082768,-0.1989264046087033,0.14182130596203282,-0.0779979121215256,1.3684960539555266,-0.8680022985808652,1.3576092317548258,-0.4427914784499313,-0.4889434212536474,0.04481005031186369
0.41751023193760656,-0.6809552946445365,2.2124325496968713,0.969656927716393,-0.19292298436033875,0.1280250234682324,-0.0728308110068205,1.359643970787595,-0.8750250498819907,1.3532985559361561,-0.3328548627578949,-0.7333077357751641,0.09821516401457141
0.4858914453830948,-0.9445400409228186,2.2511189499730966,0.9756520181937328,-0.18362585871931345,0.1070779686637378,-0.05599580595142267,1.3267861946993822,-1.5858793768016641,0.8692843017010594,-0.24208896626878396,-0.883145810622951,0.16606275588705735
0.42253707366980675,-1.035716650832467,2.259793165775151,0.9721542684796256,-0.20769813311198854,0.10052393436753584,-0.03944173989971748,0.632438126322063,-1.400130507455045,0.1523948898474698,-0.22476028700434728,-0.9503986695743741,0.19882929182679954
0.4179240804146657,-1.0394155472019213,2.250092441032224,0.9753077851886648,-0.20221098834046528,0.0815223075067287,-0.033505319160457535,0.6013704718054876,-1.409359314974563,0.13280146075925,-0.27402488978866657,-0.977393766272905,0.1784517339432583
