0.023,-0.01,0.058,0.998,-0.003,0.027,0.054,0.007,-0.009,-0.0,-0.231,-0.119,0.011
0.023,-0.01,0.059,0.998,-0.005,0.027,0.054,0.011,-0.003,0.016,-0.379,-0.226,0.073
0.023,-0.01,0.059,0.998,-0.007,0.028,0.053,0.014,0.003,0.057,-0.615,-0.124,-0.078
0.024,-0.01,0.061,0.998,-0.014,0.04,0.052,0.016,-0.026,0.043,-0.845,0.892,-0.279
0.026,-0.008,0.069,0.998,-0.003,0.027,0.053,0.041,0.049,0.231,-0.378,-0.51,-0.122
0.028,-0.007,0.083,0.998,0.004,0.016,0.053,0.068,0.039,0.403,0.321,-0.874,-0.05
0.031,-0.004,0.102,0.998,0.005,0.018,0.054,0.114,0.057,0.581,0.428,-0.335,-0.131
0.036,-0.002,0.126,0.998,0.003,0.017,0.055,0.142,0.063,0.705,-0.1,0.085,0.108
0.041,0.001,0.154,0.998,-0.003,0.015,0.055,0.16,0.09,0.867,-0.586,0.044,0.101
0.047,0.004,0.186,0.998,0.005,0.011,0.059,0.175,0.095,0.922,0.366,0.025,0.232
0.054,0.007,0.22,0.998,0.004,0.01,0.054,0.195,0.072,1.029,0.526,-0.668,-0.106
0.061,0.011,0.256,0.998,0.003,0.012,0.055,0.206,0.115,1.078,0.049,0.14,0.019
0.068,0.014,0.291,0.999,0.004,0.001,0.054,0.228,0.106,1.086,0.27,-0.848,-0.108
0.076,0.018,0.326,0.999,0.003,0.007,0.053,0.233,0.111,1.101,-0.054,-0.153,-0.024
0.084,0.022,0.361,0.999,0.004,0.002,0.052,0.232,0.122,1.052,0.114,-0.236,-0.054
0.092,0.026,0.394,0.999,0.014,0.008,0.05,0.233,0.134,0.994,0.992,0.623,-0.242
0.1,0.03,0.43,0.999,0.004,-0.0,0.052,0.252,0.113,1.019,-0.072,0.009,-0.129
0.109,0.035,0.462,0.999,0.005,-0.005,0.05,0.248,0.122,1.0,-0.141,-0.29,-0.205
0.117,0.039,0.492,0.999,0.015,0.011,0.046,0.217,0.115,0.854,0.939,1.417,-0.555
0.126,0.044,0.524,0.999,0.006,-0.007,0.052,0.263,0.145,0.948,-0.628,-0.5,0.607
0.134,0.048,0.553,0.999,0.004,-0.013,0.051,0.261,0.137,0.891,-0.198,-0.563,0.028
0.143,0.053,0.581,0.999,0.006,-0.016,0.051,0.263,0.143,0.883,-0.037,-0.499,-0.1
0.151,0.058,0.607,0.999,0.005,-0.013,0.051,0.254,0.146,0.784,-0.18,0.108,-0.026
0.159,0.063,0.631,0.999,0.006,-0.015,0.051,0.245,0.147,0.749,-0.069,0.018,-0.09
0.167,0.068,0.654,0.999,0.007,-0.018,0.051,0.243,0.157,0.717,0.34,-0.598,-0.094
0.175,0.073,0.676,0.998,0.01,-0.021,0.051,0.252,0.167,0.66,0.146,-0.423,0.045
0.183,0.078,0.696,0.998,0.009,-0.018,0.052,0.232,0.151,0.605,-0.054,0.008,0.168
0.19,0.083,0.714,0.998,0.011,-0.018,0.051,0.235,0.163,0.552,0.098,0.023,0.022
0.197,0.088,0.73,0.999,0.019,-0.007,0.048,0.203,0.164,0.436,0.981,1.139,-0.252
0.205,0.093,0.747,0.999,0.01,-0.02,0.049,0.218,0.154,0.478,-0.194,-0.154,-0.04
0.205,0.093,0.747,0.999,0.01,-0.02,0.049,0.218,0.154,0.478,-0.194,-0.154,-0.04
0.212,0.098,0.761,0.998,0.009,-0.026,0.048,0.209,0.146,0.433,-0.184,-0.423,-0.148
0.224,0.109,0.786,0.998,0.011,-0.028,0.049,0.189,0.155,0.376,0.107,-0.309,0.04
0.224,0.109,0.786,0.998,0.011,-0.028,0.049,0.189,0.155,0.376,0.107,-0.309,0.04
0.236,0.118,0.806,0.998,0.014,-0.026,0.049,0.172,0.138,0.3,0.123,-0.287,0.025
0.241,0.124,0.814,0.999,0.013,-0.022,0.048,0.164,0.143,0.268,-0.121,0.065,-0.011
0.241,0.124,0.814,0.999,0.013,-0.022,0.048,0.164,0.143,0.268,-0.121,0.065,-0.011
0.246,0.128,0.822,0.999,0.013,-0.024,0.047,0.158,0.139,0.259,-0.053,-0.281,-0.11
0.256,0.139,0.835,0.999,0.027,-0.009,0.046,0.131,0.159,0.164,1.156,0.819,-0.162
0.256,0.139,0.835,0.999,0.027,-0.009,0.046,0.131,0.159,0.164,1.156,0.819,-0.162
0.265,0.148,0.851,0.999,0.015,-0.016,0.048,0.137,0.143,0.198,-0.162,-0.055,0.034
0.27,0.152,0.858,0.999,0.011,-0.016,0.046,0.135,0.127,0.235,-0.388,-0.103,-0.136
0.27,0.152,0.858,0.999,0.011,-0.016,0.046,0.135,0.127,0.235,-0.388,-0.103,-0.136
0.274,0.156,0.865,0.999,0.016,-0.015,0.047,0.137,0.132,0.223,0.159,0.121,0.05
0.282,0.165,0.878,0.999,0.016,-0.013,0.046,0.13,0.128,0.201,-0.022,0.062,0.001
0.282,0.165,0.878,0.999,0.016,-0.013,0.046,0.13,0.128,0.201,-0.022,0.062,0.001
0.286,0.168,0.883,0.999,-0.0,0.006,0.047,0.104,0.099,0.102,-1.575,1.856,0.138
0.294,0.176,0.895,0.999,-0.004,0.013,0.05,0.086,0.1,0.084,-1.924,2.097,0.379
0.294,0.176,0.895,0.999,-0.004,0.013,0.05,0.086,0.1,0.084,-1.924,2.097,0.379
0.298,0.18,0.9,0.998,-0.003,0.023,0.055,0.064,0.12,0.029,-1.677,2.946,0.89
0.308,0.186,0.917,0.999,0.03,-0.015,0.043,0.127,0.091,0.187,0.38,-0.251,-0.006
0.308,0.186,0.917,0.999,0.03,-0.015,0.043,0.127,0.091,0.187,0.38,-0.251,-0.006
0.311,0.189,0.921,0.999,0.016,-0.003,0.044,0.103,0.055,0.114,-1.085,1.102,-0.03
0.319,0.193,0.934,0.998,0.036,-0.019,0.042,0.114,0.056,0.169,0.078,-0.012,-0.002
0.319,0.193,0.934,0.998,0.036,-0.019,0.042,0.114,0.056,0.169,0.078,-0.012,-0.002
0.323,0.194,0.94,0.998,0.037,-0.021,0.041,0.11,0.039,0.169,0.204,-0.159,-0.107
0.33,0.195,0.95,0.998,0.036,-0.014,0.041,0.107,0.006,0.16,-0.049,0.064,0.035
0.33,0.195,0.95,0.998,0.036,-0.014,0.041,0.107,0.006,0.16,-0.049,0.064,0.035
0.334,0.195,0.956,0.999,0.031,-0.013,0.042,0.119,-0.011,0.171,-0.272,0.188,0.092
0.341,0.194,0.965,0.999,0.027,-0.011,0.041,0.106,-0.025,0.142,-0.138,-0.162,0.017
0.341,0.194,0.965,0.999,0.027,-0.011,0.041,0.106,-0.025,0.142,-0.138,-0.162,0.017
0.348,0.191,0.972,0.999,0.025,-0.004,0.041,0.113,-0.037,0.097,0.103,0.102,-0.018
0.351,0.189,0.976,0.999,0.021,-0.002,0.04,0.119,-0.045,0.095,0.001,0.096,0.007
0.351,0.189,0.976,0.999,0.021,-0.002,0.04,0.119,-0.045,0.095,0.001,0.096,0.007
0.36,0.185,0.981,0.999,0.017,0.004,0.041,0.135,-0.062,0.084,-0.093,0.082,-0.02
0.364,0.184,0.983,0.999,0.014,0.006,0.041,0.146,-0.055,0.083,0.094,-0.104,-0.025
0.364,0.184,0.983,0.999,0.014,0.006,0.041,0.146,-0.055,0.083,0.094,-0.104,-0.025
0.369,0.182,0.985,0.999,0.01,0.004,0.042,0.149,-0.053,0.066,-0.262,-0.18,-0.01
0.38,0.178,0.989,0.999,0.008,0.009,0.041,0.176,-0.048,0.051,-0.16,0.002,-0.049
0.38,0.178,0.989,0.999,0.008,0.009,0.041,0.176,-0.048,0.051,-0.16,0.002,-0.049
0.387,0.177,0.991,0.999,0.005,0.009,0.042,0.185,-0.048,0.049,-0.095,-0.009,0.014
0.398,0.174,0.992,0.998,-0.018,0.029,0.046,0.161,-0.049,-0.034,-1.708,1.651,0.344
0.398,0.174,0.992,0.998,-0.018,0.029,0.046,0.161,-0.049,-0.034,-1.708,1.651,0.344
0.407,0.174,0.995,0.999,0.004,0.011,0.04,0.229,-0.021,0.07,0.399,-0.279,-0.069
0.422,0.173,0.997,0.999,0.015,0.021,0.037,0.219,0.008,-0.027,1.487,0.907,-0.341
0.422,0.173,0.997,0.999,0.015,0.021,0.037,0.219,0.008,-0.027,1.487,0.907,-0.341
0.431,0.173,1.002,0.999,-0.001,0.007,0.039,0.262,-0.011,0.069,-0.283,-0.126,-0.089
0.449,0.174,1.007,0.999,-0.003,0.002,0.04,0.267,0.025,0.1,0.103,-0.13,-0.009
0.459,0.175,1.01,0.999,-0.003,0.002,0.04,0.275,0.043,0.087,0.348,-0.071,-0.057
0.468,0.176,1.012,0.999,-0.009,0.003,0.04,0.294,0.041,0.089,0.023,0.054,-0.108
0.478,0.179,1.015,0.999,-0.013,0.002,0.041,0.299,0.066,0.088,-0.102,-0.034,0.012
0.478,0.179,1.015,0.999,-0.013,0.002,0.041,0.299,0.066,0.088,-0.102,-0.034,0.012
0.488,0.181,1.017,0.999,-0.016,-0.001,0.04,0.31,0.081,0.083,-0.101,-0.346,-0.037
0.508,0.188,1.022,0.999,-0.016,0.0,0.04,0.309,0.123,0.06,-0.156,0.137,0.04
0.508,0.188,1.022,0.999,-0.016,0.0,0.04,0.309,0.123,0.06,-0.156,0.137,0.04
0.519,0.193,1.024,0.999,-0.013,-0.002,0.04,0.338,0.152,0.087,0.843,-0.716,-0.13
0.54,0.203,1.027,0.999,-0.017,0.001,0.038,0.315,0.166,0.037,0.076,0.25,-0.146
0.54,0.203,1.027,0.999,-0.017,0.001,0.038,0.315,0.166,0.037,0.076,0.25,-0.146
0.553,0.21,1.027,0.998,-0.032,0.011,0.044,0.294,0.178,-0.048,-1.032,1.231,0.323
0.572,0.223,1.031,0.999,-0.02,-0.005,0.038,0.337,0.222,0.035,-0.064,-0.18,-0.125
0.572,0.223,1.031,0.999,-0.02,-0.005,0.038,0.337,0.222,0.035,-0.064,-0.18,-0.125
0.581,0.23,1.031,0.999,-0.019,-0.006,0.04,0.321,0.243,0.016,-0.108,0.099,0.031
0.604,0.249,1.033,0.999,-0.018,-0.011,0.039,0.323,0.276,-0.0,-0.094,0.097,0.038
0.604,0.249,1.033,0.999,-0.018,-0.011,0.039,0.323,0.276,-0.0,-0.094,0.097,0.038
0.614,0.258,1.034,0.999,-0.016,-0.013,0.039,0.311,0.277,0.018,0.007,-0.024,-0.054
0.632,0.279,1.034,0.998,-0.039,-0.015,0.04,0.186,0.33,-0.046,-2.548,0.429,0.223
0.632,0.279,1.034,0.998,-0.039,-0.015,0.04,0.186,0.33,-0.046,-2.548,0.429,0.223
0.647,0.293,1.037,0.999,-0.013,-0.02,0.038,0.303,0.335,0.028,0.108,-0.209,-0.044
0.663,0.314,1.039,0.999,-0.005,-0.021,0.04,0.286,0.37,0.027,0.122,-0.189,0.175
0.663,0.314,1.039,0.999,-0.005,-0.021,0.04,0.286,0.37,0.027,0.122,-0.189,0.175
0.672,0.326,1.038,0.999,-0.019,-0.006,0.039,0.27,0.347,-0.05,-1.441,1.345,0.147
0.689,0.351,1.042,0.999,-0.003,-0.021,0.037,0.245,0.383,0.026,-0.126,0.465,-0.004
0.689,0.351,1.042,0.999,-0.003,-0.021,0.037,0.245,0.383,0.026,-0.126,0.465,-0.004
0.697,0.364,1.043,0.999,0.0,-0.029,0.037,0.196,0.31,0.021,0.025,-0.272,-0.028
0.711,0.389,1.046,0.999,0.001,-0.027,0.035,0.184,0.32,0.082,0.054,-0.205,-0.169
0.711,0.389,1.046,0.999,0.001,-0.027,0.035,0.184,0.32,0.082,0.054,-0.205,-0.169
0.724,0.417,1.048,0.999,0.003,-0.032,0.037,0.183,0.41,0.023,0.148,0.133,0.152
0.73,0.43,1.048,0.999,-0.0,-0.034,0.036,0.169,0.39,0.029,-0.161,0.104,-0.047
0.73,0.43,1.048,0.999,-0.0,-0.034,0.036,0.169,0.39,0.029,-0.161,0.104,-0.047
0.735,0.444,1.049,0.999,-0.0,-0.036,0.036,0.184,0.422,0.031,0.205,-0.473,-0.056
0.743,0.471,1.05,0.999,0.002,-0.034,0.035,0.121,0.418,0.034,0.371,-0.209,-0.094
0.743,0.471,1.05,0.999,0.002,-0.034,0.035,0.121,0.418,0.034,0.371,-0.209,-0.094
0.747,0.485,1.05,0.999,0.001,-0.037,0.035,0.107,0.422,0.002,-0.09,-0.129,0.036
0.752,0.514,1.049,0.999,-0.0,-0.035,0.036,0.066,0.439,-0.01,-0.03,0.019,-0.037
0.752,0.514,1.049,0.999,-0.0,-0.035,0.036,0.066,0.439,-0.01,-0.03,0.019,-0.037
0.754,0.529,1.05,0.999,0.0,-0.037,0.033,0.056,0.427,0.016,-0.085,0.065,-0.123
0.756,0.556,1.05,0.999,0.005,-0.038,0.036,0.046,0.449,0.03,0.176,-0.49,0.271
0.756,0.556,1.05,0.999,0.005,-0.038,0.036,0.046,0.449,0.03,0.176,-0.49,0.271
0.755,0.571,1.051,0.999,0.005,-0.033,0.034,0.012,0.455,0.054,-0.076,0.174,0.052
0.754,0.6,1.05,0.999,0.004,-0.035,0.034,-0.025,0.443,0.022,-0.25,-0.028,0.119
0.754,0.6,1.05,0.999,0.004,-0.035,0.034,-0.025,0.443,0.022,-0.25,-0.028,0.119
0.752,0.614,1.052,0.999,0.003,-0.041,0.035,-0.074,0.428,0.081,-0.414,-0.69,0.246
0.747,0.643,1.051,0.999,0.007,-0.04,0.033,-0.062,0.425,0.021,0.5,0.118,0.025
0.747,0.643,1.051,0.999,0.007,-0.04,0.033,-0.062,0.425,0.021,0.5,0.118,0.025
0.744,0.658,1.052,0.999,0.007,-0.041,0.032,-0.103,0.439,0.019,-0.077,-0.233,-0.066
0.735,0.686,1.052,0.999,0.009,-0.033,0.03,-0.141,0.43,-0.005,0.071,0.988,-0.094
0.735,0.686,1.052,0.999,0.009,-0.033,0.03,-0.141,0.43,-0.005,0.071,0.988,-0.094
0.731,0.701,1.051,0.999,0.011,-0.04,0.03,-0.145,0.441,-0.001,0.098,0.054,-0.099
0.719,0.729,1.051,0.999,0.01,-0.042,0.032,-0.17,0.43,0.004,-0.386,-0.592,0.265
0.713,0.743,1.052,0.999,0.014,-0.045,0.027,-0.175,0.412,0.049,0.734,-1.138,-0.642
0.705,0.757,1.052,0.999,0.012,-0.043,0.029,-0.205,0.413,0.014,0.062,-0.398,-0.211
0.698,0.771,1.052,0.999,0.012,-0.039,0.031,-0.213,0.429,-0.006,0.078,-0.177,-0.17
0.689,0.784,1.053,0.999,0.013,-0.037,0.031,-0.246,0.412,0.007,-0.017,0.143,0.138
0.681,0.798,1.053,0.999,0.014,-0.035,0.028,-0.267,0.407,0.007,0.105,0.346,-0.258
0.671,0.811,1.054,0.999,0.018,-0.038,0.029,-0.291,0.403,0.038,0.398,-0.094,-0.044
0.671,0.811,1.054,0.999,0.018,-0.038,0.029,-0.291,0.403,0.038,0.398,-0.094,-0.044
0.662,0.824,1.055,0.999,0.017,-0.038,0.028,-0.288,0.402,0.029,0.115,-0.118,-0.165
0.641,0.85,1.057,0.999,0.019,-0.039,0.029,-0.321,0.381,0.05,0.239,-0.145,-0.019
0.641,0.85,1.057,0.999,0.019,-0.039,0.029,-0.321,0.381,0.05,0.239,-0.145,-0.019
0.629,0.864,1.057,0.999,0.016,-0.034,0.03,-0.338,0.369,0.015,-0.053,0.203,0.026
0.607,0.887,1.059,0.999,0.016,-0.035,0.028,-0.352,0.368,-0.003,-0.187,0.167,0.013
0.607,0.887,1.059,0.999,0.016,-0.035,0.028,-0.352,0.368,-0.003,-0.187,0.167,0.013
0.593,0.9,1.061,0.999,0.019,-0.036,0.028,-0.376,0.346,0.042,-0.036,-0.072,-0.055
0.569,0.921,1.062,0.999,0.02,-0.032,0.029,-0.395,0.34,0.019,-0.023,0.396,0.094
0.569,0.921,1.062,0.999,0.02,-0.032,0.029,-0.395,0.34,0.019,-0.023,0.396,0.094
0.542,0.943,1.065,0.999,0.024,-0.038,0.026,-0.413,0.32,0.062,0.183,-0.445,-0.166
0.528,0.953,1.066,0.999,0.022,-0.031,0.029,-0.413,0.321,0.02,-0.06,1.549,0.191
0.528,0.953,1.066,0.999,0.022,-0.031,0.029,-0.413,0.321,0.02,-0.06,1.549,0.191
0.513,0.963,1.066,0.999,0.015,-0.021,0.027,-0.437,0.281,-0.037,-0.857,1.395,-0.088
0.483,0.982,1.072,0.998,0.028,-0.04,0.026,-0.456,0.277,0.079,0.324,-0.66,-0.084
0.483,0.982,1.072,0.998,0.028,-0.04,0.026,-0.456,0.277,0.079,0.324,-0.66,-0.084
0.466,0.991,1.073,0.998,0.031,-0.044,0.024,-0.452,0.262,0.078,0.353,-0.535,-0.252
0.436,1.006,1.076,0.998,0.03,-0.04,0.025,-0.475,0.233,0.053,0.074,0.459,-0.124
0.436,1.006,1.076,0.998,0.03,-0.04,0.025,-0.475,0.233,0.053,0.074,0.459,-0.124
0.419,1.013,1.077,0.999,0.03,-0.033,0.026,-0.492,0.222,0.03,-0.054,0.182,0.026
0.385,1.027,1.079,0.999,0.029,-0.03,0.026,-0.518,0.194,0.031,-0.1,0.372,-0.017
0.385,1.027,1.079,0.999,0.029,-0.03,0.026,-0.518,0.194,0.031,-0.1,0.372,-0.017
0.354,1.037,1.08,0.999,0.032,-0.032,0.026,-0.525,0.17,0.003,0.11,0.262,0.023
0.331,1.043,1.082,0.998,0.036,-0.043,0.024,-0.547,0.167,0.054,0.466,-1.4,-0.2
0.331,1.043,1.082,0.998,0.036,-0.043,0.024,-0.547,0.167,0.054,0.466,-1.4,-0.2
0.311,1.048,1.082,0.999,0.033,-0.03,0.026,-0.551,0.131,0.016,0.081,0.255,0.026
0.276,1.055,1.084,0.999,0.031,-0.021,0.024,-0.558,0.109,0.032,-0.072,0.716,-0.091
0.26,1.058,1.084,0.999,0.031,-0.026,0.026,-0.557,0.098,0.037,-0.13,0.056,0.18
0.239,1.06,1.085,0.999,0.032,-0.019,0.025,-0.576,0.08,-0.005,0.109,0.703,0.092
0.22,1.062,1.086,0.999,0.032,-0.015,0.024,-0.566,0.069,0.024,-0.004,0.906,-0.042
0.201,1.064,1.086,0.999,0.029,-0.024,0.023,-0.558,0.038,0.016,-0.317,-0.151,-0.15
0.182,1.065,1.087,0.999,0.033,-0.021,0.024,-0.582,0.038,0.008,0.114,0.158,-0.009
0.163,1.066,1.088,0.999,0.033,-0.021,0.024,-0.575,0.027,0.028,0.02,0.252,0.052
0.163,1.066,1.088,0.999,0.033,-0.021,0.024,-0.575,0.027,0.028,0.02,0.252,0.052
0.144,1.066,1.088,0.999,0.033,-0.024,0.023,-0.573,0.005,0.011,-0.016,-0.025,-0.016
0.107,1.065,1.09,0.999,0.032,-0.019,0.024,-0.565,-0.024,0.008,-0.074,0.252,0.049
0.107,1.065,1.09,0.999,0.032,-0.019,0.024,-0.565,-0.024,0.008,-0.074,0.252,0.049
0.073,1.062,1.091,0.999,0.034,-0.017,0.023,-0.555,-0.055,0.018,0.091,0.311,0.013
0.05,1.06,1.092,0.999,0.033,-0.019,0.022,-0.576,-0.057,0.02,-0.102,0.058,-0.008
0.05,1.06,1.092,0.999,0.033,-0.019,0.022,-0.576,-0.057,0.02,-0.102,0.058,-0.008
0.026,1.056,1.093,0.999,0.033,-0.017,0.022,-0.565,-0.081,0.019,-0.038,0.371,0.017
-0.007,1.05,1.094,0.999,0.035,-0.018,0.021,-0.574,-0.104,0.021,0.161,0.207,-0.099
-0.007,1.05,1.094,0.999,0.035,-0.018,0.021,-0.574,-0.104,0.021,0.161,0.207,-0.099
-0.025,1.046,1.095,0.999,0.034,-0.018,0.021,-0.556,-0.132,0.016,-0.01,0.032,-0.083
-0.062,1.037,1.096,0.999,0.033,-0.019,0.021,-0.569,-0.15,0.026,-0.102,-0.122,0.029
-0.062,1.037,1.096,0.999,0.033,-0.019,0.021,-0.569,-0.15,0.026,-0.102,-0.122,0.029
-0.087,1.029,1.097,0.999,0.032,-0.016,0.021,-0.555,-0.172,0.013,-0.127,0.081,-0.065
-0.117,1.02,1.099,0.999,0.033,-0.016,0.021,-0.549,-0.192,0.013,-0.013,-0.429,0.036
-0.117,1.02,1.099,0.999,0.033,-0.016,0.021,-0.549,-0.192,0.013,-0.013,-0.429,0.036
-0.135,1.013,1.099,0.999,0.032,-0.009,0.021,-0.543,-0.193,0.019,-0.101,0.454,0.016
-0.17,0.999,1.101,0.999,0.033,-0.009,0.02,-0.533,-0.212,0.025,-0.006,0.229,-0.077
-0.17,0.999,1.101,0.999,0.033,-0.009,0.02,-0.533,-0.212,0.025,-0.006,0.229,-0.077
-0.187,0.991,1.101,0.999,0.033,-0.01,0.02,-0.52,-0.234,0.024,0.013,0.032,-0.019
-0.221,0.974,1.103,0.999,0.033,-0.011,0.019,-0.495,-0.265,0.041,0.021,-0.144,-0.106
-0.221,0.974,1.103,0.999,0.033,-0.011,0.019,-0.495,-0.265,0.041,0.021,-0.144,-0.106
-0.237,0.965,1.103,0.999,0.032,-0.009,0.02,-0.504,-0.274,0.009,-0.006,0.056,0.099
-0.27,0.945,1.105,0.999,0.032,-0.007,0.019,-0.489,-0.305,0.016,0.034,0.116,-0.02
-0.27,0.945,1.105,0.999,0.032,-0.007,0.019,-0.489,-0.305,0.016,0.034,0.116,-0.02
-0.285,0.935,1.105,0.999,0.031,-0.003,0.019,-0.488,-0.307,0.006,-0.075,0.504,-0.028
-0.316,0.914,1.107,0.999,0.03,-0.007,0.019,-0.452,-0.329,0.021,-0.122,-0.001,0.021
-0.316,0.914,1.107,0.999,0.03,-0.007,0.019,-0.452,-0.329,0.021,-0.122,-0.001,0.021
-0.345,0.891,1.108,0.999,0.032,-0.007,0.018,-0.45,-0.349,0.006,0.112,0.029,-0.069
-0.359,0.879,1.108,0.999,0.032,-0.006,0.018,-0.427,-0.362,0.007,0.153,0.098,-0.053
-0.359,0.879,1.108,0.999,0.032,-0.006,0.018,-0.427,-0.362,0.007,0.153,0.098,-0.053
-0.387,0.855,1.109,0.999,0.03,-0.006,0.018,-0.407,-0.368,0.017,-0.01,-0.071,0.007
-0.4,0.842,1.109,0.999,0.029,-0.002,0.017,-0.405,-0.38,0.003,0.031,0.273,-0.152
-0.413,0.83,1.109,0.999,0.028,-0.004,0.018,-0.397,-0.392,-0.001,-0.101,0.126,-0.043
-0.426,0.816,1.11,0.999,0.029,-0.006,0.018,-0.379,-0.402,0.004,0.059,-0.133,-0.022
-0.438,0.803,1.11,0.999,0.027,-0.006,0.017,-0.378,-0.411,0.008,0.014,-0.15,-0.099
-0.451,0.789,1.11,0.999,0.027,-0.008,0.017,-0.378,-0.413,-0.005,-0.045,-0.336,0.043
-0.462,0.776,1.11,0.999,0.029,-0.006,0.017,-0.35,-0.412,0.019,0.18,-0.139,-0.013
-0.473,0.761,1.11,0.999,0.027,-0.003,0.017,-0.339,-0.424,-0.006,0.023,-0.017,0.016
-0.484,0.747,1.11,0.999,0.027,-0.003,0.017,-0.329,-0.439,-0.01,0.045,-0.011,0.032
-0.495,0.732,1.11,0.999,0.026,-0.002,0.017,-0.325,-0.437,-0.004,0.093,-0.024,0.072
-0.505,0.718,1.11,1.0,0.025,-0.003,0.017,-0.303,-0.438,-0.003,0.019,-0.207,0.037
-0.515,0.703,1.109,1.0,0.025,-0.001,0.017,-0.298,-0.445,-0.028,0.008,0.004,0.044
-0.525,0.688,1.109,1.0,0.027,-0.004,0.016,-0.289,-0.454,0.0,0.185,-0.215,-0.047
-0.534,0.673,1.109,1.0,0.023,0.0,0.016,-0.282,-0.451,0.011,-0.127,0.128,-0.027
-0.534,0.673,1.109,1.0,0.023,0.0,0.016,-0.282,-0.451,0.011,-0.127,0.128,-0.027
-0.551,0.642,1.108,1.0,0.024,0.003,0.016,-0.259,-0.475,-0.029,-0.015,0.4,0.002
-0.559,0.626,1.108,1.0,0.025,0.002,0.015,-0.245,-0.483,-0.028,0.098,0.224,-0.059
-0.567,0.61,1.108,1.0,0.024,-0.0,0.016,-0.242,-0.487,-0.017,-0.002,0.033,0.045
-0.574,0.594,1.108,1.0,0.025,-0.002,0.016,-0.22,-0.491,-0.006,0.126,-0.219,0.038
-0.581,0.578,1.107,1.0,0.022,-0.002,0.015,-0.219,-0.529,-0.015,-0.374,-0.091,-0.077
-0.584,0.572,1.107,1.0,0.023,0.0,0.015,-0.216,-0.504,-0.028,-0.082,0.08,0.011
-0.594,0.545,1.106,1.0,0.022,0.002,0.015,-0.2,-0.509,-0.019,-0.033,0.241,-0.015
-0.6,0.529,1.106,1.0,0.021,-0.003,0.015,-0.185,-0.51,0.0,-0.078,-0.298,-0.039
-0.6,0.529,1.106,1.0,0.021,-0.003,0.015,-0.185,-0.51,0.0,-0.078,-0.298,-0.039
-0.606,0.51,1.106,1.0,0.023,-0.002,0.014,-0.164,-0.514,-0.0,-0.042,-0.107,-0.026
-0.616,0.479,1.105,1.0,0.024,0.001,0.014,-0.151,-0.507,-0.016,0.133,0.124,-0.008
-0.616,0.479,1.105,1.0,0.024,0.001,0.014,-0.151,-0.507,-0.016,0.133,0.124,-0.008
-0.62,0.462,1.105,1.0,0.021,-0.001,0.015,-0.137,-0.517,-0.002,-0.165,-0.231,0.038
-0.628,0.428,1.104,1.0,0.022,0.002,0.015,-0.115,-0.511,-0.019,-0.018,0.122,0.035
-0.628,0.428,1.104,1.0,0.022,0.002,0.015,-0.115,-0.511,-0.019,-0.018,0.122,0.035
-0.632,0.411,1.103,1.0,0.022,0.001,0.015,-0.113,-0.522,-0.02,0.001,0.05,0.053
-0.638,0.376,1.102,1.0,0.023,0.003,0.013,-0.093,-0.522,-0.02,0.13,0.182,-0.091
-0.638,0.376,1.102,1.0,0.023,0.003,0.013,-0.093,-0.522,-0.02,0.13,0.182,-0.091
-0.642,0.341,1.102,1.0,0.022,0.001,0.012,-0.063,-0.534,-0.003,0.133,0.054,-0.158
-0.644,0.323,1.102,1.0,0.021,0.0,0.013,-0.056,-0.543,-0.008,0.021,0.064,-0.046
-0.644,0.323,1.102,1.0,0.021,0.0,0.013,-0.056,-0.543,-0.008,0.021,0.064,-0.046
-0.646,0.305,1.102,1.0,0.019,-0.002,0.014,-0.055,-0.543,0.01,-0.213,-0.213,0.045
-0.648,0.27,1.102,1.0,0.02,0.002,0.013,-0.036,-0.54,-0.017,0.01,0.194,0.01
-0.648,0.27,1.102,1.0,0.02,0.002,0.013,-0.036,-0.54,-0.017,0.01,0.194,0.01
-0.649,0.252,1.102,1.0,0.02,0.003,0.014,-0.02,-0.535,0.001,0.049,0.19,0.088
-0.649,0.217,1.102,1.0,0.02,0.0,0.013,-0.0,-0.539,-0.013,0.059,-0.004,0.071
-0.649,0.217,1.102,1.0,0.02,0.0,0.013,-0.0,-0.539,-0.013,0.059,-0.004,0.071
-0.649,0.199,1.102,1.0,0.017,0.002,0.012,-0.004,-0.539,-0.008,-0.203,0.163,-0.025
-0.648,0.163,1.103,1.0,0.017,0.001,0.012,0.024,-0.548,0.013,-0.063,-0.015,-0.081
-0.648,0.163,1.103,1.0,0.017,0.001,0.012,0.024,-0.548,0.013,-0.063,-0.015,-0.081
-0.647,0.145,1.103,1.0,0.018,0.0,0.012,0.035,-0.541,0.002,0.025,-0.053,-0.026
-0.644,0.109,1.102,1.0,0.019,0.002,0.012,0.05,-0.545,-0.005,0.169,0.035,0.018
-0.644,0.109,1.102,1.0,0.019,0.002,0.012,0.05,-0.545,-0.005,0.169,0.035,0.018
-0.642,0.092,1.102,1.0,0.018,0.002,0.012,0.056,-0.537,0.003,0.033,0.076,0.042
-0.637,0.056,1.102,1.0,0.016,0.001,0.012,0.074,-0.542,-0.018,-0.169,0.001,-0.031
-0.637,0.056,1.102,1.0,0.016,0.001,0.012,0.074,-0.542,-0.018,-0.169,0.001,-0.031
-0.634,0.038,1.102,1.0,0.016,0.002,0.012,0.089,-0.548,-0.006,-0.024,-0.106,0.033
-0.628,0.003,1.101,1.0,0.016,-0.0,0.012,0.096,-0.536,-0.003,0.131,-0.383,0.024
-0.628,0.003,1.101,1.0,0.016,-0.0,0.012,0.096,-0.536,-0.003,0.131,-0.383,0.024
-0.624,-0.017,1.101,1.0,0.017,0.004,0.011,0.099,-0.519,-0.006,0.05,0.013,-0.063
-0.616,-0.05,1.099,1.0,0.008,0.008,0.011,0.126,-0.548,-0.056,-0.644,0.351,0.014
-0.616,-0.05,1.099,1.0,0.008,0.008,0.011,0.126,-0.548,-0.056,-0.644,0.351,0.014
-0.611,-0.069,1.1,1.0,0.014,0.004,0.011,0.138,-0.52,-0.016,0.113,-0.029,0.033
-0.601,-0.101,1.099,1.0,0.014,0.001,0.012,0.161,-0.511,0.001,0.012,-0.518,0.062
-0.601,-0.101,1.099,1.0,0.014,0.001,0.012,0.161,-0.511,0.001,0.012,-0.518,0.062
-0.589,-0.135,1.099,1.0,0.015,0.003,0.011,0.191,-0.503,-0.008,0.098,-0.121,0.074
-0.583,-0.152,1.098,1.0,0.012,0.009,0.01,0.195,-0.508,0.008,0.137,-0.13,-0.21
-0.576,-0.168,1.099,1.0,0.013,0.009,0.011,0.212,-0.499,0.006,0.045,0.165,0.023
-0.569,-0.185,1.098,1.0,0.012,0.007,0.011,0.215,-0.499,-0.012,0.03,-0.091,-0.055
-0.562,-0.201,1.098,1.0,0.012,0.006,0.012,0.227,-0.503,-0.006,0.006,-0.208,0.081
-0.562,-0.201,1.098,1.0,0.012,0.006,0.012,0.227,-0.503,-0.006,0.006,-0.208,0.081
-0.555,-0.215,1.098,1.0,0.011,0.006,0.01,0.233,-0.5,0.002,-0.098,-0.213,-0.097
-0.543,-0.24,1.097,1.0,0.011,0.007,0.011,0.258,-0.484,-0.004,-0.017,-0.085,-0.002
-0.531,-0.262,1.097,1.0,0.01,0.007,0.011,0.26,-0.476,-0.016,-0.003,-0.005,0.049
-0.528,-0.265,1.097,1.0,0.013,0.007,0.011,0.272,-0.477,-0.012,0.266,-0.014,0.064
-0.51,-0.297,1.095,1.0,0.009,0.009,0.011,0.287,-0.469,-0.026,-0.011,0.221,0.001
-0.501,-0.31,1.095,1.0,0.007,0.007,0.011,0.292,-0.455,-0.01,-0.096,-0.135,0.016
-0.49,-0.327,1.095,1.0,0.005,0.012,0.01,0.309,-0.453,-0.008,-0.193,0.477,-0.101
-0.479,-0.342,1.094,1.0,0.007,0.007,0.01,0.322,-0.459,-0.015,0.07,-0.102,-0.06
-0.473,-0.349,1.094,1.0,0.007,0.005,0.011,0.325,-0.441,-0.007,0.05,-0.243,0.004
-0.457,-0.37,1.094,1.0,0.004,0.007,0.01,0.342,-0.423,0.004,-0.235,0.243,-0.046
-0.445,-0.385,1.093,1.0,0.006,0.007,0.009,0.352,-0.433,-0.022,-0.035,0.167,-0.113
-0.439,-0.392,1.093,1.0,0.007,0.003,0.011,0.348,-0.427,-0.01,0.182,-0.31,0.084
-0.422,-0.412,1.093,1.0,-0.001,0.005,0.006,0.327,-0.415,0.051,-0.569,-0.071,-0.345
-0.409,-0.425,1.091,1.0,0.005,0.004,0.012,0.385,-0.403,-0.004,-0.084,-0.243,0.189
-0.409,-0.425,1.091,1.0,0.005,0.004,0.012,0.385,-0.403,-0.004,-0.084,-0.243,0.189
-0.398,-0.437,1.091,1.0,0.005,0.006,0.01,0.383,-0.395,-0.019,-0.031,0.032,0.056
-0.375,-0.459,1.089,1.0,0.004,0.004,0.009,0.406,-0.4,-0.022,-0.278,-0.324,-0.115
-0.361,-0.472,1.088,1.0,0.006,0.003,0.011,0.408,-0.38,-0.03,0.102,-0.239,0.057
-0.356,-0.476,1.088,1.0,0.002,0.007,0.007,0.416,-0.365,-0.036,-0.255,0.081,-0.176
-0.328,-0.5,1.086,1.0,0.003,0.01,0.01,0.433,-0.358,-0.043,-0.043,0.21,0.035
-0.328,-0.5,1.086,1.0,0.003,0.01,0.01,0.433,-0.358,-0.043,-0.043,0.21,0.035
-0.315,-0.512,1.086,1.0,-0.001,0.007,0.005,0.41,-0.359,0.026,-0.671,-0.243,-0.397
-0.285,-0.534,1.084,1.0,0.004,0.008,0.01,0.445,-0.323,-0.016,-0.022,-0.026,0.092
-0.285,-0.534,1.084,1.0,0.004,0.008,0.01,0.445,-0.323,-0.016,-0.022,-0.026,0.092
-0.271,-0.544,1.083,1.0,0.002,0.007,0.009,0.462,-0.332,-0.025,-0.249,0.293,-0.109
-0.246,-0.562,1.081,1.0,0.005,0.008,0.01,0.47,-0.338,-0.037,-0.117,0.322,0.077
-0.227,-0.574,1.08,1.0,0.003,0.005,0.009,0.463,-0.303,-0.018,-0.148,-0.021,-0.059
-0.223,-0.577,1.08,1.0,0.004,0.002,0.008,0.476,-0.326,-0.036,0.058,-0.357,-0.069
-0.191,-0.597,1.078,1.0,0.002,0.004,0.008,0.483,-0.298,-0.03,-0.204,0.081,-0.206
-0.191,-0.597,1.078,1.0,0.002,0.004,0.008,0.483,-0.298,-0.03,-0.204,0.081,-0.206
-0.174,-0.606,1.077,1.0,0.0,0.004,0.009,0.507,-0.281,-0.023,-0.315,0.189,0.006
-0.142,-0.624,1.076,1.0,0.002,0.003,0.009,0.501,-0.276,-0.024,0.142,0.266,-0.042
-0.142,-0.624,1.076,1.0,0.002,0.003,0.009,0.501,-0.276,-0.024,0.142,0.266,-0.042
-0.125,-0.632,1.076,1.0,0.0,-0.001,0.012,0.511,-0.242,0.006,-0.069,-0.058,0.272
-0.092,-0.649,1.072,0.999,-0.015,0.023,0.017,0.468,-0.239,-0.12,-1.307,2.068,0.599
-0.092,-0.649,1.072,0.999,-0.015,0.023,0.017,0.468,-0.239,-0.12,-1.307,2.068,0.599
-0.06,-0.663,1.074,1.0,0.003,-0.003,0.008,0.503,-0.241,-0.018,0.336,-0.003,-0.085
-0.042,-0.672,1.072,1.0,-0.022,0.013,0.012,0.458,-0.255,-0.122,-2.369,2.154,0.22
-0.042,-0.672,1.072,1.0,-0.022,0.013,0.012,0.458,-0.255,-0.122,-2.369,2.154,0.22
-0.023,-0.679,1.076,1.0,0.007,-0.018,0.012,0.448,-0.217,0.097,0.784,-1.141,0.017
0.009,-0.691,1.075,1.0,0.006,-0.013,0.009,0.491,-0.206,0.03,-0.045,-0.248,-0.052
0.009,-0.691,1.075,1.0,0.006,-0.013,0.009,0.491,-0.206,0.03,-0.045,-0.248,-0.052
0.025,-0.697,1.077,1.0,0.003,-0.013,0.008,0.513,-0.177,0.012,-0.332,0.052,-0.197
0.058,-0.709,1.079,1.0,0.004,-0.017,0.006,0.489,-0.199,0.025,-0.349,0.146,-0.211
0.058,-0.709,1.079,1.0,0.004,-0.017,0.006,0.489,-0.199,0.025,-0.349,0.146,-0.211
0.073,-0.715,1.08,1.0,0.002,-0.015,0.007,0.481,-0.178,0.016,-0.294,0.036,0.012
0.104,-0.726,1.081,1.0,0.002,-0.008,0.008,0.482,-0.173,0.025,0.104,0.019,0.101
0.104,-0.726,1.081,1.0,0.002,-0.008,0.008,0.482,-0.173,0.025,0.104,0.019,0.101
0.118,-0.731,1.081,1.0,-0.018,0.011,0.013,0.399,-0.168,-0.071,-1.971,2.127,0.49
0.147,-0.74,1.084,1.0,-0.007,-0.009,0.004,0.378,-0.113,0.02,-0.442,0.023,-0.264
0.147,-0.74,1.084,1.0,-0.007,-0.009,0.004,0.378,-0.113,0.02,-0.442,0.023,-0.264
0.163,-0.743,1.085,1.0,0.001,-0.014,0.01,0.449,-0.117,0.044,0.121,-0.346,0.086
0.194,-0.752,1.086,1.0,-0.0,-0.01,0.008,0.449,-0.113,0.016,-0.193,0.077,-0.141
0.207,-0.755,1.085,1.0,0.005,-0.005,0.009,0.455,-0.098,-0.02,0.307,0.605,0.083
0.218,-0.76,1.075,0.995,0.068,0.068,-0.028,0.254,-0.143,-0.476,5.974,6.339,-3.239
0.238,-0.762,1.086,1.0,-0.003,-0.01,0.006,0.481,-0.102,0.06,-0.623,-1.162,-0.078
0.238,-0.762,1.086,1.0,-0.003,-0.01,0.006,0.481,-0.102,0.06,-0.623,-1.162,-0.078
0.249,-0.764,1.085,1.0,-0.026,-0.001,0.014,0.445,-0.074,0.004,-2.655,-0.236,1.192
0.279,-0.767,1.089,0.999,-0.026,-0.026,0.01,0.431,-0.039,0.035,-0.487,-0.298,0.048
0.279,-0.767,1.089,0.999,-0.026,-0.026,0.01,0.431,-0.039,0.035,-0.487,-0.298,0.048
0.288,-0.767,1.093,0.999,-0.021,-0.025,0.01,0.25,-0.005,0.234,-0.118,0.975,0.301
0.318,-0.766,1.093,1.0,-0.019,-0.02,0.011,0.411,0.033,0.041,0.286,-0.054,0.361
0.318,-0.766,1.093,1.0,-0.019,-0.02,0.011,0.411,0.033,0.041,0.286,-0.054,0.361
0.328,-0.765,1.093,1.0,-0.02,-0.017,0.008,0.373,0.035,0.016,0.293,-0.205,-0.192
0.351,-0.76,1.086,0.999,0.023,-0.026,0.004,0.225,0.037,-0.254,3.686,-1.181,-0.299
0.358,-0.758,1.092,1.0,-0.017,-0.018,0.01,0.347,0.118,0.046,-0.877,0.167,0.663
0.378,-0.752,1.087,1.0,-0.025,-0.016,0.007,0.402,0.099,-0.087,-0.278,0.259,-0.001
0.39,-0.746,1.085,0.999,-0.031,-0.003,0.008,0.359,0.152,-0.073,-0.336,0.607,0.128
0.39,-0.746,1.085,0.999,-0.031,-0.003,0.008,0.359,0.152,-0.073,-0.336,0.607,0.128
0.399,-0.742,1.084,1.0,-0.021,-0.007,0.01,0.278,0.12,-0.051,0.153,-0.064,0.148
0.425,-0.727,1.079,1.0,-0.023,-0.008,0.007,0.512,0.243,0.125,-2.231,-2.677,1.228
0.432,-0.721,1.079,1.0,-0.031,-0.001,0.001,0.323,0.237,0.057,-0.966,-0.179,-0.098
0.448,-0.71,1.077,1.0,-0.017,-0.001,0.01,0.348,0.274,0.035,-0.02,-0.562,0.752
0.46,-0.701,1.074,1.0,-0.015,0.001,0.007,0.405,0.308,-0.075,0.26,-0.091,0.042
0.469,-0.693,1.065,1.0,0.02,0.008,-0.015,0.204,0.226,-0.386,3.353,0.3,-1.723
0.484,-0.681,1.07,1.0,-0.011,-0.001,0.011,0.411,0.391,0.049,-0.246,-0.628,1.018
0.493,-0.673,1.059,1.0,-0.005,-0.009,0.018,0.188,0.237,-0.396,1.604,-0.854,0.926
0.493,-0.673,1.059,1.0,-0.005,-0.009,0.018,0.188,0.237,-0.396,1.604,-0.854,0.926
0.509,-0.66,1.064,1.0,-0.021,0.001,0.005,0.417,0.353,-0.054,-0.194,0.047,-0.153
0.538,-0.633,1.062,1.0,-0.025,0.005,0.01,0.469,0.398,-0.011,-0.584,-0.186,0.592
0.538,-0.633,1.062,1.0,-0.025,0.005,0.01,0.469,0.398,-0.011,-0.584,-0.186,0.592
0.549,-0.621,1.063,1.0,-0.022,0.01,0.004,0.39,0.369,0.119,-1.232,-0.098,0.086
0.578,-0.58,1.094,0.328,0.942,-0.031,-0.064,0.368,0.966,1.322,86.987,-2.288,-5.917
0.578,-0.58,1.094,0.328,0.942,-0.031,-0.064,0.368,0.966,1.322,86.987,-2.288,-5.917
0.592,-0.578,1.067,1.0,-0.015,0.004,0.003,0.513,0.413,-0.053,-6.637,-0.343,0.768
0.627,-0.539,1.09,0.997,-0.063,0.013,-0.038,0.604,0.67,0.748,-8.213,-1.357,-5.546
0.627,-0.539,1.09,0.997,-0.063,0.013,-0.038,0.604,0.67,0.748,-8.213,-1.357,-5.546
0.639,-0.52,1.11,0.989,-0.002,0.094,-0.113,0.408,0.578,0.596,3.062,4.18,-5.967
0.685,-0.474,1.193,0.988,-0.012,0.057,-0.142,0.719,0.701,1.35,3.236,-0.504,-1.545
0.685,-0.474,1.193,0.988,-0.012,0.057,-0.142,0.719,0.701,1.35,3.236,-0.504,-1.545
0.709,-0.45,1.242,0.985,0.001,0.048,-0.164,0.731,0.69,1.57,1.749,-1.291,-1.52
0.76,-0.401,1.331,0.982,0.024,0.041,-0.183,0.8,0.708,1.346,1.189,-0.987,-0.643
0.76,-0.401,1.331,0.982,0.024,0.041,-0.183,0.8,0.708,1.346,1.189,-0.987,-0.643
0.786,-0.377,1.367,0.981,0.022,0.032,-0.188,0.817,0.707,1.173,0.6,-1.726,-0.457
0.839,-0.33,1.417,0.981,0.023,0.036,-0.191,0.813,0.713,0.694,0.508,-0.463,-0.256
0.839,-0.33,1.417,0.981,0.023,0.036,-0.191,0.813,0.713,0.694,0.508,-0.463,-0.256
0.865,-0.308,1.434,0.98,0.019,0.027,-0.196,0.807,0.641,0.569,0.151,-0.755,-0.506
0.92,-0.262,1.442,0.981,0.029,0.032,-0.191,0.841,0.686,0.08,1.163,0.052,-0.261
0.92,-0.262,1.442,0.981,0.029,0.032,-0.191,0.841,0.686,0.08,1.163,0.052,-0.261
0.951,-0.238,1.439,0.982,0.02,0.021,-0.188,0.833,0.662,-0.101,-0.252,0.09,0.215
1.001,-0.198,1.416,0.981,-0.004,0.015,-0.193,0.791,0.624,-0.429,-2.856,-0.741,-0.706
1.001,-0.198,1.416,0.981,-0.004,0.015,-0.193,0.791,0.624,-0.429,-2.856,-0.741,-0.706
1.029,-0.177,1.401,0.982,0.019,-0.008,-0.188,0.844,0.61,-0.445,-0.299,-1.483,0.157
1.084,-0.137,1.358,0.981,0.036,-0.017,-0.189,0.862,0.589,-0.616,1.558,-1.121,-0.38
1.084,-0.137,1.358,0.981,0.036,-0.017,-0.189,0.862,0.589,-0.616,1.558,-1.121,-0.38
1.111,-0.117,1.334,0.982,0.041,-0.014,-0.185,0.838,0.583,-0.705,1.056,-0.241,-0.18
1.163,-0.08,1.284,0.982,0.039,-0.026,-0.183,0.799,0.523,-0.701,0.865,-1.14,-0.343
1.163,-0.08,1.284,0.982,0.039,-0.026,-0.183,0.799,0.523,-0.701,0.865,-1.14,-0.343
1.188,-0.062,1.257,0.983,0.027,-0.025,-0.177,0.776,0.544,-0.798,-0.793,-0.99,0.279
1.238,-0.029,1.213,0.983,0.029,-0.027,-0.178,0.754,0.501,-0.647,0.546,-0.634,-0.123
1.238,-0.029,1.213,0.983,0.029,-0.027,-0.178,0.754,0.501,-0.647,0.546,-0.634,-0.123
1.263,-0.012,1.19,0.984,0.008,-0.011,-0.175,0.683,0.44,-0.622,-2.471,0.434,0.182
1.305,0.016,1.159,0.984,0.025,-0.017,-0.177,0.653,0.44,-0.518,0.202,1.303,0.006
1.305,0.016,1.159,0.984,0.025,-0.017,-0.177,0.653,0.44,-0.518,0.202,1.303,0.006
1.327,0.03,1.146,0.983,0.033,-0.039,-0.176,0.638,0.412,-0.403,-0.203,-0.336,0.135
1.364,0.056,1.124,0.984,0.022,-0.038,-0.172,0.583,0.37,-0.313,0.245,-0.088,-0.012
1.364,0.056,1.124,0.984,0.022,-0.038,-0.172,0.583,0.37,-0.313,0.245,-0.088,-0.012
1.382,0.069,1.113,0.986,0.012,-0.025,-0.167,0.457,0.345,-0.298,-1.482,1.328,0.476
1.413,0.092,1.098,0.984,0.018,-0.053,-0.167,0.443,0.354,-0.256,-1.045,-0.22,0.496
1.413,0.092,1.098,0.984,0.018,-0.053,-0.167,0.443,0.354,-0.256,-1.045,-0.22,0.496
1.426,0.103,1.091,0.982,0.027,-0.067,-0.172,0.382,0.308,-0.217,-1.098,-0.794,0.087
1.448,0.125,1.082,0.985,0.011,-0.072,-0.157,0.339,0.305,-0.114,-3.1,-0.473,1.46
1.448,0.125,1.082,0.985,0.011,-0.072,-0.157,0.339,0.305,-0.114,-3.1,-0.473,1.46
1.455,0.134,1.079,0.981,0.037,-0.086,-0.169,0.265,0.304,-0.01,0.839,-1.658,-0.407
1.464,0.152,1.07,0.977,0.054,-0.124,-0.166,-0.005,0.209,-0.06,1.9,-3.538,-0.091
1.464,0.152,1.07,0.977,0.054,-0.124,-0.166,-0.005,0.209,-0.06,1.9,-3.538,-0.091
1.472,0.162,1.07,0.981,0.031,-0.101,-0.165,0.138,0.143,0.074,-1.061,-2.059,-1.692
1.47,0.177,1.056,0.985,-0.027,0.004,-0.172,-0.15,0.106,-0.425,-8.481,5.883,-0.298
1.47,0.177,1.056,0.985,-0.027,0.004,-0.172,-0.15,0.106,-0.425,-8.481,5.883,-0.298
1.47,0.187,1.053,0.989,-0.017,0.025,-0.143,-0.158,0.274,-0.45,-5.791,7.277,2.631
1.466,0.201,1.054,0.988,0.002,0.003,-0.157,-0.114,0.27,-0.232,-2.855,5.501,1.309
1.466,0.201,1.054,0.988,0.002,0.003,-0.157,-0.114,0.27,-0.232,-2.855,5.501,1.309
1.463,0.205,1.062,0.98,0.036,-0.088,-0.174,-0.109,0.134,0.157,1.516,-2.883,-0.547
1.449,0.217,1.058,0.98,0.033,-0.099,-0.17,-0.229,0.154,-0.143,-2.073,-0.792,0.033
1.449,0.217,1.058,0.98,0.033,-0.099,-0.17,-0.229,0.154,-0.143,-2.073,-0.792,0.033
1.448,0.219,1.056,0.16,0.032,-0.076,0.984,0.021,0.034,-0.033,6.183,0.005,76.783
1.416,0.228,1.043,0.981,0.01,-0.091,-0.174,-0.421,0.012,-0.148,-4.99,0.437,-0.918
1.416,0.228,1.043,0.981,0.01,-0.091,-0.174,-0.421,0.012,-0.148,-4.99,0.437,-0.918
1.402,0.232,1.041,0.977,0.043,-0.109,-0.179,-0.411,0.056,0.024,1.389,-2.934,-1.454
1.368,0.237,1.029,0.979,0.047,-0.076,-0.181,-0.529,0.033,-0.093,0.35,1.071,-0.346
1.346,0.238,1.027,0.98,0.04,-0.067,-0.181,-0.624,0.009,-0.061,-0.798,0.847,-0.192
1.325,0.238,1.029,0.979,0.041,-0.078,-0.184,-0.683,-0.013,-0.035,-1.49,0.358,0.069
1.301,0.237,1.032,0.977,0.051,-0.092,-0.187,-0.69,-0.021,0.083,0.565,-1.278,-0.242
1.301,0.237,1.032,0.977,0.051,-0.092,-0.187,-0.69,-0.021,0.083,0.565,-1.278,-0.242
1.276,0.236,1.032,0.976,0.034,-0.095,-0.191,-0.74,-0.045,-0.009,-0.772,-1.299,-0.32
1.222,0.233,1.033,0.981,0.029,-0.061,-0.183,-0.83,-0.062,-0.006,-0.861,0.571,0.341
1.222,0.233,1.033,0.981,0.029,-0.061,-0.183,-0.83,-0.062,-0.006,-0.861,0.571,0.341
1.194,0.23,1.032,0.98,0.022,-0.058,-0.189,-0.84,-0.094,-0.032,-0.788,0.205,-0.313
1.136,0.225,1.025,0.98,0.016,-0.057,-0.192,-0.849,-0.146,-0.027,0.131,-1.721,-0.883
1.136,0.225,1.025,0.98,0.016,-0.057,-0.192,-0.849,-0.146,-0.027,0.131,-1.721,-0.883
1.106,0.224,1.018,0.982,0.013,-0.045,-0.185,-0.888,-0.07,-0.136,-0.081,-0.212,0.041
1.046,0.219,1.005,0.982,0.004,-0.036,-0.185,-0.922,-0.074,-0.213,-0.452,0.487,-0.068
1.046,0.219,1.005,0.982,0.004,-0.036,-0.185,-0.922,-0.074,-0.213,-0.452,0.487,-0.068
1.015,0.218,0.996,0.982,0.01,-0.015,-0.186,-0.92,-0.054,-0.263,1.131,0.821,-0.691
0.954,0.214,0.982,0.982,-0.005,-0.027,-0.185,-0.931,-0.021,-0.237,0.141,-0.316,-0.099
0.954,0.214,0.982,0.982,-0.005,-0.027,-0.185,-0.931,-0.021,-0.237,0.141,-0.316,-0.099
0.925,0.213,0.976,0.983,-0.016,-0.024,-0.181,-0.893,-0.023,-0.194,-0.068,-0.499,0.133
0.866,0.213,0.965,0.983,-0.024,-0.012,-0.181,-0.857,-0.015,-0.089,0.441,-0.686,-0.458
0.866,0.213,0.965,0.983,-0.024,-0.012,-0.181,-0.857,-0.015,-0.089,0.441,-0.686,-0.458
0.833,0.214,0.961,0.983,-0.028,-0.007,-0.18,-0.866,0.032,-0.091,-0.176,0.003,-0.014
0.781,0.218,0.957,0.983,-0.034,-0.003,-0.18,-0.802,0.062,-0.037,-0.267,-0.373,-0.265
0.781,0.218,0.957,0.983,-0.034,-0.003,-0.18,-0.802,0.062,-0.037,-0.267,-0.373,-0.265
0.753,0.222,0.955,0.984,-0.037,0.005,-0.175,-0.843,0.122,-0.042,-0.35,0.166,0.182
0.703,0.231,0.957,0.984,-0.035,0.003,-0.177,-0.749,0.154,0.048,0.089,0.036,0.001
0.703,0.231,0.957,0.984,-0.035,0.003,-0.177,-0.749,0.154,0.048,0.089,0.036,0.001
0.679,0.237,0.96,0.983,-0.035,0.002,-0.178,-0.741,0.186,0.067,0.108,-0.191,-0.018
0.633,0.252,0.968,0.984,-0.033,0.006,-0.175,-0.682,0.221,0.154,0.295,-0.008,0.008
0.633,0.252,0.968,0.984,-0.033,0.006,-0.175,-0.682,0.221,0.154,0.295,-0.008,0.008
0.611,0.261,0.973,0.984,-0.035,0.005,-0.176,-0.656,0.267,0.166,-0.037,-0.091,-0.007
0.57,0.282,0.982,0.985,-0.041,0.025,-0.168,-0.632,0.333,0.106,-0.729,1.312,0.516
0.57,0.282,0.982,0.985,-0.041,0.025,-0.168,-0.632,0.333,0.106,-0.729,1.312,0.516
0.552,0.293,0.991,0.984,-0.034,0.009,-0.172,-0.573,0.344,0.19,0.125,-0.017,0.043
0.516,0.317,1.003,0.985,-0.028,0.004,-0.172,-0.52,0.386,0.198,0.605,-0.329,-0.151
0.516,0.317,1.003,0.985,-0.028,0.004,-0.172,-0.52,0.386,0.198,0.605,-0.329,-0.151
0.483,0.344,1.016,0.985,-0.026,0.001,-0.171,-0.489,0.41,0.18,0.037,0.077,-0.059
0.467,0.358,1.022,0.985,-0.022,-0.0,-0.171,-0.469,0.426,0.183,0.352,0.409,-0.063
0.455,0.37,1.024,0.986,-0.031,0.015,-0.164,-0.481,0.441,0.107,-0.857,1.241,0.549
0.438,0.388,1.032,0.985,-0.02,-0.002,-0.169,-0.447,0.463,0.153,0.243,-0.129,-0.042
0.424,0.404,1.036,0.986,-0.018,-0.005,-0.168,-0.406,0.473,0.152,0.442,-0.495,-0.077
0.41,0.42,1.041,0.986,-0.017,-0.008,-0.167,-0.411,0.483,0.142,0.12,-0.55,0.009
0.397,0.436,1.043,0.986,-0.013,-0.005,-0.167,-0.398,0.481,0.098,0.05,0.12,-0.002
0.384,0.453,1.046,0.986,-0.012,-0.009,-0.168,-0.395,0.5,0.089,0.131,-0.163,-0.156
0.373,0.468,1.048,0.986,-0.01,-0.007,-0.166,-0.367,0.496,0.076,0.113,-0.097,-0.075
0.359,0.488,1.051,0.986,-0.004,-0.008,-0.165,-0.364,0.53,0.075,0.418,0.085,0.022
0.348,0.505,1.052,0.986,-0.001,-0.01,-0.165,-0.355,0.528,0.039,0.381,-0.088,-0.069
0.348,0.505,1.052,0.986,-0.001,-0.01,-0.165,-0.355,0.528,0.039,0.381,-0.088,-0.069
0.336,0.522,1.053,0.986,-0.003,-0.01,-0.164,-0.349,0.531,0.018,-0.1,0.013,0.005
0.314,0.557,1.055,0.987,0.006,-0.008,-0.163,-0.336,0.516,0.029,0.401,0.323,-0.017
0.303,0.575,1.055,0.988,-0.002,0.005,-0.157,-0.366,0.532,-0.041,-0.773,1.403,0.565
0.293,0.592,1.058,0.987,0.007,-0.01,-0.161,-0.318,0.532,0.045,0.28,0.048,-0.026
0.283,0.609,1.058,0.987,0.008,-0.016,-0.161,-0.323,0.52,0.028,0.057,-0.291,0.012
0.283,0.609,1.058,0.987,0.008,-0.016,-0.161,-0.323,0.52,0.028,0.057,-0.291,0.012
0.273,0.626,1.059,0.987,0.012,-0.013,-0.16,-0.302,0.524,0.013,0.068,0.196,0.069
0.253,0.66,1.059,0.987,0.017,-0.014,-0.159,-0.291,0.492,0.01,0.225,0.181,0.026
0.253,0.66,1.059,0.987,0.017,-0.014,-0.159,-0.291,0.492,0.01,0.225,0.181,0.026
0.236,0.686,1.06,0.987,0.021,-0.017,-0.158,-0.298,0.489,0.011,0.31,-0.04,0.043
0.223,0.708,1.058,0.988,0.014,-0.006,-0.153,-0.312,0.489,-0.074,-0.95,1.16,0.46
0.223,0.708,1.058,0.988,0.014,-0.006,-0.153,-0.312,0.489,-0.074,-0.95,1.16,0.46
0.202,0.737,1.06,0.987,0.027,-0.024,-0.156,-0.306,0.445,0.011,0.345,-0.476,-0.038
0.192,0.752,1.06,0.987,0.031,-0.025,-0.156,-0.312,0.431,-0.012,0.237,-0.055,-0.067
0.192,0.752,1.06,0.987,0.031,-0.025,-0.156,-0.312,0.431,-0.012,0.237,-0.055,-0.067
0.18,0.767,1.059,0.987,0.033,-0.027,-0.154,-0.318,0.408,-0.007,0.163,-0.166,0.032
0.16,0.791,1.057,0.989,0.026,-0.006,-0.148,-0.349,0.399,-0.082,-0.71,1.488,0.471
0.16,0.791,1.057,0.989,0.026,-0.006,-0.148,-0.349,0.399,-0.082,-0.71,1.488,0.471
0.138,0.813,1.059,0.987,0.041,-0.028,-0.153,-0.328,0.308,0.059,0.842,-0.864,-0.309
0.126,0.823,1.059,0.987,0.043,-0.027,-0.15,-0.344,0.307,0.0,0.374,-0.017,0.161
0.126,0.823,1.059,0.987,0.043,-0.027,-0.15,-0.344,0.307,0.0,0.374,-0.017,0.161
0.114,0.832,1.06,0.987,0.043,-0.031,-0.152,-0.374,0.284,0.016,0.084,-0.037,0.043
0.088,0.849,1.06,0.988,0.037,-0.023,-0.149,-0.395,0.246,-0.032,-0.577,0.436,0.108
0.088,0.849,1.06,0.988,0.037,-0.023,-0.149,-0.395,0.246,-0.032,-0.577,0.436,0.108
0.062,0.863,1.062,0.989,0.036,-0.014,-0.144,-0.438,0.211,-0.055,-1.034,1.454,0.497
0.048,0.868,1.065,0.987,0.046,-0.031,-0.149,-0.409,0.163,0.053,0.196,-0.352,-0.006
0.048,0.868,1.065,0.987,0.046,-0.031,-0.149,-0.409,0.163,0.053,0.196,-0.352,-0.006
0.034,0.873,1.067,0.987,0.05,-0.03,-0.148,-0.427,0.147,0.053,-0.164,0.246,0.264
0.005,0.879,1.07,0.987,0.051,-0.03,-0.147,-0.443,0.082,0.061,0.005,0.077,0.04
0.005,0.879,1.07,0.987,0.051,-0.03,-0.147,-0.443,0.082,0.061,0.005,0.077,0.04
-0.01,0.881,1.072,0.988,0.05,-0.029,-0.146,-0.441,0.059,0.076,0.189,-0.217,-0.007
-0.041,0.883,1.075,0.988,0.053,-0.025,-0.145,-0.483,0.024,0.044,0.122,0.389,0.11
-0.041,0.883,1.075,0.988,0.053,-0.025,-0.145,-0.483,0.024,0.044,0.122,0.389,0.11
-0.057,0.882,1.077,0.988,0.05,-0.027,-0.145,-0.475,-0.029,0.06,0.104,-0.247,0.004
-0.09,0.878,1.08,0.988,0.048,-0.023,-0.144,-0.499,-0.069,0.055,-0.048,0.125,0.025
-0.09,0.878,1.08,0.988,0.048,-0.023,-0.144,-0.499,-0.069,0.055,-0.048,0.125,0.025
-0.107,0.875,1.081,0.988,0.047,-0.023,-0.143,-0.51,-0.101,0.042,-0.121,0.072,0.072
-0.14,0.866,1.084,0.989,0.046,-0.02,-0.142,-0.51,-0.143,0.036,0.007,0.062,0.04
-0.14,0.866,1.084,0.989,0.046,-0.02,-0.142,-0.51,-0.143,0.036,0.007,0.062,0.04
-0.159,0.86,1.084,0.989,0.045,-0.019,-0.141,-0.5,-0.163,0.035,0.074,-0.288,-0.091
-0.191,0.848,1.086,0.989,0.044,-0.017,-0.141,-0.506,-0.202,0.042,0.063,-0.199,-0.089
-0.191,0.848,1.086,0.989,0.044,-0.017,-0.141,-0.506,-0.202,0.042,0.063,-0.199,-0.089
-0.211,0.839,1.087,0.989,0.044,-0.015,-0.14,-0.519,-0.222,0.024,0.084,0.053,0.011
-0.242,0.823,1.088,0.99,0.04,-0.012,-0.138,-0.519,-0.27,0.024,-0.187,-0.041,0.071
-0.242,0.823,1.088,0.99,0.04,-0.012,-0.138,-0.519,-0.27,0.024,-0.187,-0.041,0.071
-0.262,0.812,1.087,0.99,0.035,-0.003,-0.134,-0.529,-0.267,-0.037,-0.723,0.864,0.471
-0.292,0.792,1.089,0.99,0.038,-0.009,-0.137,-0.501,-0.322,0.027,-0.109,-0.017,-0.006
-0.292,0.792,1.089,0.99,0.038,-0.009,-0.137,-0.501,-0.322,0.027,-0.109,-0.017,-0.006
-0.308,0.78,1.089,0.99,0.042,-0.01,-0.136,-0.485,-0.349,0.018,0.466,-0.205,-0.012
-0.34,0.755,1.091,0.99,0.038,-0.008,-0.135,-0.479,-0.385,0.038,0.008,-0.168,-0.034
-0.34,0.755,1.091,0.99,0.038,-0.008,-0.135,-0.479,-0.385,0.038,0.008,-0.168,-0.034
-0.356,0.742,1.091,0.99,0.035,-0.004,-0.135,-0.474,-0.396,0.014,-0.328,0.214,-0.062
-0.387,0.714,1.092,0.99,0.035,-0.004,-0.133,-0.45,-0.426,0.022,0.11,-0.022,0.011
-0.387,0.714,1.092,0.99,0.035,-0.004,-0.133,-0.45,-0.426,0.022,0.11,-0.022,0.011
-0.403,0.697,1.092,0.991,0.029,0.002,-0.131,-0.45,-0.449,-0.023,-0.412,0.388,0.085
-0.43,0.668,1.093,0.991,0.032,-0.001,-0.132,-0.424,-0.473,0.011,0.003,-0.007,0.022
-0.435,0.662,1.093,0.991,0.031,0.001,-0.132,-0.425,-0.478,-0.002,0.017,0.228,-0.035
-0.457,0.636,1.093,0.991,0.03,-0.001,-0.13,-0.41,-0.493,-0.005,-0.004,-0.047,0.066
-0.469,0.619,1.093,0.991,0.03,-0.004,-0.129,-0.379,-0.499,0.006,0.156,-0.268,0.069
-0.469,0.619,1.093,0.991,0.03,-0.004,-0.129,-0.379,-0.499,0.006,0.156,-0.268,0.069
-0.482,0.602,1.093,0.991,0.027,-0.0,-0.129,-0.373,-0.509,-0.007,0.063,-0.058,0.074
-0.506,0.567,1.092,0.991,0.024,0.002,-0.128,-0.351,-0.525,0.007,0.107,-0.059,-0.031
-0.517,0.549,1.092,0.992,0.023,0.004,-0.127,-0.346,-0.534,-0.001,0.055,0.015,0.003
-0.528,0.531,1.092,0.992,0.021,0.003,-0.127,-0.332,-0.555,-0.012,-0.099,-0.075,-0.001
-0.538,0.513,1.091,0.992,0.021,0.003,-0.126,-0.304,-0.532,-0.01,0.058,-0.048,0.044
-0.538,0.513,1.091,0.992,0.021,0.003,-0.126,-0.304,-0.532,-0.01,0.058,-0.048,0.044
-0.548,0.495,1.091,0.992,0.019,0.002,-0.125,-0.295,-0.542,-0.012,-0.064,-0.063,0.069
-0.566,0.458,1.09,0.992,0.018,0.003,-0.126,-0.267,-0.578,-0.016,-0.029,-0.149,-0.053
-0.566,0.458,1.09,0.992,0.018,0.003,-0.126,-0.267,-0.578,-0.016,-0.029,-0.149,-0.053
-0.575,0.439,1.089,0.992,0.018,0.004,-0.124,-0.259,-0.568,-0.029,0.051,-0.107,0.036
-0.59,0.401,1.087,0.992,0.015,0.006,-0.124,-0.231,-0.575,-0.027,-0.103,-0.016,0.033
-0.594,0.392,1.087,0.992,0.013,0.007,-0.123,-0.216,-0.569,-0.027,-0.139,0.056,0.012
-0.603,0.364,1.086,0.992,0.014,0.007,-0.123,-0.191,-0.571,-0.031,-0.057,-0.001,0.073
-0.609,0.345,1.085,0.992,0.015,0.007,-0.122,-0.166,-0.568,-0.008,0.202,-0.035,0.058
-0.609,0.345,1.085,0.992,0.015,0.007,-0.122,-0.166,-0.568,-0.008,0.202,-0.035,0.058
-0.614,0.326,1.085,0.993,0.011,0.007,-0.121,-0.158,-0.573,-0.01,-0.209,-0.137,0.084
-0.623,0.288,1.085,0.993,0.014,0.006,-0.12,-0.123,-0.561,-0.002,0.186,-0.104,0.116
-0.623,0.288,1.085,0.993,0.014,0.006,-0.12,-0.123,-0.561,-0.002,0.186,-0.104,0.116
-0.626,0.269,1.085,0.993,0.01,0.006,-0.12,-0.112,-0.572,-0.004,-0.151,0.014,0.0
-0.632,0.232,1.085,0.993,0.013,0.008,-0.12,-0.076,-0.558,-0.002,0.303,0.185,0.006
-0.632,0.232,1.085,0.993,0.013,0.008,-0.12,-0.076,-0.558,-0.002,0.303,0.185,0.006
-0.634,0.213,1.085,0.993,0.009,0.006,-0.119,-0.07,-0.563,0.017,-0.077,-0.137,0.004
-0.637,0.176,1.086,0.993,0.007,0.003,-0.118,-0.029,-0.555,0.018,-0.213,-0.378,0.037
-0.637,0.176,1.086,0.993,0.007,0.003,-0.118,-0.029,-0.555,0.018,-0.213,-0.378,0.037
-0.638,0.156,1.086,0.993,0.009,0.007,-0.117,-0.018,-0.535,0.01,-0.029,0.167,0.023
-0.637,0.122,1.086,0.993,0.007,0.003,-0.117,0.007,-0.541,0.01,-0.043,-0.182,-0.043
-0.637,0.122,1.086,0.993,0.007,0.003,-0.117,0.007,-0.541,0.01,-0.043,-0.182,-0.043
-0.637,0.104,1.086,0.993,0.008,0.003,-0.115,0.02,-0.549,-0.011,-0.015,-0.019,0.127
-0.634,0.068,1.086,0.993,0.008,0.005,-0.115,0.043,-0.537,0.014,-0.021,0.151,0.005
-0.634,0.068,1.086,0.993,0.008,0.005,-0.115,0.043,-0.537,0.014,-0.021,0.151,0.005
-0.632,0.051,1.085,0.993,0.008,0.004,-0.114,0.064,-0.537,-0.021,0.029,-0.079,0.048
-0.627,0.016,1.083,0.993,0.009,0.004,-0.114,0.091,-0.533,-0.03,0.118,-0.194,-0.003
-0.627,0.016,1.083,0.993,0.009,0.004,-0.114,0.091,-0.533,-0.03,0.118,-0.194,-0.003
-0.623,-0.003,1.083,0.993,0.008,0.007,-0.114,0.106,-0.521,-0.027,0.06,0.176,-0.057
-0.616,-0.034,1.081,0.994,0.007,0.003,-0.112,0.124,-0.501,-0.022,-0.045,-0.089,0.058
-0.616,-0.034,1.081,0.994,0.007,0.003,-0.112,0.124,-0.501,-0.022,-0.045,-0.089,0.058
-0.612,-0.051,1.08,0.994,0.007,0.003,-0.112,0.133,-0.506,-0.018,-0.043,-0.102,0.058
-0.602,-0.084,1.079,0.994,0.008,0.003,-0.112,0.147,-0.506,-0.012,-0.036,0.092,-0.029
-0.602,-0.084,1.079,0.994,0.008,0.003,-0.112,0.147,-0.506,-0.012,-0.036,0.092,-0.029
-0.597,-0.1,1.078,0.994,0.007,0.003,-0.112,0.161,-0.499,-0.032,-0.083,0.067,-0.11
-0.585,-0.132,1.079,0.994,0.006,-0.001,-0.109,0.18,-0.473,0.005,-0.096,-0.28,0.106
-0.585,-0.132,1.079,0.994,0.006,-0.001,-0.109,0.18,-0.473,0.005,-0.096,-0.28,0.106
-0.579,-0.148,1.079,0.994,0.007,-0.0,-0.109,0.183,-0.496,0.009,0.019,-0.141,0.089
-0.565,-0.179,1.079,0.994,0.006,0.002,-0.11,0.215,-0.463,-0.007,-0.137,0.149,-0.011
-0.562,-0.185,1.079,0.994,0.008,0.001,-0.109,0.213,-0.465,0.007,0.083,0.1,0.092
-0.551,-0.209,1.08,0.994,0.008,0.001,-0.107,0.22,-0.459,0.012,-0.008,-0.017,0.145
-0.543,-0.224,1.08,0.994,0.007,-0.001,-0.109,0.226,-0.457,0.019,-0.173,-0.135,-0.017
-0.536,-0.237,1.08,0.994,0.008,0.0,-0.108,0.241,-0.448,-0.009,-0.047,-0.026,-0.086
-0.527,-0.254,1.08,0.994,0.008,0.0,-0.107,0.24,-0.438,0.003,-0.111,0.01,-0.028
-0.518,-0.268,1.081,0.994,0.007,0.001,-0.108,0.268,-0.455,0.002,-0.094,-0.021,-0.092
-0.518,-0.268,1.081,0.994,0.007,0.001,-0.108,0.268,-0.455,0.002,-0.094,-0.021,-0.092
-0.509,-0.283,1.081,0.994,0.008,-0.002,-0.107,0.271,-0.44,0.017,-0.063,-0.339,-0.023
-0.491,-0.311,1.082,0.994,0.009,-0.0,-0.106,0.278,-0.426,0.013,0.12,-0.119,-0.07
-0.491,-0.311,1.082,0.994,0.009,-0.0,-0.106,0.278,-0.426,0.013,0.12,-0.119,-0.07
-0.482,-0.325,1.082,0.994,0.01,0.002,-0.104,0.286,-0.421,0.004,0.186,0.217,0.12
-0.463,-0.353,1.082,0.994,0.009,-0.003,-0.105,0.297,-0.425,-0.001,0.113,-0.362,-0.028
-0.463,-0.353,1.082,0.994,0.009,-0.003,-0.105,0.297,-0.425,-0.001,0.113,-0.362,-0.028
-0.452,-0.366,1.082,0.995,0.009,-0.003,-0.103,0.307,-0.417,0.003,0.072,-0.334,0.041
-0.432,-0.393,1.083,0.995,0.007,0.002,-0.103,0.319,-0.425,-0.004,0.043,0.225,0.057
-0.432,-0.393,1.083,0.995,0.007,0.002,-0.103,0.319,-0.425,-0.004,0.043,0.225,0.057
-0.421,-0.406,1.082,0.995,0.007,0.004,-0.103,0.323,-0.401,-0.009,-0.219,0.196,-0.039
-0.399,-0.432,1.083,0.995,0.004,-0.001,-0.101,0.336,-0.396,0.037,-0.336,-0.218,0.091
-0.399,-0.432,1.083,0.995,0.004,-0.001,-0.101,0.336,-0.396,0.037,-0.336,-0.218,0.091
-0.376,-0.456,1.083,0.995,0.005,0.003,-0.099,0.36,-0.339,0.006,-0.129,0.366,0.128
-0.365,-0.469,1.08,0.995,-0.014,0.028,-0.096,0.315,-0.348,-0.14,-2.373,2.676,0.244
-0.355,-0.478,1.082,0.995,0.007,0.002,-0.101,0.358,-0.364,-0.01,0.211,0.075,-0.213
-0.34,-0.494,1.081,0.995,0.017,0.001,-0.099,0.365,-0.374,-0.073,1.025,0.365,-0.001
-0.328,-0.505,1.082,0.995,0.01,-0.009,-0.099,0.409,-0.372,0.094,1.153,-1.935,-0.533
-0.328,-0.505,1.082,0.995,0.01,-0.009,-0.099,0.409,-0.372,0.094,1.153,-1.935,-0.533
-0.316,-0.517,1.081,0.995,0.008,-0.011,-0.098,0.388,-0.374,-0.012,0.192,-0.933,0.047
-0.291,-0.539,1.081,0.995,0.006,-0.01,-0.098,0.359,-0.36,0.059,-0.014,-0.801,-0.109
-0.291,-0.539,1.081,0.995,0.006,-0.01,-0.098,0.359,-0.36,0.059,-0.014,-0.801,-0.109
-0.278,-0.551,1.079,0.995,0.0,0.001,-0.098,0.387,-0.342,-0.036,-0.342,0.332,-0.039
-0.253,-0.572,1.076,0.995,0.003,0.005,-0.097,0.389,-0.321,-0.031,0.012,0.383,-0.022
-0.253,-0.572,1.076,0.995,0.003,0.005,-0.097,0.389,-0.321,-0.031,0.012,0.383,-0.022
-0.24,-0.583,1.074,0.995,-0.001,-0.002,-0.095,0.4,-0.325,-0.034,-0.084,-0.844,-0.008
-0.212,-0.602,1.071,0.996,-0.003,-0.0,-0.092,0.442,-0.272,-0.012,-0.044,-0.608,0.351
-0.212,-0.602,1.071,0.996,-0.003,-0.0,-0.092,0.442,-0.272,-0.012,-0.044,-0.608,0.351
-0.199,-0.612,1.069,0.995,-0.0,0.001,-0.096,0.404,-0.28,-0.016,0.414,-0.458,0.198
-0.171,-0.629,1.066,0.996,0.002,0.005,-0.093,0.432,-0.243,-0.026,0.223,-0.217,0.08
-0.171,-0.629,1.066,0.996,0.002,0.005,-0.093,0.432,-0.243,-0.026,0.223,-0.217,0.08
-0.156,-0.639,1.064,0.996,0.002,0.001,-0.093,0.445,-0.282,-0.044,0.114,-0.217,-0.073
-0.126,-0.655,1.064,0.996,-0.003,0.001,-0.093,0.464,-0.23,0.011,-0.122,-0.506,0.192
-0.126,-0.655,1.064,0.996,-0.003,0.001,-0.093,0.464,-0.23,0.011,-0.122,-0.506,0.192
-0.095,-0.67,1.062,0.995,-0.003,0.009,-0.095,0.473,-0.216,0.001,0.038,0.377,-0.157
-0.079,-0.677,1.061,0.996,-0.006,-0.003,-0.094,0.471,-0.213,-0.002,-0.087,-0.854,-0.043
-0.079,-0.677,1.061,0.996,-0.006,-0.003,-0.094,0.471,-0.213,-0.002,-0.087,-0.854,-0.043
-0.06,-0.685,1.06,0.996,-0.001,0.007,-0.092,0.49,-0.204,-0.002,0.267,0.268,-0.073
-0.029,-0.697,1.059,0.996,-0.001,0.006,-0.093,0.52,-0.215,0.002,0.796,-0.286,-0.05
-0.029,-0.697,1.059,0.996,-0.001,0.006,-0.093,0.52,-0.215,0.002,0.796,-0.286,-0.05
-0.011,-0.702,1.058,0.996,0.003,0.002,-0.089,0.574,-0.158,-0.041,0.516,-0.292,0.419
0.023,-0.713,1.058,0.996,-0.006,0.005,-0.091,0.532,-0.148,0.016,0.341,-0.014,-0.049
0.023,-0.713,1.058,0.996,-0.006,0.005,-0.091,0.532,-0.148,0.016,0.341,-0.014,-0.049
0.042,-0.717,1.058,0.996,-0.007,0.001,-0.088,0.554,-0.108,0.006,0.164,-0.191,0.167
0.077,-0.726,1.058,0.996,-0.011,0.003,-0.09,0.532,-0.138,0.025,-0.177,0.082,-0.249
0.077,-0.726,1.058,0.996,-0.011,0.003,-0.09,0.532,-0.138,0.025,-0.177,0.082,-0.249
0.096,-0.729,1.057,0.996,-0.009,0.004,-0.09,0.565,-0.108,-0.004,0.28,-0.033,-0.281
0.133,-0.735,1.054,0.996,-0.023,0.023,-0.08,0.566,-0.086,-0.135,-0.783,1.467,0.85
0.133,-0.735,1.054,0.996,-0.023,0.023,-0.08,0.566,-0.086,-0.135,-0.783,1.467,0.85
0.152,-0.737,1.054,0.996,-0.023,0.02,-0.082,0.563,-0.06,-0.136,-1.927,1.59,0.645
0.19,-0.741,1.052,0.997,-0.024,0.023,-0.076,0.621,0.06,-0.173,1.806,0.61,1.009
0.194,-0.741,1.056,0.996,-0.007,-0.013,-0.087,0.683,0.037,0.054,3.407,-2.932,-0.28
0.23,-0.742,1.056,0.996,-0.003,-0.022,-0.087,0.611,-0.01,0.09,1.033,-1.926,-0.48
0.222,-0.772,1.049,0.826,-0.45,0.319,-0.113,-0.743,-1.515,-0.298,-46.854,28.294,-3.132
0.222,-0.772,1.049,0.826,-0.45,0.319,-0.113,-0.743,-1.515,-0.298,-46.854,28.294,-3.132
0.264,-0.742,1.057,0.995,-0.018,-0.011,-0.094,0.588,0.076,0.074,1.11,-1.257,-0.544
0.301,-0.741,1.071,0.986,0.053,-0.108,-0.112,0.5,0.009,0.345,5.329,-6.665,-0.298
0.301,-0.741,1.071,0.986,0.053,-0.108,-0.112,0.5,0.009,0.345,5.329,-6.665,-0.298
0.318,-0.739,1.105,0.986,0.015,-0.073,-0.149,0.446,0.066,0.79,-0.54,-0.255,-0.771
0.338,-0.737,1.168,0.976,0.001,-0.102,-0.192,0.25,0.047,1.126,0.39,-2.999,-0.988
0.338,-0.737,1.168,0.976,0.001,-0.102,-0.192,0.25,0.047,1.126,0.39,-2.999,-0.988
0.35,-0.735,1.194,0.98,-0.002,-0.075,-0.187,0.32,0.073,0.944,-0.74,0.58,0.697
0.368,-0.731,1.248,0.977,-0.015,-0.068,-0.203,0.298,0.033,0.745,0.357,-0.971,-0.828
0.368,-0.731,1.248,0.977,-0.015,-0.068,-0.203,0.298,0.033,0.745,0.357,-0.971,-0.828
0.375,-0.729,1.262,0.979,-0.024,-0.036,-0.197,0.229,0.061,0.427,-0.827,1.511,0.398
0.389,-0.723,1.28,0.979,-0.023,-0.032,-0.202,0.188,0.079,0.115,-1.726,1.513,0.078
0.394,-0.72,1.283,0.977,-0.016,-0.046,-0.206,0.192,0.096,0.15,0.206,-0.837,-0.341
0.402,-0.714,1.278,0.979,-0.006,-0.044,-0.2,0.245,0.174,-0.083,2.296,-0.839,-0.037
0.406,-0.711,1.273,0.978,-0.011,-0.042,-0.202,0.158,0.128,-0.135,0.772,-0.414,0.171
0.406,-0.711,1.273,0.978,-0.011,-0.042,-0.202,0.158,0.128,-0.135,0.772,-0.414,0.171
0.411,-0.705,1.263,0.979,-0.021,-0.023,-0.201,0.142,0.169,-0.292,-0.865,1.043,0.06
0.42,-0.695,1.24,0.98,0.0,-0.021,-0.199,0.131,0.18,-0.409,1.744,0.564,-0.007
0.42,-0.695,1.24,0.98,0.0,-0.021,-0.199,0.131,0.18,-0.409,1.744,0.564,-0.007
0.425,-0.689,1.227,0.979,-0.015,-0.025,-0.201,0.158,0.196,-0.43,-0.301,-0.018,-0.189
0.433,-0.673,1.197,0.981,-0.023,0.0,-0.194,0.145,0.247,-0.454,-1.08,1.352,0.431
0.433,-0.673,1.197,0.981,-0.023,0.0,-0.194,0.145,0.247,-0.454,-1.08,1.352,0.431
0.437,-0.666,1.184,0.981,-0.025,-0.006,-0.192,0.127,0.24,-0.428,-0.678,0.307,0.451
0.445,-0.649,1.16,0.98,-0.021,-0.014,-0.199,0.158,0.236,-0.246,-1.117,-1.286,0.2
0.446,-0.642,1.155,0.98,-0.02,-0.023,-0.196,0.057,0.297,-0.148,-0.92,-1.501,0.211
0.449,-0.64,1.151,0.981,-0.014,-0.017,-0.195,0.104,0.317,-0.368,-1.504,1.606,0.999
0.46,-0.619,1.131,0.98,-0.012,-0.011,-0.196,0.17,0.276,-0.236,0.487,-0.629,-0.377
0.46,-0.619,1.131,0.98,-0.012,-0.011,-0.196,0.17,0.276,-0.236,0.487,-0.629,-0.377
0.465,-0.608,1.123,0.981,-0.009,-0.009,-0.193,0.167,0.305,-0.201,0.258,-0.336,-0.281
0.476,-0.584,1.109,0.983,-0.017,0.005,-0.181,0.189,0.359,-0.183,-1.186,0.025,1.08
0.476,-0.584,1.109,0.983,-0.017,0.005,-0.181,0.189,0.359,-0.183,-1.186,0.025,1.08
0.482,-0.573,1.104,0.982,-0.003,0.001,-0.189,0.261,0.343,-0.059,0.845,-2.383,0.395
0.495,-0.548,1.094,0.981,-0.013,-0.002,-0.196,0.306,0.395,-0.028,2.073,-2.882,-0.569
0.495,-0.548,1.094,0.981,-0.013,-0.002,-0.196,0.306,0.395,-0.028,2.073,-2.882,-0.569
0.499,-0.538,1.088,0.98,-0.02,0.034,-0.194,0.176,0.358,-0.188,-1.166,1.72,-0.316
0.516,-0.512,1.081,0.982,-0.002,0.01,-0.188,0.231,0.364,-0.097,0.203,-0.929,0.069
0.516,-0.512,1.081,0.982,-0.002,0.01,-0.188,0.231,0.364,-0.097,0.203,-0.929,0.069
0.526,-0.499,1.076,0.982,-0.002,0.016,-0.188,0.293,0.388,-0.149,0.31,0.002,0.285
0.545,-0.474,1.069,0.982,-0.002,0.016,-0.186,0.319,0.396,-0.118,0.032,0.123,0.025
0.545,-0.474,1.069,0.982,-0.002,0.016,-0.186,0.319,0.396,-0.118,0.032,0.123,0.025
0.555,-0.461,1.064,0.981,0.016,0.028,-0.19,0.3,0.391,-0.161,1.817,0.81,-0.156
0.577,-0.436,1.061,0.984,-0.011,0.036,-0.176,0.327,0.393,-0.159,-1.952,1.93,0.958
0.589,-0.426,1.063,0.983,-0.004,0.014,-0.183,0.368,0.34,0.045,-1.137,-0.666,0.13
0.603,-0.411,1.063,0.983,-0.003,0.003,-0.182,0.433,0.366,0.07,0.787,-1.998,-0.178
0.617,-0.398,1.063,0.984,-0.004,-0.003,-0.181,0.439,0.396,0.061,-0.137,-1.579,0.29
0.625,-0.391,1.063,0.984,-0.002,0.001,-0.181,0.413,0.379,0.034,0.014,-0.269,0.108
0.629,-0.387,1.064,0.984,-0.003,0.004,-0.18,0.436,0.397,0.059,-0.259,-0.468,-0.029
0.659,-0.36,1.065,0.984,-0.002,0.001,-0.18,0.447,0.379,0.074,0.275,-1.068,-0.074
0.669,-0.352,1.065,0.984,-0.003,-0.001,-0.179,0.478,0.388,0.036,0.744,-0.63,-0.121
0.674,-0.346,1.065,0.984,-0.002,0.005,-0.178,0.483,0.409,0.032,0.302,-0.354,-0.087
0.705,-0.321,1.064,0.984,-0.001,0.007,-0.178,0.471,0.392,0.014,0.221,-0.012,-0.078
0.713,-0.314,1.063,0.984,-0.003,0.003,-0.177,0.493,0.383,0.018,0.243,-0.985,-0.242
0.738,-0.294,1.061,0.985,-0.0,-0.002,-0.174,0.507,0.407,-0.025,0.539,-0.644,0.124
0.754,-0.281,1.058,0.984,-0.011,0.004,-0.177,0.516,0.389,-0.092,-0.405,0.164,0.036
0.768,-0.268,1.055,0.986,-0.012,0.018,-0.168,0.485,0.431,-0.158,-0.857,1.479,0.678
0.788,-0.254,1.054,0.985,-0.012,0.007,-0.173,0.519,0.384,-0.068,-0.465,0.168,-0.073
0.804,-0.24,1.05,0.986,-0.016,0.013,-0.168,0.494,0.419,-0.16,-1.257,1.316,0.474
0.822,-0.226,1.048,0.986,-0.016,0.004,-0.166,0.51,0.414,-0.098,-0.653,-0.174,0.137
0.84,-0.213,1.049,0.985,-0.001,-0.02,-0.172,0.525,0.395,-0.015,0.321,-0.871,-0.268
0.856,-0.198,1.045,0.986,-0.007,-0.01,-0.164,0.522,0.428,-0.063,0.331,-0.743,0.042
0.866,-0.192,1.046,0.985,0.003,-0.024,-0.169,0.553,0.398,0.011,1.016,-1.507,-0.466
0.878,-0.181,1.045,0.985,0.007,-0.02,-0.169,0.518,0.39,0.029,1.092,-0.69,-0.32
0.907,-0.156,1.043,0.986,0.006,-0.033,-0.166,0.517,0.415,0.046,0.755,-0.872,0.124
0.907,-0.156,1.043,0.986,0.006,-0.033,-0.166,0.517,0.415,0.046,0.755,-0.872,0.124
0.923,-0.142,1.039,0.987,-0.007,-0.015,-0.161,0.481,0.43,-0.059,-0.446,0.039,0.338
0.954,-0.113,1.036,0.987,-0.01,-0.011,-0.159,0.461,0.449,-0.088,-0.829,0.678,0.319
0.954,-0.113,1.036,0.987,-0.01,-0.011,-0.159,0.461,0.449,-0.088,-0.829,0.678,0.319
0.969,-0.099,1.035,0.987,-0.014,-0.009,-0.157,0.46,0.452,-0.065,-0.178,0.917,0.503
0.999,-0.069,1.032,0.988,-0.01,-0.017,-0.156,0.414,0.466,-0.111,-1.09,0.828,0.454
0.999,-0.069,1.032,0.988,-0.01,-0.017,-0.156,0.414,0.466,-0.111,-1.09,0.828,0.454
1.016,-0.051,1.031,0.987,-0.018,-0.018,-0.157,0.39,0.439,-0.065,-1.034,0.599,0.445
1.039,-0.024,1.029,0.987,-0.001,-0.033,-0.155,0.385,0.497,-0.071,0.703,0.242,0.738
1.044,-0.02,1.032,0.985,0.008,-0.054,-0.161,0.402,0.43,0.078,1.705,-1.663,-0.167
1.064,0.007,1.03,0.985,0.014,-0.062,-0.159,0.343,0.461,-0.001,0.527,-0.812,-0.06
1.074,0.021,1.03,0.986,0.009,-0.06,-0.156,0.352,0.427,0.116,1.234,-0.113,0.222
1.074,0.021,1.03,0.986,0.009,-0.06,-0.156,0.352,0.427,0.116,1.234,-0.113,0.222
1.081,0.032,1.028,0.986,0.003,-0.05,-0.159,0.312,0.426,0.016,-0.597,-0.478,-0.007
1.098,0.065,1.026,0.986,0.003,-0.048,-0.158,0.242,0.465,-0.029,0.74,-0.357,-0.223
1.098,0.065,1.026,0.986,0.003,-0.048,-0.158,0.242,0.465,-0.029,0.74,-0.357,-0.223
1.105,0.08,1.027,0.986,0.011,-0.052,-0.16,0.231,0.457,0.012,0.794,-0.484,-0.216
1.117,0.111,1.026,0.986,0.001,-0.063,-0.157,0.174,0.457,0.056,0.834,-1.829,-0.367
1.117,0.111,1.026,0.986,0.001,-0.063,-0.157,0.174,0.457,0.056,0.834,-1.829,-0.367
1.121,0.125,1.026,0.986,0.002,-0.056,-0.158,0.139,0.413,0.045,-1.002,-0.527,-0.289
1.129,0.156,1.026,0.987,0.002,-0.051,-0.154,0.139,0.471,0.152,1.939,-1.192,-0.305
1.129,0.156,1.026,0.987,0.002,-0.051,-0.154,0.139,0.471,0.152,1.939,-1.192,-0.305
1.13,0.171,1.024,0.988,-0.005,-0.033,-0.153,0.075,0.496,-0.033,0.239,0.658,0.011
1.134,0.205,1.025,0.988,-0.019,-0.021,-0.149,0.019,0.487,-0.08,-1.898,1.572,0.65
1.134,0.205,1.025,0.988,-0.019,-0.021,-0.149,0.019,0.487,-0.08,-1.898,1.572,0.65
1.135,0.222,1.025,0.988,-0.008,-0.022,-0.15,0.031,0.519,0.004,0.022,0.016,0.26
1.135,0.257,1.027,0.988,-0.025,-0.03,-0.153,-0.049,0.511,-0.03,-1.891,0.095,-0.294
1.135,0.257,1.027,0.988,-0.025,-0.03,-0.153,-0.049,0.511,-0.03,-1.891,0.095,-0.294
1.135,0.27,1.029,0.988,0.005,-0.046,-0.15,-0.007,0.526,-0.011,0.763,-0.134,-0.161
1.132,0.306,1.034,0.988,0.013,-0.053,-0.148,-0.051,0.498,0.116,0.673,-0.328,0.077
1.131,0.317,1.034,0.987,0.015,-0.051,-0.149,-0.054,0.502,0.111,0.829,-0.258,-0.138
1.129,0.323,1.033,0.987,0.038,-0.038,-0.154,-0.075,0.616,0.028,3.386,1.14,-1.072
1.121,0.359,1.038,0.988,0.004,-0.042,-0.145,-0.15,0.471,-0.001,-2.283,0.816,-0.044
1.121,0.359,1.038,0.988,0.004,-0.042,-0.145,-0.15,0.471,-0.001,-2.283,0.816,-0.044
1.117,0.372,1.04,0.988,0.012,-0.051,-0.148,-0.114,0.484,0.026,-0.368,0.233,-0.389
1.103,0.41,1.043,0.989,-0.001,-0.049,-0.142,-0.208,0.508,0.018,-1.296,-0.074,0.34
1.103,0.41,1.043,0.989,-0.001,-0.049,-0.142,-0.208,0.508,0.018,-1.296,-0.074,0.34
1.088,0.441,1.049,0.99,0.003,-0.035,-0.137,-0.254,0.511,0.067,-0.077,1.718,0.569
1.079,0.459,1.054,0.988,0.017,-0.058,-0.145,-0.252,0.476,0.127,0.638,-0.578,-0.553
1.079,0.459,1.054,0.988,0.017,-0.058,-0.145,-0.252,0.476,0.127,0.638,-0.578,-0.553
1.072,0.471,1.056,0.988,0.022,-0.056,-0.142,-0.264,0.48,0.095,1.024,-0.117,0.029
1.047,0.507,1.06,0.99,0.008,-0.037,-0.135,-0.361,0.479,0.002,-1.21,1.356,0.737
1.047,0.507,1.06,0.99,0.008,-0.037,-0.135,-0.361,0.479,0.002,-1.21,1.356,0.737
1.031,0.529,1.064,0.99,0.016,-0.039,-0.136,-0.39,0.5,0.026,-0.843,1.267,0.608
1.01,0.554,1.07,0.989,0.014,-0.064,-0.136,-0.382,0.493,0.135,0.086,-1.505,0.273
0.997,0.566,1.072,0.988,0.022,-0.055,-0.14,-0.407,0.447,0.073,0.187,0.077,-0.048
0.982,0.582,1.072,0.99,0.016,-0.034,-0.134,-0.434,0.443,0.011,-0.116,1.177,0.231
0.967,0.596,1.076,0.988,0.025,-0.059,-0.139,-0.455,0.433,0.111,0.466,-0.98,-0.153
0.957,0.605,1.077,0.989,0.026,-0.051,-0.136,-0.476,0.433,0.087,0.08,-0.136,0.369
0.934,0.624,1.079,0.989,0.023,-0.049,-0.137,-0.51,0.392,0.066,-0.451,-0.354,-0.002
0.917,0.638,1.081,0.989,0.019,-0.056,-0.137,-0.534,0.424,0.06,-0.481,-0.868,-0.137
0.906,0.647,1.079,0.991,0.007,-0.021,-0.13,-0.547,0.42,-0.094,-1.568,2.312,0.541
0.902,0.65,1.082,0.99,0.021,-0.041,-0.136,-0.524,0.409,0.053,0.24,0.207,-0.1
0.863,0.678,1.083,0.99,0.025,-0.043,-0.135,-0.549,0.382,0.029,0.182,-0.311,-0.009
0.851,0.685,1.083,0.99,0.024,-0.037,-0.135,-0.563,0.375,0.019,0.25,-0.353,-0.116
0.846,0.689,1.083,0.99,0.023,-0.036,-0.135,-0.543,0.377,0.017,0.139,-0.04,-0.158
0.803,0.716,1.083,0.99,0.021,-0.032,-0.134,-0.586,0.35,-0.007,-0.375,0.258,-0.072
0.803,0.716,1.083,0.99,0.021,-0.032,-0.134,-0.586,0.35,-0.007,-0.375,0.258,-0.072
0.788,0.725,1.081,0.991,0.012,-0.018,-0.129,-0.595,0.355,-0.061,-0.87,0.714,0.329
0.744,0.749,1.083,0.99,0.023,-0.031,-0.132,-0.603,0.318,0.017,-0.064,-0.119,0.097
0.744,0.749,1.083,0.99,0.023,-0.031,-0.132,-0.603,0.318,0.017,-0.064,-0.119,0.097
0.726,0.759,1.082,0.991,0.025,-0.031,-0.131,-0.604,0.32,-0.003,0.131,-0.263,0.065
0.684,0.78,1.082,0.991,0.027,-0.025,-0.131,-0.615,0.305,-0.007,0.111,0.242,0.16
0.684,0.78,1.082,0.991,0.027,-0.025,-0.131,-0.615,0.305,-0.007,0.111,0.242,0.16
0.668,0.787,1.083,0.991,0.027,-0.031,-0.13,-0.597,0.283,0.026,0.214,-0.647,0.012
0.622,0.807,1.083,0.991,0.026,-0.023,-0.129,-0.624,0.267,0.009,0.074,0.054,0.117
0.622,0.807,1.083,0.991,0.026,-0.023,-0.129,-0.624,0.267,0.009,0.074,0.054,0.117
0.607,0.813,1.084,0.991,0.024,-0.021,-0.13,-0.611,0.284,0.073,0.558,-0.64,-0.113
0.564,0.829,1.085,0.991,0.024,-0.021,-0.129,-0.617,0.21,0.036,0.086,-0.258,0.031
0.552,0.833,1.086,0.991,0.026,-0.017,-0.128,-0.604,0.211,0.049,0.139,0.16,0.101
0.544,0.836,1.085,0.991,0.025,-0.014,-0.129,-0.595,0.221,0.019,0.399,-0.103,-0.18
0.502,0.85,1.087,0.992,0.024,-0.016,-0.127,-0.584,0.174,0.053,0.516,-0.581,-0.089
0.502,0.85,1.087,0.992,0.024,-0.016,-0.127,-0.584,0.174,0.053,0.516,-0.581,-0.089
0.487,0.854,1.087,0.992,0.021,-0.012,-0.127,-0.601,0.174,0.017,0.016,0.092,-0.001
0.446,0.867,1.087,0.992,0.021,-0.011,-0.125,-0.58,0.166,-0.002,0.055,-0.022,0.085
0.446,0.867,1.087,0.992,0.021,-0.011,-0.125,-0.58,0.166,-0.002,0.055,-0.022,0.085
0.427,0.872,1.088,0.992,0.02,-0.01,-0.126,-0.569,0.146,0.04,0.295,-0.288,-0.174
0.387,0.882,1.089,0.992,0.021,-0.011,-0.125,-0.562,0.135,0.019,0.1,0.041,-0.04
0.387,0.882,1.089,0.992,0.021,-0.011,-0.125,-0.562,0.135,0.019,0.1,0.041,-0.04
0.372,0.886,1.089,0.992,0.019,-0.007,-0.124,-0.545,0.132,0.016,-0.018,1.1,-0.011
0.336,0.895,1.089,0.992,0.021,-0.011,-0.122,-0.54,0.131,0.01,0.033,0.266,0.292
0.334,0.895,1.089,0.992,0.018,-0.009,-0.123,-0.528,0.115,0.002,-0.245,0.333,0.157
0.299,0.903,1.089,0.992,0.02,-0.012,-0.121,-0.534,0.11,-0.012,-0.056,-0.01,0.161
0.283,0.906,1.089,0.992,0.02,-0.012,-0.12,-0.519,0.095,-0.004,-0.057,0.12,0.125
0.283,0.906,1.089,0.992,0.02,-0.012,-0.12,-0.519,0.095,-0.004,-0.057,0.12,0.125
0.264,0.909,1.089,0.992,0.023,-0.018,-0.121,-0.498,0.098,0.01,0.215,-0.386,0.062
0.233,0.914,1.089,0.992,0.022,-0.01,-0.12,-0.501,0.076,0.011,0.061,0.123,-0.023
0.222,0.915,1.09,0.992,0.023,-0.016,-0.123,-0.473,0.057,0.027,0.191,-0.341,-0.271
0.204,0.918,1.089,0.992,0.023,-0.011,-0.121,-0.48,0.066,0.011,0.039,0.206,-0.058
0.186,0.92,1.09,0.992,0.024,-0.016,-0.119,-0.471,0.057,0.038,0.198,-0.397,0.083
0.186,0.92,1.09,0.992,0.024,-0.016,-0.119,-0.471,0.057,0.038,0.198,-0.397,0.083
0.155,0.922,1.09,0.993,0.022,-0.011,-0.118,-0.46,0.021,-0.009,-0.224,0.225,0.075
0.14,0.923,1.09,0.993,0.025,-0.012,-0.118,-0.466,0.013,0.008,0.047,0.111,0.085
0.14,0.923,1.09,0.993,0.025,-0.012,-0.118,-0.466,0.013,0.008,0.047,0.111,0.085
0.127,0.923,1.09,0.993,0.024,-0.013,-0.118,-0.471,0.0,-0.013,0.177,0.292,-0.127
0.096,0.923,1.091,0.993,0.025,-0.014,-0.116,-0.448,-0.01,-0.004,-0.131,-0.012,0.084
0.096,0.923,1.091,0.993,0.025,-0.014,-0.116,-0.448,-0.01,-0.004,-0.131,-0.012,0.084
0.085,0.922,1.091,0.993,0.026,-0.015,-0.117,-0.448,-0.024,0.02,-0.158,-0.199,0.025
0.053,0.92,1.092,0.993,0.028,-0.012,-0.116,-0.43,-0.044,0.014,0.096,0.206,-0.073
0.053,0.92,1.092,0.993,0.028,-0.012,-0.116,-0.43,-0.044,0.014,0.096,0.206,-0.073
0.041,0.919,1.093,0.993,0.029,-0.021,-0.115,-0.424,-0.042,0.029,0.192,-0.62,-0.017
0.011,0.914,1.095,0.993,0.03,-0.016,-0.115,-0.413,-0.077,0.04,0.206,-0.211,-0.087
0.011,0.914,1.095,0.993,0.03,-0.016,-0.115,-0.413,-0.077,0.04,0.206,-0.211,-0.087
-0.001,0.911,1.095,0.993,0.03,-0.015,-0.114,-0.417,-0.083,0.019,0.109,0.136,0.059
-0.03,0.904,1.096,0.993,0.028,-0.011,-0.113,-0.406,-0.103,0.018,-0.092,0.429,0.016
-0.03,0.904,1.096,0.993,0.028,-0.011,-0.113,-0.406,-0.103,0.018,-0.092,0.429,0.016
-0.042,0.901,1.096,0.993,0.032,-0.017,-0.112,-0.404,-0.109,0.023,0.306,-0.18,0.08
-0.07,0.891,1.097,0.993,0.031,-0.016,-0.112,-0.415,-0.142,0.017,0.082,0.079,0.025
-0.07,0.891,1.097,0.993,0.031,-0.016,-0.112,-0.415,-0.142,0.017,0.082,0.079,0.025
-0.082,0.887,1.098,0.993,0.029,-0.016,-0.112,-0.387,-0.162,0.047,0.336,-0.299,-0.194
-0.109,0.875,1.098,0.993,0.03,-0.016,-0.112,-0.397,-0.184,0.018,0.108,-0.11,-0.136
-0.123,0.869,1.099,0.993,0.03,-0.017,-0.11,-0.394,-0.182,0.003,0.043,-0.126,0.018
-0.134,0.863,1.099,0.993,0.03,-0.015,-0.109,-0.394,-0.196,-0.008,0.12,0.111,0.072
-0.148,0.855,1.099,0.993,0.029,-0.016,-0.109,-0.393,-0.206,0.005,0.005,-0.09,0.046
-0.148,0.855,1.099,0.993,0.029,-0.016,-0.109,-0.393,-0.206,0.005,0.005,-0.09,0.046
-0.158,0.85,1.1,0.994,0.028,-0.015,-0.109,-0.385,-0.212,0.011,-0.139,0.002,0.03
-0.186,0.832,1.101,0.994,0.029,-0.017,-0.108,-0.384,-0.241,0.023,0.0,-0.217,0.02
-0.186,0.832,1.101,0.994,0.029,-0.017,-0.108,-0.384,-0.241,0.023,0.0,-0.217,0.02
-0.195,0.826,1.101,0.994,0.029,-0.013,-0.107,-0.374,-0.246,0.008,-0.018,0.141,0.039
-0.223,0.806,1.101,0.994,0.03,-0.013,-0.107,-0.366,-0.275,0.001,-0.026,-0.033,0.0
-0.223,0.806,1.101,0.994,0.03,-0.013,-0.107,-0.366,-0.275,0.001,-0.026,-0.033,0.0
-0.232,0.799,1.101,0.994,0.032,-0.011,-0.106,-0.37,-0.275,-0.005,0.015,0.232,0.057
-0.259,0.777,1.101,0.994,0.033,-0.013,-0.105,-0.361,-0.305,-0.006,0.13,0.087,0.031
-0.259,0.777,1.101,0.994,0.033,-0.013,-0.105,-0.361,-0.305,-0.006,0.13,0.087,0.031
-0.27,0.768,1.101,0.994,0.031,-0.012,-0.106,-0.367,-0.326,0.004,-0.055,0.091,-0.071
-0.293,0.746,1.101,0.994,0.029,-0.012,-0.105,-0.36,-0.347,-0.002,-0.162,0.03,-0.009
-0.293,0.746,1.101,0.994,0.029,-0.012,-0.105,-0.36,-0.347,-0.002,-0.162,0.03,-0.009
-0.304,0.735,1.101,0.994,0.03,-0.014,-0.106,-0.344,-0.347,-0.004,-0.062,-0.073,-0.111
-0.328,0.709,1.101,0.994,0.031,-0.011,-0.103,-0.348,-0.356,-0.011,-0.062,0.381,0.167
-0.328,0.709,1.101,0.994,0.031,-0.011,-0.103,-0.348,-0.356,-0.011,-0.062,0.381,0.167
-0.337,0.698,1.102,0.994,0.03,-0.012,-0.104,-0.335,-0.386,0.003,-0.095,0.049,0.0
-0.358,0.672,1.103,0.994,0.03,-0.012,-0.102,-0.318,-0.41,0.007,-0.062,0.007,0.077
-0.362,0.667,1.103,0.994,0.031,-0.011,-0.102,-0.316,-0.408,0.009,0.074,0.006,0.031
-0.38,0.643,1.104,0.994,0.031,-0.011,-0.101,-0.303,-0.418,0.012,0.02,-0.032,0.031
-0.39,0.628,1.104,0.994,0.03,-0.008,-0.101,-0.301,-0.435,0.018,-0.03,0.195,0.013
-0.39,0.628,1.104,0.994,0.03,-0.008,-0.101,-0.301,-0.435,0.018,-0.03,0.195,0.013
-0.397,0.618,1.105,0.994,0.031,-0.01,-0.1,-0.284,-0.427,0.015,0.091,0.027,0.008
-0.419,0.584,1.106,0.995,0.028,-0.009,-0.099,-0.283,-0.454,0.005,-0.125,-0.016,0.059
-0.419,0.584,1.106,0.995,0.028,-0.009,-0.099,-0.283,-0.454,0.005,-0.125,-0.016,0.059
-0.429,0.566,1.106,0.995,0.028,-0.008,-0.098,-0.275,-0.456,0.02,-0.039,0.027,0.082
-0.445,0.536,1.107,0.995,0.028,-0.007,-0.098,-0.261,-0.491,-0.001,0.02,0.127,0.051
-0.448,0.532,1.107,0.995,0.028,-0.009,-0.099,-0.262,-0.499,0.012,0.024,-0.072,-0.056
-0.462,0.503,1.108,0.995,0.027,-0.006,-0.097,-0.256,-0.506,0.002,-0.109,0.202,0.13
-0.47,0.486,1.108,0.995,0.028,-0.009,-0.097,-0.24,-0.502,0.009,0.17,-0.116,0.001
-0.47,0.486,1.108,0.995,0.028,-0.009,-0.097,-0.24,-0.502,0.009,0.17,-0.116,0.001
-0.476,0.473,1.108,0.995,0.025,-0.007,-0.097,-0.251,-0.533,-0.001,-0.223,-0.027,-0.015
-0.493,0.434,1.107,0.995,0.024,-0.005,-0.097,-0.213,-0.538,-0.003,-0.059,0.02,-0.079
-0.493,0.434,1.107,0.995,0.024,-0.005,-0.097,-0.213,-0.538,-0.003,-0.059,0.02,-0.079
-0.499,0.418,1.106,0.995,0.022,-0.003,-0.096,-0.217,-0.544,-0.026,-0.197,0.249,-0.046
-0.513,0.38,1.105,0.995,0.022,-0.005,-0.095,-0.209,-0.547,-0.017,-0.101,-0.203,-0.001
-0.513,0.38,1.105,0.995,0.022,-0.005,-0.095,-0.209,-0.547,-0.017,-0.101,-0.203,-0.001
-0.523,0.35,1.104,0.995,0.022,-0.003,-0.094,-0.182,-0.563,-0.015,0.028,-0.128,0.079
-0.531,0.325,1.102,0.995,0.022,-0.003,-0.095,-0.168,-0.559,-0.019,0.128,-0.2,-0.059
-0.531,0.325,1.102,0.995,0.022,-0.003,-0.095,-0.168,-0.559,-0.019,0.128,-0.2,-0.059
-0.541,0.287,1.1,0.995,0.021,-0.001,-0.094,-0.151,-0.568,-0.032,0.068,-0.112,0.077
-0.546,0.268,1.099,0.995,0.018,0.0,-0.093,-0.137,-0.575,-0.035,-0.207,0.015,0.088
-0.549,0.256,1.098,0.995,0.019,0.003,-0.094,-0.13,-0.566,-0.031,-0.119,0.175,-0.009
-0.554,0.23,1.097,0.995,0.019,0.003,-0.094,-0.118,-0.579,-0.027,-0.003,0.134,-0.079
-0.558,0.21,1.095,0.996,0.017,0.002,-0.093,-0.108,-0.581,-0.041,-0.134,0.062,0.041
-0.558,0.21,1.095,0.996,0.017,0.002,-0.093,-0.108,-0.581,-0.041,-0.134,0.062,0.041
-0.56,0.194,1.095,0.996,0.016,0.002,-0.093,-0.096,-0.578,-0.037,-0.138,-0.021,0.052
-0.566,0.152,1.093,0.996,0.015,0.003,-0.091,-0.074,-0.592,-0.023,-0.106,0.136,0.07
-0.566,0.152,1.093,0.996,0.015,0.003,-0.091,-0.074,-0.592,-0.023,-0.106,0.136,0.07
-0.567,0.138,1.093,0.996,0.015,0.0,-0.093,-0.072,-0.595,-0.01,-0.062,-0.156,-0.126
-0.571,0.095,1.093,0.996,0.013,0.002,-0.092,-0.039,-0.574,-0.002,-0.2,-0.214,-0.053
-0.571,0.095,1.093,0.996,0.013,0.002,-0.092,-0.039,-0.574,-0.002,-0.2,-0.214,-0.053
-0.571,0.08,1.093,0.996,0.015,0.003,-0.09,-0.032,-0.57,-0.004,0.045,0.132,0.099
-0.572,0.037,1.092,0.996,0.013,0.003,-0.09,-0.004,-0.583,0.006,-0.068,-0.126,-0.01
-0.572,0.037,1.092,0.996,0.013,0.003,-0.09,-0.004,-0.583,0.006,-0.068,-0.126,-0.01
-0.572,0.023,1.092,0.996,0.014,0.007,-0.09,0.008,-0.579,0.008,-0.17,0.243,-0.02
-0.57,-0.018,1.092,0.996,0.014,0.003,-0.088,0.038,-0.576,-0.014,0.187,-0.098,0.081
-0.569,-0.03,1.092,0.996,0.012,0.004,-0.089,0.043,-0.569,-0.004,-0.01,-0.115,0.01
-0.569,-0.037,1.09,0.995,0.022,0.014,-0.091,0.021,-0.563,-0.084,0.887,0.986,-0.231
-0.564,-0.077,1.09,0.996,0.011,0.003,-0.088,0.07,-0.57,-0.014,0.003,-0.069,0.023
-0.564,-0.077,1.09,0.996,0.011,0.003,-0.088,0.07,-0.57,-0.014,0.003,-0.069,0.023
-0.562,-0.091,1.09,0.996,0.01,0.004,-0.088,0.081,-0.572,-0.006,-0.075,-0.108,0.06
-0.554,-0.133,1.091,0.995,0.014,-0.013,-0.094,0.135,-0.579,0.062,0.771,-1.376,-0.675
-0.552,-0.148,1.089,0.996,0.006,0.005,-0.087,0.116,-0.558,-0.027,-0.094,0.205,-0.053
-0.547,-0.168,1.089,0.996,0.003,0.004,-0.086,0.129,-0.539,-0.011,-0.208,-0.062,0.063
-0.542,-0.186,1.089,0.996,0.005,0.006,-0.086,0.136,-0.536,-0.009,0.028,-0.009,0.048
-0.537,-0.204,1.088,0.996,0.004,0.006,-0.086,0.167,-0.535,-0.028,-0.062,0.009,-0.029
-0.532,-0.221,1.088,0.996,0.003,0.009,-0.085,0.156,-0.51,-0.005,-0.044,0.133,0.101
-0.526,-0.238,1.087,0.996,0.004,0.008,-0.085,0.185,-0.522,-0.017,-0.015,0.091,-0.0
-0.526,-0.238,1.087,0.996,0.004,0.008,-0.085,0.185,-0.522,-0.017,-0.015,0.091,-0.0
-0.511,-0.275,1.086,0.996,0.001,0.007,-0.085,0.193,-0.494,-0.017,-0.211,0.026,-0.045
-0.502,-0.295,1.085,0.996,0.003,0.005,-0.084,0.226,-0.485,-0.042,0.07,-0.068,0.068
-0.499,-0.301,1.085,0.997,0.003,0.006,-0.083,0.231,-0.48,-0.017,0.092,0.094,0.104
-0.482,-0.335,1.083,0.997,0.002,0.006,-0.083,0.244,-0.468,-0.015,-0.051,0.074,0.045
-0.482,-0.335,1.083,0.997,0.002,0.006,-0.083,0.244,-0.468,-0.015,-0.051,0.074,0.045
-0.476,-0.346,1.083,0.997,0.0,0.006,-0.083,0.25,-0.443,-0.01,-0.166,0.281,-0.03
-0.455,-0.38,1.082,0.997,0.002,0.002,-0.082,0.279,-0.454,-0.016,-0.04,-0.244,-0.004
-0.455,-0.38,1.082,0.997,0.002,0.002,-0.082,0.279,-0.454,-0.016,-0.04,-0.244,-0.004
-0.447,-0.392,1.081,0.997,0.003,0.001,-0.083,0.274,-0.436,-0.009,0.098,-0.259,-0.087
-0.426,-0.422,1.079,0.996,0.014,0.016,-0.086,0.283,-0.419,-0.08,1.066,1.36,-0.497
-0.426,-0.422,1.079,0.996,0.014,0.016,-0.086,0.283,-0.419,-0.08,1.066,1.36,-0.497
-0.417,-0.432,1.079,0.997,0.004,0.006,-0.081,0.327,-0.419,-0.041,0.121,0.257,0.025
-0.393,-0.462,1.079,0.997,-0.003,-0.0,-0.08,0.33,-0.394,-0.008,-0.106,-0.159,-0.005
-0.393,-0.462,1.079,0.997,-0.003,-0.0,-0.08,0.33,-0.394,-0.008,-0.106,-0.159,-0.005
-0.37,-0.486,1.077,0.997,-0.006,0.001,-0.081,0.34,-0.371,-0.007,-0.225,0.104,-0.135
-0.358,-0.498,1.077,0.997,-0.005,-0.003,-0.079,0.362,-0.377,-0.015,-0.027,-0.457,0.049
-0.358,-0.498,1.077,0.997,-0.005,-0.003,-0.079,0.362,-0.377,-0.015,-0.027,-0.457,0.049
-0.343,-0.512,1.076,0.997,-0.003,-0.002,-0.078,0.378,-0.357,-0.032,0.051,-0.409,0.171
-0.321,-0.531,1.074,0.997,-0.012,0.017,-0.076,0.347,-0.325,-0.074,-1.059,1.427,0.25
-0.321,-0.531,1.074,0.997,-0.012,0.017,-0.076,0.347,-0.325,-0.074,-1.059,1.427,0.25
-0.306,-0.543,1.074,0.997,-0.002,0.001,-0.078,0.407,-0.298,-0.026,0.101,-0.016,0.081
-0.282,-0.561,1.074,0.997,0.001,0.002,-0.078,0.403,-0.284,0.001,-0.117,0.071,-0.007
-0.279,-0.564,1.074,0.997,-0.0,0.0,-0.079,0.408,-0.311,0.017,-0.54,-0.168,-0.092
-0.255,-0.58,1.074,0.997,0.004,-0.008,-0.075,0.42,-0.288,0.003,0.284,-0.538,0.328
-0.241,-0.589,1.074,0.997,0.002,-0.002,-0.078,0.412,-0.262,0.007,0.035,0.157,-0.061
-0.232,-0.594,1.074,0.997,0.01,-0.01,-0.074,0.431,-0.259,-0.043,0.592,-0.307,0.375
-0.214,-0.606,1.074,0.997,-0.001,-0.003,-0.078,0.422,-0.266,0.002,-0.229,-0.282,-0.122
-0.2,-0.614,1.072,0.997,-0.007,0.013,-0.073,0.406,-0.234,-0.066,-0.648,1.008,0.331
-0.2,-0.614,1.072,0.997,-0.007,0.013,-0.073,0.406,-0.234,-0.066,-0.648,1.008,0.331
-0.188,-0.621,1.071,0.997,-0.016,0.027,-0.07,0.398,-0.235,-0.093,-1.564,1.758,0.328
-0.157,-0.637,1.074,0.997,0.002,-0.008,-0.074,0.453,-0.225,0.035,0.548,-1.153,0.135
-0.157,-0.637,1.074,0.997,0.002,-0.008,-0.074,0.453,-0.225,0.035,0.548,-1.153,0.135
-0.145,-0.644,1.075,0.997,0.0,-0.007,-0.079,0.406,-0.206,0.073,-0.108,-0.195,-0.363
-0.112,-0.658,1.076,0.997,0.001,-0.02,-0.071,0.482,-0.187,0.059,-0.197,-1.225,0.41
-0.112,-0.658,1.076,0.997,0.001,-0.02,-0.071,0.482,-0.187,0.059,-0.197,-1.225,0.41
-0.102,-0.664,1.075,0.997,0.01,-0.009,-0.074,0.468,-0.204,0.014,0.346,-0.122,0.057
-0.069,-0.678,1.072,0.997,-0.005,0.013,-0.072,0.427,-0.189,-0.099,-1.246,1.976,0.045
-0.069,-0.678,1.072,0.997,-0.005,0.013,-0.072,0.427,-0.189,-0.099,-1.246,1.976,0.045
-0.058,-0.683,1.072,0.997,0.017,-0.001,-0.075,0.488,-0.178,-0.083,1.367,0.201,0.005
-0.024,-0.697,1.071,0.997,0.009,-0.006,-0.073,0.492,-0.163,0.0,0.647,-0.664,0.103
-0.024,-0.697,1.071,0.997,0.009,-0.006,-0.073,0.492,-0.163,0.0,0.647,-0.664,0.103
-0.011,-0.702,1.071,0.997,0.001,-0.006,-0.075,0.452,-0.19,0.017,-0.216,-0.538,-0.153
0.02,-0.713,1.072,0.997,-0.007,-0.003,-0.079,0.429,-0.146,0.048,-0.8,-0.001,-0.615
0.02,-0.713,1.072,0.997,-0.007,-0.003,-0.079,0.429,-0.146,0.048,-0.8,-0.001,-0.615
0.034,-0.717,1.071,0.998,-0.007,-0.016,-0.066,0.525,-0.148,0.037,-0.476,-1.303,0.845
0.067,-0.728,1.07,0.997,-0.009,-0.002,-0.076,0.463,-0.132,0.037,-0.744,-0.052,-0.246
0.067,-0.728,1.07,0.997,-0.009,-0.002,-0.076,0.463,-0.132,0.037,-0.744,-0.052,-0.246
0.082,-0.733,1.068,0.997,-0.003,0.003,-0.073,0.504,-0.147,0.005,0.502,-0.551,-0.272
0.115,-0.741,1.064,0.997,-0.007,0.017,-0.068,0.45,-0.141,-0.153,-1.101,1.615,0.429
0.131,-0.745,1.064,0.998,-0.002,0.012,-0.068,0.473,-0.103,-0.108,-0.537,1.27,0.377
0.148,-0.748,1.063,0.997,-0.0,-0.001,-0.073,0.494,-0.122,-0.058,-0.112,-0.025,-0.173
0.165,-0.751,1.061,0.997,0.002,-0.005,-0.071,0.54,-0.098,0.023,0.965,-1.643,-0.217
0.174,-0.754,1.061,0.998,0.009,-0.006,-0.068,0.47,-0.143,0.021,0.729,-0.582,0.169
0.198,-0.758,1.058,0.998,0.001,-0.006,-0.069,0.53,-0.104,-0.07,0.319,-0.233,0.085
0.214,-0.76,1.057,0.998,-0.0,-0.004,-0.07,0.477,-0.093,-0.003,0.789,-0.251,-0.253
0.214,-0.76,1.057,0.998,-0.0,-0.004,-0.07,0.477,-0.093,-0.003,0.789,-0.251,-0.253
0.229,-0.761,1.054,0.997,-0.011,0.005,-0.071,0.56,-0.032,-0.044,-1.28,-1.386,0.64
0.264,-0.766,1.048,0.997,-0.032,0.028,-0.066,0.487,-0.06,-0.153,-1.89,1.952,0.136
0.264,-0.766,1.048,0.997,-0.032,0.028,-0.066,0.487,-0.06,-0.153,-1.89,1.952,0.136
0.28,-0.767,1.049,0.998,-0.011,0.003,-0.069,0.554,-0.032,-0.01,0.892,-0.959,-0.017
0.317,-0.769,1.047,0.997,-0.006,-0.008,-0.072,0.56,-0.027,0.001,0.309,-0.797,-0.253
0.333,-0.769,1.044,0.998,-0.018,0.01,-0.063,0.596,-0.014,0.026,0.207,-1.327,-0.768
0.35,-0.769,1.044,0.996,-0.033,0.031,-0.071,0.536,0.009,-0.159,-2.747,3.37,-0.396
0.367,-0.768,1.049,0.998,0.002,-0.012,-0.065,0.466,0.006,0.066,0.756,-0.293,0.19
0.386,-0.767,1.046,0.998,-0.013,0.004,-0.069,0.569,0.056,-0.01,-1.02,0.849,-0.018
0.402,-0.766,1.049,0.997,-0.004,-0.021,-0.069,0.529,0.022,0.041,-0.064,-0.433,-0.08
0.419,-0.764,1.05,0.997,0.0,-0.029,-0.066,0.589,0.062,0.004,0.375,-0.76,0.313
0.437,-0.762,1.052,0.998,0.0,-0.033,-0.06,0.653,0.094,0.098,-0.113,-2.773,1.35
0.449,-0.761,1.049,0.997,-0.034,0.019,-0.063,0.43,0.055,-0.091,-2.285,2.121,0.753
0.467,-0.759,1.053,0.998,0.0,-0.013,-0.069,0.538,0.059,0.059,0.039,0.127,0.175
0.467,-0.759,1.053,0.998,0.0,-0.013,-0.069,0.538,0.059,0.059,0.039,0.127,0.175
0.481,-0.757,1.057,0.997,-0.013,-0.035,-0.063,0.523,0.061,0.185,0.818,-3.149,-0.031
0.513,-0.752,1.058,0.997,-0.0,-0.022,-0.068,0.48,0.076,0.073,0.951,-0.842,-0.131
0.513,-0.752,1.058,0.997,-0.0,-0.022,-0.068,0.48,0.076,0.073,0.951,-0.842,-0.131
0.526,-0.748,1.06,0.998,-0.008,-0.019,-0.064,0.544,0.115,0.239,-1.161,-2.093,0.662
0.555,-0.74,1.061,0.998,-0.002,-0.014,-0.063,0.446,0.15,0.121,1.686,-1.553,0.229
0.555,-0.74,1.061,0.998,-0.002,-0.014,-0.063,0.446,0.15,0.121,1.686,-1.553,0.229
0.569,-0.737,1.059,0.998,-0.004,-0.003,-0.068,0.479,0.123,0.007,0.124,-0.958,0.498
0.595,-0.727,1.052,0.995,0.01,0.034,-0.094,0.355,0.185,-0.1,0.351,3.293,-1.942
0.595,-0.727,1.052,0.995,0.01,0.034,-0.094,0.355,0.185,-0.1,0.351,3.293,-1.942
0.613,-0.723,1.054,0.998,-0.021,-0.015,-0.058,0.567,0.19,0.081,-1.772,-1.914,1.757
0.638,-0.71,1.042,0.996,0.009,0.014,-0.086,0.274,0.176,-0.23,1.899,2.016,-1.945
0.638,-0.71,1.042,0.996,0.009,0.014,-0.086,0.274,0.176,-0.23,1.899,2.016,-1.945
0.655,-0.704,1.043,0.997,-0.034,0.002,-0.071,0.456,0.177,-0.068,-0.611,0.016,-1.035
0.685,-0.686,1.041,0.997,-0.033,-0.014,-0.066,0.433,0.276,0.075,-1.307,1.186,-0.936
0.685,-0.686,1.041,0.997,-0.033,-0.014,-0.066,0.433,0.276,0.075,-1.307,1.186,-0.936
0.714,-0.668,1.038,0.998,-0.027,-0.021,-0.061,0.48,0.293,0.012,0.464,-0.975,0.138
0.727,-0.656,1.037,0.997,-0.035,-0.009,-0.062,0.446,0.302,-0.009,-2.819,0.289,-0.059
0.727,-0.656,1.037,0.997,-0.035,-0.009,-0.062,0.446,0.302,-0.009,-2.819,0.289,-0.059
0.737,-0.646,1.039,0.997,-0.027,-0.033,-0.062,0.364,0.339,0.107,-0.911,-1.203,-0.041
0.766,-0.62,1.037,0.998,-0.01,-0.02,-0.061,0.378,0.379,0.017,0.741,-0.278,-0.171
0.766,-0.62,1.037,0.998,-0.01,-0.02,-0.061,0.378,0.379,0.017,0.741,-0.278,-0.171
0.776,-0.609,1.034,0.998,-0.031,0.01,-0.049,0.4,0.651,-0.083,9.618,4.908,-0.816
0.801,-0.579,1.032,0.997,-0.048,0.034,-0.051,0.396,0.539,-0.167,-2.309,1.903,1.555
0.801,-0.579,1.032,0.997,-0.048,0.034,-0.051,0.396,0.539,-0.167,-2.309,1.903,1.555
0.824,-0.549,1.04,0.997,-0.027,-0.033,-0.063,0.307,0.437,0.176,0.191,-1.773,-1.461
0.836,-0.533,1.039,0.997,-0.016,-0.046,-0.057,0.382,0.499,0.14,-0.014,-2.348,-0.02
0.845,-0.517,1.039,0.998,-0.007,-0.05,-0.047,0.296,0.494,0.126,0.634,-0.337,0.235
0.853,-0.501,1.033,0.997,0.033,-0.032,-0.058,0.21,0.493,-0.171,4.259,0.481,-0.549
0.864,-0.484,1.037,0.997,-0.013,-0.066,-0.049,0.267,0.48,0.032,1.105,-4.224,0.45
0.864,-0.484,1.037,0.997,-0.013,-0.066,-0.049,0.267,0.48,0.032,1.105,-4.224,0.45
0.871,-0.471,1.036,0.998,-0.019,-0.032,-0.051,0.27,0.54,0.018,0.531,-0.968,0.32
0.889,-0.429,1.034,0.998,-0.028,-0.026,-0.052,0.258,0.586,0.025,-0.97,-0.676,0.272
0.889,-0.429,1.034,0.998,-0.028,-0.026,-0.052,0.258,0.586,0.025,-0.97,-0.676,0.272
0.895,-0.413,1.031,0.998,-0.04,-0.008,-0.048,0.23,0.566,-0.06,-1.712,0.382,0.543
0.912,-0.37,1.03,0.998,-0.025,-0.004,-0.054,0.263,0.639,-0.014,0.195,0.446,-0.076
0.912,-0.37,1.03,0.998,-0.025,-0.004,-0.054,0.263,0.639,-0.014,0.195,0.446,-0.076
0.918,-0.353,1.027,0.999,-0.026,0.007,-0.047,0.214,0.626,-0.103,-0.174,1.057,0.6
0.934,-0.307,1.023,0.999,-0.012,-0.009,-0.053,0.214,0.674,-0.14,0.055,0.32,0.259
0.942,-0.286,1.024,0.998,-0.007,-0.026,-0.056,0.271,0.658,0.037,1.237,-2.144,-0.249
0.949,-0.265,1.02,0.998,-0.024,0.002,-0.053,0.223,0.621,-0.09,-1.405,1.366,0.235
0.957,-0.242,1.02,0.998,0.006,-0.005,-0.054,0.239,0.694,-0.036,1.666,0.115,-0.14
0.965,-0.22,1.021,0.998,0.001,-0.024,-0.052,0.289,0.683,0.099,1.59,-2.17,-0.074
0.972,-0.198,1.021,0.998,0.003,-0.022,-0.057,0.244,0.674,0.072,1.529,-1.208,-0.481
0.979,-0.176,1.02,0.999,-0.017,-0.009,-0.05,0.207,0.669,-0.029,-0.591,0.208,0.218
0.979,-0.176,1.02,0.999,-0.017,-0.009,-0.05,0.207,0.669,-0.029,-0.591,0.208,0.218
0.993,-0.131,1.023,0.999,-0.012,-0.006,-0.051,0.222,0.697,0.024,0.467,-0.059,0.164
1.0,-0.109,1.024,0.999,-0.018,0.007,-0.049,0.165,0.684,-0.03,-1.4,1.805,0.662
