-0.007,-0.008,0.001,1.0,0.0,0.0,0.011,-0.013,0.003,0.009,0.001,0.003,-0.002
-0.007,-0.009,0.001,1.0,0.0,0.0,0.011,-0.015,-0.006,-0.004,-0.0,-0.003,0.0
-0.007,-0.009,0.001,1.0,0.0,0.0,0.011,-0.015,-0.006,-0.004,-0.0,-0.003,0.0
-0.007,-0.008,0.001,1.0,-0.0,0.0,0.011,0.017,0.009,-0.012,-0.008,-0.009,-0.008
-0.007,-0.008,0.001,1.0,-0.0,0.0,0.011,-0.01,-0.007,0.008,0.006,0.01,0.004
-0.007,-0.009,0.001,1.0,0.0,0.0,0.011,-0.006,-0.01,0.01,0.019,-0.005,0.003
-0.007,-0.008,0.001,1.0,0.0,0.0,0.011,0.009,0.016,0.001,-0.006,-0.002,0.001
-0.008,-0.009,0.005,1.0,0.0,0.001,0.011,-0.031,-0.014,0.098,-0.005,0.038,0.009
-0.008,-0.008,0.01,1.0,0.001,0.001,0.011,0.002,0.021,0.156,0.033,0.022,-0.01
-0.009,-0.008,0.019,1.0,0.001,0.002,0.011,-0.03,-0.002,0.287,0.001,0.014,0.019
-0.009,-0.008,0.031,1.0,0.001,0.002,0.011,-0.011,0.013,0.357,0.033,0.032,-0.008
-0.009,-0.007,0.045,1.0,0.001,0.002,0.011,0.001,0.018,0.428,-0.03,0.019,-0.001
-0.008,-0.005,0.061,1.0,0.001,0.002,0.011,0.033,0.066,0.46,0.009,-0.019,-0.033
-0.01,-0.004,0.082,1.0,0.001,0.002,0.011,-0.048,0.02,0.642,-0.015,0.018,-0.001
-0.01,-0.003,0.105,1.0,0.0,0.003,0.011,-0.024,0.034,0.685,-0.009,0.033,0.001
-0.014,-0.003,0.131,1.0,0.0,0.003,0.011,-0.111,-0.012,0.769,-0.008,0.021,-0.004
-0.012,-0.001,0.155,1.0,0.001,0.003,0.01,0.053,0.08,0.725,0.036,-0.026,-0.022
-0.011,-0.001,0.182,1.0,0.002,0.003,0.01,0.027,-0.0,0.824,0.039,-0.009,0.007
-0.015,-0.003,0.215,1.0,0.002,0.003,0.011,-0.1,-0.069,0.984,0.02,0.032,0.025
-0.017,0.002,0.25,1.0,0.002,0.004,0.01,-0.054,0.143,1.04,0.018,0.044,-0.036
-0.016,0.005,0.321,1.0,0.003,0.006,0.009,-0.009,-0.013,0.912,0.018,-0.017,-0.006
-0.016,0.005,0.321,1.0,0.003,0.006,0.009,-0.009,-0.013,0.912,0.018,-0.017,-0.006
-0.019,0.008,0.36,1.0,0.002,0.007,0.009,-0.098,0.078,1.176,-0.015,0.052,-0.006
-0.02,0.0,0.39,1.0,0.002,0.006,0.01,-0.035,-0.224,0.905,0.0,-0.034,0.05
-0.02,-0.003,0.417,1.0,0.003,0.006,0.01,-0.003,-0.102,0.813,0.015,-0.025,0.039
-0.02,0.0,0.442,1.0,0.003,0.005,0.01,0.012,0.098,0.755,0.009,-0.052,-0.041
-0.021,-0.005,0.473,1.0,0.003,0.005,0.01,-0.043,-0.163,0.912,-0.007,0.007,0.042
-0.024,-0.006,0.507,1.0,0.003,0.005,0.01,-0.072,-0.02,1.027,0.026,0.036,0.007
-0.025,-0.001,0.542,1.0,0.003,0.006,0.009,-0.029,0.142,1.042,0.008,0.065,-0.066
-0.025,-0.006,0.562,1.0,0.002,0.005,0.01,-0.016,-0.148,0.625,-0.084,-0.071,0.054
-0.026,-0.006,0.59,1.0,0.001,0.005,0.01,-0.027,0.015,0.833,-0.031,-0.007,-0.019
-0.03,-0.003,0.627,1.0,0.001,0.006,0.01,-0.116,0.092,1.105,0.007,0.07,-0.009
-0.03,-0.003,0.627,1.0,0.001,0.006,0.01,-0.116,0.092,1.105,0.007,0.07,-0.009
-0.025,-0.0,0.663,1.0,0.001,0.005,0.01,0.095,0.059,0.622,0.033,-0.008,0.003
-0.031,-0.004,0.72,1.0,0.001,0.007,0.01,-0.162,-0.098,1.713,-0.03,0.108,0.017
-0.031,-0.004,0.72,1.0,0.001,0.007,0.01,-0.162,-0.098,1.713,-0.03,0.108,0.017
-0.033,0.0,0.738,1.0,0.001,0.007,0.01,-0.055,0.111,0.516,-0.006,-0.002,-0.028
-0.039,-0.003,0.779,1.0,0.002,0.008,0.01,-0.057,-0.083,0.753,0.01,0.079,0.018
-0.039,-0.003,0.779,1.0,0.002,0.008,0.01,-0.057,-0.083,0.753,0.01,0.079,0.018
-0.04,-0.002,0.803,1.0,0.002,0.009,0.01,-0.018,-0.027,0.33,-0.013,0.038,0.003
-0.043,0.002,0.812,1.0,0.002,0.01,0.01,-0.09,0.116,0.259,0.001,0.036,-0.019
-0.044,0.002,0.825,1.0,0.002,0.01,0.01,-0.039,-0.001,0.389,0.014,0.038,0.004
-0.046,0.001,0.822,1.0,0.002,0.01,0.01,-0.041,-0.035,-0.074,0.003,0.01,0.009
-0.045,-0.0,0.82,1.0,0.002,0.011,0.01,0.022,-0.028,-0.073,-0.045,0.016,0.006
-0.048,0.005,0.811,1.0,0.001,0.011,0.01,-0.092,0.137,-0.251,-0.026,-0.011,-0.036
-0.043,0.005,0.795,1.0,0.001,0.009,0.01,0.154,0.014,-0.487,-0.012,-0.086,-0.0
-0.05,0.007,0.816,1.0,0.001,0.012,0.01,-0.212,0.05,0.632,0.021,0.171,0.003
-0.05,0.007,0.816,1.0,0.001,0.012,0.01,-0.212,0.05,0.632,0.021,0.171,0.003
-0.051,0.013,0.8,1.0,0.002,0.012,0.01,-0.145,0.104,0.113,0.033,0.062,-0.007
-0.05,0.015,0.798,1.0,0.002,0.012,0.009,0.03,0.07,-0.07,0.034,0.008,-0.006
-0.05,0.019,0.793,1.0,0.002,0.012,0.009,0.007,0.124,-0.147,0.01,-0.032,0.005
-0.05,0.025,0.783,1.0,0.003,0.011,0.009,0.005,0.158,-0.285,0.021,-0.044,-0.019
-0.05,0.025,0.783,1.0,0.003,0.011,0.009,0.005,0.158,-0.285,0.021,-0.044,-0.019
-0.046,0.024,0.767,1.0,0.003,0.011,0.01,0.048,-0.076,-0.132,0.005,0.003,0.033
-0.045,0.03,0.76,1.0,0.004,0.01,0.009,0.024,0.19,-0.208,0.029,-0.034,-0.034
-0.043,0.039,0.743,1.0,0.004,0.008,0.009,0.05,0.272,-0.517,0.035,-0.109,-0.038
-0.048,0.036,0.757,1.0,0.005,0.011,0.009,-0.151,-0.098,0.439,0.032,0.137,0.028
-0.048,0.036,0.757,1.0,0.005,0.011,0.009,-0.151,-0.098,0.439,0.032,0.137,0.028
-0.045,0.046,0.748,1.0,0.006,0.009,0.008,0.063,0.062,-0.038,0.037,-0.046,-0.005
-0.047,0.052,0.747,1.0,0.006,0.008,0.008,-0.051,0.191,-0.008,0.018,-0.041,-0.03
-0.047,0.052,0.747,1.0,0.006,0.008,0.008,-0.051,0.191,-0.008,0.018,-0.041,-0.03
-0.048,0.057,0.756,1.0,0.008,0.008,0.008,-0.056,0.169,0.204,0.033,0.011,-0.016
-0.048,0.057,0.762,1.0,0.008,0.008,0.008,0.001,0.002,0.191,-0.01,0.007,-0.005
-0.048,0.057,0.762,1.0,0.008,0.008,0.008,0.001,0.002,0.191,-0.01,0.007,-0.005
-0.052,0.057,0.767,1.0,0.008,0.008,0.008,-0.108,0.006,0.153,-0.021,-0.014,-0.006
-0.059,0.064,0.779,1.0,0.008,0.008,0.007,-0.16,0.206,0.157,0.05,-0.006,-0.044
-0.059,0.064,0.779,1.0,0.008,0.008,0.007,-0.16,0.206,0.157,0.05,-0.006,-0.044
-0.06,0.062,0.789,1.0,0.01,0.008,0.008,0.083,-0.113,0.246,0.019,0.007,0.027
-0.06,0.063,0.791,1.0,0.01,0.007,0.007,-0.017,0.013,0.044,0.002,-0.054,-0.021
-0.06,0.063,0.791,1.0,0.01,0.007,0.007,-0.017,0.013,0.044,0.002,-0.054,-0.021
-0.063,0.063,0.799,1.0,0.009,0.007,0.008,-0.075,0.013,0.235,-0.01,-0.004,0.012
-0.076,0.067,0.809,1.0,0.009,0.008,0.007,-0.261,0.128,0.108,0.002,0.012,-0.024
-0.076,0.067,0.809,1.0,0.009,0.008,0.007,-0.261,0.128,0.108,0.002,0.012,-0.024
-0.082,0.062,0.824,1.0,0.008,0.007,0.008,0.011,-0.066,-0.143,-0.066,-0.114,0.003
-0.082,0.062,0.824,1.0,0.008,0.007,0.008,0.011,-0.066,-0.143,-0.066,-0.114,0.003
-0.084,0.062,0.831,1.0,0.008,0.007,0.008,-0.057,0.015,0.199,-0.002,0.021,-0.008
-0.104,0.059,0.856,1.0,0.009,0.01,0.008,-0.215,-0.143,0.238,0.039,0.073,0.027
-0.104,0.059,0.856,1.0,0.009,0.01,0.008,-0.215,-0.143,0.238,0.039,0.073,0.027
-0.114,0.06,0.862,1.0,0.009,0.011,0.008,0.02,0.147,0.052,-0.016,0.008,-0.031
-0.114,0.06,0.862,1.0,0.009,0.011,0.008,0.02,0.147,0.052,-0.016,0.008,-0.031
-0.128,0.054,0.886,1.0,0.009,0.012,0.008,-0.129,-0.005,0.283,-0.01,0.014,-0.023
-0.133,0.049,0.897,1.0,0.007,0.013,0.008,-0.164,-0.148,0.334,-0.081,0.054,0.021
-0.153,0.043,0.916,1.0,0.006,0.015,0.008,-0.376,0.091,0.419,-0.012,0.058,-0.04
-0.153,0.043,0.916,1.0,0.006,0.015,0.008,-0.376,0.091,0.419,-0.012,0.058,-0.04
-0.154,0.044,0.927,1.0,0.006,0.014,0.007,-0.047,-0.061,0.204,0.007,0.002,0.009
-0.164,0.041,0.935,1.0,0.005,0.015,0.007,-0.294,-0.076,0.249,-0.002,0.042,0.008
-0.183,0.034,0.942,1.0,0.004,0.017,0.007,0.069,-0.007,-0.349,-0.026,-0.01,-0.006
-0.183,0.034,0.942,1.0,0.004,0.017,0.007,0.069,-0.007,-0.349,-0.026,-0.01,-0.006
-0.188,0.034,0.934,1.0,0.005,0.018,0.007,-0.137,-0.007,-0.234,0.026,0.04,0.006
-0.2,0.03,0.922,1.0,0.005,0.019,0.007,-0.084,-0.055,-0.239,-0.007,-0.018,0.015
-0.2,0.03,0.922,1.0,0.005,0.019,0.007,-0.084,-0.055,-0.239,-0.007,-0.018,0.015
-0.203,0.024,0.92,1.0,0.004,0.02,0.008,-0.098,-0.17,-0.075,-0.049,0.049,0.016
-0.208,0.026,0.918,1.0,0.004,0.02,0.007,-0.169,0.051,-0.065,0.01,0.023,-0.015
-0.208,0.026,0.918,1.0,0.004,0.02,0.007,-0.169,0.051,-0.065,0.01,0.023,-0.015
-0.216,0.016,0.906,1.0,0.003,0.02,0.007,-0.104,-0.132,-0.206,-0.079,-0.029,0.001
-0.216,0.016,0.906,1.0,0.003,0.02,0.007,-0.104,-0.132,-0.206,-0.079,-0.029,0.001
-0.215,0.012,0.903,1.0,0.003,0.02,0.008,0.033,-0.12,-0.087,-0.005,-0.007,0.019
-0.216,0.009,0.902,1.0,0.002,0.02,0.008,-0.039,-0.098,-0.041,-0.033,-0.004,0.001
-0.22,0.009,0.903,1.0,0.002,0.02,0.008,-0.119,-0.018,0.05,-0.001,0.025,0.001
-0.228,0.005,0.908,1.0,0.002,0.021,0.008,-0.119,0.087,0.017,-0.004,0.006,-0.012
-0.228,0.005,0.908,1.0,0.002,0.021,0.008,-0.119,0.087,0.017,-0.004,0.006,-0.012
-0.221,-0.002,0.908,1.0,0.002,0.021,0.008,0.197,-0.216,-0.004,-0.024,-0.024,0.021
-0.224,-0.004,0.914,1.0,0.001,0.021,0.008,-0.084,-0.05,0.19,-0.024,0.001,-0.006
-0.217,-0.003,0.919,1.0,-0.0,0.019,0.007,0.023,-0.007,0.108,0.009,-0.011,0.002
-0.216,-0.005,0.918,1.0,0.0,0.018,0.007,0.034,-0.051,-0.012,0.021,-0.021,-0.001
-0.216,-0.005,0.918,1.0,0.0,0.018,0.007,0.034,-0.051,-0.012,0.021,-0.021,-0.001
-0.215,-0.004,0.925,1.0,0.0,0.019,0.007,0.016,0.033,0.198,0.017,0.014,-0.001
-0.213,-0.01,0.939,1.0,-0.0,0.018,0.008,-0.102,-0.254,0.304,-0.039,0.007,0.035
-0.213,-0.01,0.939,1.0,-0.0,0.018,0.008,-0.102,-0.254,0.304,-0.039,0.007,0.035
-0.205,-0.011,0.946,1.0,-0.001,0.017,0.007,0.065,-0.008,-0.044,-0.004,-0.06,-0.006
-0.205,-0.011,0.946,1.0,-0.001,0.017,0.007,0.065,-0.008,-0.044,-0.004,-0.06,-0.006
-0.202,-0.006,0.947,1.0,-0.001,0.016,0.007,0.097,0.04,0.056,0.003,-0.029,-0.009
-0.202,-0.009,0.949,1.0,-0.003,0.016,0.007,-0.006,-0.088,0.055,-0.071,0.005,-0.003
-0.202,-0.009,0.949,1.0,-0.003,0.016,0.007,-0.006,-0.088,0.055,-0.071,0.005,-0.003
-0.198,-0.013,0.945,1.0,-0.004,0.016,0.007,0.117,-0.115,-0.166,-0.043,-0.049,0.016
-0.198,-0.006,0.952,1.0,-0.004,0.017,0.007,-0.004,0.205,0.191,-0.0,0.035,-0.044
-0.198,-0.006,0.952,1.0,-0.004,0.017,0.007,-0.004,0.205,0.191,-0.0,0.035,-0.044
-0.194,-0.003,0.946,1.0,-0.004,0.015,0.007,0.014,0.216,-0.092,0.017,-0.029,-0.024
-0.192,-0.001,0.951,1.0,-0.003,0.016,0.007,-0.022,0.15,0.022,0.013,-0.001,-0.01
-0.192,-0.001,0.951,1.0,-0.003,0.016,0.007,-0.022,0.15,0.022,0.013,-0.001,-0.01
-0.192,-0.001,0.951,1.0,-0.004,0.015,0.007,0.01,-0.001,-0.016,-0.014,-0.01,0.017
-0.186,0.007,0.941,1.0,-0.003,0.014,0.006,0.197,0.268,-0.303,0.05,-0.071,-0.035
-0.186,0.007,0.941,1.0,-0.003,0.014,0.006,0.197,0.268,-0.303,0.05,-0.071,-0.035
-0.177,0.019,0.929,1.0,0.001,0.014,0.006,-0.029,0.06,0.016,0.076,0.048,0.012
-0.177,0.019,0.929,1.0,0.001,0.014,0.006,-0.029,0.06,0.016,0.076,0.048,0.012
-0.173,0.034,0.922,1.0,0.003,0.013,0.006,0.037,0.144,-0.027,0.057,-0.014,-0.012
-0.173,0.034,0.922,1.0,0.003,0.013,0.006,0.037,0.144,-0.027,0.057,-0.014,-0.012
-0.164,0.051,0.907,1.0,0.007,0.011,0.005,0.078,0.013,-0.342,0.051,-0.051,0.0
-0.164,0.051,0.907,1.0,0.007,0.011,0.005,0.078,0.013,-0.342,0.051,-0.051,0.0
-0.162,0.061,0.905,1.0,0.008,0.012,0.005,-0.023,0.011,-0.027,0.029,0.016,0.008
-0.162,0.061,0.905,1.0,0.008,0.012,0.005,-0.023,0.011,-0.027,0.029,0.016,0.008
-0.164,0.06,0.904,1.0,0.009,0.013,0.005,-0.024,-0.021,-0.007,0.014,0.029,0.009
-0.165,0.06,0.904,1.0,0.009,0.013,0.005,-0.03,-0.018,-0.022,0.013,0.017,0.005
-0.165,0.06,0.904,1.0,0.009,0.013,0.005,-0.03,-0.018,-0.022,0.013,0.017,0.005
-0.161,0.065,0.9,1.0,0.009,0.013,0.005,0.106,0.141,-0.125,0.016,-0.012,-0.01
-0.161,0.064,0.9,1.0,0.009,0.013,0.005,0.008,-0.008,0.012,-0.035,0.008,-0.009
-0.161,0.064,0.9,1.0,0.009,0.013,0.005,0.008,-0.008,0.012,-0.035,0.008,-0.009
-0.16,0.064,0.9,1.0,0.007,0.014,0.005,0.008,-0.02,-0.035,-0.073,0.019,0.007
-0.161,0.064,0.896,1.0,0.008,0.013,0.005,-0.022,-0.015,-0.115,0.029,-0.029,-0.0
-0.161,0.064,0.896,1.0,0.008,0.013,0.005,-0.022,-0.015,-0.115,0.029,-0.029,-0.0
-0.167,0.074,0.869,1.0,0.007,0.009,0.004,-0.07,0.095,-0.097,-0.005,-0.044,-0.017
-0.167,0.074,0.869,1.0,0.007,0.009,0.004,-0.07,0.095,-0.097,-0.005,-0.044,-0.017
-0.167,0.076,0.851,1.0,0.007,0.008,0.003,-0.088,-0.009,-0.228,-0.006,-0.06,-0.012
-0.169,0.073,0.854,1.0,0.006,0.008,0.004,-0.063,-0.09,0.086,-0.022,0.025,0.022
-0.169,0.073,0.854,1.0,0.006,0.008,0.004,-0.063,-0.09,0.086,-0.022,0.025,0.022
-0.175,0.078,0.843,1.0,0.005,0.006,0.003,-0.143,0.182,-0.208,-0.015,-0.068,-0.049
-0.179,0.08,0.842,1.0,0.006,0.007,0.003,-0.109,0.128,-0.141,0.014,-0.02,-0.047
-0.179,0.08,0.842,1.0,0.006,0.007,0.003,-0.109,0.128,-0.141,0.014,-0.02,-0.047
-0.183,0.076,0.845,1.0,0.006,0.008,0.003,-0.127,-0.118,0.073,-0.001,0.07,0.015
-0.19,0.073,0.847,1.0,0.005,0.008,0.003,-0.209,-0.079,0.059,-0.028,0.006,-0.009
-0.19,0.073,0.847,1.0,0.005,0.008,0.003,-0.209,-0.079,0.059,-0.028,0.006,-0.009
-0.202,0.074,0.848,1.0,0.006,0.01,0.003,-0.131,-0.006,0.052,0.03,0.065,0.007
-0.211,0.074,0.846,1.0,0.006,0.009,0.003,-0.26,0.018,-0.061,0.045,-0.013,0.021
-0.211,0.074,0.846,1.0,0.006,0.009,0.003,-0.26,0.018,-0.061,0.045,-0.013,0.021
-0.224,0.076,0.846,1.0,0.006,0.011,0.002,-0.166,-0.038,0.13,-0.036,0.11,-0.027
-0.224,0.076,0.846,1.0,0.006,0.011,0.002,-0.166,-0.038,0.13,-0.036,0.11,-0.027
-0.254,0.066,0.865,1.0,0.005,0.016,0.004,-0.307,-0.139,0.171,-0.016,0.121,0.035
-0.254,0.066,0.865,1.0,0.005,0.016,0.004,-0.307,-0.139,0.171,-0.016,0.121,0.035
-0.257,0.068,0.861,1.0,0.005,0.016,0.003,-0.078,0.042,-0.108,-0.001,0.03,-0.025
-0.267,0.062,0.867,1.0,0.005,0.018,0.004,-0.309,-0.165,0.182,0.002,0.117,0.051
-0.286,0.056,0.863,1.0,0.005,0.02,0.004,-0.252,-0.095,0.117,-0.018,0.067,0.012
-0.292,0.052,0.867,1.0,0.004,0.021,0.004,-0.173,-0.109,0.117,-0.027,0.074,0.015
-0.292,0.052,0.867,1.0,0.004,0.021,0.004,-0.173,-0.109,0.117,-0.027,0.074,0.015
-0.298,0.049,0.868,1.0,0.004,0.022,0.005,-0.186,-0.104,0.044,-0.021,0.071,0.027
-0.305,0.052,0.861,1.0,0.003,0.024,0.004,0.092,0.098,-0.225,0.0,-0.014,-0.022
-0.318,0.045,0.857,1.0,0.002,0.026,0.004,0.203,-0.031,-0.344,-0.028,-0.064,0.005
-0.318,0.045,0.857,1.0,0.002,0.026,0.004,0.203,-0.031,-0.344,-0.028,-0.064,0.005
-0.325,0.042,0.832,1.0,-0.001,0.026,0.004,-0.108,0.053,-0.072,-0.044,0.03,-0.024
-0.325,0.042,0.832,1.0,-0.001,0.026,0.004,-0.108,0.053,-0.072,-0.044,0.03,-0.024
-0.32,0.036,0.818,1.0,-0.001,0.024,0.005,0.166,-0.113,-0.437,0.004,-0.22,0.019
-0.317,0.038,0.81,1.0,-0.001,0.024,0.004,0.112,0.082,-0.213,0.006,-0.035,-0.019
-0.313,0.038,0.813,1.0,-0.001,0.022,0.004,0.105,-0.005,0.075,0.029,-0.071,-0.003
-0.316,0.045,0.812,1.0,-0.001,0.022,0.004,-0.073,0.207,-0.025,0.004,-0.025,-0.035
-0.316,0.045,0.812,1.0,-0.001,0.022,0.004,-0.073,0.207,-0.025,0.004,-0.025,-0.035
-0.311,0.049,0.804,1.0,0.001,0.02,0.004,-0.029,0.103,-0.079,0.043,-0.035,-0.023
-0.312,0.048,0.811,1.0,0.001,0.02,0.004,-0.047,-0.014,0.209,-0.01,0.021,0.003
-0.312,0.048,0.811,1.0,0.001,0.02,0.004,-0.047,-0.014,0.209,-0.01,0.021,0.003
-0.305,0.05,0.818,1.0,0.003,0.018,0.004,0.067,-0.011,-0.01,0.077,-0.025,0.023
-0.305,0.05,0.818,1.0,0.003,0.018,0.004,0.067,-0.011,-0.01,0.077,-0.025,0.023
-0.303,0.065,0.83,1.0,0.006,0.019,0.003,0.009,0.17,0.004,0.047,-0.003,-0.021
-0.302,0.06,0.834,1.0,0.006,0.019,0.003,0.033,-0.134,0.133,0.016,0.027,0.03
-0.302,0.06,0.834,1.0,0.006,0.019,0.003,0.033,-0.134,0.133,0.016,0.027,0.03
-0.301,0.062,0.834,1.0,0.006,0.019,0.003,0.025,0.044,0.014,0.028,-0.014,0.002
-0.287,0.065,0.834,1.0,0.006,0.018,0.003,-0.056,0.094,0.107,0.001,0.017,-0.033
-0.285,0.067,0.837,1.0,0.006,0.017,0.003,0.052,0.078,0.108,-0.019,-0.034,-0.007
-0.277,0.065,0.833,1.0,0.004,0.016,0.003,0.193,0.004,-0.269,-0.032,-0.079,0.007
-0.276,0.065,0.836,1.0,0.004,0.017,0.003,0.038,0.005,0.092,-0.053,0.03,-0.0
-0.273,0.067,0.833,1.0,0.003,0.017,0.002,0.103,0.059,-0.089,-0.035,-0.027,-0.021
-0.273,0.066,0.831,1.0,0.003,0.017,0.003,-0.016,-0.055,-0.042,0.017,0.025,0.022
-0.273,0.066,0.831,1.0,0.003,0.017,0.003,-0.016,-0.055,-0.042,0.017,0.025,0.022
-0.265,0.067,0.821,1.0,0.003,0.016,0.003,0.063,0.011,-0.067,-0.002,-0.022,-0.001
-0.265,0.067,0.821,1.0,0.003,0.016,0.003,0.063,0.011,-0.067,-0.002,-0.022,-0.001
-0.253,0.071,0.801,1.0,0.004,0.014,0.002,0.007,0.011,-0.038,-0.0,-0.001,-0.005
-0.253,0.071,0.801,1.0,0.004,0.014,0.002,0.007,0.011,-0.038,-0.0,-0.001,-0.005
-0.251,0.071,0.801,1.0,0.004,0.014,0.002,0.051,0.006,-0.013,0.017,0.003,0.011
-0.249,0.074,0.8,1.0,0.004,0.014,0.002,0.012,0.1,-0.018,0.009,-0.008,-0.017
-0.249,0.074,0.8,1.0,0.004,0.014,0.002,0.012,0.1,-0.018,0.009,-0.008,-0.017
-0.229,0.07,0.775,1.0,0.004,0.012,0.003,0.203,-0.022,-0.084,0.022,-0.02,0.009
-0.233,0.077,0.774,1.0,0.004,0.012,0.002,-0.119,0.212,-0.033,-0.003,-0.028,-0.052
-0.233,0.077,0.774,1.0,0.004,0.012,0.002,-0.119,0.212,-0.033,-0.003,-0.028,-0.052
-0.228,0.075,0.776,1.0,0.005,0.012,0.002,-0.02,0.072,0.095,0.01,0.03,-0.005
-0.227,0.079,0.777,1.0,0.005,0.012,0.002,0.036,0.109,0.039,0.008,-0.009,-0.014
-0.225,0.079,0.779,1.0,0.005,0.012,0.002,0.071,0.015,0.055,-0.0,-0.016,-0.004
-0.225,0.08,0.778,1.0,0.006,0.012,0.002,0.001,0.02,-0.033,0.067,0.004,0.004
-0.223,0.076,0.774,1.0,0.006,0.011,0.002,0.069,-0.111,-0.118,0.041,-0.019,0.024
-0.221,0.082,0.772,1.0,0.009,0.013,0.002,0.115,0.139,-0.118,0.064,0.024,-0.037
-0.221,0.082,0.772,1.0,0.009,0.013,0.002,0.115,0.139,-0.118,0.064,0.024,-0.037
-0.218,0.087,0.772,1.0,0.009,0.012,0.001,-0.025,0.066,0.036,0.027,-0.012,-0.032
-0.215,0.09,0.76,1.0,0.009,0.011,0.001,0.107,0.085,-0.338,-0.019,-0.056,-0.034
-0.215,0.09,0.76,1.0,0.009,0.011,0.001,0.107,0.085,-0.338,-0.019,-0.056,-0.034
-0.213,0.09,0.761,1.0,0.009,0.01,0.001,0.047,0.025,0.006,-0.013,-0.04,-0.008
-0.213,0.087,0.762,1.0,0.009,0.009,0.001,0.009,-0.075,0.026,-0.009,-0.054,0.017
-0.213,0.087,0.762,1.0,0.009,0.009,0.001,0.009,-0.075,0.026,-0.009,-0.054,0.017
-0.209,0.091,0.762,1.0,0.009,0.008,0.0,0.021,-0.005,0.008,-0.003,-0.025,0.003
-0.208,0.094,0.772,1.0,0.01,0.007,-0.0,0.03,0.1,0.28,0.039,-0.028,-0.015
-0.208,0.094,0.772,1.0,0.01,0.007,-0.0,0.03,0.1,0.28,0.039,-0.028,-0.015
-0.203,0.093,0.772,1.0,0.009,0.004,-0.0,0.045,-0.017,-0.027,-0.018,-0.064,-0.004
-0.203,0.093,0.772,1.0,0.009,0.004,-0.0,0.045,-0.017,-0.027,-0.018,-0.064,-0.004
-0.203,0.091,0.786,1.0,0.008,0.004,-0.001,-0.039,0.014,0.373,-0.024,0.024,-0.011
-0.2,0.093,0.787,1.0,0.008,0.003,-0.002,0.094,0.064,0.02,0.0,-0.066,-0.044
-0.201,0.09,0.787,1.0,0.007,0.002,-0.001,-0.022,-0.095,-0.001,-0.014,-0.03,0.008
-0.201,0.086,0.79,1.0,0.008,0.002,-0.001,-0.091,-0.196,0.071,0.025,0.061,0.058
-0.201,0.086,0.79,1.0,0.008,0.002,-0.001,-0.091,-0.196,0.071,0.025,0.061,0.058
-0.205,0.077,0.79,1.0,0.007,0.002,-0.001,-0.025,-0.078,-0.001,-0.02,-0.009,0.001
-0.204,0.074,0.793,1.0,0.007,0.002,-0.001,0.016,-0.069,0.094,-0.008,0.007,-0.011
-0.204,0.074,0.793,1.0,0.007,0.002,-0.001,0.016,-0.069,0.094,-0.008,0.007,-0.011
-0.203,0.075,0.793,1.0,0.006,0.002,-0.002,0.033,0.027,0.007,-0.03,-0.008,-0.014
-0.21,0.062,0.793,1.0,0.005,0.002,-0.001,-0.187,-0.387,-0.013,-0.083,0.012,0.037
-0.219,0.048,0.799,1.0,0.004,0.004,-0.0,-0.226,-0.321,0.217,-0.03,0.083,0.059
-0.219,0.047,0.799,1.0,0.003,0.004,-0.0,-0.012,-0.018,-0.0,-0.016,0.011,-0.024
-0.219,0.047,0.799,1.0,0.003,0.004,-0.0,-0.012,-0.018,-0.0,-0.016,0.011,-0.024
-0.22,0.045,0.799,1.0,0.002,0.004,-0.0,-0.028,-0.057,-0.007,-0.028,0.014,-0.015
-0.223,0.04,0.799,1.0,0.002,0.004,0.0,-0.082,-0.13,-0.003,-0.023,-0.017,0.017
-0.223,0.04,0.799,1.0,0.002,0.004,0.0,-0.082,-0.13,-0.003,-0.023,-0.017,0.017
-0.227,0.035,0.798,1.0,-0.002,0.007,-0.001,-0.014,-0.036,-0.006,-0.088,0.056,-0.058
-0.245,0.014,0.84,1.0,-0.001,0.013,0.002,-0.523,-0.632,1.25,0.067,0.391,0.165
-0.245,0.014,0.84,1.0,-0.001,0.013,0.002,-0.523,-0.632,1.25,0.067,0.391,0.165
-0.259,0.013,0.881,1.0,-0.001,0.02,0.002,-0.431,-0.015,1.224,0.001,0.398,-0.005
-0.258,0.015,0.875,1.0,-0.001,0.02,0.002,0.03,0.06,-0.17,-0.012,0.017,-0.015
-0.258,0.015,0.875,1.0,-0.001,0.02,0.002,0.03,0.06,-0.17,-0.012,0.017,-0.015
-0.263,0.011,0.879,1.0,-0.001,0.022,0.002,-0.158,-0.148,0.105,-0.007,0.083,0.038
-0.27,0.008,0.883,1.0,-0.003,0.024,0.001,-0.119,0.008,0.011,-0.121,0.088,-0.06
-0.27,0.008,0.883,1.0,-0.003,0.024,0.001,-0.119,0.008,0.011,-0.121,0.088,-0.06
-0.263,0.0,0.823,1.0,-0.009,0.027,0.001,0.238,-0.114,-0.825,-0.005,-0.095,0.02
-0.263,0.0,0.823,1.0,-0.009,0.027,0.001,0.238,-0.114,-0.825,-0.005,-0.095,0.02
-0.256,0.007,0.806,1.0,-0.009,0.027,0.0,0.225,0.215,-0.496,0.001,-0.014,-0.044
-0.261,0.005,0.801,1.0,-0.008,0.028,0.001,-0.174,-0.063,-0.144,0.032,0.079,0.029
-0.261,0.005,0.801,1.0,-0.008,0.028,0.001,-0.174,-0.063,-0.144,0.032,0.079,0.029
-0.251,0.012,0.77,1.0,-0.007,0.027,0.001,-0.107,0.132,-0.185,0.037,0.066,0.002
-0.243,0.015,0.761,1.0,-0.007,0.026,-0.0,0.24,0.087,-0.269,-0.011,-0.052,-0.057
-0.243,0.015,0.761,1.0,-0.007,0.026,-0.0,0.24,0.087,-0.269,-0.011,-0.052,-0.057
-0.221,0.018,0.728,1.0,-0.006,0.02,0.0,0.254,0.233,-0.239,0.034,-0.116,-0.038
-0.22,0.023,0.724,1.0,-0.005,0.019,0.0,0.05,0.126,-0.146,0.053,-0.033,-0.007
-0.22,0.023,0.724,1.0,-0.005,0.019,0.0,0.05,0.126,-0.146,0.053,-0.033,-0.007
-0.202,0.026,0.687,1.0,-0.002,0.018,0.001,0.259,0.051,-0.67,0.069,-0.072,-0.001
-0.202,0.026,0.687,1.0,-0.002,0.018,0.001,0.259,0.051,-0.67,0.069,-0.072,-0.001
-0.191,0.033,0.681,1.0,-0.001,0.016,0.001,0.34,0.203,-0.18,0.064,-0.113,-0.011
-0.183,0.045,0.676,1.0,0.002,0.014,0.0,0.116,0.157,-0.094,0.083,-0.049,0.001
-0.183,0.045,0.676,1.0,0.002,0.014,0.0,0.116,0.157,-0.094,0.083,-0.049,0.001
-0.172,0.051,0.666,1.0,0.005,0.012,0.0,0.249,0.157,-0.306,0.062,-0.116,-0.035
-0.166,0.052,0.669,1.0,0.005,0.011,0.0,0.203,0.01,0.083,0.018,-0.072,0.011
-0.164,0.067,0.672,1.0,0.005,0.01,-0.001,0.045,0.451,0.108,0.019,-0.073,-0.092
-0.162,0.068,0.672,1.0,0.007,0.007,-0.001,0.06,0.04,-0.008,0.082,-0.139,0.015
-0.155,0.071,0.678,1.0,0.007,0.007,-0.001,0.197,0.075,0.171,0.04,-0.041,0.012
-0.155,0.071,0.678,1.0,0.007,0.007,-0.001,0.197,0.075,0.171,0.04,-0.041,0.012
-0.15,0.075,0.688,1.0,0.009,0.006,-0.001,0.021,0.148,0.208,0.038,-0.02,-0.022
-0.145,0.079,0.697,1.0,0.009,0.005,-0.001,0.148,0.12,0.263,0.04,-0.041,-0.008
-0.135,0.089,0.705,1.0,0.012,0.002,-0.002,0.013,-0.028,0.395,-0.0,0.059,0.001
-0.135,0.089,0.705,1.0,0.012,0.002,-0.002,0.013,-0.028,0.395,-0.0,0.059,0.001
-0.139,0.096,0.734,1.0,0.012,0.002,-0.003,0.031,0.139,0.325,0.04,-0.089,-0.008
-0.133,0.096,0.736,1.0,0.013,0.001,-0.002,0.193,-0.005,0.05,0.015,-0.051,0.011
-0.14,0.098,0.744,1.0,0.013,0.001,-0.003,-0.204,0.074,0.254,0.011,-0.014,-0.015
-0.134,0.089,0.743,1.0,0.013,-0.0,-0.002,0.163,-0.286,-0.039,-0.004,-0.069,0.061
-0.142,0.099,0.752,1.0,0.013,0.0,-0.003,-0.23,0.295,0.277,-0.007,0.019,-0.079
-0.139,0.093,0.751,1.0,0.012,0.0,-0.003,0.007,-0.007,0.178,-0.013,0.04,0.005
-0.143,0.09,0.751,1.0,0.011,0.0,-0.003,-0.115,-0.07,0.02,-0.05,-0.021,-0.015
-0.143,0.09,0.751,1.0,0.011,0.0,-0.003,-0.115,-0.07,0.02,-0.05,-0.021,-0.015
-0.154,0.088,0.764,1.0,0.008,0.0,-0.003,-0.17,-0.009,0.185,-0.093,0.028,-0.015
-0.154,0.088,0.764,1.0,0.008,0.0,-0.003,-0.17,-0.009,0.185,-0.093,0.028,-0.015
-0.154,0.088,0.764,1.0,0.008,0.0,-0.003,-0.17,-0.009,0.185,-0.093,0.028,-0.015
-0.165,0.083,0.773,1.0,0.008,0.002,-0.003,-0.336,-0.153,0.294,-0.002,0.118,0.031
-0.179,0.078,0.774,1.0,0.007,0.004,-0.003,-0.19,-0.008,0.006,-0.037,0.041,-0.023
-0.179,0.078,0.774,1.0,0.007,0.004,-0.003,-0.19,-0.008,0.006,-0.037,0.041,-0.023
-0.201,0.077,0.784,1.0,0.007,0.008,-0.003,-0.24,0.044,0.015,0.014,0.083,-0.015
-0.201,0.077,0.784,1.0,0.007,0.008,-0.003,-0.24,0.044,0.015,0.014,0.083,-0.015
-0.201,0.077,0.784,1.0,0.007,0.008,-0.003,-0.24,0.044,0.015,0.014,0.083,-0.015
-0.227,0.063,0.778,1.0,0.005,0.013,-0.002,-0.24,-0.019,-0.105,-0.046,0.095,-0.001
-0.229,0.055,0.759,1.0,0.006,0.015,-0.002,-0.074,-0.232,-0.56,0.021,0.118,0.044
-0.236,0.058,0.75,1.0,0.005,0.015,-0.002,-0.211,0.097,-0.276,-0.013,0.008,-0.041
-0.248,0.056,0.742,1.0,0.006,0.016,-0.002,-0.242,-0.01,-0.077,0.027,0.066,-0.008
-0.248,0.056,0.742,1.0,0.006,0.016,-0.002,-0.242,-0.01,-0.077,0.027,0.066,-0.008
-0.273,0.042,0.744,1.0,0.005,0.02,-0.002,-0.11,-0.296,0.023,-0.047,0.042,0.052
-0.273,0.042,0.744,1.0,0.005,0.02,-0.002,-0.11,-0.296,0.023,-0.047,0.042,0.052
-0.285,0.044,0.738,1.0,0.006,0.021,-0.003,-0.078,-0.059,-0.011,0.025,0.035,0.025
-0.285,0.044,0.738,1.0,0.006,0.021,-0.003,-0.078,-0.059,-0.011,0.025,0.035,0.025
-0.303,0.037,0.748,1.0,0.004,0.023,-0.003,-0.279,-0.061,0.178,-0.082,0.06,-0.006
-0.3,0.031,0.743,1.0,0.003,0.022,-0.002,0.088,-0.196,-0.171,-0.065,-0.061,0.01
-0.308,0.026,0.75,1.0,0.001,0.022,-0.002,-0.235,-0.132,0.224,-0.09,0.029,0.006
-0.307,0.019,0.752,1.0,0.0,0.022,-0.002,0.006,-0.224,0.061,-0.055,-0.003,0.023
-0.32,0.012,0.758,1.0,-0.002,0.022,-0.002,0.067,-0.215,-0.066,-0.008,-0.02,0.048
-0.32,0.012,0.758,1.0,-0.002,0.022,-0.002,0.067,-0.215,-0.066,-0.008,-0.02,0.048
-0.328,0.017,0.764,1.0,-0.002,0.023,-0.003,-0.248,0.137,0.158,-0.012,0.056,-0.059
-0.339,0.013,0.774,1.0,-0.003,0.025,-0.003,-0.298,-0.007,0.343,-0.035,0.085,-0.014
-0.339,0.013,0.774,1.0,-0.003,0.025,-0.003,-0.298,-0.007,0.343,-0.035,0.085,-0.014
-0.338,0.004,0.777,1.0,-0.005,0.024,-0.003,-0.043,-0.039,0.213,-0.072,-0.025,-0.013
-0.338,0.004,0.777,1.0,-0.005,0.024,-0.003,-0.043,-0.039,0.213,-0.072,-0.025,-0.013
-0.339,0.007,0.783,1.0,-0.005,0.023,-0.003,-0.094,0.015,0.195,0.048,0.059,0.005
-0.345,0.01,0.782,1.0,-0.004,0.024,-0.003,-0.166,0.102,-0.003,0.068,0.024,0.001
-0.345,0.01,0.782,1.0,-0.004,0.024,-0.003,-0.166,0.102,-0.003,0.068,0.024,0.001
-0.347,0.011,0.782,1.0,-0.003,0.024,-0.003,-0.078,0.03,-0.019,0.034,0.028,-0.012
-0.354,0.011,0.79,1.0,-0.003,0.026,-0.003,-0.2,-0.017,0.254,0.002,0.14,0.012
-0.342,0.011,0.775,1.0,-0.001,0.025,-0.003,0.171,0.022,-0.148,0.03,-0.02,0.016
-0.344,0.013,0.777,1.0,-0.001,0.026,-0.003,-0.061,0.037,0.058,0.032,0.049,-0.004
-0.345,0.019,0.78,1.0,0.001,0.027,-0.003,-0.016,0.043,0.057,0.044,0.029,0.009
-0.345,0.019,0.78,1.0,0.001,0.027,-0.003,-0.016,0.043,0.057,0.044,0.029,0.009
-0.342,0.018,0.777,1.0,0.002,0.027,-0.003,0.101,-0.043,-0.065,0.033,-0.029,0.012
-0.347,0.024,0.782,1.0,0.002,0.028,-0.003,-0.167,0.183,0.128,0.006,0.085,-0.031
-0.333,0.03,0.784,1.0,0.002,0.025,-0.003,0.05,0.027,0.065,-0.007,-0.023,-0.003
-0.333,0.03,0.784,1.0,0.002,0.025,-0.003,0.05,0.027,0.065,-0.007,-0.023,-0.003
-0.315,0.038,0.778,1.0,0.002,0.022,-0.003,0.159,0.023,-0.064,-0.014,-0.08,0.002
-0.315,0.038,0.778,1.0,0.002,0.022,-0.003,0.159,0.023,-0.064,-0.014,-0.08,0.002
-0.306,0.042,0.78,1.0,0.003,0.021,-0.003,0.019,-0.065,0.127,0.036,0.044,0.017
-0.306,0.042,0.78,1.0,0.003,0.021,-0.003,0.019,-0.065,0.127,0.036,0.044,0.017
-0.297,0.047,0.776,1.0,0.004,0.02,-0.004,0.084,-0.038,0.004,0.024,-0.004,0.025
-0.295,0.053,0.776,1.0,0.004,0.02,-0.004,0.049,0.176,-0.008,-0.004,-0.031,-0.03
-0.295,0.053,0.776,1.0,0.004,0.02,-0.004,0.049,0.176,-0.008,-0.004,-0.031,-0.03
-0.284,0.055,0.766,1.0,0.004,0.018,-0.004,0.323,0.039,-0.278,0.007,-0.127,0.016
-0.278,0.056,0.771,1.0,0.003,0.018,-0.003,0.126,0.047,0.122,-0.012,0.023,0.012
-0.278,0.056,0.771,1.0,0.003,0.018,-0.003,0.126,0.047,0.122,-0.012,0.023,0.012
-0.275,0.061,0.764,1.0,0.003,0.016,-0.004,0.11,0.154,-0.22,-0.003,-0.093,-0.032
-0.261,0.065,0.751,1.0,0.003,0.014,-0.004,0.232,-0.078,-0.186,0.015,-0.038,0.01
-0.261,0.065,0.751,1.0,0.003,0.014,-0.004,0.232,-0.078,-0.186,0.015,-0.038,0.01
-0.249,0.077,0.747,1.0,0.005,0.012,-0.005,0.101,0.127,-0.039,0.031,-0.054,-0.013
-0.249,0.077,0.747,1.0,0.005,0.012,-0.005,0.101,0.127,-0.039,0.031,-0.054,-0.013
-0.243,0.081,0.742,1.0,0.006,0.011,-0.005,0.036,0.004,-0.026,0.016,0.013,0.007
-0.241,0.084,0.742,1.0,0.006,0.01,-0.005,0.083,0.098,0.002,0.013,-0.027,-0.006
-0.241,0.084,0.742,1.0,0.006,0.01,-0.005,0.083,0.098,0.002,0.013,-0.027,-0.006
-0.231,0.086,0.736,1.0,0.005,0.009,-0.005,0.016,-0.034,0.15,0.01,0.04,0.028
-0.231,0.086,0.736,1.0,0.005,0.009,-0.005,0.016,-0.034,0.15,0.01,0.04,0.028
-0.228,0.09,0.727,1.0,0.005,0.007,-0.005,0.061,-0.048,-0.021,-0.009,-0.007,0.026
-0.228,0.093,0.722,1.0,0.006,0.007,-0.006,0.016,0.1,-0.146,0.032,-0.024,-0.011
-0.228,0.093,0.722,1.0,0.006,0.007,-0.006,0.016,0.1,-0.146,0.032,-0.024,-0.011
-0.229,0.098,0.725,1.0,0.007,0.007,-0.006,0.082,0.154,-0.004,0.015,-0.041,-0.023
-0.229,0.098,0.725,1.0,0.007,0.007,-0.006,0.082,0.154,-0.004,0.015,-0.041,-0.023
-0.23,0.099,0.717,1.0,0.006,0.006,-0.006,-0.013,0.036,-0.233,-0.019,-0.049,-0.011
-0.233,0.103,0.709,1.0,0.006,0.007,-0.006,-0.109,0.154,0.017,0.02,0.047,-0.016
-0.234,0.104,0.71,1.0,0.007,0.008,-0.006,-0.039,0.024,0.045,0.029,0.02,0.004
-0.234,0.104,0.71,1.0,0.007,0.008,-0.006,-0.039,0.024,0.045,0.029,0.02,0.004
-0.235,0.102,0.709,1.0,0.007,0.007,-0.006,-0.033,-0.054,-0.046,0.046,-0.016,0.026
-0.236,0.106,0.708,1.0,0.008,0.007,-0.006,-0.028,0.105,-0.012,0.038,0.004,-0.017
-0.249,0.107,0.709,1.0,0.01,0.009,-0.006,-0.142,-0.01,-0.007,-0.004,0.025,-0.013
-0.249,0.107,0.709,1.0,0.01,0.009,-0.006,-0.142,-0.01,-0.007,-0.004,0.025,-0.013
-0.251,0.107,0.709,1.0,0.01,0.009,-0.006,-0.082,-0.009,0.013,0.016,0.002,-0.003
-0.262,0.106,0.716,1.0,0.01,0.01,-0.007,-0.242,0.029,0.096,-0.022,0.041,-0.022
-0.262,0.106,0.716,1.0,0.01,0.01,-0.007,-0.242,0.029,0.096,-0.022,0.041,-0.022
-0.266,0.106,0.713,1.0,0.009,0.01,-0.007,-0.07,-0.028,0.018,0.004,0.034,0.008
-0.28,0.101,0.725,1.0,0.009,0.014,-0.006,-0.161,-0.065,0.164,0.01,0.096,0.026
-0.28,0.101,0.725,1.0,0.009,0.014,-0.006,-0.161,-0.065,0.164,0.01,0.096,0.026
-0.288,0.098,0.726,1.0,0.009,0.014,-0.006,-0.237,-0.079,0.031,-0.016,0.041,-0.009
-0.298,0.095,0.734,1.0,0.008,0.017,-0.006,-0.259,-0.146,0.235,-0.013,0.13,0.018
-0.298,0.095,0.734,1.0,0.008,0.017,-0.006,-0.259,-0.146,0.235,-0.013,0.13,0.018
-0.305,0.093,0.733,1.0,0.008,0.018,-0.006,-0.196,-0.058,-0.011,-0.017,0.042,0.012
-0.309,0.091,0.734,1.0,0.007,0.018,-0.006,-0.127,-0.058,0.021,-0.048,0.033,-0.01
-0.335,0.078,0.742,1.0,0.004,0.023,-0.006,0.013,-0.285,-0.19,-0.05,-0.005,0.043
-0.335,0.078,0.742,1.0,0.004,0.023,-0.006,0.013,-0.285,-0.19,-0.05,-0.005,0.043
-0.342,0.07,0.739,1.0,0.002,0.024,-0.006,-0.172,-0.115,-0.04,-0.048,0.034,-0.003
-0.346,0.058,0.74,1.0,0.002,0.025,-0.005,-0.119,-0.366,0.03,-0.039,0.062,0.059
-0.346,0.058,0.74,1.0,0.002,0.025,-0.005,-0.119,-0.366,0.03,-0.039,0.062,0.059
-0.349,0.065,0.739,1.0,0.001,0.025,-0.006,-0.083,0.194,-0.01,-0.036,0.03,-0.037
-0.352,0.061,0.736,1.0,-0.001,0.024,-0.006,0.146,0.012,-0.325,-0.064,-0.1,0.003
-0.352,0.061,0.736,1.0,-0.001,0.024,-0.006,0.146,0.012,-0.325,-0.064,-0.1,0.003
-0.358,0.055,0.743,1.0,-0.002,0.025,-0.006,-0.079,0.009,0.074,-0.047,-0.006,-0.018
-0.356,0.052,0.743,1.0,-0.003,0.024,-0.006,0.057,-0.113,-0.014,-0.085,-0.016,-0.003
-0.364,0.048,0.748,1.0,-0.003,0.025,-0.005,-0.24,-0.116,0.152,0.017,0.045,0.015
-0.352,0.053,0.731,1.0,-0.002,0.023,-0.006,-0.086,0.025,0.145,0.06,-0.009,0.007
-0.352,0.053,0.731,1.0,-0.002,0.023,-0.006,-0.086,0.025,0.145,0.06,-0.009,0.007
-0.351,0.058,0.74,1.0,0.0,0.021,-0.007,-0.078,0.058,-0.016,0.026,-0.061,-0.018
-0.351,0.058,0.74,1.0,0.0,0.021,-0.007,-0.078,0.058,-0.016,0.026,-0.061,-0.018
-0.347,0.058,0.737,1.0,0.001,0.02,-0.007,0.112,0.013,-0.111,0.01,-0.024,0.006
-0.35,0.054,0.738,1.0,0.0,0.02,-0.006,-0.084,-0.108,0.018,-0.009,-0.006,0.013
-0.35,0.056,0.736,1.0,0.001,0.022,-0.007,0.043,-0.097,-0.207,0.014,0.024,0.012
-0.35,0.056,0.736,1.0,0.001,0.022,-0.007,0.043,-0.097,-0.207,0.014,0.024,0.012
-0.352,0.059,0.745,1.0,0.001,0.023,-0.007,-0.071,0.07,0.258,0.049,0.096,-0.003
-0.351,0.063,0.748,1.0,0.002,0.023,-0.007,-0.053,0.111,0.278,0.002,0.037,-0.022
-0.351,0.063,0.748,1.0,0.002,0.023,-0.007,-0.053,0.111,0.278,0.002,0.037,-0.022
-0.346,0.063,0.755,1.0,0.002,0.021,-0.007,0.057,0.0,0.159,-0.032,0.004,-0.002
-0.342,0.061,0.76,1.0,0.002,0.021,-0.007,0.112,-0.063,0.173,-0.001,-0.011,0.028
-0.334,0.064,0.747,1.0,0.003,0.02,-0.007,0.216,0.146,-0.536,0.031,-0.023,-0.055
-0.334,0.064,0.747,1.0,0.003,0.02,-0.007,0.216,0.146,-0.536,0.031,-0.023,-0.055
-0.334,0.066,0.758,1.0,0.004,0.021,-0.007,0.061,-0.063,0.152,0.015,0.036,0.044
-0.334,0.066,0.758,1.0,0.004,0.021,-0.007,0.061,-0.063,0.152,0.015,0.036,0.044
-0.326,0.072,0.748,1.0,0.005,0.02,-0.008,0.001,0.087,0.051,0.007,-0.001,-0.02
-0.321,0.074,0.747,1.0,0.005,0.018,-0.008,0.148,0.065,-0.016,0.032,-0.111,0.008
-0.321,0.074,0.747,1.0,0.005,0.018,-0.008,0.148,0.065,-0.016,0.032,-0.111,0.008
-0.311,0.079,0.747,1.0,0.006,0.014,-0.009,0.117,0.073,0.015,0.004,-0.113,-0.024
-0.311,0.079,0.747,1.0,0.006,0.014,-0.009,0.117,0.073,0.015,0.004,-0.113,-0.024
-0.311,0.079,0.747,1.0,0.006,0.014,-0.009,0.117,0.073,0.015,0.004,-0.113,-0.024
-0.31,0.079,0.749,1.0,0.006,0.012,-0.008,0.038,-0.02,0.058,0.011,-0.07,0.02
-0.302,0.067,0.757,1.0,0.006,0.012,-0.007,0.005,-0.012,0.092,-0.0,-0.024,-0.002
-0.302,0.067,0.757,1.0,0.006,0.012,-0.007,0.005,-0.012,0.092,-0.0,-0.024,-0.002
-0.299,0.069,0.757,1.0,0.007,0.012,-0.007,0.1,0.058,-0.009,0.03,-0.035,-0.01
-0.298,0.068,0.76,1.0,0.007,0.012,-0.007,0.014,-0.025,0.11,-0.001,0.017,-0.002
-0.298,0.068,0.76,1.0,0.007,0.012,-0.007,0.014,-0.025,0.11,-0.001,0.017,-0.002
-0.298,0.068,0.769,1.0,0.007,0.012,-0.008,-0.031,-0.088,-0.056,-0.034,-0.004,0.008
-0.298,0.068,0.769,1.0,0.007,0.012,-0.008,-0.031,-0.088,-0.056,-0.034,-0.004,0.008
-0.296,0.066,0.769,1.0,0.007,0.013,-0.007,0.061,-0.072,0.007,0.03,0.024,0.021
-0.294,0.068,0.769,1.0,0.007,0.012,-0.008,0.047,0.07,-0.016,-0.003,-0.033,-0.019
-0.304,0.059,0.785,1.0,0.005,0.014,-0.007,-0.102,-0.058,0.057,-0.033,0.037,0.014
-0.304,0.059,0.785,1.0,0.005,0.014,-0.007,-0.102,-0.058,0.057,-0.033,0.037,0.014
-0.305,0.057,0.785,1.0,0.004,0.014,-0.008,0.005,0.094,0.004,-0.029,0.002,-0.049
-0.305,0.057,0.785,1.0,0.004,0.014,-0.008,0.005,0.094,0.004,-0.029,0.002,-0.049
-0.309,0.053,0.793,1.0,0.003,0.015,-0.007,-0.154,0.019,0.261,0.008,0.074,-0.01
-0.31,0.05,0.791,1.0,0.003,0.015,-0.007,-0.012,-0.099,-0.035,-0.035,0.021,0.016
-0.311,0.051,0.792,1.0,0.003,0.016,-0.008,-0.041,0.037,0.009,0.009,0.028,-0.032
-0.312,0.05,0.791,1.0,0.003,0.016,-0.007,-0.037,-0.018,-0.011,0.029,0.01,0.019
-0.314,0.05,0.792,1.0,0.004,0.016,-0.007,-0.037,-0.017,0.026,0.013,0.02,-0.004
-0.314,0.051,0.793,1.0,0.004,0.017,-0.008,-0.02,0.047,0.027,0.021,0.069,-0.008
-0.316,0.05,0.793,1.0,0.004,0.018,-0.007,-0.049,-0.031,-0.012,0.014,0.035,0.004
-0.316,0.05,0.793,1.0,0.004,0.018,-0.007,-0.049,-0.031,-0.012,0.014,0.035,0.004
-0.316,0.049,0.792,1.0,0.004,0.018,-0.007,-0.014,-0.044,-0.027,-0.006,0.02,0.022
-0.321,0.056,0.782,1.0,0.004,0.017,-0.008,-0.134,0.216,-0.289,-0.013,-0.055,-0.062
-0.322,0.051,0.78,1.0,0.003,0.017,-0.007,-0.021,-0.146,-0.057,-0.03,0.009,0.041
-0.324,0.053,0.776,1.0,0.004,0.018,-0.008,-0.078,0.063,-0.133,0.022,0.03,-0.017
-0.323,0.051,0.769,1.0,0.004,0.017,-0.007,0.043,-0.083,-0.213,-0.008,-0.037,0.023
-0.327,0.051,0.757,1.0,0.003,0.017,-0.008,-0.041,-0.043,0.065,-0.021,0.037,0.021
-0.327,0.051,0.757,1.0,0.003,0.017,-0.008,-0.041,-0.043,0.065,-0.021,0.037,0.021
-0.33,0.051,0.751,1.0,0.003,0.017,-0.008,-0.048,0.021,-0.044,-0.012,0.034,-0.009
-0.334,0.05,0.743,1.0,0.002,0.018,-0.008,-0.059,-0.11,0.037,-0.005,0.065,0.018
-0.334,0.05,0.743,1.0,0.002,0.018,-0.008,-0.059,-0.11,0.037,-0.005,0.065,0.018
-0.336,0.052,0.73,1.0,0.002,0.016,-0.008,-0.066,0.061,-0.401,-0.008,-0.085,-0.021
-0.338,0.054,0.727,1.0,0.002,0.017,-0.008,-0.076,0.05,-0.074,0.007,0.019,-0.012
-0.341,0.052,0.725,1.0,0.002,0.017,-0.009,-0.075,-0.075,-0.072,-0.038,0.006,-0.003
-0.343,0.051,0.716,1.0,0.002,0.017,-0.008,-0.025,0.01,-0.186,-0.024,-0.025,-0.002
-0.343,0.051,0.716,1.0,0.002,0.017,-0.008,-0.025,0.01,-0.186,-0.024,-0.025,-0.002
-0.342,0.05,0.698,1.0,0.001,0.016,-0.008,-0.066,0.049,-0.12,-0.005,0.015,-0.001
-0.342,0.05,0.698,1.0,0.001,0.016,-0.008,-0.066,0.049,-0.12,-0.005,0.015,-0.001
-0.347,0.053,0.694,1.0,0.001,0.017,-0.008,-0.129,0.082,-0.109,0.015,0.015,-0.02
-0.349,0.054,0.696,1.0,0.001,0.017,-0.008,-0.083,0.013,0.053,0.012,0.056,0.007
-0.354,0.056,0.693,1.0,0.002,0.019,-0.009,-0.03,-0.024,0.015,0.019,0.014,0.002
-0.354,0.056,0.693,1.0,0.002,0.019,-0.009,-0.03,-0.024,0.015,0.019,0.014,0.002
-0.353,0.059,0.694,1.0,0.002,0.019,-0.009,0.004,0.102,0.037,0.017,0.02,-0.027
-0.357,0.062,0.695,1.0,0.003,0.019,-0.009,-0.107,0.064,0.02,0.044,0.021,-0.002
-0.345,0.061,0.674,1.0,0.003,0.019,-0.009,0.362,-0.034,-0.63,0.022,0.001,0.012
-0.35,0.067,0.681,1.0,0.005,0.02,-0.009,-0.107,0.097,0.193,-0.005,0.046,-0.023
-0.35,0.067,0.681,1.0,0.005,0.02,-0.009,-0.107,0.097,0.193,-0.005,0.046,-0.023
-0.36,0.071,0.694,1.0,0.005,0.02,-0.01,-0.187,0.003,0.197,0.011,0.02,-0.01
-0.36,0.071,0.694,1.0,0.005,0.02,-0.01,-0.187,0.003,0.197,0.011,0.02,-0.01
-0.359,0.083,0.705,1.0,0.006,0.017,-0.011,-0.083,0.223,0.082,-0.002,-0.039,-0.035
-0.359,0.083,0.705,1.0,0.006,0.017,-0.011,-0.083,0.223,0.082,-0.002,-0.039,-0.035
-0.353,0.084,0.693,1.0,0.006,0.015,-0.012,0.04,0.081,-0.154,0.009,-0.052,-0.024
-0.353,0.084,0.693,1.0,0.006,0.015,-0.012,0.04,0.081,-0.154,0.009,-0.052,-0.024
-0.353,0.084,0.693,1.0,0.006,0.015,-0.012,0.04,0.081,-0.154,0.009,-0.052,-0.024
-0.362,0.077,0.723,1.0,0.006,0.02,-0.01,-0.064,0.013,0.01,0.013,0.029,-0.006
-0.365,0.08,0.723,1.0,0.007,0.021,-0.01,-0.071,0.089,-0.015,0.035,0.054,-0.001
-0.365,0.08,0.723,1.0,0.007,0.021,-0.01,-0.071,0.089,-0.015,0.035,0.054,-0.001
-0.365,0.081,0.721,1.0,0.008,0.021,-0.01,-0.011,0.025,-0.061,0.056,0.01,-0.003
-0.358,0.084,0.725,1.0,0.008,0.02,-0.01,0.041,0.053,0.04,0.013,-0.056,-0.017
-0.358,0.083,0.725,1.0,0.008,0.02,-0.01,0.016,-0.024,0.006,-0.019,-0.035,0.014
-0.357,0.083,0.734,1.0,0.008,0.021,-0.01,0.07,-0.055,-0.035,-0.005,-0.004,0.016
-0.361,0.08,0.747,1.0,0.008,0.022,-0.01,-0.126,0.022,0.274,-0.004,0.074,-0.005
-0.361,0.08,0.747,1.0,0.008,0.022,-0.01,-0.126,0.022,0.274,-0.004,0.074,-0.005
-0.355,0.081,0.746,1.0,0.008,0.022,-0.01,0.18,0.022,-0.036,0.021,-0.041,-0.011
-0.357,0.076,0.751,1.0,0.008,0.022,-0.01,-0.077,-0.139,0.141,-0.004,0.007,0.03
-0.357,0.076,0.751,1.0,0.008,0.022,-0.01,-0.077,-0.139,0.141,-0.004,0.007,0.03
-0.355,0.08,0.752,1.0,0.008,0.02,-0.01,-0.04,0.047,0.072,-0.021,-0.028,-0.021
-0.354,0.078,0.755,1.0,0.007,0.021,-0.01,0.036,-0.039,0.071,-0.016,0.011,-0.002
-0.354,0.078,0.755,1.0,0.007,0.021,-0.01,0.036,-0.039,0.071,-0.016,0.011,-0.002
-0.353,0.075,0.762,1.0,0.006,0.021,-0.01,-0.058,-0.078,0.056,-0.025,0.03,0.005
-0.353,0.075,0.762,1.0,0.006,0.021,-0.01,-0.058,-0.078,0.056,-0.025,0.03,0.005
-0.347,0.066,0.752,1.0,0.005,0.021,-0.01,0.123,-0.175,-0.053,-0.006,0.048,0.051
-0.347,0.066,0.752,1.0,0.005,0.021,-0.01,0.123,-0.175,-0.053,-0.006,0.048,0.051
-0.344,0.068,0.742,1.0,0.004,0.02,-0.011,-0.035,0.08,-0.067,-0.02,0.001,-0.041
-0.342,0.065,0.738,1.0,0.004,0.02,-0.01,0.075,-0.084,-0.14,-0.028,-0.003,0.01
-0.342,0.065,0.738,1.0,0.004,0.02,-0.01,0.075,-0.084,-0.14,-0.028,-0.003,0.01
-0.337,0.062,0.725,1.0,0.003,0.019,-0.011,-0.036,0.071,-0.061,-0.034,0.029,-0.039
-0.33,0.062,0.714,1.0,0.001,0.017,-0.011,0.098,-0.016,-0.253,-0.058,-0.115,-0.019
-0.33,0.062,0.714,1.0,0.001,0.017,-0.011,0.098,-0.016,-0.253,-0.058,-0.115,-0.019
-0.324,0.061,0.702,1.0,0.001,0.016,-0.011,0.104,0.049,-0.304,-0.007,-0.104,-0.041
-0.324,0.061,0.702,1.0,0.001,0.016,-0.011,0.104,0.049,-0.304,-0.007,-0.104,-0.041
-0.328,0.06,0.698,1.0,0.001,0.016,-0.011,-0.042,-0.102,-0.136,0.002,-0.013,0.013
-0.328,0.06,0.698,1.0,0.001,0.016,-0.011,-0.042,-0.102,-0.136,0.002,-0.013,0.013
-0.328,0.06,0.698,1.0,0.001,0.016,-0.011,-0.042,-0.102,-0.136,0.002,-0.013,0.013
-0.321,0.061,0.692,1.0,0.002,0.016,-0.011,0.041,-0.027,-0.025,0.028,-0.007,0.005
-0.323,0.062,0.691,1.0,0.002,0.016,-0.011,-0.061,0.011,-0.028,0.002,0.008,-0.004
-0.323,0.062,0.691,1.0,0.002,0.016,-0.011,-0.061,0.011,-0.028,0.002,0.008,-0.004
-0.322,0.063,0.692,1.0,0.002,0.016,-0.011,0.009,0.03,0.018,0.046,0.02,0.001
-0.322,0.062,0.691,1.0,0.003,0.016,-0.011,0.012,-0.033,-0.017,0.016,0.012,0.015
-0.311,0.059,0.678,1.0,0.002,0.015,-0.011,-0.027,-0.028,0.033,0.002,0.025,0.01
-0.311,0.059,0.678,1.0,0.002,0.015,-0.011,-0.027,-0.028,0.033,0.002,0.025,0.01
-0.312,0.058,0.676,1.0,0.002,0.015,-0.011,-0.027,-0.031,-0.063,0.003,-0.01,0.008
-0.312,0.059,0.676,1.0,0.002,0.015,-0.011,0.006,0.01,0.001,0.019,0.019,-0.005
-0.312,0.059,0.676,1.0,0.002,0.015,-0.011,0.001,0.009,0.006,-0.001,0.009,-0.004
-0.313,0.058,0.676,1.0,0.002,0.015,-0.011,-0.019,-0.025,-0.022,0.001,-0.01,-0.008
-0.31,0.061,0.663,1.0,0.002,0.015,-0.011,0.086,-0.03,-0.281,-0.003,-0.002,0.01
-0.309,0.058,0.664,1.0,0.002,0.015,-0.011,0.029,-0.099,0.014,-0.006,0.003,0.017
-0.309,0.058,0.664,1.0,0.002,0.015,-0.011,0.004,0.008,0.006,0.005,0.016,0.005
-0.309,0.058,0.664,1.0,0.002,0.015,-0.011,-0.006,0.002,0.003,-0.007,-0.004,-0.01
-0.309,0.058,0.664,1.0,0.002,0.015,-0.011,-0.006,0.002,0.003,-0.007,-0.004,-0.01
-0.308,0.059,0.665,1.0,0.002,0.014,-0.011,0.031,0.012,0.026,0.004,-0.021,-0.013
-0.307,0.059,0.665,1.0,0.002,0.014,-0.011,0.023,-0.012,0.015,-0.013,-0.039,0.01
-0.305,0.061,0.666,1.0,0.002,0.013,-0.011,0.051,0.052,0.035,0.018,-0.009,-0.02
-0.304,0.062,0.668,1.0,0.003,0.013,-0.011,0.036,0.036,0.034,0.017,-0.013,0.003
-0.303,0.063,0.668,1.0,0.003,0.012,-0.012,0.044,0.024,0.018,-0.001,-0.043,-0.022
-0.303,0.063,0.668,1.0,0.003,0.012,-0.012,0.044,0.024,0.018,-0.001,-0.043,-0.022
-0.301,0.064,0.669,1.0,0.003,0.012,-0.012,0.044,0.043,0.029,0.017,-0.017,-0.012
-0.3,0.065,0.669,1.0,0.003,0.012,-0.012,0.037,0.019,0.007,0.013,-0.034,0.011
-0.315,0.061,0.69,1.0,0.004,0.014,-0.012,-0.066,-0.044,0.088,0.03,0.005,0.016
-0.315,0.061,0.69,1.0,0.004,0.014,-0.012,-0.066,-0.044,0.088,0.03,0.005,0.016
-0.316,0.064,0.689,1.0,0.005,0.013,-0.012,-0.063,-0.062,-0.05,0.012,-0.01,0.01
-0.316,0.064,0.689,1.0,0.005,0.013,-0.012,-0.063,-0.062,-0.05,0.012,-0.01,0.01
-0.316,0.065,0.687,1.0,0.005,0.013,-0.012,-0.059,0.001,0.019,-0.027,0.02,0.003
-0.32,0.065,0.69,1.0,0.005,0.014,-0.012,-0.129,0.003,0.099,-0.012,0.057,-0.017
-0.324,0.064,0.686,1.0,0.003,0.014,-0.013,-0.001,0.083,-0.051,-0.039,0.001,-0.02
-0.324,0.064,0.686,1.0,0.003,0.014,-0.013,-0.001,0.083,-0.051,-0.039,0.001,-0.02
-0.332,0.06,0.69,1.0,0.002,0.016,-0.012,-0.09,0.069,0.011,0.001,0.043,-0.023
-0.336,0.06,0.691,1.0,0.002,0.017,-0.012,-0.117,-0.026,0.047,-0.019,0.052,0.005
-0.339,0.062,0.692,1.0,0.002,0.018,-0.012,-0.135,0.098,0.106,0.013,0.084,-0.015
-0.339,0.062,0.692,1.0,0.002,0.018,-0.012,-0.135,0.098,0.106,0.013,0.084,-0.015
-0.34,0.064,0.69,1.0,0.003,0.018,-0.012,-0.026,0.068,-0.047,0.038,-0.032,-0.015
-0.341,0.064,0.69,1.0,0.003,0.018,-0.013,-0.028,0.014,-0.006,0.015,0.021,-0.01
-0.348,0.064,0.671,1.0,0.006,0.016,-0.012,-0.084,0.0,-0.034,0.027,0.006,-0.005
-0.348,0.064,0.671,1.0,0.006,0.016,-0.012,-0.084,0.0,-0.034,0.027,0.006,-0.005
-0.347,0.068,0.664,1.0,0.007,0.016,-0.012,0.029,0.065,-0.195,0.031,-0.039,-0.004
-0.347,0.068,0.664,1.0,0.007,0.016,-0.012,0.029,0.065,-0.195,0.031,-0.039,-0.004
-0.347,0.068,0.664,1.0,0.007,0.016,-0.012,0.029,0.065,-0.195,0.031,-0.039,-0.004
-0.354,0.074,0.675,1.0,0.007,0.018,-0.013,-0.036,-0.031,0.005,-0.026,0.029,0.006
-0.354,0.074,0.675,1.0,0.007,0.018,-0.013,-0.036,-0.031,0.005,-0.026,0.029,0.006
-0.354,0.074,0.675,1.0,0.007,0.018,-0.013,-0.036,-0.031,0.005,-0.026,0.029,0.006
-0.354,0.071,0.675,1.0,0.007,0.018,-0.013,-0.005,-0.071,-0.027,-0.016,0.033,0.023
-0.356,0.071,0.674,1.0,0.006,0.018,-0.013,-0.013,-0.036,-0.012,-0.002,-0.009,0.016
-0.356,0.071,0.674,1.0,0.006,0.018,-0.013,-0.013,-0.036,-0.012,-0.002,-0.009,0.016
-0.357,0.069,0.679,1.0,0.006,0.018,-0.013,0.012,-0.011,0.012,-0.023,-0.009,-0.004
-0.357,0.069,0.679,1.0,0.006,0.018,-0.013,0.012,-0.011,0.012,-0.023,-0.009,-0.004
-0.357,0.068,0.679,1.0,0.005,0.017,-0.013,0.005,-0.035,0.005,-0.028,-0.019,-0.003
-0.356,0.068,0.679,1.0,0.005,0.017,-0.013,0.019,-0.003,0.007,-0.041,-0.002,-0.009
-0.356,0.068,0.679,1.0,0.005,0.017,-0.013,0.019,-0.003,0.007,-0.041,-0.002,-0.009
-0.356,0.067,0.679,1.0,0.004,0.017,-0.013,-0.001,-0.022,0.011,-0.013,-0.01,0.003
-0.356,0.066,0.68,1.0,0.004,0.017,-0.013,0.011,-0.015,0.013,-0.027,0.003,0.005
-0.356,0.066,0.68,1.0,0.004,0.017,-0.013,0.011,-0.015,0.013,-0.027,0.003,0.005
-0.361,0.057,0.692,1.0,0.003,0.019,-0.013,-0.106,-0.17,0.234,0.004,0.086,0.027
-0.358,0.058,0.689,1.0,0.003,0.019,-0.013,0.042,-0.046,0.048,0.012,0.027,0.017
-0.358,0.058,0.689,1.0,0.003,0.019,-0.013,0.042,-0.046,0.048,0.012,0.027,0.017
-0.356,0.057,0.682,1.0,0.003,0.018,-0.013,0.082,-0.026,-0.096,-0.008,-0.024,0.012
-0.356,0.057,0.682,1.0,0.003,0.018,-0.013,0.082,-0.026,-0.096,-0.008,-0.024,0.012
-0.358,0.053,0.683,1.0,0.002,0.019,-0.013,-0.074,-0.103,0.025,-0.057,0.031,-0.006
-0.357,0.055,0.679,1.0,0.001,0.018,-0.013,-0.041,0.009,0.017,-0.025,0.026,-0.018
-0.357,0.055,0.679,1.0,0.001,0.018,-0.013,-0.041,0.009,0.017,-0.025,0.026,-0.018
-0.353,0.052,0.675,1.0,0.001,0.018,-0.013,0.125,-0.079,-0.132,-0.028,-0.044,0.023
-0.353,0.051,0.67,1.0,0.001,0.017,-0.013,0.048,0.034,-0.138,-0.025,-0.04,-0.014
-0.353,0.051,0.67,1.0,0.001,0.017,-0.013,0.048,0.034,-0.138,-0.025,-0.04,-0.014
-0.352,0.052,0.662,1.0,0.001,0.018,-0.013,0.048,0.028,-0.185,0.02,0.032,-0.014
-0.352,0.052,0.662,1.0,0.001,0.018,-0.013,0.048,0.028,-0.185,0.02,0.032,-0.014
-0.346,0.051,0.649,1.0,0.002,0.017,-0.013,0.04,0.011,-0.132,0.013,-0.06,-0.006
-0.346,0.051,0.649,1.0,0.002,0.017,-0.013,0.04,0.011,-0.132,0.013,-0.06,-0.006
-0.346,0.052,0.651,1.0,0.002,0.017,-0.013,0.004,0.018,0.054,0.03,0.02,0.004
-0.338,0.051,0.646,1.0,0.003,0.016,-0.013,0.076,0.011,-0.106,0.011,-0.069,-0.008
-0.338,0.051,0.646,1.0,0.003,0.016,-0.013,0.076,0.011,-0.106,0.011,-0.069,-0.008
-0.338,0.053,0.65,1.0,0.003,0.015,-0.013,-0.088,-0.048,0.232,0.016,0.082,0.023
-0.334,0.053,0.647,1.0,0.004,0.014,-0.013,0.116,-0.005,-0.103,0.006,-0.066,-0.014
-0.334,0.053,0.647,1.0,0.004,0.014,-0.013,0.116,-0.005,-0.103,0.006,-0.066,-0.014
-0.333,0.055,0.652,1.0,0.003,0.015,-0.013,0.012,0.06,0.045,-0.012,-0.011,-0.018
-0.33,0.057,0.655,1.0,0.003,0.014,-0.013,0.074,0.068,0.095,-0.0,-0.008,-0.01
-0.33,0.057,0.655,1.0,0.003,0.014,-0.013,0.074,0.068,0.095,-0.0,-0.008,-0.01
-0.331,0.055,0.656,1.0,0.003,0.015,-0.013,-0.026,-0.077,0.013,-0.008,0.019,0.007
-0.331,0.054,0.664,1.0,0.003,0.015,-0.013,-0.148,-0.003,0.267,0.022,0.061,0.006
-0.33,0.053,0.665,1.0,0.004,0.014,-0.013,0.041,-0.044,0.033,0.019,-0.013,0.004
-0.327,0.059,0.664,1.0,0.004,0.013,-0.014,0.062,0.037,-0.062,0.034,-0.045,-0.018
-0.327,0.059,0.664,1.0,0.004,0.013,-0.014,0.062,0.037,-0.062,0.034,-0.045,-0.018
-0.328,0.058,0.665,1.0,0.005,0.013,-0.014,-0.017,-0.041,0.032,0.027,0.002,0.026
-0.326,0.058,0.662,1.0,0.005,0.013,-0.014,0.059,0.008,-0.088,0.007,-0.042,-0.008
-0.327,0.054,0.661,1.0,0.005,0.014,-0.013,-0.029,-0.111,-0.05,-0.022,0.073,0.029
-0.327,0.053,0.658,1.0,0.005,0.014,-0.014,-0.025,-0.036,-0.074,-0.004,0.01,-0.004
-0.327,0.052,0.654,1.0,0.004,0.014,-0.014,0.017,-0.019,-0.129,-0.016,-0.014,-0.011
-0.331,0.048,0.648,1.0,0.003,0.016,-0.013,0.019,-0.039,0.052,-0.02,0.06,0.022
-0.334,0.049,0.647,1.0,0.002,0.016,-0.014,-0.043,0.041,-0.118,-0.033,-0.036,-0.013
-0.334,0.049,0.647,1.0,0.002,0.016,-0.014,-0.043,0.041,-0.118,-0.033,-0.036,-0.013
-0.335,0.046,0.647,1.0,0.001,0.016,-0.014,-0.014,-0.005,0.034,-0.01,0.019,-0.003
-0.335,0.046,0.647,1.0,0.001,0.016,-0.014,-0.014,-0.005,0.034,-0.01,0.019,-0.003
-0.332,0.044,0.647,1.0,0.001,0.015,-0.013,0.089,-0.043,-0.005,-0.013,-0.03,0.015
-0.335,0.046,0.652,1.0,0.002,0.016,-0.014,-0.147,-0.029,0.159,0.037,0.046,0.016
-0.335,0.046,0.652,1.0,0.002,0.016,-0.014,-0.147,-0.029,0.159,0.037,0.046,0.016
-0.335,0.048,0.649,1.0,0.002,0.015,-0.014,0.029,-0.018,-0.12,0.035,-0.033,0.015
-0.335,0.048,0.649,1.0,0.002,0.015,-0.014,0.029,-0.018,-0.12,0.035,-0.033,0.015
-0.333,0.052,0.655,1.0,0.003,0.016,-0.015,0.014,0.086,0.071,-0.023,0.047,-0.019
-0.333,0.052,0.655,1.0,0.003,0.016,-0.015,0.014,0.086,0.071,-0.023,0.047,-0.019
-0.337,0.045,0.651,1.0,0.001,0.017,-0.014,-0.025,-0.055,-0.036,-0.017,-0.009,0.003
-0.337,0.045,0.651,1.0,0.001,0.017,-0.014,-0.025,-0.055,-0.036,-0.017,-0.009,0.003
-0.335,0.048,0.653,1.0,0.002,0.016,-0.014,0.033,0.014,0.008,0.031,-0.017,0.007
-0.334,0.048,0.652,1.0,0.002,0.015,-0.014,0.032,0.014,-0.013,0.036,-0.043,-0.002
-0.333,0.05,0.653,1.0,0.003,0.015,-0.014,0.025,0.002,0.009,0.013,-0.009,0.015
-0.333,0.049,0.653,1.0,0.003,0.015,-0.014,-0.008,-0.01,0.009,0.009,-0.011,-0.011
-0.333,0.049,0.653,1.0,0.003,0.015,-0.014,-0.008,-0.01,0.009,0.009,-0.011,-0.011
-0.333,0.05,0.653,1.0,0.003,0.015,-0.014,0.006,0.04,-0.003,0.015,-0.005,-0.0
-0.331,0.053,0.653,1.0,0.003,0.015,-0.015,0.019,0.029,0.009,0.004,-0.01,-0.011
-0.331,0.053,0.653,1.0,0.003,0.015,-0.015,0.019,0.029,0.009,0.004,-0.01,-0.011
-0.331,0.054,0.655,1.0,0.003,0.015,-0.015,-0.0,0.019,0.075,0.004,0.031,-0.006
-0.331,0.053,0.654,1.0,0.003,0.015,-0.015,0.004,-0.032,-0.038,-0.012,-0.022,0.01
-0.331,0.053,0.654,1.0,0.003,0.015,-0.015,0.004,-0.032,-0.038,-0.012,-0.022,0.01
-0.33,0.054,0.655,1.0,0.003,0.015,-0.015,0.01,0.03,0.04,0.002,0.01,-0.017
-0.331,0.051,0.658,1.0,0.003,0.016,-0.015,-0.034,-0.099,0.096,-0.003,0.04,0.034
-0.333,0.055,0.664,1.0,0.003,0.016,-0.015,-0.028,0.023,0.05,0.016,0.022,-0.005
-0.336,0.052,0.669,1.0,0.003,0.017,-0.014,-0.076,-0.076,0.149,0.005,0.056,0.026
-0.336,0.052,0.669,1.0,0.003,0.017,-0.014,-0.076,-0.076,0.149,0.005,0.056,0.026
-0.334,0.054,0.661,1.0,0.003,0.016,-0.015,-0.105,0.165,-0.024,0.018,-0.0,-0.057
-0.335,0.053,0.661,1.0,0.003,0.016,-0.015,-0.021,-0.034,-0.001,-0.007,0.022,0.013
-0.335,0.053,0.661,1.0,0.003,0.016,-0.015,-0.021,-0.034,-0.001,-0.007,0.022,0.013
-0.332,0.054,0.655,1.0,0.003,0.015,-0.015,0.1,0.022,-0.19,-0.008,-0.065,-0.002
-0.333,0.055,0.654,1.0,0.003,0.016,-0.015,-0.027,0.041,-0.016,-0.01,0.027,-0.012
-0.333,0.055,0.654,1.0,0.003,0.016,-0.015,-0.027,0.041,-0.016,-0.01,0.027,-0.012
-0.336,0.056,0.649,1.0,0.003,0.019,-0.015,-0.029,0.059,-0.07,-0.002,0.067,-0.022
-0.337,0.056,0.644,1.0,0.003,0.019,-0.015,-0.006,-0.012,-0.143,0.01,0.008,0.014
-0.334,0.054,0.637,1.0,0.003,0.018,-0.015,0.093,-0.065,-0.216,-0.004,-0.02,0.013
-0.335,0.056,0.631,1.0,0.003,0.018,-0.015,-0.053,0.07,-0.165,0.007,0.002,-0.016
-0.329,0.056,0.598,1.0,0.004,0.017,-0.015,0.007,-0.052,-0.202,0.035,0.021,0.044
-0.329,0.056,0.598,1.0,0.004,0.017,-0.015,0.007,-0.052,-0.202,0.035,0.021,0.044
-0.323,0.051,0.577,1.0,0.005,0.017,-0.014,0.18,-0.095,-0.433,0.006,-0.051,0.043
-0.323,0.051,0.577,1.0,0.005,0.017,-0.014,0.18,-0.095,-0.433,0.006,-0.051,0.043
-0.326,0.05,0.565,1.0,0.004,0.017,-0.014,-0.092,-0.043,-0.368,-0.015,-0.022,-0.001
-0.326,0.055,0.557,1.0,0.004,0.017,-0.015,0.001,0.14,-0.23,-0.012,0.029,-0.029
-0.323,0.054,0.52,1.0,0.003,0.017,-0.015,0.054,0.058,-0.437,-0.033,-0.005,-0.04
-0.316,0.049,0.487,1.0,0.001,0.014,-0.014,0.082,-0.167,-0.503,-0.055,-0.109,0.043
-0.316,0.049,0.487,1.0,0.001,0.014,-0.014,0.082,-0.167,-0.503,-0.055,-0.109,0.043
-0.306,0.049,0.446,1.0,0.001,0.011,-0.014,0.131,-0.143,-0.468,-0.004,-0.014,0.039
-0.306,0.049,0.446,1.0,0.001,0.011,-0.014,0.131,-0.143,-0.468,-0.004,-0.014,0.039
-0.306,0.049,0.446,1.0,0.001,0.011,-0.014,0.131,-0.143,-0.468,-0.004,-0.014,0.039
-0.298,0.066,0.392,1.0,0.002,0.009,-0.017,0.095,0.483,-0.547,-0.022,-0.041,-0.148
-0.3,0.063,0.381,1.0,0.002,0.009,-0.016,-0.039,-0.073,-0.34,-0.023,0.045,0.035
-0.298,0.06,0.363,1.0,0.001,0.009,-0.016,0.064,-0.098,-0.523,-0.036,-0.036,0.008
-0.295,0.058,0.337,1.0,-0.0,0.008,-0.016,0.033,0.068,-0.5,-0.023,-0.057,-0.035
-0.295,0.058,0.337,1.0,-0.0,0.008,-0.016,0.033,0.068,-0.5,-0.023,-0.057,-0.035
-0.294,0.058,0.322,1.0,-0.001,0.008,-0.016,0.045,0.004,-0.463,-0.043,-0.036,0.007
-0.292,0.059,0.295,1.0,0.001,0.005,-0.016,0.052,0.026,-0.815,0.113,-0.145,-0.016
-0.288,0.059,0.278,1.0,0.002,0.005,-0.015,0.128,-0.012,-0.509,0.063,-0.016,0.042
-0.287,0.062,0.243,1.0,0.002,0.003,-0.016,0.051,0.119,-0.554,0.063,-0.068,-0.03
-0.287,0.062,0.243,1.0,0.002,0.003,-0.016,0.051,0.119,-0.554,0.063,-0.068,-0.03
-0.287,0.064,0.234,1.0,0.002,0.005,-0.016,-0.01,0.061,-0.275,0.008,0.075,0.003
-0.283,0.064,0.218,1.0,0.003,0.004,-0.016,0.12,-0.023,-0.489,0.061,-0.025,0.01
-0.284,0.064,0.178,1.0,0.003,0.004,-0.016,0.003,-0.081,-0.279,-0.024,-0.002,0.022
-0.286,0.068,0.167,1.0,0.003,0.004,-0.016,-0.067,0.132,-0.34,0.009,0.019,-0.025
-0.286,0.068,0.167,1.0,0.003,0.004,-0.016,-0.067,0.132,-0.34,0.009,0.019,-0.025
-0.283,0.07,0.153,1.0,0.004,0.003,-0.016,0.097,0.061,-0.428,0.013,-0.065,-0.005
-0.281,0.068,0.143,1.0,0.004,0.003,-0.016,0.061,-0.053,-0.293,0.035,0.011,0.016
-0.278,0.072,0.109,1.0,0.005,0.006,-0.017,0.091,0.01,-0.264,0.002,0.013,-0.014
-0.278,0.072,0.109,1.0,0.005,0.006,-0.017,0.091,0.01,-0.264,0.002,0.013,-0.014
-0.276,0.072,0.101,1.0,0.006,0.006,-0.017,0.074,0.003,-0.252,0.041,0.012,0.0
-0.273,0.071,0.09,1.0,0.006,0.006,-0.016,0.133,-0.033,-0.193,0.041,-0.02,0.027
-0.273,0.071,0.09,1.0,0.006,0.006,-0.016,0.133,-0.033,-0.193,0.041,-0.02,0.027
-0.271,0.072,0.085,1.0,0.006,0.007,-0.016,0.06,0.001,-0.065,-0.014,-0.016,0.014
-0.271,0.071,0.084,1.0,0.006,0.007,-0.016,0.01,-0.032,-0.038,-0.036,-0.001,-0.0
-0.269,0.072,0.085,1.0,0.004,0.007,-0.017,0.048,-0.023,-0.022,-0.029,-0.012,-0.016
-0.267,0.072,0.086,1.0,0.004,0.007,-0.018,0.038,-0.001,0.03,-0.006,-0.009,-0.036
-0.267,0.072,0.086,1.0,0.004,0.007,-0.018,0.038,-0.001,0.03,-0.006,-0.009,-0.036
-0.263,0.071,0.087,1.0,0.004,0.007,-0.017,0.05,0.021,0.005,-0.015,0.013,-0.005
-0.263,0.071,0.087,1.0,0.004,0.007,-0.017,0.05,0.021,0.005,-0.015,0.013,-0.005
-0.261,0.071,0.087,1.0,0.004,0.008,-0.018,0.062,-0.001,-0.011,0.008,0.036,-0.029
-0.254,0.07,0.084,1.0,0.003,0.008,-0.018,0.073,-0.002,-0.03,-0.017,0.01,-0.002
-0.254,0.07,0.084,1.0,0.003,0.008,-0.018,0.073,-0.002,-0.03,-0.017,0.01,-0.002
-0.248,0.069,0.081,1.0,0.004,0.007,-0.018,0.173,-0.054,-0.095,0.022,-0.029,0.008
-0.247,0.069,0.079,1.0,0.004,0.008,-0.017,0.052,0.0,-0.054,-0.008,0.018,0.011
-0.247,0.069,0.079,1.0,0.004,0.008,-0.017,0.052,0.0,-0.054,-0.008,0.018,0.011
-0.243,0.068,0.077,1.0,0.004,0.008,-0.017,0.105,-0.022,-0.08,0.031,0.009,-0.007
-0.233,0.066,0.07,1.0,0.004,0.008,-0.017,0.124,-0.035,-0.071,0.006,-0.034,0.049
-0.233,0.066,0.07,1.0,0.004,0.008,-0.017,0.124,-0.035,-0.071,0.006,-0.034,0.049
-0.225,0.066,0.067,1.0,0.004,0.007,-0.017,0.126,-0.013,-0.05,0.018,-0.02,0.001
-0.221,0.065,0.065,1.0,0.004,0.007,-0.017,0.119,-0.016,-0.045,-0.012,-0.021,-0.012
-0.216,0.064,0.063,1.0,0.004,0.006,-0.017,0.144,-0.024,-0.059,-0.008,-0.035,-0.001
-0.212,0.064,0.061,1.0,0.003,0.005,-0.018,0.126,-0.006,-0.054,-0.006,-0.032,-0.01
-0.208,0.064,0.06,1.0,0.003,0.005,-0.018,0.12,-0.015,-0.038,-0.004,-0.0,-0.024
-0.205,0.063,0.06,1.0,0.003,0.006,-0.018,0.095,-0.013,-0.011,-0.048,0.012,-0.007
-0.199,0.062,0.06,1.0,0.002,0.005,-0.017,0.159,-0.036,0.002,-0.008,-0.022,0.045
-0.195,0.062,0.059,1.0,0.002,0.005,-0.018,0.126,-0.01,-0.023,-0.037,-0.006,-0.039
-0.191,0.061,0.058,1.0,0.001,0.005,-0.018,0.142,-0.031,-0.034,-0.026,-0.015,0.024
-0.187,0.061,0.058,1.0,0.001,0.005,-0.018,0.093,-0.006,0.009,-0.007,-0.019,0.001
-0.172,0.059,0.056,1.0,0.002,0.004,-0.018,0.157,-0.02,-0.016,0.02,-0.007,-0.029
-0.148,0.055,0.055,1.0,0.002,0.003,-0.018,0.124,-0.011,-0.007,0.02,-0.02,-0.038
-0.148,0.055,0.055,1.0,0.002,0.003,-0.018,0.124,-0.011,-0.007,0.02,-0.02,-0.038
-0.143,0.055,0.055,1.0,0.002,0.003,-0.018,0.153,-0.015,-0.009,-0.005,-0.006,0.02
-0.13,0.055,0.054,1.0,0.003,0.002,-0.018,0.21,0.009,-0.021,0.024,-0.02,0.007
-0.13,0.055,0.054,1.0,0.003,0.002,-0.018,0.21,0.009,-0.021,0.024,-0.02,0.007
-0.127,0.055,0.054,1.0,0.002,0.002,-0.018,0.114,0.01,0.005,-0.013,-0.032,-0.014
-0.122,0.055,0.054,1.0,0.002,0.002,-0.018,0.131,-0.001,-0.004,-0.006,-0.022,0.005
-0.117,0.055,0.053,1.0,0.002,0.001,-0.018,0.156,-0.003,-0.024,0.013,-0.015,-0.02
-0.112,0.055,0.053,1.0,0.002,0.001,-0.018,0.149,-0.015,-0.012,-0.001,0.004,0.02
-0.099,0.051,0.053,1.0,0.003,0.0,-0.018,0.127,-0.076,-0.001,0.018,-0.035,0.036
-0.099,0.051,0.053,1.0,0.003,0.0,-0.018,0.127,-0.076,-0.001,0.018,-0.035,0.036
-0.095,0.051,0.053,1.0,0.003,-0.001,-0.018,0.141,-0.017,-0.002,0.012,-0.052,0.015
-0.091,0.05,0.052,1.0,0.003,-0.001,-0.018,0.111,-0.005,-0.013,-0.005,-0.014,-0.003
-0.086,0.05,0.052,1.0,0.003,-0.001,-0.018,0.135,-0.018,-0.001,0.019,-0.013,0.013
-0.081,0.05,0.052,1.0,0.003,-0.002,-0.018,0.148,-0.005,-0.015,0.002,-0.026,-0.016
-0.065,0.045,0.051,1.0,0.002,-0.002,-0.018,0.118,-0.037,-0.013,-0.011,-0.006,0.018
-0.065,0.045,0.051,1.0,0.002,-0.002,-0.018,0.118,-0.037,-0.013,-0.011,-0.006,0.018
-0.06,0.046,0.051,1.0,0.001,-0.002,-0.019,0.132,0.025,-0.001,-0.041,0.016,-0.034
-0.056,0.044,0.051,1.0,0.001,-0.002,-0.018,0.044,-0.035,0.05,-0.019,0.018,0.004
-0.056,0.044,0.051,1.0,0.001,-0.002,-0.018,0.044,-0.035,0.05,-0.019,0.018,0.004
-0.051,0.043,0.049,1.0,0.002,0.002,-0.017,0.033,-0.028,0.026,-0.007,0.162,0.031
-0.051,0.042,0.052,1.0,0.001,0.001,-0.017,0.006,-0.028,0.081,-0.02,-0.028,0.033
-0.051,0.042,0.052,1.0,0.001,0.001,-0.017,0.006,-0.028,0.081,-0.02,-0.028,0.033
-0.049,0.042,0.052,1.0,0.002,-0.001,-0.017,0.051,-0.015,0.005,0.028,-0.155,-0.003
-0.048,0.04,0.053,1.0,0.002,-0.002,-0.017,0.002,-0.034,0.032,-0.004,0.002,-0.013
-0.048,0.039,0.054,1.0,0.002,-0.002,-0.017,-0.009,-0.019,0.028,0.009,0.0,-0.002
-0.045,0.036,0.052,1.0,0.003,-0.003,-0.018,0.002,-0.04,-0.016,0.044,-0.001,0.029
-0.045,0.036,0.052,1.0,0.003,-0.003,-0.018,0.002,-0.04,-0.016,0.044,-0.001,0.029
-0.045,0.036,0.051,1.0,0.002,-0.003,-0.018,0.025,-0.011,-0.033,-0.028,-0.007,-0.011
-0.044,0.034,0.05,1.0,0.002,-0.003,-0.018,0.026,-0.033,-0.033,-0.004,0.015,-0.0
-0.042,0.031,0.045,1.0,0.002,0.0,-0.019,0.047,0.006,-0.041,-0.025,0.037,-0.02
-0.042,0.031,0.045,1.0,0.002,0.0,-0.019,0.047,0.006,-0.041,-0.025,0.037,-0.02
-0.043,0.03,0.044,1.0,0.001,0.001,-0.019,-0.007,-0.032,-0.025,-0.031,0.021,0.0
-0.043,0.03,0.044,1.0,0.0,0.001,-0.019,-0.004,-0.018,0.004,-0.037,0.025,-0.004
-0.042,0.028,0.044,1.0,0.0,0.001,-0.018,0.013,-0.043,-0.001,-0.004,0.005,0.03
-0.042,0.028,0.044,1.0,0.0,0.001,-0.018,0.011,-0.01,-0.01,-0.012,0.012,-0.007
-0.044,0.023,0.048,1.0,0.001,0.001,-0.018,-0.014,-0.027,0.022,0.006,-0.005,0.004
-0.044,0.023,0.048,1.0,0.001,0.001,-0.018,-0.014,-0.027,0.022,0.006,-0.005,0.004
-0.043,0.022,0.047,1.0,0.001,0.0,-0.018,0.048,-0.016,-0.041,0.025,-0.035,0.008
-0.044,0.021,0.048,1.0,0.001,0.0,-0.018,-0.026,-0.044,0.028,0.027,0.026,0.009
-0.043,0.021,0.046,1.0,0.002,0.0,-0.018,0.023,-0.008,-0.051,0.021,-0.024,0.008
-0.044,0.02,0.047,1.0,0.001,0.001,-0.018,-0.044,-0.029,0.02,-0.046,0.025,-0.011
-0.044,0.018,0.045,1.0,0.001,0.001,-0.018,0.015,-0.033,-0.056,-0.004,0.003,0.012
-0.044,0.018,0.044,1.0,0.001,0.001,-0.018,-0.021,-0.024,-0.028,0.002,0.018,0.003
-0.045,0.012,0.029,1.0,0.001,0.003,-0.018,0.025,-0.002,-0.113,-0.023,0.009,-0.024
-0.045,0.012,0.029,1.0,0.001,0.003,-0.018,0.025,-0.002,-0.113,-0.023,0.009,-0.024
-0.041,0.013,0.023,1.0,0.001,0.002,-0.018,0.116,0.03,-0.176,0.007,-0.028,0.003
-0.04,0.008,0.017,1.0,0.002,0.004,-0.018,-0.018,-0.051,-0.01,0.015,-0.072,-0.022
-0.04,0.008,0.017,1.0,0.002,0.004,-0.018,-0.018,-0.051,-0.01,0.015,-0.072,-0.022
-0.04,0.006,0.016,1.0,0.002,0.005,-0.018,0.002,-0.056,-0.019,0.006,0.032,-0.021
-0.037,0.007,0.015,1.0,0.003,0.006,-0.019,0.085,0.012,-0.043,0.016,0.075,-0.052
-0.036,0.006,0.015,1.0,0.002,0.004,-0.019,0.051,-0.019,0.021,-0.034,-0.11,-0.006
-0.033,0.004,0.015,1.0,0.002,0.002,-0.018,0.05,-0.031,-0.022,0.009,-0.035,0.021
-0.032,0.003,0.014,1.0,0.002,0.002,-0.018,0.03,-0.04,-0.011,-0.016,-0.001,0.022
-0.032,0.003,0.014,1.0,0.002,0.002,-0.018,0.03,-0.04,-0.011,-0.016,-0.001,0.022
-0.03,0.003,0.013,1.0,0.001,0.002,-0.018,0.069,0.012,-0.046,-0.065,-0.004,-0.014
-0.028,0.003,0.012,1.0,0.0,0.002,-0.018,0.045,-0.024,-0.034,-0.024,-0.001,0.018
-0.027,0.002,0.01,1.0,-0.0,0.001,-0.018,0.017,-0.026,-0.04,-0.021,-0.024,0.001
-0.025,0.001,0.005,1.0,-0.0,0.0,-0.018,0.035,-0.014,-0.09,-0.002,-0.039,-0.001
-0.021,0.001,0.002,1.0,-0.002,-0.002,-0.019,-0.003,-0.008,0.019,0.011,0.084,0.025
-0.021,0.001,0.002,1.0,-0.002,-0.002,-0.019,-0.003,-0.008,0.019,0.011,0.084,0.025
-0.02,0.001,0.003,1.0,-0.001,-0.001,-0.019,0.01,0.001,0.015,0.012,0.066,-0.008
-0.02,0.002,0.003,1.0,-0.001,-0.001,-0.019,0.007,0.024,-0.001,0.011,0.013,0.008
-0.02,0.004,0.001,1.0,-0.001,-0.0,-0.018,-0.006,0.041,-0.013,-0.022,0.031,-0.01
-0.02,0.005,-0.001,1.0,-0.001,-0.001,-0.018,-0.003,0.025,-0.052,-0.041,-0.071,0.013
-0.02,0.005,-0.001,1.0,-0.001,-0.001,-0.018,-0.003,0.025,-0.052,-0.041,-0.071,0.013
-0.02,0.007,-0.001,1.0,0.002,0.001,-0.017,0.028,0.052,0.007,0.049,0.072,0.012
-0.02,0.008,-0.001,1.0,0.001,0.001,-0.017,-0.01,0.021,0.005,-0.019,-0.033,0.016
-0.019,0.009,-0.002,1.0,0.002,0.0,-0.017,0.024,0.032,-0.035,0.053,-0.012,0.002
-0.019,0.009,-0.003,1.0,0.002,0.001,-0.017,-0.004,0.012,-0.008,-0.005,0.051,0.017
-0.019,0.009,-0.003,1.0,0.002,0.001,-0.017,-0.004,0.012,-0.008,-0.005,0.051,0.017
-0.018,0.011,-0.004,1.0,0.002,0.003,-0.016,0.029,0.055,-0.049,0.003,0.103,0.013
-0.018,0.012,-0.003,1.0,0.004,0.004,-0.016,0.0,0.005,0.01,0.048,-0.019,0.015
-0.018,0.012,-0.003,1.0,0.004,0.004,-0.016,0.0,0.005,0.01,0.048,-0.019,0.015
-0.017,0.014,-0.003,1.0,0.005,0.001,-0.016,0.03,0.052,-0.024,0.061,-0.175,-0.025
-0.018,0.014,-0.004,1.0,0.009,0.001,-0.016,-0.02,-0.002,0.01,0.024,0.026,0.002
-0.018,0.014,-0.004,1.0,0.009,0.001,-0.016,-0.02,-0.002,0.01,0.024,0.026,0.002
-0.017,0.014,-0.003,1.0,0.008,0.001,-0.016,0.036,0.018,0.009,-0.021,0.012,-0.002
-0.017,0.014,-0.004,1.0,0.009,0.001,-0.016,0.003,-0.004,-0.011,0.022,-0.022,0.001
-0.017,0.014,-0.004,1.0,0.009,0.001,-0.016,0.003,-0.004,-0.011,0.022,-0.022,0.001
-0.016,0.014,-0.004,1.0,0.009,0.001,-0.016,0.004,-0.004,-0.008,0.003,0.007,-0.012
-0.017,0.014,-0.003,1.0,0.008,0.001,-0.016,-0.012,0.002,0.023,-0.047,0.008,-0.018
-0.017,0.014,-0.003,1.0,0.008,0.002,-0.016,-0.003,-0.003,0.009,-0.0,0.01,0.015
-0.017,0.014,-0.003,1.0,0.008,0.001,-0.016,-0.012,0.006,-0.0,0.016,-0.009,-0.003
-0.017,0.014,-0.003,1.0,0.005,0.001,-0.017,0.003,0.024,-0.011,-0.034,-0.018,-0.039
-0.017,0.014,-0.003,1.0,0.005,0.001,-0.017,0.003,0.024,-0.011,-0.034,-0.018,-0.039
-0.017,0.013,-0.003,1.0,0.005,0.001,-0.017,0.0,-0.009,0.006,-0.03,0.005,0.009
-0.017,0.013,-0.002,1.0,0.004,0.001,-0.017,-0.005,-0.012,0.007,-0.042,-0.005,0.034
-0.017,0.013,-0.003,1.0,0.003,0.001,-0.017,0.008,0.014,-0.008,-0.039,0.002,-0.01
-0.016,0.013,-0.003,1.0,0.004,0.001,-0.017,0.004,-0.006,-0.002,0.027,-0.012,0.013
-0.016,0.013,-0.002,1.0,0.004,0.001,-0.016,0.001,-0.01,0.01,0.006,-0.003,0.003
-0.015,0.013,-0.003,1.0,0.004,0.001,-0.016,0.032,0.011,-0.023,0.009,0.016,0.001
-0.016,0.013,-0.002,1.0,0.004,0.001,-0.017,-0.024,0.003,0.025,0.006,0.018,-0.016
-0.017,0.013,-0.002,1.0,0.004,0.001,-0.017,-0.026,-0.008,0.009,0.009,-0.01,-0.004
-0.016,0.013,-0.003,1.0,0.004,0.001,-0.017,0.026,0.008,-0.026,-0.003,-0.019,0.013
-0.016,0.013,-0.003,1.0,0.004,0.001,-0.017,-0.001,0.007,0.009,-0.007,0.015,-0.008
-0.015,0.014,-0.003,1.0,0.005,0.001,-0.017,0.017,0.008,-0.021,0.033,-0.024,-0.004
-0.016,0.013,-0.002,1.0,0.005,0.001,-0.017,-0.021,-0.012,0.028,0.027,0.029,0.007
-0.016,0.013,-0.003,1.0,0.005,0.001,-0.017,0.003,0.003,-0.017,-0.007,-0.028,0.001
-0.016,0.013,-0.002,1.0,0.005,0.001,-0.017,-0.003,-0.009,0.011,-0.019,0.007,-0.003
-0.016,0.013,-0.002,1.0,0.005,0.001,-0.017,0.015,-0.007,-0.0,0.002,0.01,0.021
-0.016,0.013,-0.003,1.0,0.005,0.001,-0.017,-0.0,0.007,-0.009,-0.001,-0.005,-0.006
-0.014,0.013,-0.003,1.0,0.005,0.001,-0.017,0.01,-0.001,-0.001,0.016,-0.005,-0.006
-0.014,0.013,-0.003,1.0,0.005,0.001,-0.017,-0.01,-0.001,0.01,-0.015,-0.003,-0.007
-0.014,0.013,-0.003,1.0,0.005,0.001,-0.017,-0.004,0.005,-0.0,-0.006,0.004,0.0
-0.014,0.013,-0.003,1.0,0.005,0.001,-0.017,0.014,0.003,-0.006,-0.004,-0.003,0.003
